business_type,site_category,bid,name,city,zip,website,profile_url
Farm / Ranch,On-Farm / Ranch Sales,business_profile_828,100x Farm,Longmont,80501,https://www.modernfarmsteads.com/,https://coloradoproud.com/business/?bid=business_profile_828
Apiary,On-Farm / Ranch Sales,business_profile_1257,2BeeKPers,Elizabeth,80107,https://www.2beekpers.com/,https://coloradoproud.com/business/?bid=business_profile_1257
Farm Market,On-Farm / Ranch Sales,business_profile_717,2nd Ave Farms LLC,La Salle,80645,,https://coloradoproud.com/business/?bid=business_profile_717
Hay / Forage Producer,,business_profile_1544,3 Rocks Ranch LLC,Cañon City,81212,https://www.3rocksranch.com/,https://coloradoproud.com/business/?bid=business_profile_1544
Retailer,,business_profile_1181,3Js Pure Botanicals,LITTLETON,80127,https://www.3jspure.com/,https://coloradoproud.com/business/?bid=business_profile_1181
Beverage Retailer,,business_profile_95,3rd Bird Kombucha,Denver,80205,http://3rdBirdCollective.com,https://coloradoproud.com/business/?bid=business_profile_95
Farm / Ranch,On-Farm / Ranch Sales,business_profile_1515,"4B Ranch & Livestock, LLC",FORT MORGAN,80701,https://www.4branchlivestock.com/,https://coloradoproud.com/business/?bid=business_profile_1515
Cottage Food,Food Maker,business_profile_338,"4D Ranch, LLC",Colorado Springs,80928,,https://coloradoproud.com/business/?bid=business_profile_338
Farm / Ranch,On-Farm / Ranch Sales,business_profile_338,"4D Ranch, LLC",Colorado Springs,80928,,https://coloradoproud.com/business/?bid=business_profile_338
Farm / Roadside Stand,Roadside Market,business_profile_338,"4D Ranch, LLC",Colorado Springs,80928,,https://coloradoproud.com/business/?bid=business_profile_338
Produce Market,Roadside Market,business_profile_338,"4D Ranch, LLC",Colorado Springs,80928,,https://coloradoproud.com/business/?bid=business_profile_338
Farm / Ranch,On-Farm / Ranch Sales,business_profile_537,4M Ranch LLC,Meeker,81641,,https://coloradoproud.com/business/?bid=business_profile_537
Livestock Producer,On-Farm / Ranch Sales,business_profile_537,4M Ranch LLC,Meeker,81641,,https://coloradoproud.com/business/?bid=business_profile_537
Farm / Ranch,On-Farm / Ranch Sales,business_profile_105,5 Bar Angus Ranch,Craig,81625,https://www.5barangus.com,https://coloradoproud.com/business/?bid=business_profile_105
Specialty Food Store,Grocery Store,business_profile_783,5 Rings Seasoning Co,Norwood,81423,,https://coloradoproud.com/business/?bid=business_profile_783
Cottage Food,Food Maker,business_profile_686,"5280 Mushrooms, LLC",Thornton,80602,https://5280mushroomsandmicrogreens.com,https://coloradoproud.com/business/?bid=business_profile_686
Food Truck,,business_profile_780,5280milehighpie,Thornton,80233,,https://coloradoproud.com/business/?bid=business_profile_780
Farmers Market,Farmers' Market,business_profile_176,7 Rivers Farmers Market,Durango,81301,,https://coloradoproud.com/business/?bid=business_profile_176
Farm Market,On-Farm / Ranch Sales,business_profile_1068,7Anubis Farms,Akron,80720,https://www.7anubisfarms.com,https://coloradoproud.com/business/?bid=business_profile_1068
Restaurant,Restaurant,business_profile_1481,7th Street Community Cafe,Grand Junction,81501,https://www.communitycafegj.com/,https://coloradoproud.com/business/?bid=business_profile_1481
Farm / Ranch,On-Farm / Ranch Sales,business_profile_1003,"A Diamond Brand, Ltd./DBA Curtis Ranch",Rye,81069,https://www.curtisranch.net,https://coloradoproud.com/business/?bid=business_profile_1003
Livestock Producer,On-Farm / Ranch Sales,business_profile_1003,"A Diamond Brand, Ltd./DBA Curtis Ranch",Rye,81069,https://www.curtisranch.net,https://coloradoproud.com/business/?bid=business_profile_1003
Wholesaler,,business_profile_1003,"A Diamond Brand, Ltd./DBA Curtis Ranch",Rye,81069,https://www.curtisranch.net,https://coloradoproud.com/business/?bid=business_profile_1003
Bakery,Bakery,business_profile_907,A Kitchen Mouse,Arvada,80006,https://www.akitchenmouse.com,https://coloradoproud.com/business/?bid=business_profile_907
Farm / Ranch,On-Farm / Ranch Sales,business_profile_874,A Pinch of Lavender LLC,Palisade,81526,https://NielsenVillage.com,https://coloradoproud.com/business/?bid=business_profile_874
Retailer,,business_profile_874,A Pinch of Lavender LLC,Palisade,81526,https://NielsenVillage.com,https://coloradoproud.com/business/?bid=business_profile_874
Farm / Ranch,On-Farm / Ranch Sales,business_profile_1130,A&J Ranch,,,,https://coloradoproud.com/business/?bid=business_profile_1130
Cheeserie,On-Farm / Ranch Sales,business_profile_1465,ABF Farms,Berthoud,80513,https://abfarms.co,https://coloradoproud.com/business/?bid=business_profile_1465
Dairy,On-Farm / Ranch Sales,business_profile_1465,ABF Farms,Berthoud,80513,https://abfarms.co,https://coloradoproud.com/business/?bid=business_profile_1465
Farm / Ranch,On-Farm / Ranch Sales,business_profile_1465,ABF Farms,Berthoud,80513,https://abfarms.co,https://coloradoproud.com/business/?bid=business_profile_1465
Farm / Roadside Stand,Roadside Market,business_profile_1465,ABF Farms,Berthoud,80513,https://abfarms.co,https://coloradoproud.com/business/?bid=business_profile_1465
Meat & Poultry Market,Meat Producer & Packer,business_profile_1465,ABF Farms,Berthoud,80513,https://abfarms.co,https://coloradoproud.com/business/?bid=business_profile_1465
Retailer,,business_profile_1465,ABF Farms,Berthoud,80513,https://abfarms.co,https://coloradoproud.com/business/?bid=business_profile_1465
Wholesaler,,business_profile_1465,ABF Farms,Berthoud,80513,https://abfarms.co,https://coloradoproud.com/business/?bid=business_profile_1465
Manufacturer,,business_profile_1555,"ABSALON, LLC",Superior,80027,,https://coloradoproud.com/business/?bid=business_profile_1555
Wholesaler,,business_profile_1555,"ABSALON, LLC",Superior,80027,,https://coloradoproud.com/business/?bid=business_profile_1555
Bakery,Bakery,business_profile_703,Accessibility Test,Denver,80238,https://onlineada.com,https://coloradoproud.com/business/?bid=business_profile_703
School / Educational Institution,,business_profile_856,Adams County School District 14,Commerce City,80022,https://www.adams14.org/departments/nutrition-services,https://coloradoproud.com/business/?bid=business_profile_856
Meat & Poultry Market,Meat Producer & Packer,business_profile_125,Adams Natural Meats,Evergreen,80439,,https://coloradoproud.com/business/?bid=business_profile_125
Coffee Shop,,business_profile_1083,AffoGatto Coffee LLC,Peyton,80831,https://www.affogattocoffee.com,https://coloradoproud.com/business/?bid=business_profile_1083
Manufacturer,,business_profile_818,Aggie Animal Care,Florissant,80816,https://www.aggieanimalcare.com,https://coloradoproud.com/business/?bid=business_profile_818
Farmers Market,Farmers' Market,business_profile_478,Alamosa Farmers' Market,Alamosa,81101,http://alamosafarmersmarket.org,https://coloradoproud.com/business/?bid=business_profile_478
Food Truck,,business_profile_564,Alarado Biscuit Company,Grand Junction,81505,https://alaradobiscuitcompany.com/,https://coloradoproud.com/business/?bid=business_profile_564
Retailer,,business_profile_1163,"AlcheMeats, LLC",Aurora,80017,https://shopalchemeats.com,https://coloradoproud.com/business/?bid=business_profile_1163
Specialty Food Store,Grocery Store,business_profile_1163,"AlcheMeats, LLC",Aurora,80017,https://shopalchemeats.com,https://coloradoproud.com/business/?bid=business_profile_1163
Wholesaler,,business_profile_511,AlgaeBarn LLC,Commerce City,80022,https://www.algaebarn.com,https://coloradoproud.com/business/?bid=business_profile_511
Food Manufacturer,,business_profile_1506,"Ali River Farms, LLC",Eagle,81631,https://ali-river-farms.myshopify.com,https://coloradoproud.com/business/?bid=business_profile_1506
Farm / Roadside Stand,Roadside Market,business_profile_266,Alida's Fruits,Palisade,81526,https://alidasfruits.com/,https://coloradoproud.com/business/?bid=business_profile_266
Manufacturer,,business_profile_606,Alise Body Care,Cañon City,81212,https://alisebodycare.com,https://coloradoproud.com/business/?bid=business_profile_606
Manufacturer,,business_profile_542,Alliance Nutra,Louisville,80027,https://www.alliancenutra.com,https://coloradoproud.com/business/?bid=business_profile_542
Brewery,,business_profile_102,Allkind Hard Kombucha,Fort Collins,80524,https://www.allkindkombucha.com/,https://coloradoproud.com/business/?bid=business_profile_102
Brewery,,business_profile_180,Allkind Hard Kombucha,Fort Collins,80524,https://www.allkindkombucha.com/,https://coloradoproud.com/business/?bid=business_profile_180
Cottage Food,Food Maker,business_profile_1387,Alpen Dough,Edwards,81632,,https://coloradoproud.com/business/?bid=business_profile_1387
Food Manufacturer,,business_profile_451,Alpine Start,Boulder,80301,,https://coloradoproud.com/business/?bid=business_profile_451
Farm / Ranch,On-Farm / Ranch Sales,business_profile_733,Alpine Valley Mushrooms,Saguache,81149,,https://coloradoproud.com/business/?bid=business_profile_733
Health Supplement Store,,business_profile_1209,Altitude Performance Research,Edwards,81632,https://altitudeperformanceresearch.com,https://coloradoproud.com/business/?bid=business_profile_1209
Farm / Ranch,On-Farm / Ranch Sales,business_profile_224,"Altius Farms, Inc.",Denver,80205,https://www.altiusfarms.com,https://coloradoproud.com/business/?bid=business_profile_224
Distributor,,business_profile_1055,Amen Packaging,Denver,80216,https://amenpackaging.com/,https://coloradoproud.com/business/?bid=business_profile_1055
Farm / Ranch,On-Farm / Ranch Sales,business_profile_1631,Anavera Farm,La Jara,81140,,https://coloradoproud.com/business/?bid=business_profile_1631
Farm / Ranch,On-Farm / Ranch Sales,business_profile_824,Ancestral Skincare Co,Bennett,80102,https://ancestralskincare.co,https://coloradoproud.com/business/?bid=business_profile_824
Distillery,,business_profile_1326,Anderson & Link Whiskey Company,Aurora,80013,https://www.andersonlinkwhiskey.com,https://coloradoproud.com/business/?bid=business_profile_1326
Food Manufacturer,,business_profile_916,Anderson Custom Meats,Denver,80229,https://andersoncustommeats.com,https://coloradoproud.com/business/?bid=business_profile_916
Farm Market,On-Farm / Ranch Sales,business_profile_1224,Anderson Farms,Erie,80516,https://andersonfarms.com/,https://coloradoproud.com/business/?bid=business_profile_1224
Candy,,business_profile_83,Anellabees,Laporte,80535,https://anellabees.com,https://coloradoproud.com/business/?bid=business_profile_83
Nut & Confectionery Store,,business_profile_83,Anellabees,Laporte,80535,https://anellabees.com,https://coloradoproud.com/business/?bid=business_profile_83
Cottage Food,Food Maker,business_profile_937,Angels Bakehouse,,,,https://coloradoproud.com/business/?bid=business_profile_937
Food Truck,,business_profile_468,Anne's a la Mode,Edgewater,80214,https://www.annesalamode.com/,https://coloradoproud.com/business/?bid=business_profile_468
Farm / Ranch,On-Farm / Ranch Sales,business_profile_186,ANTELOPE CREEK RANCH WAGYU LLC,Wiggins,80654,,https://coloradoproud.com/business/?bid=business_profile_186
Restaurant,Restaurant,business_profile_1374,Anthony's Pizza & Pasta,Denver,80206,https://iloveanthonys.com/,https://coloradoproud.com/business/?bid=business_profile_1374
Manufacturer,,business_profile_793,Apollo Sciences,Aurora,80010,,https://coloradoproud.com/business/?bid=business_profile_793
Bakery,Bakery,business_profile_403,Aqua Duck Farms L.L.C.,Littleton,80127,https://aquaduckfarms.com,https://coloradoproud.com/business/?bid=business_profile_403
Cottage Food,Food Maker,business_profile_996,Aragon Farms LLC,Greeley,80631,https://aragonfarmsco.com,https://coloradoproud.com/business/?bid=business_profile_996
Farm / Ranch,On-Farm / Ranch Sales,business_profile_996,Aragon Farms LLC,Greeley,80631,https://aragonfarmsco.com,https://coloradoproud.com/business/?bid=business_profile_996
Food Truck,,business_profile_737,Araujo's Taqueria,Pueblo,81005,,https://coloradoproud.com/business/?bid=business_profile_737
Farmers Market,Farmers' Market,business_profile_146,Arbol Farmers Market,Paonia,81428,https://thelearningcouncil.org/arbol-farmers-market/,https://coloradoproud.com/business/?bid=business_profile_146
Value-Added Producer / Processor,Food Maker,business_profile_1614,ArborScape Inc,Sheridan,80110,https://www.arborscapeservices.com/,https://coloradoproud.com/business/?bid=business_profile_1614
Manufacturer,,business_profile_526,Armani Fine Woodworking,Denver,80223,https://www.armanifinewoodworking.com/,https://coloradoproud.com/business/?bid=business_profile_526
Frozen Custard / Ice Cream Parlor,,business_profile_985,Aromas Frozen Yogurt,Denver,80206,,https://coloradoproud.com/business/?bid=business_profile_985
Farm / Ranch,On-Farm / Ranch Sales,business_profile_215,Arriola Sunshine Farm,Dolores,81323,https://arriolasunshinefarm.com,https://coloradoproud.com/business/?bid=business_profile_215
Food Manufacturer,,business_profile_669,As The Crow Flies Flavorings LLC,Severance,80550,,https://coloradoproud.com/business/?bid=business_profile_669
Distributor,,business_profile_1382,Ascent Beverage,COLORADO SPRINGS,80917,https://ascentbeverage.com,https://coloradoproud.com/business/?bid=business_profile_1382
Bakery,Bakery,business_profile_1114,Aspen Baking Company,Denver,80207,https://aspenbaking.com,https://coloradoproud.com/business/?bid=business_profile_1114
Manufacturer,,business_profile_1536,Aspen End K9 Nutrition,Bailey,80421,https://aspenendk9.com/,https://coloradoproud.com/business/?bid=business_profile_1536
Farm / Ranch,On-Farm / Ranch Sales,business_profile_648,Aspen Moon Farm,Longmont,80503,https://www.aspenmoonfarm.com,https://coloradoproud.com/business/?bid=business_profile_648
Farm / Roadside Stand,Roadside Market,business_profile_648,Aspen Moon Farm,Longmont,80503,https://www.aspenmoonfarm.com,https://coloradoproud.com/business/?bid=business_profile_648
Food Manufacturer,,business_profile_961,Aspen Provisions,,,http://www.aspen-provisions.com,https://coloradoproud.com/business/?bid=business_profile_961
Brewery,,business_profile_1063,Atrevida Beer Co,Colorado Springs,80907,https://www.atrevidabeerco.com,https://coloradoproud.com/business/?bid=business_profile_1063
Winery,Winery,business_profile_145,Attimo Wine,Denver,80205,https://www.attimowine.com/,https://coloradoproud.com/business/?bid=business_profile_145
Manufacturer,,business_profile_1363,Aunt Pip's LLC,Fort Collins,80524,,https://coloradoproud.com/business/?bid=business_profile_1363
School / Educational Institution,,business_profile_528,Aurora Public Schools,Aurora,80011,https://aurorak12.org/,https://coloradoproud.com/business/?bid=business_profile_528
Cottage Food,Food Maker,business_profile_701,Autumn's Harvest Granola,Windsor,80550,https://autumnsharvestgranola.com,https://coloradoproud.com/business/?bid=business_profile_701
Farm / Ranch,On-Farm / Ranch Sales,business_profile_156,Avant Vineyards,Palisade,81526,https://avantvineyards.com,https://coloradoproud.com/business/?bid=business_profile_156
Winery,Winery,business_profile_156,Avant Vineyards,Palisade,81526,https://avantvineyards.com,https://coloradoproud.com/business/?bid=business_profile_156
Manufacturer,,business_profile_898,Awakened Foods,Loveland,80537,,https://coloradoproud.com/business/?bid=business_profile_898
Caterer,Caterer,business_profile_311,Azteca Gourmet Tamales,Colorado Springs,80909,,https://coloradoproud.com/business/?bid=business_profile_311
Commissary,,business_profile_311,Azteca Gourmet Tamales,Colorado Springs,80909,,https://coloradoproud.com/business/?bid=business_profile_311
Distributor,,business_profile_311,Azteca Gourmet Tamales,Colorado Springs,80909,,https://coloradoproud.com/business/?bid=business_profile_311
Food & Beverage Service,,business_profile_311,Azteca Gourmet Tamales,Colorado Springs,80909,,https://coloradoproud.com/business/?bid=business_profile_311
Food Manufacturer,,business_profile_311,Azteca Gourmet Tamales,Colorado Springs,80909,,https://coloradoproud.com/business/?bid=business_profile_311
Food Service Contractor,,business_profile_311,Azteca Gourmet Tamales,Colorado Springs,80909,,https://coloradoproud.com/business/?bid=business_profile_311
Mobile Food & Beverage Stand / Cart,,business_profile_311,Azteca Gourmet Tamales,Colorado Springs,80909,,https://coloradoproud.com/business/?bid=business_profile_311
Retailer,,business_profile_311,Azteca Gourmet Tamales,Colorado Springs,80909,,https://coloradoproud.com/business/?bid=business_profile_311
Specialty Food Store,Grocery Store,business_profile_311,Azteca Gourmet Tamales,Colorado Springs,80909,,https://coloradoproud.com/business/?bid=business_profile_311
Wholesaler,,business_profile_311,Azteca Gourmet Tamales,Colorado Springs,80909,,https://coloradoproud.com/business/?bid=business_profile_311
Bakery,Bakery,business_profile_1344,Azula home bakery,Milliken,80543,,https://coloradoproud.com/business/?bid=business_profile_1344
Bakery,Bakery,business_profile_1148,B sweet cupcakes,Loveland,80537,https://bsweetcupcakes.com,https://coloradoproud.com/business/?bid=business_profile_1148
Retailer,,business_profile_496,Baby Wise Owl,Colorado Springs,80932,https://www.babywiseowl.com,https://coloradoproud.com/business/?bid=business_profile_496
Wholesaler,,business_profile_496,Baby Wise Owl,Colorado Springs,80932,https://www.babywiseowl.com,https://coloradoproud.com/business/?bid=business_profile_496
Meat Packer / Processor,Meat Producer & Packer,business_profile_1519,Back Home Butchery,Denver,80207,https://backhomebutchery.com/,https://coloradoproud.com/business/?bid=business_profile_1519
Cottage Food,Food Maker,business_profile_333,Backcountry Pantry llc,La Jara,81140,,https://coloradoproud.com/business/?bid=business_profile_333
Food Manufacturer,,business_profile_333,Backcountry Pantry llc,La Jara,81140,,https://coloradoproud.com/business/?bid=business_profile_333
Cottage Food,Food Maker,business_profile_1512,Backpack Up Plan,Littleton,80127,https://backpackupplan.com,https://coloradoproud.com/business/?bid=business_profile_1512
Beverage Retailer,,business_profile_336,Backyard Bev Co,Denver,80205,,https://coloradoproud.com/business/?bid=business_profile_336
Farmers Market,Farmers' Market,business_profile_126,Backyard Market,Colorado Springs,80908,https://thebackyardmarkets.com,https://coloradoproud.com/business/?bid=business_profile_126
Bakery,Bakery,business_profile_1151,BakeOff LLC,Northglenn,80241,https://bakeoff.store,https://coloradoproud.com/business/?bid=business_profile_1151
Bakery,Bakery,business_profile_1627,Baklava Unlimited,Boulder,80301,https://www.baklavaunlimited.com/,https://coloradoproud.com/business/?bid=business_profile_1627
Bakery,Bakery,business_profile_834,Baklava Unlimited,Longmont,80501,https://www.baklavaunlimited.com/,https://coloradoproud.com/business/?bid=business_profile_834
Farm / Ranch,On-Farm / Ranch Sales,business_profile_948,Balcony Botanicals,Hotchkiss,81419,https://balconybotanicals.com,https://coloradoproud.com/business/?bid=business_profile_948
Manufacturer,,business_profile_948,Balcony Botanicals,Hotchkiss,81419,https://balconybotanicals.com,https://coloradoproud.com/business/?bid=business_profile_948
Winery,Winery,business_profile_1246,Balistreri Vineyards,Denver,80229,https://balistreriwine.com/,https://coloradoproud.com/business/?bid=business_profile_1246
Distillery,,business_profile_867,Ballmer Peak Distillery,Lakewood,80228,https://ballmerpeakdistillery.com,https://coloradoproud.com/business/?bid=business_profile_867
Meat & Poultry Market,Meat Producer & Packer,business_profile_533,Bamber Ranch,Denver,80230,https://www.bamberranch.com,https://coloradoproud.com/business/?bid=business_profile_533
Food Manufacturer,,business_profile_84,BAR-U-EAT,Steamboat Springs,80487,https://barueat.com/collections/all,https://coloradoproud.com/business/?bid=business_profile_84
Snack & Beverage Bar,,business_profile_84,BAR-U-EAT,Steamboat Springs,80487,https://barueat.com/collections/all,https://coloradoproud.com/business/?bid=business_profile_84
Distributor,,business_profile_262,Barber's Farms,Denver,80216,https://barbersfarms.com/,https://coloradoproud.com/business/?bid=business_profile_262
Cooperative Grocery Store,Grocery Store,business_profile_1394,Barn to Basket,Calhan,80808,https://www.barntobasket.com,https://coloradoproud.com/business/?bid=business_profile_1394
Brewery,,business_profile_290,Barnett & Son Brewing CO,Parker,80134,,https://coloradoproud.com/business/?bid=business_profile_290
Mobile Food Stand / Cart,,business_profile_1558,Bartee Family Foods LLC,Center,81125,https://www.barteefamilyfood.com/,https://coloradoproud.com/business/?bid=business_profile_1558
Farm / Ranch,On-Farm / Ranch Sales,business_profile_335,Battle Creek Ranch LLC,Arvada,80006,,https://coloradoproud.com/business/?bid=business_profile_335
Farmers Market,Farmers' Market,business_profile_643,Bavarian Sausage Express,Aurora,80013,http://www.sausageheadquarters.com,https://coloradoproud.com/business/?bid=business_profile_643
Food Manufacturer,,business_profile_219,"Beachfront Foods, LLC.",Lakewood,80227,https://beachfrontfoods.com,https://coloradoproud.com/business/?bid=business_profile_219
Farm / Ranch,On-Farm / Ranch Sales,business_profile_600,Bear Creek Cattle Co,Evergreen,80439,https://BearCreekCattleRanch.com,https://coloradoproud.com/business/?bid=business_profile_600
Merchant / Merchandiser,,business_profile_437,Beard Sorcery,Longmont,80501,https://beardsorcery.com/,https://coloradoproud.com/business/?bid=business_profile_437
Retailer,,business_profile_437,Beard Sorcery,Longmont,80501,https://beardsorcery.com/,https://coloradoproud.com/business/?bid=business_profile_437
Food Truck,,business_profile_729,BEBOS MINI DONUTS,Aurora,80014,,https://coloradoproud.com/business/?bid=business_profile_729
Bakery,Bakery,business_profile_716,Because I Love You Dog Treats,Brighton,80601,,https://coloradoproud.com/business/?bid=business_profile_716
Specialty Food Store,Grocery Store,business_profile_716,Because I Love You Dog Treats,Brighton,80601,,https://coloradoproud.com/business/?bid=business_profile_716
Farm / Ranch,On-Farm / Ranch Sales,business_profile_55,Bee Squared Apiaries,Berthoud,80513,https://bethsbees.com/,https://coloradoproud.com/business/?bid=business_profile_55
Apiary,On-Farm / Ranch Sales,business_profile_1477,Bee Squared Apiariesa,Berthoud,80513,https://www.bethsbees.com,https://coloradoproud.com/business/?bid=business_profile_1477
Grocery Store,Grocery Store,business_profile_1346,BEEF BARN,Holyoke,80734,https://www.visionangus.com,https://coloradoproud.com/business/?bid=business_profile_1346
Apiary,On-Farm / Ranch Sales,business_profile_541,Beewildered,Denver,80249,,https://coloradoproud.com/business/?bid=business_profile_541
Apiary,On-Farm / Ranch Sales,business_profile_356,Beeyond the Hive,Elizabeth,80107,https://www.beeyondthehive.com,https://coloradoproud.com/business/?bid=business_profile_356
Cottage Food,Food Maker,business_profile_1345,"Beezy’s Granola, LLC",Louisville,80027,http://www.beezysgranola.com,https://coloradoproud.com/business/?bid=business_profile_1345
Food Manufacturer,,business_profile_1345,"Beezy’s Granola, LLC",Louisville,80027,http://www.beezysgranola.com,https://coloradoproud.com/business/?bid=business_profile_1345
Merchant / Merchandiser,,business_profile_1345,"Beezy’s Granola, LLC",Louisville,80027,http://www.beezysgranola.com,https://coloradoproud.com/business/?bid=business_profile_1345
Retailer,,business_profile_1390,BELL'S CRAFTY CUSTOMS,AURORA,80013,https://www.bellscraftycustoms.com,https://coloradoproud.com/business/?bid=business_profile_1390
Cottage Food,Food Maker,business_profile_1484,Belle's Backyard LLC,FORT COLLINS,80525,https://bellesbackyardco.carrd.co/,https://coloradoproud.com/business/?bid=business_profile_1484
Farm / Roadside Stand,Roadside Market,business_profile_1484,Belle's Backyard LLC,FORT COLLINS,80525,https://bellesbackyardco.carrd.co/,https://coloradoproud.com/business/?bid=business_profile_1484
Cottage Food,Food Maker,business_profile_476,Belleza Pura Farm &Ranch,Silt,81652,,https://coloradoproud.com/business/?bid=business_profile_476
Farm / Ranch,On-Farm / Ranch Sales,business_profile_476,Belleza Pura Farm &Ranch,Silt,81652,,https://coloradoproud.com/business/?bid=business_profile_476
Tourism,Agritourism,business_profile_476,Belleza Pura Farm &Ranch,Silt,81652,,https://coloradoproud.com/business/?bid=business_profile_476
Farm / Ranch,On-Farm / Ranch Sales,business_profile_682,Belli Fiori Lavender,Grand Junction,81505,https://bellifiorilavender.com,https://coloradoproud.com/business/?bid=business_profile_682
Farm / Ranch,On-Farm / Ranch Sales,business_profile_1244,Bennett Rock Ranch,Nunn,80648,https://www.bennettrockranch.com,https://coloradoproud.com/business/?bid=business_profile_1244
Farm / Ranch,On-Farm / Ranch Sales,business_profile_286,"Berry Patch Farms, LLC",Brighton,80601,https://berrypatchfarms.com,https://coloradoproud.com/business/?bid=business_profile_286
Farm / Ranch,On-Farm / Ranch Sales,business_profile_1019,Bershenyi Beef,Grand Junction,81501,https://bershenyibeef.com,https://coloradoproud.com/business/?bid=business_profile_1019
Grazer,On-Farm / Ranch Sales,business_profile_1019,Bershenyi Beef,Grand Junction,81501,https://bershenyibeef.com,https://coloradoproud.com/business/?bid=business_profile_1019
Livestock Producer,On-Farm / Ranch Sales,business_profile_1019,Bershenyi Beef,Grand Junction,81501,https://bershenyibeef.com,https://coloradoproud.com/business/?bid=business_profile_1019
Meat & Poultry Market,Meat Producer & Packer,business_profile_1019,Bershenyi Beef,Grand Junction,81501,https://bershenyibeef.com,https://coloradoproud.com/business/?bid=business_profile_1019
Retailer,,business_profile_1019,Bershenyi Beef,Grand Junction,81501,https://bershenyibeef.com,https://coloradoproud.com/business/?bid=business_profile_1019
Bakery,Bakery,business_profile_1516,Bessemer Bread Co. LLC,Pueblo,81004,https://www.hotplate.com/bessemerbreadco,https://coloradoproud.com/business/?bid=business_profile_1516
Food Manufacturer,,business_profile_395,Best on the Block Salsa L.L.C.,Arvada,80004,,https://coloradoproud.com/business/?bid=business_profile_395
Food Truck,,business_profile_1600,Best Slope Pizza,hotchkiss,81419,https://www.instagram.com/bestslopepizza/,https://coloradoproud.com/business/?bid=business_profile_1600
Caterer,Caterer,business_profile_1263,"Bet On Me, LLC",Denver,80204,https://www.30forthkitchen.com/,https://coloradoproud.com/business/?bid=business_profile_1263
Cottage Food,Food Maker,business_profile_1434,"Beth's Bobbins and Buns, LLC",Milliken,80543,,https://coloradoproud.com/business/?bid=business_profile_1434
Manufacturer,,business_profile_1143,"Better Half Biscuits, LLC",Arvada,80003,,https://coloradoproud.com/business/?bid=business_profile_1143
Candy,,business_profile_546,Bibamba Artisan Chocolate,Edgewater,80214,https://www.bibamba.com,https://coloradoproud.com/business/?bid=business_profile_546
Nut & Confectionery Store,,business_profile_546,Bibamba Artisan Chocolate,Edgewater,80214,https://www.bibamba.com,https://coloradoproud.com/business/?bid=business_profile_546
Food Manufacturer,,business_profile_354,Big B's Fruit Company,Hotchkiss,81419,http://www.bigbs.com,https://coloradoproud.com/business/?bid=business_profile_354
Farm / Ranch,On-Farm / Ranch Sales,business_profile_1248,Big Nugget Farm,,,http://www.bignuggetfarm.com,https://coloradoproud.com/business/?bid=business_profile_1248
Food Truck,,business_profile_464,Big Stuff Food Truck,Parker,80138,https://bigstufffood.com/,https://coloradoproud.com/business/?bid=business_profile_464
Beverage Retailer,,business_profile_1093,Billy Goat Hop Farm,Montrose,81403,https://www.billygoathopfarm.com,https://coloradoproud.com/business/?bid=business_profile_1093
Farm / Ranch,On-Farm / Ranch Sales,business_profile_1093,Billy Goat Hop Farm,Montrose,81403,https://www.billygoathopfarm.com,https://coloradoproud.com/business/?bid=business_profile_1093
Tourism,Agritourism,business_profile_1093,Billy Goat Hop Farm,Montrose,81403,https://www.billygoathopfarm.com,https://coloradoproud.com/business/?bid=business_profile_1093
Value-Added Producer / Processor,Food Maker,business_profile_1093,Billy Goat Hop Farm,Montrose,81403,https://www.billygoathopfarm.com,https://coloradoproud.com/business/?bid=business_profile_1093
Restaurant,Restaurant,business_profile_655,Bingo Burger,Pueblo,81003,https://www.bingoburger.com/,https://coloradoproud.com/business/?bid=business_profile_655
Beverage Retailer,,business_profile_1581,Biobru inc,Colorado Springs,80918,https://www.biobruelixirs.com,https://coloradoproud.com/business/?bid=business_profile_1581
Bakery,Bakery,business_profile_1111,Biscotti Hound Dog Biscuit Bakery,DENVER,80211,https://biscottihound.com/,https://coloradoproud.com/business/?bid=business_profile_1111
Retailer,,business_profile_763,Bits & Pieces con cerveza,Denver,80231,http://www.bitsnpiecescc.com/,https://coloradoproud.com/business/?bid=business_profile_763
Wholesaler,,business_profile_763,Bits & Pieces con cerveza,Denver,80231,http://www.bitsnpiecescc.com/,https://coloradoproud.com/business/?bid=business_profile_763
Food Manufacturer,,business_profile_1598,"BitterStreet Gardens, LLC",Pueblo,81005,,https://coloradoproud.com/business/?bid=business_profile_1598
Coffee Shop,,business_profile_281,Bivouac Coffee,Evergreen,80439,https://bivouac.coffee/,https://coloradoproud.com/business/?bid=business_profile_281
Orchard,On-Farm / Ranch Sales,business_profile_704,Black Bear Orchards,Palisade,81526,http://www.blackbearorchards.com,https://coloradoproud.com/business/?bid=business_profile_704
Farm / Roadside Stand,Roadside Market,business_profile_666,Black Cat Organic Farm,Boulder,80301,https://blackcatboulder.com/,https://coloradoproud.com/business/?bid=business_profile_666
Bakery,Bakery,business_profile_847,Black Forest Brownies,Elbert,80106,https://www.blackforestbrownies.com,https://coloradoproud.com/business/?bid=business_profile_847
Grocery Store,Grocery Store,business_profile_1278,Black Fox Provisions,Evergreen,80439,http://www.blackfoxprovisions.co,https://coloradoproud.com/business/?bid=business_profile_1278
Food Manufacturer,,business_profile_861,Black Girl Salsa,Colorado Springs,80911,,https://coloradoproud.com/business/?bid=business_profile_861
Mobile Food Stand / Cart,,business_profile_861,Black Girl Salsa,Colorado Springs,80911,,https://coloradoproud.com/business/?bid=business_profile_861
Wholesaler,,business_profile_861,Black Girl Salsa,Colorado Springs,80911,,https://coloradoproud.com/business/?bid=business_profile_861
Meat & Poultry Market,Meat Producer & Packer,business_profile_417,Black Mountain Bison,Johnstown,80534,https://blackmountainbison.com/,https://coloradoproud.com/business/?bid=business_profile_417
Distillery,,business_profile_510,Blackhat Distillery,Colorado Springs,80907,https://www.blackhatdistillery.com/,https://coloradoproud.com/business/?bid=business_profile_510
Farm Market,On-Farm / Ranch Sales,business_profile_1483,Blaine's Farm Store,Clifton,81520,https://blainesfarmstore.com,https://coloradoproud.com/business/?bid=business_profile_1483
Farm / Ranch,On-Farm / Ranch Sales,business_profile_1365,Blam Superfoods,Commerce city,80640,https://blamsuperfoods.com,https://coloradoproud.com/business/?bid=business_profile_1365
Winery,Winery,business_profile_575,Blendings at The Hillside Vineyard,Fort Collins,80521,https://thehillsidevineyard.com/,https://coloradoproud.com/business/?bid=business_profile_575
Specialty Food Store,Grocery Store,business_profile_477,Blessing's Neighborhood Market,,,,https://coloradoproud.com/business/?bid=business_profile_477
Meat & Poultry Market,Meat Producer & Packer,business_profile_1193,BLISSTIX,Windsor,80550,https://www.blisstixbeefsticks.com,https://coloradoproud.com/business/?bid=business_profile_1193
Snack / Confection Shop,,business_profile_1193,BLISSTIX,Windsor,80550,https://www.blisstixbeefsticks.com,https://coloradoproud.com/business/?bid=business_profile_1193
Retailer,,business_profile_231,Blonde Beard's,Lakewood,80228,https://blondebeards.com/,https://coloradoproud.com/business/?bid=business_profile_231
Farm / Ranch,On-Farm / Ranch Sales,business_profile_599,Blooma Farms,Arvada,80005,https://bloomafarms.com/,https://coloradoproud.com/business/?bid=business_profile_599
Wholesaler,,business_profile_599,Blooma Farms,Arvada,80005,https://bloomafarms.com/,https://coloradoproud.com/business/?bid=business_profile_599
Bakery,Bakery,business_profile_808,Blossom Bakery LLC,Erie,80516,https://www.instagram.com/blossombakerycolorado/?igshid=OGQ5ZDc2ODk2ZA%3D%3D,https://coloradoproud.com/business/?bid=business_profile_808
Bakery,Bakery,business_profile_497,Blossom.Baking,Colorado Springs,80925,,https://coloradoproud.com/business/?bid=business_profile_497
Food Manufacturer,,business_profile_649,Blue Moon Goodness,Woodland Park,80863,http://www.bluemoongoodness.com,https://coloradoproud.com/business/?bid=business_profile_649
Food Manufacturer,,business_profile_557,"Blue Moose of Boulder, LLC",Lafayette,80026,https://bluemoose.com/,https://coloradoproud.com/business/?bid=business_profile_557
Meat & Poultry Market,Meat Producer & Packer,business_profile_905,Blue Ribbon Processing,Fowler,81039,https://www.blueribbonprocessing.com,https://coloradoproud.com/business/?bid=business_profile_905
Meat Packer / Processor,Meat Producer & Packer,business_profile_905,Blue Ribbon Processing,Fowler,81039,https://www.blueribbonprocessing.com,https://coloradoproud.com/business/?bid=business_profile_905
Livestock Producer,On-Farm / Ranch Sales,business_profile_302,Blue Ridge Farm LLC,Kiowa,80117,https://www.BlueRidgeFarmBeef.com,https://coloradoproud.com/business/?bid=business_profile_302
Cottage Food,Food Maker,business_profile_385,"Blue Shed Urban Gardens, LLC",Denver,80209,,https://coloradoproud.com/business/?bid=business_profile_385
Farm Market,On-Farm / Ranch Sales,business_profile_385,"Blue Shed Urban Gardens, LLC",Denver,80209,,https://coloradoproud.com/business/?bid=business_profile_385
Farmers Market,Farmers' Market,business_profile_385,"Blue Shed Urban Gardens, LLC",Denver,80209,,https://coloradoproud.com/business/?bid=business_profile_385
Produce Market,Roadside Market,business_profile_385,"Blue Shed Urban Gardens, LLC",Denver,80209,,https://coloradoproud.com/business/?bid=business_profile_385
Farm / Ranch,On-Farm / Ranch Sales,business_profile_280,"Blue Sky Farm, LLC",Windsor,80550,https://www.blueskyfarmcolorado.com,https://coloradoproud.com/business/?bid=business_profile_280
Health Supplement Store,,business_profile_326,Bluebird Botanicals,Louisville,80027,https://bluebirdbotanicals.com/,https://coloradoproud.com/business/?bid=business_profile_326
Wholesaler,,business_profile_1526,Bluepoint Bakery,Denver,80216,https://bluepointbakery.com,https://coloradoproud.com/business/?bid=business_profile_1526
Farm / Ranch,On-Farm / Ranch Sales,business_profile_1449,"BlueTrane Group, LLC. DBA: BlueTrane Heritage Farm",Elbert,80106,https://LinkTr.ee/BlueTrane_Heritage_Farm,https://coloradoproud.com/business/?bid=business_profile_1449
Bakery,Bakery,business_profile_724,Bly Ranch,Westcliffe,81252,https://www.facebook.com/profile.php?id=100054273907775,https://coloradoproud.com/business/?bid=business_profile_724
Coffee Shop,,business_profile_775,Boba Touch,Denver,80206,https://bobatouch.com,https://coloradoproud.com/business/?bid=business_profile_775
Food Manufacturer,,business_profile_458,Bobo's,Boulder,80301,https://www.eatbobos.com,https://coloradoproud.com/business/?bid=business_profile_458
Dairy,On-Farm / Ranch Sales,business_profile_500,Bodtker Family Farm,Elizabeth,80107,,https://coloradoproud.com/business/?bid=business_profile_500
Bakery,Bakery,business_profile_1018,Bollinger Breads,Frederick,80504,https://form.jotform.com/240795735744165,https://coloradoproud.com/business/?bid=business_profile_1018
Food Manufacturer,,business_profile_1199,Bombitas LLC,Brighton,80601,https://bombitas.co,https://coloradoproud.com/business/?bid=business_profile_1199
Winery,Winery,business_profile_143,Bonacquisti Wine Company,Denver,80211,https://www.bonacquistiwine.com/,https://coloradoproud.com/business/?bid=business_profile_143
Buyer,,business_profile_340,Bondadosa,Denver,80205,https://bondadosa.org,https://coloradoproud.com/business/?bid=business_profile_340
Distributor,,business_profile_340,Bondadosa,Denver,80205,https://bondadosa.org,https://coloradoproud.com/business/?bid=business_profile_340
Transportation & Logistics,,business_profile_340,Bondadosa,Denver,80205,https://bondadosa.org,https://coloradoproud.com/business/?bid=business_profile_340
Farm / Ranch,On-Farm / Ranch Sales,business_profile_273,Bonverts Farm,Denver,80239,https://www.bonverts.com,https://coloradoproud.com/business/?bid=business_profile_273
Winery,Winery,business_profile_621,Bookcliff Vineyards,Boulder,80304,https://www.bookcliffvineyards.com,https://coloradoproud.com/business/?bid=business_profile_621
Winery,Winery,business_profile_622,Bookcliff Vineyards,Boulder,80304,https://www.bookcliffvineyards.com,https://coloradoproud.com/business/?bid=business_profile_622
Bakery,Bakery,business_profile_1066,Books on Main,Fort Morgan,80701,https://thebooksonmain.com/,https://coloradoproud.com/business/?bid=business_profile_1066
Coffee Shop,,business_profile_1066,Books on Main,Fort Morgan,80701,https://thebooksonmain.com/,https://coloradoproud.com/business/?bid=business_profile_1066
Retailer,,business_profile_1066,Books on Main,Fort Morgan,80701,https://thebooksonmain.com/,https://coloradoproud.com/business/?bid=business_profile_1066
Tourism,Agritourism,business_profile_1066,Books on Main,Fort Morgan,80701,https://thebooksonmain.com/,https://coloradoproud.com/business/?bid=business_profile_1066
Food Manufacturer,,business_profile_583,Boomtown Breakfast Co,Del Norte,81132,http://www.boomtownbreakfastco.com,https://coloradoproud.com/business/?bid=business_profile_583
Farm / Ranch,On-Farm / Ranch Sales,business_profile_444,Bootheel 7 Ranch,Parker,80138,https://www.bootheel7ranch.com,https://coloradoproud.com/business/?bid=business_profile_444
Brewery,,business_profile_1267,Bootstrap Brewing,Longmont,80501,https://www.bootstrapbrewing.com,https://coloradoproud.com/business/?bid=business_profile_1267
Farm / Ranch,On-Farm / Ranch Sales,business_profile_304,Borden Farms LLC,Delta,81416,https://www.bordenfarms.com,https://coloradoproud.com/business/?bid=business_profile_304
Bakery,Bakery,business_profile_1546,Bougie Tailz,Louisville,80027,https://www.bougietailz.com,https://coloradoproud.com/business/?bid=business_profile_1546
Cottage Food,Food Maker,business_profile_1546,Bougie Tailz,Louisville,80027,https://www.bougietailz.com,https://coloradoproud.com/business/?bid=business_profile_1546
Retailer,,business_profile_1546,Bougie Tailz,Louisville,80027,https://www.bougietailz.com,https://coloradoproud.com/business/?bid=business_profile_1546
Wholesale Market,,business_profile_1546,Bougie Tailz,Louisville,80027,https://www.bougietailz.com,https://coloradoproud.com/business/?bid=business_profile_1546
Food & Beverage Service,,business_profile_65,Boulder Broth,Boulder,,https://www.boulderbroth.com,https://coloradoproud.com/business/?bid=business_profile_65
Manufacturer,,business_profile_65,Boulder Broth,Boulder,,https://www.boulderbroth.com,https://coloradoproud.com/business/?bid=business_profile_65
Manufacturer,,business_profile_1454,Boulder Dog Food Company,Boulder,80301,https://boulderdogfoodcompany.com,https://coloradoproud.com/business/?bid=business_profile_1454
Retailer,,business_profile_1435,Boulder in a Basket,Louisville,80027,https://boulderinabasket.com/,https://coloradoproud.com/business/?bid=business_profile_1435
Distributor,,business_profile_1332,Boulder Lamb LLC dba Buckner Family Ranch,Tabernash,80478,https://bucknerfamilyranch.com,https://coloradoproud.com/business/?bid=business_profile_1332
Food Manufacturer,,business_profile_1359,Boulder Salt Company,Longmont,80503,https://bouldersaltcompany.com,https://coloradoproud.com/business/?bid=business_profile_1359
Bar / Pub / Tavern,,business_profile_1039,Boulder Social,Boulder,80301,https://www.besocialcolorado.com/bouldersocial,https://coloradoproud.com/business/?bid=business_profile_1039
Apiary,On-Farm / Ranch Sales,business_profile_683,Boulder Valley Honey Inc,Boulder,80301,https://bouldervalleyhoney.com,https://coloradoproud.com/business/?bid=business_profile_683
Food Manufacturer,,business_profile_890,Boulder Valley School District,Boulder,80303,https://food.bvsd.org,https://coloradoproud.com/business/?bid=business_profile_890
Government Institution / Entity,,business_profile_890,Boulder Valley School District,Boulder,80303,https://food.bvsd.org,https://coloradoproud.com/business/?bid=business_profile_890
Institution / Organization,,business_profile_890,Boulder Valley School District,Boulder,80303,https://food.bvsd.org,https://coloradoproud.com/business/?bid=business_profile_890
Non-Profit Organization,,business_profile_890,Boulder Valley School District,Boulder,80303,https://food.bvsd.org,https://coloradoproud.com/business/?bid=business_profile_890
School / Educational Institution,,business_profile_890,Boulder Valley School District,Boulder,80303,https://food.bvsd.org,https://coloradoproud.com/business/?bid=business_profile_890
Value-Added Producer / Processor,Food Maker,business_profile_890,Boulder Valley School District,Boulder,80303,https://food.bvsd.org,https://coloradoproud.com/business/?bid=business_profile_890
Meat Packer / Processor,Meat Producer & Packer,business_profile_377,Bountiful Meats & Processing,La Jara,81140,https://www.bountifulmeats.com,https://coloradoproud.com/business/?bid=business_profile_377
Food Manufacturer,,business_profile_609,"Bow & Arrow Brand, LLC",Towaoc,81321,https://www.bowandarrowbrand.com,https://coloradoproud.com/business/?bid=business_profile_609
Food Manufacturer,,business_profile_1605,Bowl & Kettle,Denver,80207,https://bowlandkettle.com/,https://coloradoproud.com/business/?bid=business_profile_1605
Coffee Shop,,business_profile_1118,Boxcar Espresso & Ice Cream Shop,La Jara,81140,,https://coloradoproud.com/business/?bid=business_profile_1118
Food Manufacturer,,business_profile_200,Boyer's Coffee,Denver,80216,https://www.boyerscoffee.com/,https://coloradoproud.com/business/?bid=business_profile_200
Food Manufacturer,,business_profile_86,Brad B Jammin,Littleton,80121,https://bradbjammin.com,https://coloradoproud.com/business/?bid=business_profile_86
Bakery,Bakery,business_profile_1270,Bread In The Box LLC,Denver,80216,https://breadinthebox.com/,https://coloradoproud.com/business/?bid=business_profile_1270
Bakery,Bakery,business_profile_986,Bread Truck Bakery,Fort Collins,80524,,https://coloradoproud.com/business/?bid=business_profile_986
Distillery,,business_profile_1302,Broderick & Company dba Uncle Tim's Cocktails,Denver,80223,https://www.uncletimscocktails.com,https://coloradoproud.com/business/?bid=business_profile_1302
Cottage Food,Food Maker,business_profile_485,Brody’s Fluffy Butt Hut,,,https://www.brodysfluffybutthut.com,https://coloradoproud.com/business/?bid=business_profile_485
Farmers Market,Farmers' Market,business_profile_485,Brody’s Fluffy Butt Hut,,,https://www.brodysfluffybutthut.com,https://coloradoproud.com/business/?bid=business_profile_485
Cottage Food,Food Maker,business_profile_475,Broken Gringo LLC,Parker,80134,https://brokengringo.com,https://coloradoproud.com/business/?bid=business_profile_475
Food Manufacturer,,business_profile_475,Broken Gringo LLC,Parker,80134,https://brokengringo.com,https://coloradoproud.com/business/?bid=business_profile_475
Farm / Ranch,On-Farm / Ranch Sales,business_profile_531,Brown Grain & Livestock,Pierce,80650,,https://coloradoproud.com/business/?bid=business_profile_531
Food Manufacturer,,business_profile_220,Bruna's Brazilian Cheese Bread,Denver,80239,https://www.brunasbread.com,https://coloradoproud.com/business/?bid=business_profile_220
Food Manufacturer,,business_profile_1643,Brunson Meat Co.,Denver,80211,https://brunsonmeats.com,https://coloradoproud.com/business/?bid=business_profile_1643
Livestock Producer,On-Farm / Ranch Sales,business_profile_1643,Brunson Meat Co.,Denver,80211,https://brunsonmeats.com,https://coloradoproud.com/business/?bid=business_profile_1643
Manufacturer,,business_profile_1643,Brunson Meat Co.,Denver,80211,https://brunsonmeats.com,https://coloradoproud.com/business/?bid=business_profile_1643
Meat & Poultry Market,Meat Producer & Packer,business_profile_1643,Brunson Meat Co.,Denver,80211,https://brunsonmeats.com,https://coloradoproud.com/business/?bid=business_profile_1643
Meat Packer / Processor,Meat Producer & Packer,business_profile_1643,Brunson Meat Co.,Denver,80211,https://brunsonmeats.com,https://coloradoproud.com/business/?bid=business_profile_1643
Value-Added Producer / Processor,Food Maker,business_profile_1643,Brunson Meat Co.,Denver,80211,https://brunsonmeats.com,https://coloradoproud.com/business/?bid=business_profile_1643
Wholesaler,,business_profile_1643,Brunson Meat Co.,Denver,80211,https://brunsonmeats.com,https://coloradoproud.com/business/?bid=business_profile_1643
Meat Packer / Processor,Meat Producer & Packer,business_profile_940,Brunson Meat Co.,Denver,80211,https://brunsonmeats.com/,https://coloradoproud.com/business/?bid=business_profile_940
Cheeserie,On-Farm / Ranch Sales,business_profile_1583,Buck & Bloom Cheese Co.,Buena Vista,81211,http://www.buckandbloomcheese.com,https://coloradoproud.com/business/?bid=business_profile_1583
Farm / Ranch,On-Farm / Ranch Sales,business_profile_1551,Buck Up Buttercup Ranch,Canon City,81212,https://buckupbuttercupranch.com,https://coloradoproud.com/business/?bid=business_profile_1551
Winery,Winery,business_profile_149,Buckel Family Wine,Gunnison,81230,https://buckelfamilywine.com,https://coloradoproud.com/business/?bid=business_profile_149
Meat Packer / Processor,Meat Producer & Packer,business_profile_1521,Buckhead Meat & Seafood,Aurora,80011,https://www.buckheadmeat.com/denver/,https://coloradoproud.com/business/?bid=business_profile_1521
Apiary,On-Farm / Ranch Sales,business_profile_611,Buddha And The Bees,Longmont,80503,https://buddhaandthebees.net,https://coloradoproud.com/business/?bid=business_profile_611
Cottage Food,Food Maker,business_profile_611,Buddha And The Bees,Longmont,80503,https://buddhaandthebees.net,https://coloradoproud.com/business/?bid=business_profile_611
Retailer,,business_profile_611,Buddha And The Bees,Longmont,80503,https://buddhaandthebees.net,https://coloradoproud.com/business/?bid=business_profile_611
Winery,Winery,business_profile_160,Bugling Elk Vineyard and Winery,Penrose,81240,,https://coloradoproud.com/business/?bid=business_profile_160
Bakery,Bakery,business_profile_831,Bully Boy Baking,Denver,80220,,https://coloradoproud.com/business/?bid=business_profile_831
Farm / Ranch,On-Farm / Ranch Sales,business_profile_635,Bunkhouse Custom Meats,Bristol,81047,,https://coloradoproud.com/business/?bid=business_profile_635
Livestock Producer,On-Farm / Ranch Sales,business_profile_635,Bunkhouse Custom Meats,Bristol,81047,,https://coloradoproud.com/business/?bid=business_profile_635
Meat & Poultry Market,Meat Producer & Packer,business_profile_635,Bunkhouse Custom Meats,Bristol,81047,,https://coloradoproud.com/business/?bid=business_profile_635
Farm / Ranch,On-Farm / Ranch Sales,business_profile_884,Bunkhouse Custom Meats,Bristol,81047,https://www.getbunkhousebeef.com,https://coloradoproud.com/business/?bid=business_profile_884
Livestock Producer,On-Farm / Ranch Sales,business_profile_884,Bunkhouse Custom Meats,Bristol,81047,https://www.getbunkhousebeef.com,https://coloradoproud.com/business/?bid=business_profile_884
Meat & Poultry Market,Meat Producer & Packer,business_profile_884,Bunkhouse Custom Meats,Bristol,81047,https://www.getbunkhousebeef.com,https://coloradoproud.com/business/?bid=business_profile_884
Apiary,On-Farm / Ranch Sales,business_profile_211,Burley Bees,Cañon City,81212,https://www.burleybeeshoney.com,https://coloradoproud.com/business/?bid=business_profile_211
Food Manufacturer,,business_profile_350,Burns and McCoy,Fort Collins,80524,https://burnsandmccoy.com,https://coloradoproud.com/business/?bid=business_profile_350
Food Manufacturer,,business_profile_1334,"Burrito Kitchens Enterprises, LLC",Longmont,80504,https://www.burritokitchens.com,https://coloradoproud.com/business/?bid=business_profile_1334
Food Manufacturer,,business_profile_1065,Bush Fire hot sauce LLC,Fort Collins,80525,,https://coloradoproud.com/business/?bid=business_profile_1065
Apiary,On-Farm / Ranch Sales,business_profile_917,Busy Bee Farm,Larkspur,80118,https://www.busybeefarm.online,https://coloradoproud.com/business/?bid=business_profile_917
Wholesaler,,business_profile_917,Busy Bee Farm,Larkspur,80118,https://www.busybeefarm.online,https://coloradoproud.com/business/?bid=business_profile_917
Bakery,Bakery,business_profile_1234,Busy Green Bee,Westcliffe,81252,,https://coloradoproud.com/business/?bid=business_profile_1234
Bakery,Bakery,business_profile_565,Buttah Bakehouse,Colorado Springs,80925,,https://coloradoproud.com/business/?bid=business_profile_565
Manufacturer,,business_profile_832,By TASTY Style,Broomfield,80020,https://bytastystyle.com,https://coloradoproud.com/business/?bid=business_profile_832
Manufacturer,,business_profile_806,C. H. BREVILLE ENTERPRISES LLC,Brighton,80602,https://www.drbselixir.com,https://coloradoproud.com/business/?bid=business_profile_806
Bakery,Bakery,business_profile_1338,Cabin Kitchen Co,Denver,80202,,https://coloradoproud.com/business/?bid=business_profile_1338
Dairy,On-Farm / Ranch Sales,business_profile_1188,Cabri Creamery,Wellington,80549,https://www.cabricreamery.com/,https://coloradoproud.com/business/?bid=business_profile_1188
Candy,,business_profile_1525,Cacao Chemistry Chocolatier & Patisserie,Colorado Springs,80903,https://www.cacaochemistry.com,https://coloradoproud.com/business/?bid=business_profile_1525
Nut & Confectionery Store,,business_profile_1525,Cacao Chemistry Chocolatier & Patisserie,Colorado Springs,80903,https://www.cacaochemistry.com,https://coloradoproud.com/business/?bid=business_profile_1525
Manufacturer,,business_profile_820,Calendula Botanicals,Centennial,80122,https://calendulabotanicals.com/collections/colorado-proud,https://coloradoproud.com/business/?bid=business_profile_820
Bakery,Bakery,business_profile_1395,"Camille's Yum Bites, LLC",Centennial,80112,,https://coloradoproud.com/business/?bid=business_profile_1395
Food & Beverage Service,,business_profile_460,"Campfire Chill, LLC - DBA Infuseable Cocktails",Colorado Springs,80919,https://www.infuseablecocktails.com/,https://coloradoproud.com/business/?bid=business_profile_460
Food Manufacturer,,business_profile_460,"Campfire Chill, LLC - DBA Infuseable Cocktails",Colorado Springs,80919,https://www.infuseablecocktails.com/,https://coloradoproud.com/business/?bid=business_profile_460
Manufacturer,,business_profile_1187,Canine Candy Biscuits,Loveland,80537,https://www.caninecandybiscuits.com,https://coloradoproud.com/business/?bid=business_profile_1187
Value-Added Producer / Processor,Food Maker,business_profile_1187,Canine Candy Biscuits,Loveland,80537,https://www.caninecandybiscuits.com,https://coloradoproud.com/business/?bid=business_profile_1187
Food Manufacturer,,business_profile_412,"Canino's Sausage Co., Inc.",Denver,80211,https://www.caninosausage.com,https://coloradoproud.com/business/?bid=business_profile_412
Farm / Ranch,On-Farm / Ranch Sales,business_profile_1320,Cannolo Family Farms,Greenwood Village,80111,https://cannolofarms.com/,https://coloradoproud.com/business/?bid=business_profile_1320
Farm / Ranch,On-Farm / Ranch Sales,business_profile_481,Cantwell Farms LLC,Keenesburg,80643,,https://coloradoproud.com/business/?bid=business_profile_481
Food Manufacturer,,business_profile_989,"Canyon Chile, LLC",Cortez,81321,https://www.canyonchilesauces.com,https://coloradoproud.com/business/?bid=business_profile_989
Food Manufacturer,,business_profile_626,Cappello's,Arvada,80002,https://www.cappellos.com,https://coloradoproud.com/business/?bid=business_profile_626
Manufacturer,,business_profile_976,"Caraline Skincare, Ltd.",Boulder,80301,https://www.caralineskin.com/,https://coloradoproud.com/business/?bid=business_profile_976
Winery,Winery,business_profile_618,Carboy Winery,Littleton,80120,https://www.carboywinery.com/,https://coloradoproud.com/business/?bid=business_profile_618
Winery,Winery,business_profile_889,Carboy Winery,Littleton,80120,https://www.carboywinery.com,https://coloradoproud.com/business/?bid=business_profile_889
Grocery Store,Grocery Store,business_profile_1572,Carniceria Chihuahua,Broomfield,80020,,https://coloradoproud.com/business/?bid=business_profile_1572
Mobile Food & Beverage Stand / Cart,,business_profile_751,Carranza Concessions,San Antonio,78218,,https://coloradoproud.com/business/?bid=business_profile_751
Value-Added Producer / Processor,Food Maker,business_profile_1457,Caruso USA,Cincinnati,45241,https://www.carusousa.com,https://coloradoproud.com/business/?bid=business_profile_1457
Restaurant,Restaurant,business_profile_754,Casa Bonita,Lakewood,80214,https://www.casabonitadenver.com,https://coloradoproud.com/business/?bid=business_profile_754
Manufacturer,,business_profile_664,Cassavaberry,Thornton,80241,https://cassavaberry.com,https://coloradoproud.com/business/?bid=business_profile_664
Bakery,Bakery,business_profile_1375,CastleDough,Castle Rock,80104,https://www.CastleDough.com,https://coloradoproud.com/business/?bid=business_profile_1375
Bakery,Bakery,business_profile_773,Cattle Queen Craft Bakery,Centennial,80015,https://www.cqofmt.com,https://coloradoproud.com/business/?bid=business_profile_773
Farm / Ranch,On-Farm / Ranch Sales,business_profile_554,Caviness Farms,Bayfield,81122,,https://coloradoproud.com/business/?bid=business_profile_554
Wholesaler,,business_profile_378,CB Printers,Loveland,80537,,https://coloradoproud.com/business/?bid=business_profile_378
Farm / Ranch,On-Farm / Ranch Sales,business_profile_1289,Celestial Creek Ranch,Pueblo,80817,https://celestialcreekranch.com,https://coloradoproud.com/business/?bid=business_profile_1289
Livestock Producer,On-Farm / Ranch Sales,business_profile_1289,Celestial Creek Ranch,Pueblo,80817,https://celestialcreekranch.com,https://coloradoproud.com/business/?bid=business_profile_1289
Meat & Poultry Market,Meat Producer & Packer,business_profile_1289,Celestial Creek Ranch,Pueblo,80817,https://celestialcreekranch.com,https://coloradoproud.com/business/?bid=business_profile_1289
Ag Input Supplier,,business_profile_169,Centennial Ag Trading,Brush,80723,,https://coloradoproud.com/business/?bid=business_profile_169
Farm / Ranch,On-Farm / Ranch Sales,business_profile_566,Centennial cuts,Fowler,81039,https://www.centennialcuts.com,https://coloradoproud.com/business/?bid=business_profile_566
Brewery,,business_profile_1082,Ceria Brewing Company,Arvada,80006,https://www.CeriaBrewing.com,https://coloradoproud.com/business/?bid=business_profile_1082
Bakery,Bakery,business_profile_1176,Ch'il indigenous foods,Wheatridge,80033,https://chil-indigenousfoods.com,https://coloradoproud.com/business/?bid=business_profile_1176
Caterer,Caterer,business_profile_1176,Ch'il indigenous foods,Wheatridge,80033,https://chil-indigenousfoods.com,https://coloradoproud.com/business/?bid=business_profile_1176
Commissary,,business_profile_1176,Ch'il indigenous foods,Wheatridge,80033,https://chil-indigenousfoods.com,https://coloradoproud.com/business/?bid=business_profile_1176
Distributor,,business_profile_1176,Ch'il indigenous foods,Wheatridge,80033,https://chil-indigenousfoods.com,https://coloradoproud.com/business/?bid=business_profile_1176
Farm / Ranch,On-Farm / Ranch Sales,business_profile_1176,Ch'il indigenous foods,Wheatridge,80033,https://chil-indigenousfoods.com,https://coloradoproud.com/business/?bid=business_profile_1176
Food & Beverage Service,,business_profile_1176,Ch'il indigenous foods,Wheatridge,80033,https://chil-indigenousfoods.com,https://coloradoproud.com/business/?bid=business_profile_1176
Food Manufacturer,,business_profile_1176,Ch'il indigenous foods,Wheatridge,80033,https://chil-indigenousfoods.com,https://coloradoproud.com/business/?bid=business_profile_1176
Food Truck,,business_profile_1176,Ch'il indigenous foods,Wheatridge,80033,https://chil-indigenousfoods.com,https://coloradoproud.com/business/?bid=business_profile_1176
Restaurant,Restaurant,business_profile_1176,Ch'il indigenous foods,Wheatridge,80033,https://chil-indigenousfoods.com,https://coloradoproud.com/business/?bid=business_profile_1176
Bakery,Bakery,business_profile_1413,Chalk and Flour,Littleton,80128,https://www.chalkandflour.com,https://coloradoproud.com/business/?bid=business_profile_1413
Food Manufacturer,,business_profile_396,Charcutnuvo Organic and Natural Sausage,Denver,80229,http://www.charcutnuvo.com,https://coloradoproud.com/business/?bid=business_profile_396
Meat Packer / Processor,Meat Producer & Packer,business_profile_396,Charcutnuvo Organic and Natural Sausage,Denver,80229,http://www.charcutnuvo.com,https://coloradoproud.com/business/?bid=business_profile_396
Cheeserie,On-Farm / Ranch Sales,business_profile_1564,Cheez Me LLC,Denver,80207,https://instagram.com/cheezme.co,https://coloradoproud.com/business/?bid=business_profile_1564
Food Manufacturer,,business_profile_687,Chef Huey LLC,Loveland,80538,,https://coloradoproud.com/business/?bid=business_profile_687
Food Truck,,business_profile_457,Chicken Bob LLC,Rocky Ford,81067,,https://coloradoproud.com/business/?bid=business_profile_457
Food Manufacturer,,business_profile_1412,Chile Colonial LLC,Denver,80230,Https://www.chilecrunch.com,https://coloradoproud.com/business/?bid=business_profile_1412
Food Manufacturer,,business_profile_1337,Chin Dribblin Asian Fusion Sauces,Denver,80216,http://www.chindribblin.com,https://coloradoproud.com/business/?bid=business_profile_1337
Specialty Food Store,Grocery Store,business_profile_1337,Chin Dribblin Asian Fusion Sauces,Denver,80216,http://www.chindribblin.com,https://coloradoproud.com/business/?bid=business_profile_1337
Farm / Ranch,On-Farm / Ranch Sales,business_profile_1535,Chinampas,Cortez,81321,https://www.chinampas.org,https://coloradoproud.com/business/?bid=business_profile_1535
Candy,,business_profile_1527,Chocolate Elk,Broomfield,80023,https://chocolateelk.com,https://coloradoproud.com/business/?bid=business_profile_1527
Nut & Confectionery Store,,business_profile_1527,Chocolate Elk,Broomfield,80023,https://chocolateelk.com,https://coloradoproud.com/business/?bid=business_profile_1527
Food Manufacturer,,business_profile_1175,Choice City USA LLC,Fort Collins,80524,https://www.choicecityusa.com,https://coloradoproud.com/business/?bid=business_profile_1175
Food Truck,,business_profile_1342,Chontalli hospitality LLC DBA Maximinas,Fort Lupton,80621,,https://coloradoproud.com/business/?bid=business_profile_1342
Farm / Ranch,On-Farm / Ranch Sales,business_profile_1216,Christensen Ranch,Weldona,80653,https://www.christensenranch.com/,https://coloradoproud.com/business/?bid=business_profile_1216
Meat & Poultry Market,Meat Producer & Packer,business_profile_1216,Christensen Ranch,Weldona,80653,https://www.christensenranch.com/,https://coloradoproud.com/business/?bid=business_profile_1216
Food Manufacturer,,business_profile_1191,Chupacabra,Denver,80216,https://www.chupacabra303.com/,https://coloradoproud.com/business/?bid=business_profile_1191
Farm / Ranch,On-Farm / Ranch Sales,business_profile_1585,Circle of 2 Ranch,Montrose,81402,https://circleof2ranch.com,https://coloradoproud.com/business/?bid=business_profile_1585
Distributor,,business_profile_197,"City Farm Colorado, LLC dba Farmers Market Colorado",Castle Rock,80109,,https://coloradoproud.com/business/?bid=business_profile_197
Farmers Market,Farmers' Market,business_profile_182,City of Greeley Farmers Market,Greeley,80631,https://greeleygov.com/activities/fm/home,https://coloradoproud.com/business/?bid=business_profile_182
Farmers Market,Farmers' Market,business_profile_178,City of Loveland Farmers Market,Loveland,80537,https://www.lovgov.org/services/parks-recreation/events/farmers-market,https://coloradoproud.com/business/?bid=business_profile_178
Farmers Market,Farmers' Market,business_profile_173,City Park Farmers Market,Denver,80205,https://www.cityparkfarmersmarket.com/,https://coloradoproud.com/business/?bid=business_profile_173
Food Bank,Food Bank,business_profile_1259,Clayton Cares Market,Denver,80205,https://www.claytonearlylearning.org/our-schools-programs/health-and-wellness/claytoncaresmarket.html,https://coloradoproud.com/business/?bid=business_profile_1259
Non-Profit Organization,,business_profile_1259,Clayton Cares Market,Denver,80205,https://www.claytonearlylearning.org/our-schools-programs/health-and-wellness/claytoncaresmarket.html,https://coloradoproud.com/business/?bid=business_profile_1259
Farm / Roadside Stand,Roadside Market,business_profile_1466,Clearwater Spring Highlands,Brighton,80603,https://www.cshnaturalbeef.com,https://coloradoproud.com/business/?bid=business_profile_1466
Farm / Ranch,On-Farm / Ranch Sales,business_profile_253,Cletas Natural Beef-Piedmontese,Limon,80828,,https://coloradoproud.com/business/?bid=business_profile_253
Winery,Winery,business_profile_137,Cliff Dweller Wine Co.,Palisade,81526,https://www.coloradovintners.com/,https://coloradoproud.com/business/?bid=business_profile_137
Farm / Roadside Stand,Roadside Market,business_profile_111,Cloud City Conservation Center,Leadville,80461,https://www.c4leadville.org,https://coloradoproud.com/business/?bid=business_profile_111
Value-Added Producer / Processor,Food Maker,business_profile_529,Cloverleaf Farms West,Elizabeth,80107,http://www.cloverleaffarmswest.com,https://coloradoproud.com/business/?bid=business_profile_529
Food Manufacturer,,business_profile_1007,CMJ Foods llc dba Tempo Granola,Highlands Ranch,80126,https://www.tempoeats.com,https://coloradoproud.com/business/?bid=business_profile_1007
Farm / Ranch,On-Farm / Ranch Sales,business_profile_414,Cobblestone Farm LLC,Hotchkiss,81419,,https://coloradoproud.com/business/?bid=business_profile_414
Institution / Organization,,business_profile_1129,Cocina Libre LLC,Denver,80210,https://www.juliarpsychology.com/cocina-libre,https://coloradoproud.com/business/?bid=business_profile_1129
Food Manufacturer,,business_profile_355,Coconut Cloud,Boulder,80304,https://coconutcloud.net/,https://coloradoproud.com/business/?bid=business_profile_355
Manufacturer,,business_profile_355,Coconut Cloud,Boulder,80304,https://coconutcloud.net/,https://coloradoproud.com/business/?bid=business_profile_355
Coffee Shop,,business_profile_1377,Coffee and Crumble,Arvada,80007,https://coffeeandcrumble.com/,https://coloradoproud.com/business/?bid=business_profile_1377
Farm / Ranch,On-Farm / Ranch Sales,business_profile_1437,Collier Farms,FIRESTONE,80504,https://www.collier-farms.com,https://coloradoproud.com/business/?bid=business_profile_1437
Farm / Roadside Stand,Roadside Market,business_profile_1437,Collier Farms,FIRESTONE,80504,https://www.collier-farms.com,https://coloradoproud.com/business/?bid=business_profile_1437
Farm Market,On-Farm / Ranch Sales,business_profile_1437,Collier Farms,FIRESTONE,80504,https://www.collier-farms.com,https://coloradoproud.com/business/?bid=business_profile_1437
Farmers Market,Farmers' Market,business_profile_1437,Collier Farms,FIRESTONE,80504,https://www.collier-farms.com,https://coloradoproud.com/business/?bid=business_profile_1437
Distributor,,business_profile_1310,"Colo-Pac Produce, Inc.",Denver,80216,https://www.colo-pac.com,https://coloradoproud.com/business/?bid=business_profile_1310
Foodservice Buyer,,business_profile_1310,"Colo-Pac Produce, Inc.",Denver,80216,https://www.colo-pac.com,https://coloradoproud.com/business/?bid=business_profile_1310
Packing House,,business_profile_1310,"Colo-Pac Produce, Inc.",Denver,80216,https://www.colo-pac.com,https://coloradoproud.com/business/?bid=business_profile_1310
Wholesaler,,business_profile_1310,"Colo-Pac Produce, Inc.",Denver,80216,https://www.colo-pac.com,https://coloradoproud.com/business/?bid=business_profile_1310
Farm / Roadside Stand,Roadside Market,business_profile_960,Colon Orchards,Cañon City,81212,https://www.colonorchards.com,https://coloradoproud.com/business/?bid=business_profile_960
Hay / Forage Producer,,business_profile_960,Colon Orchards,Cañon City,81212,https://www.colonorchards.com,https://coloradoproud.com/business/?bid=business_profile_960
Meat & Poultry Market,Meat Producer & Packer,business_profile_960,Colon Orchards,Cañon City,81212,https://www.colonorchards.com,https://coloradoproud.com/business/?bid=business_profile_960
Orchard,On-Farm / Ranch Sales,business_profile_960,Colon Orchards,Cañon City,81212,https://www.colonorchards.com,https://coloradoproud.com/business/?bid=business_profile_960
Produce Market,Roadside Market,business_profile_960,Colon Orchards,Cañon City,81212,https://www.colonorchards.com,https://coloradoproud.com/business/?bid=business_profile_960
Tourism,Agritourism,business_profile_960,Colon Orchards,Cañon City,81212,https://www.colonorchards.com,https://coloradoproud.com/business/?bid=business_profile_960
Institution / Organization,,business_profile_132,Colorado Agritourism Association,Delta,81416,https://www.coloradoagritourismassociation.org/,https://coloradoproud.com/business/?bid=business_profile_132
Non-Profit Organization,,business_profile_132,Colorado Agritourism Association,Delta,81416,https://www.coloradoagritourismassociation.org/,https://coloradoproud.com/business/?bid=business_profile_132
Tourism,Agritourism,business_profile_132,Colorado Agritourism Association,Delta,81416,https://www.coloradoagritourismassociation.org/,https://coloradoproud.com/business/?bid=business_profile_132
Manufacturer,,business_profile_246,Colorado Aromatics Cultivated Skincare,Longmont,80504,http://www.coloradoaromatics.com,https://coloradoproud.com/business/?bid=business_profile_246
Non-Profit Organization,,business_profile_94,Colorado Association for Viticulture & Enology (CAVE),Palisade,81526,https://www.WineColorado.org,https://coloradoproud.com/business/?bid=business_profile_94
Candy,,business_profile_894,Colorado Caramel Company,Gypsum,81637,https://coloradocaramel.com,https://coloradoproud.com/business/?bid=business_profile_894
Nut & Confectionery Store,,business_profile_894,Colorado Caramel Company,Gypsum,81637,https://coloradocaramel.com,https://coloradoproud.com/business/?bid=business_profile_894
Farm / Ranch,On-Farm / Ranch Sales,business_profile_122,Colorado Catch  LLC,Sanford,81151,,https://coloradoproud.com/business/?bid=business_profile_122
Fishery,On-Farm / Ranch Sales,business_profile_122,Colorado Catch  LLC,Sanford,81151,,https://coloradoproud.com/business/?bid=business_profile_122
Wholesaler,,business_profile_122,Colorado Catch  LLC,Sanford,81151,,https://coloradoproud.com/business/?bid=business_profile_122
Winery,Winery,business_profile_381,Colorado Cellars Winery,Palisade,81526,https://www.coloradocellars.com,https://coloradoproud.com/business/?bid=business_profile_381
Farm / Ranch,On-Farm / Ranch Sales,business_profile_1545,Colorado Coops,Black Hawk,80422,https://www.coloradocoops.com/,https://coloradoproud.com/business/?bid=business_profile_1545
Farm / Ranch,On-Farm / Ranch Sales,business_profile_1015,Colorado Craft Beef LLC,Akron,80720,https://coloradocraftbeef.com/,https://coloradoproud.com/business/?bid=business_profile_1015
Meat & Poultry Market,Meat Producer & Packer,business_profile_1015,Colorado Craft Beef LLC,Akron,80720,https://coloradocraftbeef.com/,https://coloradoproud.com/business/?bid=business_profile_1015
Meat Packer / Processor,Meat Producer & Packer,business_profile_1015,Colorado Craft Beef LLC,Akron,80720,https://coloradocraftbeef.com/,https://coloradoproud.com/business/?bid=business_profile_1015
Meat Packer / Processor,Meat Producer & Packer,business_profile_1579,Colorado Custom Meat Co,Kersey,80644,https://www.coloradocustommeatco.com/,https://coloradoproud.com/business/?bid=business_profile_1579
School / Educational Institution,,business_profile_1649,Colorado Early Colleges,Englewood,80912,,https://coloradoproud.com/business/?bid=business_profile_1649
Farm / Ranch,On-Farm / Ranch Sales,business_profile_310,Colorado Edible Forest at Rivendell Farms,Glenwood Springs,81601,http://www.coloradoedibleforest.com,https://coloradoproud.com/business/?bid=business_profile_310
Retailer,,business_profile_310,Colorado Edible Forest at Rivendell Farms,Glenwood Springs,81601,http://www.coloradoedibleforest.com,https://coloradoproud.com/business/?bid=business_profile_310
Wholesaler,,business_profile_310,Colorado Edible Forest at Rivendell Farms,Glenwood Springs,81601,http://www.coloradoedibleforest.com,https://coloradoproud.com/business/?bid=business_profile_310
Food Manufacturer,,business_profile_96,Colorado Food Enterprises,Denver,80221,https://www.coloradofoodenterprises.com,https://coloradoproud.com/business/?bid=business_profile_96
Farmers Market,Farmers' Market,business_profile_73,Colorado Fresh Produce,Loveland,80538,https://coloradofreshproduce.com,https://coloradoproud.com/business/?bid=business_profile_73
Wholesale Market,,business_profile_1354,Colorado Gold Snacks and Sundries,Englewood,80110,https://coloradogoldsnacks.com,https://coloradoproud.com/business/?bid=business_profile_1354
Non-Profit Organization,,business_profile_474,Colorado Grain Chain,,,https://www.coloradograinchain.com/,https://coloradoproud.com/business/?bid=business_profile_474
Food Manufacturer,,business_profile_1200,Colorado Ice Works,Englewood,80110,https://coloradoiceworks.com,https://coloradoproud.com/business/?bid=business_profile_1200
Farm / Ranch,On-Farm / Ranch Sales,business_profile_887,Colorado Juice Company,Montrose,81402,https://www.cojuice.co,https://coloradoproud.com/business/?bid=business_profile_887
Food & Beverage Service,,business_profile_887,Colorado Juice Company,Montrose,81402,https://www.cojuice.co,https://coloradoproud.com/business/?bid=business_profile_887
Food Manufacturer,,business_profile_887,Colorado Juice Company,Montrose,81402,https://www.cojuice.co,https://coloradoproud.com/business/?bid=business_profile_887
Orchard,On-Farm / Ranch Sales,business_profile_887,Colorado Juice Company,Montrose,81402,https://www.cojuice.co,https://coloradoproud.com/business/?bid=business_profile_887
Tourism,Agritourism,business_profile_887,Colorado Juice Company,Montrose,81402,https://www.cojuice.co,https://coloradoproud.com/business/?bid=business_profile_887
Value-Added Producer / Processor,Food Maker,business_profile_887,Colorado Juice Company,Montrose,81402,https://www.cojuice.co,https://coloradoproud.com/business/?bid=business_profile_887
Bakery,Bakery,business_profile_210,colorado kolache company,Fort Collins,80525,,https://coloradoproud.com/business/?bid=business_profile_210
Brewery,,business_profile_230,Colorado Native Beers,Golden,80401,http://coloradonative.com,https://coloradoproud.com/business/?bid=business_profile_230
Value-Added Producer / Processor,Food Maker,business_profile_171,COLORADO PORK,Lucerne,80646,https://copork.org,https://coloradoproud.com/business/?bid=business_profile_171
Food Manufacturer,,business_profile_1644,Colorado Q,Clifton,81520,https://www.coloradoqgj.com,https://coloradoproud.com/business/?bid=business_profile_1644
Food Truck,,business_profile_1644,Colorado Q,Clifton,81520,https://www.coloradoqgj.com,https://coloradoproud.com/business/?bid=business_profile_1644
Restaurant,Restaurant,business_profile_1644,Colorado Q,Clifton,81520,https://www.coloradoqgj.com,https://coloradoproud.com/business/?bid=business_profile_1644
Ag Input Supplier,,business_profile_761,Colorado Soy LLC,Stratton,80836,https://www.coloradosoy.com,https://coloradoproud.com/business/?bid=business_profile_761
Food Manufacturer,,business_profile_761,Colorado Soy LLC,Stratton,80836,https://www.coloradosoy.com,https://coloradoproud.com/business/?bid=business_profile_761
Livestock Producer,On-Farm / Ranch Sales,business_profile_761,Colorado Soy LLC,Stratton,80836,https://www.coloradosoy.com,https://coloradoproud.com/business/?bid=business_profile_761
Manufacturer,,business_profile_761,Colorado Soy LLC,Stratton,80836,https://www.coloradosoy.com,https://coloradoproud.com/business/?bid=business_profile_761
Wholesaler,,business_profile_761,Colorado Soy LLC,Stratton,80836,https://www.coloradosoy.com,https://coloradoproud.com/business/?bid=business_profile_761
Farmers Market,Farmers' Market,business_profile_1264,Colorado Springs Sunday Market,,,https://huntandgathercos.com/pages/sunday-market,https://coloradoproud.com/business/?bid=business_profile_1264
Retailer,,business_profile_594,Colorado Steak Company,Denver,80246,https://coloradosteakcompany.com,https://coloradoproud.com/business/?bid=business_profile_594
Bakery,Bakery,business_profile_924,Colorado Stroopwafels LLC,Boulder,80302,https://coloradostroopwafels.com/,https://coloradoproud.com/business/?bid=business_profile_924
Caterer,Caterer,business_profile_924,Colorado Stroopwafels LLC,Boulder,80302,https://coloradostroopwafels.com/,https://coloradoproud.com/business/?bid=business_profile_924
Delicatessen,,business_profile_924,Colorado Stroopwafels LLC,Boulder,80302,https://coloradostroopwafels.com/,https://coloradoproud.com/business/?bid=business_profile_924
Farmers Market,Farmers' Market,business_profile_924,Colorado Stroopwafels LLC,Boulder,80302,https://coloradostroopwafels.com/,https://coloradoproud.com/business/?bid=business_profile_924
Food Manufacturer,,business_profile_924,Colorado Stroopwafels LLC,Boulder,80302,https://coloradostroopwafels.com/,https://coloradoproud.com/business/?bid=business_profile_924
Retailer,,business_profile_924,Colorado Stroopwafels LLC,Boulder,80302,https://coloradostroopwafels.com/,https://coloradoproud.com/business/?bid=business_profile_924
Specialty Food Store,Grocery Store,business_profile_924,Colorado Stroopwafels LLC,Boulder,80302,https://coloradostroopwafels.com/,https://coloradoproud.com/business/?bid=business_profile_924
Wholesaler,,business_profile_924,Colorado Stroopwafels LLC,Boulder,80302,https://coloradostroopwafels.com/,https://coloradoproud.com/business/?bid=business_profile_924
Apiary,On-Farm / Ranch Sales,business_profile_578,Colorado Survivor Bees,Westminster,80031,,https://coloradoproud.com/business/?bid=business_profile_578
Cottage Food,Food Maker,business_profile_578,Colorado Survivor Bees,Westminster,80031,,https://coloradoproud.com/business/?bid=business_profile_578
Manufacturer,,business_profile_1152,Colorado Urban Wood Network,Denver,80216,https://urbanwoodnetwork.org/chapter/colorado-state-chapter/,https://coloradoproud.com/business/?bid=business_profile_1152
Meat & Poultry Market,Meat Producer & Packer,business_profile_922,Colorado's Best Beef Company,Boulder,80301,https://www.naturalbeef.com,https://coloradoproud.com/business/?bid=business_profile_922
Food Manufacturer,,business_profile_532,Colorful Colorado Creations LLC,Loveland,80537,,https://coloradoproud.com/business/?bid=business_profile_532
Food & Beverage Service,,business_profile_218,"Commando Dave's BBQ Seasonings, LLC",Monument,80132,https://commandodaves.com,https://coloradoproud.com/business/?bid=business_profile_218
Food Manufacturer,,business_profile_218,"Commando Dave's BBQ Seasonings, LLC",Monument,80132,https://commandodaves.com,https://coloradoproud.com/business/?bid=business_profile_218
Specialty Food Store,Grocery Store,business_profile_218,"Commando Dave's BBQ Seasonings, LLC",Monument,80132,https://commandodaves.com,https://coloradoproud.com/business/?bid=business_profile_218
Distributor,,business_profile_1155,Common Harvest Colorado,Denver,80205,https://commonharvestcolorado.com,https://coloradoproud.com/business/?bid=business_profile_1155
Wholesaler,,business_profile_1155,Common Harvest Colorado,Denver,80205,https://commonharvestcolorado.com,https://coloradoproud.com/business/?bid=business_profile_1155
Farm / Ranch,On-Farm / Ranch Sales,business_profile_1602,Conditional Gardens,Golden,80403,https://conditionalgardens.com,https://coloradoproud.com/business/?bid=business_profile_1602
Retailer,,business_profile_1602,Conditional Gardens,Golden,80403,https://conditionalgardens.com,https://coloradoproud.com/business/?bid=business_profile_1602
Wholesaler,,business_profile_1602,Conditional Gardens,Golden,80403,https://conditionalgardens.com,https://coloradoproud.com/business/?bid=business_profile_1602
Bakery,Bakery,business_profile_1195,Confections by Charlee LLC,Colorado Springs,80918,https://www.confectionsbycharlee.com/,https://coloradoproud.com/business/?bid=business_profile_1195
Beverage Retailer,,business_profile_1171,Conflagration Distilling Co. LLC,Wheat Ridge,80033,https://conflagrationdistilling.com,https://coloradoproud.com/business/?bid=business_profile_1171
Distillery,,business_profile_1171,Conflagration Distilling Co. LLC,Wheat Ridge,80033,https://conflagrationdistilling.com,https://coloradoproud.com/business/?bid=business_profile_1171
Wholesaler,,business_profile_547,Conscious Chili dba Tad's Dad's Chili,Longmont,80504,https://tadsdadschili.com,https://coloradoproud.com/business/?bid=business_profile_547
Cottage Food,Food Maker,business_profile_1262,ConsciouSweets,Lafayette,80026,https://ConsciouSweets.com,https://coloradoproud.com/business/?bid=business_profile_1262
Farm / Ranch,On-Farm / Ranch Sales,business_profile_1588,Coombs Farms Colorado,La Jara,81140,https://coombsfarmscolorado.com/,https://coloradoproud.com/business/?bid=business_profile_1588
Hay / Forage Producer,,business_profile_1588,Coombs Farms Colorado,La Jara,81140,https://coombsfarmscolorado.com/,https://coloradoproud.com/business/?bid=business_profile_1588
Livestock Producer,On-Farm / Ranch Sales,business_profile_1588,Coombs Farms Colorado,La Jara,81140,https://coombsfarmscolorado.com/,https://coloradoproud.com/business/?bid=business_profile_1588
Caterer,Caterer,business_profile_1392,Cooper's Coffee,Denver,,https://www.cooperscoffeedenver.com,https://coloradoproud.com/business/?bid=business_profile_1392
Food Truck,,business_profile_1392,Cooper's Coffee,Denver,,https://www.cooperscoffeedenver.com,https://coloradoproud.com/business/?bid=business_profile_1392
Mobile Food Stand / Cart,,business_profile_1392,Cooper's Coffee,Denver,,https://www.cooperscoffeedenver.com,https://coloradoproud.com/business/?bid=business_profile_1392
Apiary,On-Farm / Ranch Sales,business_profile_183,Copoco 's Honey,Fort Collins,80524,https://copocoshoney.com/,https://coloradoproud.com/business/?bid=business_profile_183
Retailer,,business_profile_183,Copoco 's Honey,Fort Collins,80524,https://copocoshoney.com/,https://coloradoproud.com/business/?bid=business_profile_183
Specialty Food Store,Grocery Store,business_profile_183,Copoco 's Honey,Fort Collins,80524,https://copocoshoney.com/,https://coloradoproud.com/business/?bid=business_profile_183
Farm / Ranch,On-Farm / Ranch Sales,business_profile_605,"Copper Bar Ranch, LLLC",Edwards,81632,https://www.thecopperbarranch.com/,https://coloradoproud.com/business/?bid=business_profile_605
Coffee Shop,,business_profile_882,Copper Door Coffee Roasters,Denver,80223,,https://coloradoproud.com/business/?bid=business_profile_882
Candy,,business_profile_1052,Corey's Chocolate,Longmont,80504,https://coreyschocolate.com,https://coloradoproud.com/business/?bid=business_profile_1052
Nut & Confectionery Store,,business_profile_1052,Corey's Chocolate,Longmont,80504,https://coreyschocolate.com,https://coloradoproud.com/business/?bid=business_profile_1052
Coffee Shop,,business_profile_359,Corvus Coffee Roasters,Denver,80223,https://corvuscoffee.com,https://coloradoproud.com/business/?bid=business_profile_359
Food Manufacturer,,business_profile_359,Corvus Coffee Roasters,Denver,80223,https://corvuscoffee.com,https://coloradoproud.com/business/?bid=business_profile_359
Cottage Food,Food Maker,business_profile_1240,CostaCustoms,weston,81091,,https://coloradoproud.com/business/?bid=business_profile_1240
Farmers Market,Farmers' Market,business_profile_1240,CostaCustoms,weston,81091,,https://coloradoproud.com/business/?bid=business_profile_1240
Cottage Food,Food Maker,business_profile_241,Cotton Blossom Caramel,Elbert,80106,https://www.cottonblossomcaramel.com,https://coloradoproud.com/business/?bid=business_profile_241
Snack / Confection Shop,,business_profile_1587,Country Chics Designs,Sterling,80751,,https://coloradoproud.com/business/?bid=business_profile_1587
Winery,Winery,business_profile_346,County Road Vines and Wines,Fort Morgan,80701,https://countryroadwines.com,https://coloradoproud.com/business/?bid=business_profile_346
Health Supplement Store,,business_profile_969,Cowgirl SOSS Natural Medicines,Denver,80246,https://cowgirlsoss.com/,https://coloradoproud.com/business/?bid=business_profile_969
Manufacturer,,business_profile_969,Cowgirl SOSS Natural Medicines,Denver,80246,https://cowgirlsoss.com/,https://coloradoproud.com/business/?bid=business_profile_969
Candy,,business_profile_854,Cowgirl's Favorite Sweets and Treats,Littleton,80127,,https://coloradoproud.com/business/?bid=business_profile_854
Nut & Confectionery Store,,business_profile_854,Cowgirl's Favorite Sweets and Treats,Littleton,80127,,https://coloradoproud.com/business/?bid=business_profile_854
Cottage Food,Food Maker,business_profile_854,Cowgirl's Favorite Sweets and Treats,Littleton,80127,,https://coloradoproud.com/business/?bid=business_profile_854
Cottage Food,Food Maker,business_profile_1552,Coyote Coffee Company llc,Fort Collins,80525,,https://coloradoproud.com/business/?bid=business_profile_1552
Cottage Food,Food Maker,business_profile_1568,Cozy Cabin Snacks,Bayfield,81122,,https://coloradoproud.com/business/?bid=business_profile_1568
Snack / Confection Shop,,business_profile_1568,Cozy Cabin Snacks,Bayfield,81122,,https://coloradoproud.com/business/?bid=business_profile_1568
Food Manufacturer,,business_profile_814,Cracked Bean Coffee Co. LLC,,,https://www.crackedbeancoffeeco.com,https://coloradoproud.com/business/?bid=business_profile_814
Bakery,Bakery,business_profile_1467,Crafton's Summit Sourdough,Peyton,80831,https://CraftonsSummitSourdough.com,https://coloradoproud.com/business/?bid=business_profile_1467
Cottage Food,Food Maker,business_profile_1416,"Crafty Crow Corn Creations, LLC.",Aurora,80017,https://craftycrowpopcorn.com,https://coloradoproud.com/business/?bid=business_profile_1416
Livestock Producer,On-Farm / Ranch Sales,business_profile_1131,Cranor Charolais,Gunnison,81230,https://cranorcharolais.com/,https://coloradoproud.com/business/?bid=business_profile_1131
Farm / Roadside Stand,Roadside Market,business_profile_158,"Crazy Daisy Farm, LLC",Berthoud,80513,https://crazydaisy.farm,https://coloradoproud.com/business/?bid=business_profile_158
Cottage Food,Food Maker,business_profile_1329,CRE8TiV 303s LLC,Colorado Springs,80909,,https://coloradoproud.com/business/?bid=business_profile_1329
Mobile Food & Beverage Stand / Cart,,business_profile_1329,CRE8TiV 303s LLC,Colorado Springs,80909,,https://coloradoproud.com/business/?bid=business_profile_1329
Retailer,,business_profile_1329,CRE8TiV 303s LLC,Colorado Springs,80909,,https://coloradoproud.com/business/?bid=business_profile_1329
Caterer,Caterer,business_profile_426,Creole Roots Catering and Food Truck,,,https://creolerootscatering.com,https://coloradoproud.com/business/?bid=business_profile_426
Food Truck,,business_profile_426,Creole Roots Catering and Food Truck,,,https://creolerootscatering.com,https://coloradoproud.com/business/?bid=business_profile_426
Food Truck,,business_profile_670,"Crepes de Soisson, LLC",Englewood,80110,https://crepesdenver.co,https://coloradoproud.com/business/?bid=business_profile_670
Farmers Market,Farmers' Market,business_profile_1203,Crested Butte Farmers Market,Crested Butte,81224,https://cbfarmersmarket.org,https://coloradoproud.com/business/?bid=business_profile_1203
Livestock Producer,On-Farm / Ranch Sales,business_profile_1405,Crooked Sky Ranch,CORTEZ,81321,,https://coloradoproud.com/business/?bid=business_profile_1405
Meat & Poultry Market,Meat Producer & Packer,business_profile_1393,Cross Rafter C,Cortez,81321,https://crossraftercranch.com/,https://coloradoproud.com/business/?bid=business_profile_1393
Cottage Food,Food Maker,business_profile_1479,Crowded Table Sourdough Company,Arvada,80003,,https://coloradoproud.com/business/?bid=business_profile_1479
Bakery,Bakery,business_profile_1305,Crusty Batch Sourdough,Castle Rock,80104,https://app.simply-bread.co/crustybatchsourdough/,https://coloradoproud.com/business/?bid=business_profile_1305
Cottage Food,Food Maker,business_profile_1305,Crusty Batch Sourdough,Castle Rock,80104,https://app.simply-bread.co/crustybatchsourdough/,https://coloradoproud.com/business/?bid=business_profile_1305
Retailer,,business_profile_963,Curate Mercantile,Centennial,80122,https://www.curatemercantile.com,https://coloradoproud.com/business/?bid=business_profile_963
Food & Beverage Service,,business_profile_1183,Curation Beverage Company,Boulder,80305,https://www.curationbevco.com/,https://coloradoproud.com/business/?bid=business_profile_1183
Restaurant,Restaurant,business_profile_1017,Curry Culture,Colorado Springs,80921,https://www.curryculturecos.com/,https://coloradoproud.com/business/?bid=business_profile_1017
Farm / Ranch,On-Farm / Ranch Sales,business_profile_254,Curtis Ranch,Rye,81069,,https://coloradoproud.com/business/?bid=business_profile_254
Food Manufacturer,,business_profile_1271,Custom Corned Beef,Wiggins,80654,https://customcornedbeef.com,https://coloradoproud.com/business/?bid=business_profile_1271
Farm / Ranch,On-Farm / Ranch Sales,business_profile_798,D E R M TRUCK FARMS,Weldona,80653,,https://coloradoproud.com/business/?bid=business_profile_798
Food Manufacturer,,business_profile_455,"Da Kind Soups, Inc",Pine,80470,,https://coloradoproud.com/business/?bid=business_profile_455
Cottage Food,Food Maker,business_profile_766,Daddy's Homemade,Evergreen,80439,https://www.daddyshomemadesyrup.com/,https://coloradoproud.com/business/?bid=business_profile_766
Bakery,Bakery,business_profile_486,Daily Grains,Lafayette,80026,https://dailygrains.co,https://coloradoproud.com/business/?bid=business_profile_486
Cottage Food,Food Maker,business_profile_486,Daily Grains,Lafayette,80026,https://dailygrains.co,https://coloradoproud.com/business/?bid=business_profile_486
Food Manufacturer,,business_profile_762,"Dalton's Mom's Salsa, LLC",Woodland Park,80863,https://daltonsmomssalsa.com,https://coloradoproud.com/business/?bid=business_profile_762
Coffee Shop,,business_profile_1117,Dancing Jaguar Coffee,Elizabeth,80107,https://www.dancingjaguarcoffee.com,https://coloradoproud.com/business/?bid=business_profile_1117
Food Truck,,business_profile_1117,Dancing Jaguar Coffee,Elizabeth,80107,https://www.dancingjaguarcoffee.com,https://coloradoproud.com/business/?bid=business_profile_1117
Food & Beverage Service,,business_profile_964,Danny Cash's Branded Sauces,Sheridan,80110,https://dannycash.com/,https://coloradoproud.com/business/?bid=business_profile_964
Food Manufacturer,,business_profile_964,Danny Cash's Branded Sauces,Sheridan,80110,https://dannycash.com/,https://coloradoproud.com/business/?bid=business_profile_964
Manufacturer,,business_profile_964,Danny Cash's Branded Sauces,Sheridan,80110,https://dannycash.com/,https://coloradoproud.com/business/?bid=business_profile_964
Retailer,,business_profile_964,Danny Cash's Branded Sauces,Sheridan,80110,https://dannycash.com/,https://coloradoproud.com/business/?bid=business_profile_964
Specialty Food Store,Grocery Store,business_profile_964,Danny Cash's Branded Sauces,Sheridan,80110,https://dannycash.com/,https://coloradoproud.com/business/?bid=business_profile_964
Value-Added Producer / Processor,Food Maker,business_profile_964,Danny Cash's Branded Sauces,Sheridan,80110,https://dannycash.com/,https://coloradoproud.com/business/?bid=business_profile_964
Wholesale Market,,business_profile_964,Danny Cash's Branded Sauces,Sheridan,80110,https://dannycash.com/,https://coloradoproud.com/business/?bid=business_profile_964
Wholesaler,,business_profile_964,Danny Cash's Branded Sauces,Sheridan,80110,https://dannycash.com/,https://coloradoproud.com/business/?bid=business_profile_964
Farm / Ranch,On-Farm / Ranch Sales,business_profile_188,"DAO, INC",Holyoke,80734,,https://coloradoproud.com/business/?bid=business_profile_188
Farmers Market,Farmers' Market,business_profile_521,Daphnes Delicious Delicacies,Berthoud,80513,,https://coloradoproud.com/business/?bid=business_profile_521
Retailer,,business_profile_447,Darbees Honey Products LLC,Brighton,80601,,https://coloradoproud.com/business/?bid=business_profile_447
Coffee Shop,,business_profile_413,Daredevil Coffee,Colorado Springs,80916,,https://coloradoproud.com/business/?bid=business_profile_413
Livestock Producer,On-Farm / Ranch Sales,business_profile_1339,Davis Family Livestock,Platteville,80651,https://davisfamilylivestock.com,https://coloradoproud.com/business/?bid=business_profile_1339
Cafeteria Food Service Contractor,,business_profile_527,DCSD Nutrition Services,Castle Rock,80109,https://sites.google.com/dcsdk12.org/dcsd-nutrition-services/home,https://coloradoproud.com/business/?bid=business_profile_527
Food Manufacturer,,business_profile_677,Decadence Cheesecakes,Palisade,81526,https://www.decadencecheesecakes.com/,https://coloradoproud.com/business/?bid=business_profile_677
Retailer,,business_profile_677,Decadence Cheesecakes,Palisade,81526,https://www.decadencecheesecakes.com/,https://coloradoproud.com/business/?bid=business_profile_677
Wholesaler,,business_profile_677,Decadence Cheesecakes,Palisade,81526,https://www.decadencecheesecakes.com/,https://coloradoproud.com/business/?bid=business_profile_677
Specialty Food Store,Grocery Store,business_profile_288,Decadence Gourmet,Grand Junction,81503,https://decadencegourmet.com,https://coloradoproud.com/business/?bid=business_profile_288
Distillery,,business_profile_1399,Deep Roots Distilling,Longmont,80501,https://www.deeprootsdistilling.com,https://coloradoproud.com/business/?bid=business_profile_1399
Distillery,,business_profile_1418,Deerhammer,Buena Vista,81211,http://www.deerhammer.com,https://coloradoproud.com/business/?bid=business_profile_1418
Farm / Ranch,On-Farm / Ranch Sales,business_profile_480,Deliteful Greens,Northglenn,80260,http://delitefulgreens.com,https://coloradoproud.com/business/?bid=business_profile_480
Farmers Market,Farmers' Market,business_profile_1045,Delta Farmers Market & Bazaar,Delta,81416,https://www.deltacofarmersmarket.com/,https://coloradoproud.com/business/?bid=business_profile_1045
Distributor,,business_profile_944,Denver Beverage,DENVER,80216,https://denverbeverage.com/,https://coloradoproud.com/business/?bid=business_profile_944
Food & Beverage Service,,business_profile_944,Denver Beverage,DENVER,80216,https://denverbeverage.com/,https://coloradoproud.com/business/?bid=business_profile_944
Food Manufacturer,,business_profile_725,Denver Bone Broth,Denver,80211,https://denverbonebroth.com,https://coloradoproud.com/business/?bid=business_profile_725
Food Manufacturer,,business_profile_454,Denver Chip Co,Denver,80232,https://denverchip.com,https://coloradoproud.com/business/?bid=business_profile_454
Farm / Ranch,On-Farm / Ranch Sales,business_profile_138,Denver Mushroom Co LLC,Denver,80220,,https://coloradoproud.com/business/?bid=business_profile_138
Farm / Ranch,On-Farm / Ranch Sales,business_profile_435,Desert Edge Farm,Grand Junction,81503,,https://coloradoproud.com/business/?bid=business_profile_435
Farm / Ranch,On-Farm / Ranch Sales,business_profile_866,"Desert Weyr, LLC",Paonia,81428,https://www.desertweyr.com,https://coloradoproud.com/business/?bid=business_profile_866
Distillery,,business_profile_544,Devil's Head Distillery,Englewood,80110,http://www.devilsheaddistillery.com,https://coloradoproud.com/business/?bid=business_profile_544
Bakery,Bakery,business_profile_1154,Dianes's Delights,Castle Pines,80108,https://diane-delights-7525.myshopify.com,https://coloradoproud.com/business/?bid=business_profile_1154
Farm / Ranch,On-Farm / Ranch Sales,business_profile_1427,Diede Family Farm,Berthoud,80513,Https://Www.diedefamilyfarm.com,https://coloradoproud.com/business/?bid=business_profile_1427
Livestock Feeder,,business_profile_1427,Diede Family Farm,Berthoud,80513,Https://Www.diedefamilyfarm.com,https://coloradoproud.com/business/?bid=business_profile_1427
Livestock Producer,On-Farm / Ranch Sales,business_profile_1427,Diede Family Farm,Berthoud,80513,Https://Www.diedefamilyfarm.com,https://coloradoproud.com/business/?bid=business_profile_1427
Farm / Ranch,On-Farm / Ranch Sales,business_profile_261,Dietz Livestock Land and Contracting,Peyton,80831,,https://coloradoproud.com/business/?bid=business_profile_261
Food Manufacturer,,business_profile_71,DiNoci Natural Foods,Boulder,80301,https://dinoci.com/,https://coloradoproud.com/business/?bid=business_profile_71
Caterer,Caterer,business_profile_707,Dirt Bag BBQ,Pueblo,81005,,https://coloradoproud.com/business/?bid=business_profile_707
Mobile Food Stand / Cart,,business_profile_707,Dirt Bag BBQ,Pueblo,81005,,https://coloradoproud.com/business/?bid=business_profile_707
Distillery,,business_profile_880,Dirty Dill,Denver,80216,https://dirtydill.com,https://coloradoproud.com/business/?bid=business_profile_880
Bar / Pub / Tavern,,business_profile_74,Dirty Pit Craft House,Littleton,80120,,https://coloradoproud.com/business/?bid=business_profile_74
Food & Beverage Service,,business_profile_74,Dirty Pit Craft House,Littleton,80120,,https://coloradoproud.com/business/?bid=business_profile_74
Wholesaler,,business_profile_1498,Dis Burrito,Denver,80211,https://disburrito.com/,https://coloradoproud.com/business/?bid=business_profile_1498
Farm / Ranch,On-Farm / Ranch Sales,business_profile_1580,DiSanti Farms,Pueblo,81006,,https://coloradoproud.com/business/?bid=business_profile_1580
Farm / Roadside Stand,Roadside Market,business_profile_1580,DiSanti Farms,Pueblo,81006,,https://coloradoproud.com/business/?bid=business_profile_1580
Farm Market,On-Farm / Ranch Sales,business_profile_1580,DiSanti Farms,Pueblo,81006,,https://coloradoproud.com/business/?bid=business_profile_1580
Produce Market,Roadside Market,business_profile_1580,DiSanti Farms,Pueblo,81006,,https://coloradoproud.com/business/?bid=business_profile_1580
Wholesaler,,business_profile_1580,DiSanti Farms,Pueblo,81006,,https://coloradoproud.com/business/?bid=business_profile_1580
Farm / Ranch,On-Farm / Ranch Sales,business_profile_506,DiSanti Farms,Pueblo,81006,,https://coloradoproud.com/business/?bid=business_profile_506
Farm / Roadside Stand,Roadside Market,business_profile_506,DiSanti Farms,Pueblo,81006,,https://coloradoproud.com/business/?bid=business_profile_506
Hay / Forage Producer,,business_profile_506,DiSanti Farms,Pueblo,81006,,https://coloradoproud.com/business/?bid=business_profile_506
Livestock Producer,On-Farm / Ranch Sales,business_profile_506,DiSanti Farms,Pueblo,81006,,https://coloradoproud.com/business/?bid=business_profile_506
Wholesaler,,business_profile_506,DiSanti Farms,Pueblo,81006,,https://coloradoproud.com/business/?bid=business_profile_506
Farmers Market,Farmers' Market,business_profile_1462,Doc's Westside Harvest and Blooms,Karval,,,https://coloradoproud.com/business/?bid=business_profile_1462
Food & Beverage Service,,business_profile_951,Docar Roasted Corn,Provo,84604,,https://coloradoproud.com/business/?bid=business_profile_951
Farmers Market,Farmers' Market,business_profile_658,Dominguez Canyon Fruit Company,Delta,81416,,https://coloradoproud.com/business/?bid=business_profile_658
Orchard,On-Farm / Ranch Sales,business_profile_658,Dominguez Canyon Fruit Company,Delta,81416,,https://coloradoproud.com/business/?bid=business_profile_658
Produce Market,Roadside Market,business_profile_658,Dominguez Canyon Fruit Company,Delta,81416,,https://coloradoproud.com/business/?bid=business_profile_658
Caterer,Caterer,business_profile_1547,domī,Denver,80205,https://www.domiden.com/,https://coloradoproud.com/business/?bid=business_profile_1547
Food Manufacturer,,business_profile_232,Don Juan Chiles,Colorado Springs,80909,https://donjuanchiles.com/,https://coloradoproud.com/business/?bid=business_profile_232
Food Manufacturer,,business_profile_995,Don Zorros Molino LLC,Denver,80220,https://www.donzorrosmolino.com/,https://coloradoproud.com/business/?bid=business_profile_995
Grocery Store,Grocery Store,business_profile_384,Don's Market,Paonia,81428,,https://coloradoproud.com/business/?bid=business_profile_384
Cottage Food,Food Maker,business_profile_330,Dory Dozens Delights LLC,Central City,80427,https://Www.dorydozensdelights.com,https://coloradoproud.com/business/?bid=business_profile_330
Farm / Ranch,On-Farm / Ranch Sales,business_profile_330,Dory Dozens Delights LLC,Central City,80427,https://Www.dorydozensdelights.com,https://coloradoproud.com/business/?bid=business_profile_330
Farm Market,On-Farm / Ranch Sales,business_profile_330,Dory Dozens Delights LLC,Central City,80427,https://Www.dorydozensdelights.com,https://coloradoproud.com/business/?bid=business_profile_330
Food Manufacturer,,business_profile_330,Dory Dozens Delights LLC,Central City,80427,https://Www.dorydozensdelights.com,https://coloradoproud.com/business/?bid=business_profile_330
Produce Market,Roadside Market,business_profile_330,Dory Dozens Delights LLC,Central City,80427,https://Www.dorydozensdelights.com,https://coloradoproud.com/business/?bid=business_profile_330
Restaurant,Restaurant,business_profile_330,Dory Dozens Delights LLC,Central City,80427,https://Www.dorydozensdelights.com,https://coloradoproud.com/business/?bid=business_profile_330
Retailer,,business_profile_330,Dory Dozens Delights LLC,Central City,80427,https://Www.dorydozensdelights.com,https://coloradoproud.com/business/?bid=business_profile_330
Specialty Food Store,Grocery Store,business_profile_330,Dory Dozens Delights LLC,Central City,80427,https://Www.dorydozensdelights.com,https://coloradoproud.com/business/?bid=business_profile_330
Candy,,business_profile_714,Dot's Brittle Kitchen,Colorado Springs,80920,,https://coloradoproud.com/business/?bid=business_profile_714
Nut & Confectionery Store,,business_profile_714,Dot's Brittle Kitchen,Colorado Springs,80920,,https://coloradoproud.com/business/?bid=business_profile_714
Bakery,Bakery,business_profile_1161,Dot's Pizzelle Cookies,Northglenn,80233,,https://coloradoproud.com/business/?bid=business_profile_1161
Food Truck,,business_profile_430,Double D's BBQ Shack,Pueblo West,81007,,https://coloradoproud.com/business/?bid=business_profile_430
Farm / Ranch,On-Farm / Ranch Sales,business_profile_914,Double K Cattle,Colorado Springs,80928,,https://coloradoproud.com/business/?bid=business_profile_914
Livestock Feeder,,business_profile_914,Double K Cattle,Colorado Springs,80928,,https://coloradoproud.com/business/?bid=business_profile_914
Livestock Producer,On-Farm / Ranch Sales,business_profile_914,Double K Cattle,Colorado Springs,80928,,https://coloradoproud.com/business/?bid=business_profile_914
Livestock Producer,On-Farm / Ranch Sales,business_profile_1494,Douglas Creek Enterprises LLC dba Douglas Creek Tallow,Rangely,81648,,https://coloradoproud.com/business/?bid=business_profile_1494
Value-Added Producer / Processor,Food Maker,business_profile_1494,Douglas Creek Enterprises LLC dba Douglas Creek Tallow,Rangely,81648,,https://coloradoproud.com/business/?bid=business_profile_1494
Farmers Market,Farmers' Market,business_profile_217,Dove Creek Care and Share Food Pantry,Dove Creek,81324,https://dccareandshare.org/,https://coloradoproud.com/business/?bid=business_profile_217
Food Bank,Food Bank,business_profile_217,Dove Creek Care and Share Food Pantry,Dove Creek,81324,https://dccareandshare.org/,https://coloradoproud.com/business/?bid=business_profile_217
Non-Profit Organization,,business_profile_217,Dove Creek Care and Share Food Pantry,Dove Creek,81324,https://dccareandshare.org/,https://coloradoproud.com/business/?bid=business_profile_217
Farmers Market,Farmers' Market,business_profile_1238,Downtown Littleton Farmers Market,Littleton,80120,https://www.littletonq.com/,https://coloradoproud.com/business/?bid=business_profile_1238
Food Manufacturer,,business_profile_1127,Dr Waffles,Nederland,80466,https://www.dr-waffles.com/,https://coloradoproud.com/business/?bid=business_profile_1127
Food Manufacturer,,business_profile_263,"Dr. Zach's Flavor Attack, LLC",Aurora,80015,,https://coloradoproud.com/business/?bid=business_profile_263
Winery,Winery,business_profile_1041,Dragon meadery,AURORA,80013,https://www.dragonmeadery.com/,https://coloradoproud.com/business/?bid=business_profile_1041
Value-Added Producer / Processor,Food Maker,business_profile_855,Dragon Mountain Mushrooms,Crestone,81143,,https://coloradoproud.com/business/?bid=business_profile_855
Dairy,On-Farm / Ranch Sales,business_profile_581,Dream Butters,Colorado Springs,80909,,https://coloradoproud.com/business/?bid=business_profile_581
Food Manufacturer,,business_profile_581,Dream Butters,Colorado Springs,80909,,https://coloradoproud.com/business/?bid=business_profile_581
Manufacturer,,business_profile_581,Dream Butters,Colorado Springs,80909,,https://coloradoproud.com/business/?bid=business_profile_581
Wholesaler,,business_profile_581,Dream Butters,Colorado Springs,80909,,https://coloradoproud.com/business/?bid=business_profile_581
Beverage Retailer,,business_profile_1071,Drip Queen Coffee,Colorado Springs,80907,https://www.dripqueencoffee.com,https://coloradoproud.com/business/?bid=business_profile_1071
Coffee Shop,,business_profile_1071,Drip Queen Coffee,Colorado Springs,80907,https://www.dripqueencoffee.com,https://coloradoproud.com/business/?bid=business_profile_1071
Wholesaler,,business_profile_1071,Drip Queen Coffee,Colorado Springs,80907,https://www.dripqueencoffee.com,https://coloradoproud.com/business/?bid=business_profile_1071
Food & Beverage Service,,business_profile_607,Drive Coffee,,,https://www.drivecoffee.com,https://coloradoproud.com/business/?bid=business_profile_607
Food Manufacturer,,business_profile_659,Drive Coffee Inc.,Englewood,80112,https://drivecoffee.com,https://coloradoproud.com/business/?bid=business_profile_659
Apiary,On-Farm / Ranch Sales,business_profile_1530,Drubeez Honey LLC,Pueblo,81005,,https://coloradoproud.com/business/?bid=business_profile_1530
Distillery,,business_profile_1318,Dry Land Distillers,Longmont,80501,https://www.drylanddistillers.com/,https://coloradoproud.com/business/?bid=business_profile_1318
Cottage Food,Food Maker,business_profile_512,Duckberry Farm,Berthoud,80513,https://www.duckberryfarm.com,https://coloradoproud.com/business/?bid=business_profile_512
Manufacturer,,business_profile_1591,Durango Artisan Foods,Pickerinton,43147,https://ohio-south.com,https://coloradoproud.com/business/?bid=business_profile_1591
Retailer,,business_profile_1574,Durango Bites,Durango,81301,https://www.durangobites.com,https://coloradoproud.com/business/?bid=business_profile_1574
Farmers Market,Farmers' Market,business_profile_1279,Durango Farmers Market,Durango,81301,http://www.durangofarmersmarket.com,https://coloradoproud.com/business/?bid=business_profile_1279
Manufacturer,,business_profile_380,Durango Hot Sauce Company,Bayfield,81122,,https://coloradoproud.com/business/?bid=business_profile_380
Bakery,Bakery,business_profile_1090,Dusty Fox Farm,Kiowa,80117,,https://coloradoproud.com/business/?bid=business_profile_1090
Cottage Food,Food Maker,business_profile_1090,Dusty Fox Farm,Kiowa,80117,,https://coloradoproud.com/business/?bid=business_profile_1090
Farm / Ranch,On-Farm / Ranch Sales,business_profile_1090,Dusty Fox Farm,Kiowa,80117,,https://coloradoproud.com/business/?bid=business_profile_1090
Distributor,,business_profile_235,DWB Wild Bird,Peyton,80831,https://dwbwildbird.com,https://coloradoproud.com/business/?bid=business_profile_235
Farmers Market,Farmers' Market,business_profile_235,DWB Wild Bird,Peyton,80831,https://dwbwildbird.com,https://coloradoproud.com/business/?bid=business_profile_235
Retailer,,business_profile_235,DWB Wild Bird,Peyton,80831,https://dwbwildbird.com,https://coloradoproud.com/business/?bid=business_profile_235
Wholesaler,,business_profile_235,DWB Wild Bird,Peyton,80831,https://dwbwildbird.com,https://coloradoproud.com/business/?bid=business_profile_235
Brewery,,business_profile_877,"Eagle River Brewing, LLC",Gypsum,81637,https://eagleriverbrewing.com,https://coloradoproud.com/business/?bid=business_profile_877
Meat & Poultry Market,Meat Producer & Packer,business_profile_1286,Eagle Rock Organic Eggs LLC,Del Norte,81132,,https://coloradoproud.com/business/?bid=business_profile_1286
Meat & Poultry Market,Meat Producer & Packer,business_profile_1287,Eagle Rock Organic Eggs LLC,Del Norte,81132,,https://coloradoproud.com/business/?bid=business_profile_1287
Farm / Ranch,On-Farm / Ranch Sales,business_profile_1128,Eagle Rock Ranch,Fairplay,80440,https://www.eaglerockbeef.com/,https://coloradoproud.com/business/?bid=business_profile_1128
Meat & Poultry Market,Meat Producer & Packer,business_profile_1128,Eagle Rock Ranch,Fairplay,80440,https://www.eaglerockbeef.com/,https://coloradoproud.com/business/?bid=business_profile_1128
Specialty Food Store,Grocery Store,business_profile_1128,Eagle Rock Ranch,Fairplay,80440,https://www.eaglerockbeef.com/,https://coloradoproud.com/business/?bid=business_profile_1128
Farm / Ranch,On-Farm / Ranch Sales,business_profile_807,EAGLE SPRINGS ORGANIC,Rifle,81650,https://eaglespringsmeats.com/,https://coloradoproud.com/business/?bid=business_profile_807
Restaurant,Restaurant,business_profile_1201,Early Bird Restaurant,Denver,80221,https://earlybirdrestaurant.com/#menu,https://coloradoproud.com/business/?bid=business_profile_1201
Farm / Ranch,On-Farm / Ranch Sales,business_profile_591,Early Morning Orchard,Palisade,81526,https://earlymorningorchard.com/,https://coloradoproud.com/business/?bid=business_profile_591
Farm / Ranch,On-Farm / Ranch Sales,business_profile_1495,Early Morning Produce,Palisade,81526,https://www.earlymorningproduce.com,https://coloradoproud.com/business/?bid=business_profile_1495
Ag Input Supplier,,business_profile_1531,"ECOburn, LLC",Mack,81525,https://ecoburnllc.com,https://coloradoproud.com/business/?bid=business_profile_1531
Manufacturer,,business_profile_1531,"ECOburn, LLC",Mack,81525,https://ecoburnllc.com,https://coloradoproud.com/business/?bid=business_profile_1531
Value-Added Producer / Processor,Food Maker,business_profile_1531,"ECOburn, LLC",Mack,81525,https://ecoburnllc.com,https://coloradoproud.com/business/?bid=business_profile_1531
Wholesaler,,business_profile_1058,Ecomarketplace LLC,Commerce City,80010,https://www.ecomarketplace.us/,https://coloradoproud.com/business/?bid=business_profile_1058
Food Manufacturer,,business_profile_418,Edfoodyo LLC,Paonia,81428,https://www.facebook.com/nidopaonia,https://coloradoproud.com/business/?bid=business_profile_418
Grocery Store,Grocery Store,business_profile_418,Edfoodyo LLC,Paonia,81428,https://www.facebook.com/nidopaonia,https://coloradoproud.com/business/?bid=business_profile_418
Restaurant,Restaurant,business_profile_418,Edfoodyo LLC,Paonia,81428,https://www.facebook.com/nidopaonia,https://coloradoproud.com/business/?bid=business_profile_418
Wholesaler,,business_profile_1511,Edmonds Foods,Aurora,80013,https://bigpoppysbarbecuesauce.com,https://coloradoproud.com/business/?bid=business_profile_1511
Government Institution / Entity,,business_profile_239,El Paso County Conservation District,Colorado Springs,80916,https://epccd.org,https://coloradoproud.com/business/?bid=business_profile_239
Mobile Food Stand / Cart,,business_profile_415,El Squatcho Salsa,Colorado Springs,80908,,https://coloradoproud.com/business/?bid=business_profile_415
Farm / Ranch,On-Farm / Ranch Sales,business_profile_848,Ela Family Farms,Hotchkiss,81419,https://elafamilyfarms.com/,https://coloradoproud.com/business/?bid=business_profile_848
Farmers Market,Farmers' Market,business_profile_646,Elbert County Marketplace,Elizabeth,80107,,https://coloradoproud.com/business/?bid=business_profile_646
Farm / Ranch,On-Farm / Ranch Sales,business_profile_931,Electric Microgreens LLC,OAK CREEK,80467,http://www.electricmicrogreens.com,https://coloradoproud.com/business/?bid=business_profile_931
Ag Input Supplier,,business_profile_784,Elements Mountain Compost,Salida,81201,http://elementscompost.com,https://coloradoproud.com/business/?bid=business_profile_784
Farm / Ranch,On-Farm / Ranch Sales,business_profile_784,Elements Mountain Compost,Salida,81201,http://elementscompost.com,https://coloradoproud.com/business/?bid=business_profile_784
Manufacturer,,business_profile_784,Elements Mountain Compost,Salida,81201,http://elementscompost.com,https://coloradoproud.com/business/?bid=business_profile_784
Value-Added Producer / Processor,Food Maker,business_profile_784,Elements Mountain Compost,Salida,81201,http://elementscompost.com,https://coloradoproud.com/business/?bid=business_profile_784
Food & Beverage Service,,business_profile_469,ELENA'S,Lafayette,80026,,https://coloradoproud.com/business/?bid=business_profile_469
Food & Beverage Service,,business_profile_800,Elevated Gains,Denver,80205,https://elevatedgains.com,https://coloradoproud.com/business/?bid=business_profile_800
Farm / Ranch,On-Farm / Ranch Sales,business_profile_684,Elevated Microgreens LLC,Indian Hills,80454,https://elevatedmicrogreens.app,https://coloradoproud.com/business/?bid=business_profile_684
Manufacturer,,business_profile_672,Elevated Softgels,Grand Junction,81505,https://www.elevatedsoftgels.com,https://coloradoproud.com/business/?bid=business_profile_672
Food Manufacturer,,business_profile_1383,Elevation Gourmet INC,Lakewood,80214,https://elevationgourmet.com,https://coloradoproud.com/business/?bid=business_profile_1383
Meat Packer / Processor,Meat Producer & Packer,business_profile_446,Elevation Meat Market,Westcliffe,81252,https://www.elevationmeatmarket.com,https://coloradoproud.com/business/?bid=business_profile_446
Food Manufacturer,,business_profile_207,"Elevation Mountain Grown Herbal Tea, LLC",Hotchkiss,81419,https://www.elevationherbaltea.com/,https://coloradoproud.com/business/?bid=business_profile_207
Retailer,,business_profile_674,Elixir Body Co.,Loveland,80537,https://www.elixirbodyco.com/,https://coloradoproud.com/business/?bid=business_profile_674
Wholesaler,,business_profile_674,Elixir Body Co.,Loveland,80537,https://www.elixirbodyco.com/,https://coloradoproud.com/business/?bid=business_profile_674
Cottage Food,Food Maker,business_profile_117,ELXR Ltd.,Denver,80220,,https://coloradoproud.com/business/?bid=business_profile_117
Farm / Ranch,On-Farm / Ranch Sales,business_profile_317,Emerge Aquaponics,Colorado Springs,80908,https://emergeaquaponics.com,https://coloradoproud.com/business/?bid=business_profile_317
Non-Profit Organization,,business_profile_317,Emerge Aquaponics,Colorado Springs,80908,https://emergeaquaponics.com,https://coloradoproud.com/business/?bid=business_profile_317
Manufacturer,,business_profile_1343,"Emily’s Homestead, LLC",Bailey,80421,https://emilyshomestead.com,https://coloradoproud.com/business/?bid=business_profile_1343
Retailer,,business_profile_1343,"Emily’s Homestead, LLC",Bailey,80421,https://emilyshomestead.com,https://coloradoproud.com/business/?bid=business_profile_1343
Wholesaler,,business_profile_1343,"Emily’s Homestead, LLC",Bailey,80421,https://emilyshomestead.com,https://coloradoproud.com/business/?bid=business_profile_1343
Farm / Ranch,On-Farm / Ranch Sales,business_profile_1281,Empirical Genetics LLC,Campo,81029,,https://coloradoproud.com/business/?bid=business_profile_1281
Food Manufacturer,,business_profile_1268,Enduro Bites,Colorado Springs,80905,https://endurobites.com/,https://coloradoproud.com/business/?bid=business_profile_1268
Grocery Store,Grocery Store,business_profile_1468,Enjoy Halal,Aurora,80014,https://halolfoods.com/,https://coloradoproud.com/business/?bid=business_profile_1468
Manufacturer,,business_profile_1468,Enjoy Halal,Aurora,80014,https://halolfoods.com/,https://coloradoproud.com/business/?bid=business_profile_1468
Meat & Poultry Market,Meat Producer & Packer,business_profile_1468,Enjoy Halal,Aurora,80014,https://halolfoods.com/,https://coloradoproud.com/business/?bid=business_profile_1468
Specialty Food Store,Grocery Store,business_profile_1468,Enjoy Halal,Aurora,80014,https://halolfoods.com/,https://coloradoproud.com/business/?bid=business_profile_1468
Wholesale Market,,business_profile_1468,Enjoy Halal,Aurora,80014,https://halolfoods.com/,https://coloradoproud.com/business/?bid=business_profile_1468
Wholesaler,,business_profile_1468,Enjoy Halal,Aurora,80014,https://halolfoods.com/,https://coloradoproud.com/business/?bid=business_profile_1468
Farm / Roadside Stand,Roadside Market,business_profile_1214,Ent Wise Farm,Fort Collins,80525,https://entwisefarm.com,https://coloradoproud.com/business/?bid=business_profile_1214
Caterer,Caterer,business_profile_1145,Epicurean Catering,Centennial,80112,,https://coloradoproud.com/business/?bid=business_profile_1145
Merchant / Merchandiser,,business_profile_406,Erik the Blade Sharpener,Peyton,80831,http://eriktheblade.com,https://coloradoproud.com/business/?bid=business_profile_406
Manufacturer,,business_profile_849,Erleia,Denver,80216,https://erleia.com/,https://coloradoproud.com/business/?bid=business_profile_849
Grocery Store,Grocery Store,business_profile_1376,Esh's Grocery Market,Windsor,80550,https://www.eshsgrocery.com/,https://coloradoproud.com/business/?bid=business_profile_1376
Food Truck,,business_profile_80,Eskimo bros,Denver,80207,https://www.eskimobrosicecream.com/,https://coloradoproud.com/business/?bid=business_profile_80
Frozen Custard / Ice Cream Parlor,,business_profile_80,Eskimo bros,Denver,80207,https://www.eskimobrosicecream.com/,https://coloradoproud.com/business/?bid=business_profile_80
Candy,,business_profile_1274,Essence of Yum,Centennial,80112,,https://coloradoproud.com/business/?bid=business_profile_1274
Nut & Confectionery Store,,business_profile_1274,Essence of Yum,Centennial,80112,,https://coloradoproud.com/business/?bid=business_profile_1274
Wholesaler,,business_profile_1565,Estate Brands,,,,https://coloradoproud.com/business/?bid=business_profile_1565
Food Manufacturer,,business_profile_206,Etalia Foods,Boulder,80303,https://www.etaliafoods.com,https://coloradoproud.com/business/?bid=business_profile_206
Farm / Ranch,On-Farm / Ranch Sales,business_profile_615,Eternal Greens,Longmont,80501,,https://coloradoproud.com/business/?bid=business_profile_615
Bakery,Bakery,business_profile_1436,Ever Risen Bakery,Evergreen,80439,https://everrisenbakery.com,https://coloradoproud.com/business/?bid=business_profile_1436
Winery,Winery,business_profile_1091,Evergood Adventure Wines,Palmer Lake,80133,https://www.evergood.wine,https://coloradoproud.com/business/?bid=business_profile_1091
Beer Retailer,,business_profile_1273,Evergreen Liquors,Evergreen,80439,https://Evergreenliquors.com,https://coloradoproud.com/business/?bid=business_profile_1273
Beer,,business_profile_1273,Evergreen Liquors,Evergreen,80439,https://Evergreenliquors.com,https://coloradoproud.com/business/?bid=business_profile_1273
Wine & Liquor Store,,business_profile_1273,Evergreen Liquors,Evergreen,80439,https://Evergreenliquors.com,https://coloradoproud.com/business/?bid=business_profile_1273
Wine Retailer,,business_profile_1273,Evergreen Liquors,Evergreen,80439,https://Evergreenliquors.com,https://coloradoproud.com/business/?bid=business_profile_1273
Cottage Food,Food Maker,business_profile_1624,Evergreen Sweets,Evergreen,80439,https://www.evergreen-sweets.com,https://coloradoproud.com/business/?bid=business_profile_1624
Farm / Ranch,On-Farm / Ranch Sales,business_profile_1514,Fagerberg Produce,Eaton,80615,https://www.fagerbergproduce.com,https://coloradoproud.com/business/?bid=business_profile_1514
Wholesaler,,business_profile_1514,Fagerberg Produce,Eaton,80615,https://www.fagerbergproduce.com,https://coloradoproud.com/business/?bid=business_profile_1514
Food Manufacturer,,business_profile_952,"Falafel King Enterprises, Inc.",Boulder,80301,https://falafelkingfoods.com/,https://coloradoproud.com/business/?bid=business_profile_952
Farm / Ranch,On-Farm / Ranch Sales,business_profile_383,Falcon Microgreens Ltd.,Peyton,80831,,https://coloradoproud.com/business/?bid=business_profile_383
Food Manufacturer,,business_profile_1095,Falling Rock Cofffee,,,https://fallingrockcoffee.com,https://coloradoproud.com/business/?bid=business_profile_1095
Grocery Store,Grocery Store,business_profile_712,Family Food Town,Palisade,81526,https://familyfoodtown.com,https://coloradoproud.com/business/?bid=business_profile_712
Farm / Ranch,On-Farm / Ranch Sales,business_profile_538,Family Panda microgreens LLC,Parker,80134,,https://coloradoproud.com/business/?bid=business_profile_538
Farm Market,On-Farm / Ranch Sales,business_profile_644,Farm and Market,Denver,80205,https://thefarmandmarket.com,https://coloradoproud.com/business/?bid=business_profile_644
Restaurant,Restaurant,business_profile_644,Farm and Market,Denver,80205,https://thefarmandmarket.com,https://coloradoproud.com/business/?bid=business_profile_644
Farm / Ranch,On-Farm / Ranch Sales,business_profile_1086,Farm Fresh Direct of America,Monte Vista,81144,https://farmfreshdirect.com,https://coloradoproud.com/business/?bid=business_profile_1086
Packing House,,business_profile_1086,Farm Fresh Direct of America,Monte Vista,81144,https://farmfreshdirect.com,https://coloradoproud.com/business/?bid=business_profile_1086
Coffee Shop,,business_profile_91,"Farm House Market, LLC",Yuma,80759,https://www.farmhouse.market/,https://coloradoproud.com/business/?bid=business_profile_91
Distributor,,business_profile_1242,Farm Runners,Hotchkiss,81419,https://farmrunners.com/,https://coloradoproud.com/business/?bid=business_profile_1242
Value-Added Producer / Processor,Food Maker,business_profile_308,Farm To Summit,Durango,81301,https://farmtosummit.com,https://coloradoproud.com/business/?bid=business_profile_308
Ag Input Supplier,,business_profile_965,FarmBox Foods,Greenwood Village,80111,https://farmboxfoods.com,https://coloradoproud.com/business/?bid=business_profile_965
Livestock Feeder,,business_profile_965,FarmBox Foods,Greenwood Village,80111,https://farmboxfoods.com,https://coloradoproud.com/business/?bid=business_profile_965
Manufacturer,,business_profile_965,FarmBox Foods,Greenwood Village,80111,https://farmboxfoods.com,https://coloradoproud.com/business/?bid=business_profile_965
Cottage Food,Food Maker,business_profile_553,FARMER GAVIN,Bethune,80805,,https://coloradoproud.com/business/?bid=business_profile_553
Meat & Poultry Market,Meat Producer & Packer,business_profile_553,FARMER GAVIN,Bethune,80805,,https://coloradoproud.com/business/?bid=business_profile_553
Beer,,business_profile_535,"Farmgirl: Food, Wine & Spirits",Castle Rock,80109,,https://coloradoproud.com/business/?bid=business_profile_535
Wine & Liquor Store,,business_profile_535,"Farmgirl: Food, Wine & Spirits",Castle Rock,80109,,https://coloradoproud.com/business/?bid=business_profile_535
Food & Beverage Service,,business_profile_853,Fat Alley Hot Sauce,Beaver Creek,81620,https://www.fatalleyhotsauce.com,https://coloradoproud.com/business/?bid=business_profile_853
Farm / Roadside Stand,Roadside Market,business_profile_1570,"FDR Farms, LLLP",Johnstown,80534,,https://coloradoproud.com/business/?bid=business_profile_1570
Distillery,,business_profile_204,Feisty Spirits LLC,Fort Collins,80524,https://feistyspirits.com,https://coloradoproud.com/business/?bid=business_profile_204
Health Supplement Store,,business_profile_1378,Field & Frequency Apothecary,Pueblo,81003,https://www.field-frequency-apothecary.com/,https://coloradoproud.com/business/?bid=business_profile_1378
Apiary,On-Farm / Ranch Sales,business_profile_524,Fields of Natural Honey,Colorado Springs,80910,https://fieldsofnaturalhoney.com,https://coloradoproud.com/business/?bid=business_profile_524
Cottage Food,Food Maker,business_profile_524,Fields of Natural Honey,Colorado Springs,80910,https://fieldsofnaturalhoney.com,https://coloradoproud.com/business/?bid=business_profile_524
Bakery,Bakery,business_profile_1637,Fig & Olive Bakery,Aurora,80014,https://www.figandolivebakeshop.com,https://coloradoproud.com/business/?bid=business_profile_1637
Food Truck,,business_profile_735,Filipino food truck llc,Colorado Springs,80915,https://www.facebook.com/profile.php?id=100064094437354,https://coloradoproud.com/business/?bid=business_profile_735
Apiary,On-Farm / Ranch Sales,business_profile_926,Filla Honey Company,Akron,80720,,https://coloradoproud.com/business/?bid=business_profile_926
Bakery,Bakery,business_profile_172,Filomena's Fresh Forno,,,,https://coloradoproud.com/business/?bid=business_profile_172
Food Manufacturer,,business_profile_1635,"FindyOak, Inc.",Pueblo,81003,https://findyoak.com,https://coloradoproud.com/business/?bid=business_profile_1635
Meat & Poultry Market,Meat Producer & Packer,business_profile_1207,Fire Chief Beef,Ignacio,81137,https://firechiefbeef.com/,https://coloradoproud.com/business/?bid=business_profile_1207
Farm Market,On-Farm / Ranch Sales,business_profile_1169,Firestone Ranch,FORT LUPTON,80621,,https://coloradoproud.com/business/?bid=business_profile_1169
Specialty Food Store,Grocery Store,business_profile_1491,"Firestone Ranch, Inc.",FORT LUPTON,80621,,https://coloradoproud.com/business/?bid=business_profile_1491
Wholesaler,,business_profile_56,FishSki Provisions,Boulder,80308,https://fishskiprovisions.com/,https://coloradoproud.com/business/?bid=business_profile_56
Farmers Market,Farmers' Market,business_profile_104,Fitch Ranch,Parshall,80468,,https://coloradoproud.com/business/?bid=business_profile_104
Livestock Producer,On-Farm / Ranch Sales,business_profile_104,Fitch Ranch,Parshall,80468,,https://coloradoproud.com/business/?bid=business_profile_104
Meat & Poultry Market,Meat Producer & Packer,business_profile_104,Fitch Ranch,Parshall,80468,,https://coloradoproud.com/business/?bid=business_profile_104
Food Manufacturer,,business_profile_1538,Fitch Ranch Artisan Meat Co,Craig,81625,https://fitchranchartisanmeats.com,https://coloradoproud.com/business/?bid=business_profile_1538
Distributor,,business_profile_1645,Fitzys Famous Sauce LLC,Castle Rock,80108,https://fitzysfamoussauce.my.canva.site/,https://coloradoproud.com/business/?bid=business_profile_1645
Farm / Roadside Stand,Roadside Market,business_profile_1645,Fitzys Famous Sauce LLC,Castle Rock,80108,https://fitzysfamoussauce.my.canva.site/,https://coloradoproud.com/business/?bid=business_profile_1645
Health Supplement Store,,business_profile_1645,Fitzys Famous Sauce LLC,Castle Rock,80108,https://fitzysfamoussauce.my.canva.site/,https://coloradoproud.com/business/?bid=business_profile_1645
Mobile Food Stand / Cart,,business_profile_1645,Fitzys Famous Sauce LLC,Castle Rock,80108,https://fitzysfamoussauce.my.canva.site/,https://coloradoproud.com/business/?bid=business_profile_1645
Retailer,,business_profile_1645,Fitzys Famous Sauce LLC,Castle Rock,80108,https://fitzysfamoussauce.my.canva.site/,https://coloradoproud.com/business/?bid=business_profile_1645
Specialty Food Store,Grocery Store,business_profile_1645,Fitzys Famous Sauce LLC,Castle Rock,80108,https://fitzysfamoussauce.my.canva.site/,https://coloradoproud.com/business/?bid=business_profile_1645
Wholesaler,,business_profile_1645,Fitzys Famous Sauce LLC,Castle Rock,80108,https://fitzysfamoussauce.my.canva.site/,https://coloradoproud.com/business/?bid=business_profile_1645
Food Manufacturer,,business_profile_194,Flouwer Co.,Denver,,https://www.flouwerco.com,https://coloradoproud.com/business/?bid=business_profile_194
Farm / Ranch,On-Farm / Ranch Sales,business_profile_970,Flying B Bar Ranch,Strasburg,80136,https://www.flyingbbar.com,https://coloradoproud.com/business/?bid=business_profile_970
Farm Market,On-Farm / Ranch Sales,business_profile_970,Flying B Bar Ranch,Strasburg,80136,https://www.flyingbbar.com,https://coloradoproud.com/business/?bid=business_profile_970
Farmers Market,Farmers' Market,business_profile_970,Flying B Bar Ranch,Strasburg,80136,https://www.flyingbbar.com,https://coloradoproud.com/business/?bid=business_profile_970
Retailer,,business_profile_970,Flying B Bar Ranch,Strasburg,80136,https://www.flyingbbar.com,https://coloradoproud.com/business/?bid=business_profile_970
Farm / Ranch,On-Farm / Ranch Sales,business_profile_150,Flying Pig Farm,,,,https://coloradoproud.com/business/?bid=business_profile_150
Food Manufacturer,,business_profile_1632,Foliata LLC,Denver,80202,https://foliatacheese.com,https://coloradoproud.com/business/?bid=business_profile_1632
Non-Profit Organization,,business_profile_1569,Foodshed Alliance,Salida,81201,https://www.foodshedalliance.com/,https://coloradoproud.com/business/?bid=business_profile_1569
Food Truck,,business_profile_782,For the Love of Frybread LLC,Fountain,80817,https://www.fortheloveoffrybread.com,https://coloradoproud.com/business/?bid=business_profile_782
Bakery,Bakery,business_profile_647,Forest Trail Farm LLC,Elizabeth,80107,https://foresttrailfarm.com/,https://coloradoproud.com/business/?bid=business_profile_647
Cottage Food,Food Maker,business_profile_647,Forest Trail Farm LLC,Elizabeth,80107,https://foresttrailfarm.com/,https://coloradoproud.com/business/?bid=business_profile_647
Farm / Ranch,On-Farm / Ranch Sales,business_profile_647,Forest Trail Farm LLC,Elizabeth,80107,https://foresttrailfarm.com/,https://coloradoproud.com/business/?bid=business_profile_647
Livestock Producer,On-Farm / Ranch Sales,business_profile_1225,Forestdale Ranch Galloways,Wetmore,81253,https://www.forestdaleranch.com,https://coloradoproud.com/business/?bid=business_profile_1225
Farm / Roadside Stand,Roadside Market,business_profile_770,Fort Lewis College-Old Fort at Hesperus,Hesperus,81326,https://www.fortlewis.edu/oldfort,https://coloradoproud.com/business/?bid=business_profile_770
Winery,Winery,business_profile_135,Four Leaves Winery,Durango,81301,https://fourleaveswinery.com/,https://coloradoproud.com/business/?bid=business_profile_135
Farm / Ranch,On-Farm / Ranch Sales,business_profile_1179,Fox Fungi,Denver,80223,https://foxfungi.com,https://coloradoproud.com/business/?bid=business_profile_1179
Farm Market,On-Farm / Ranch Sales,business_profile_327,Fox Meadow Farm,Colorado Springs,80921,,https://coloradoproud.com/business/?bid=business_profile_327
Grocery Store,Grocery Store,business_profile_1333,Frank's BBQ Trading Post,Loveland,80538,https://www.franksbbqtradingpost.com,https://coloradoproud.com/business/?bid=business_profile_1333
Beverage Retailer,,business_profile_668,Frankie's Spicy Water,Eagle,81631,https://www.frankieswater.com,https://coloradoproud.com/business/?bid=business_profile_668
Apiary,On-Farm / Ranch Sales,business_profile_1277,"Free Range Beehives, LLC",Denver,80206,https://freerangebeehives.com,https://coloradoproud.com/business/?bid=business_profile_1277
Farm / Ranch,On-Farm / Ranch Sales,business_profile_846,Freedom Acres Ranch,Denver,80216,https://www.freedomacresranch.com,https://coloradoproud.com/business/?bid=business_profile_846
Meat & Poultry Market,Meat Producer & Packer,business_profile_846,Freedom Acres Ranch,Denver,80216,https://www.freedomacresranch.com,https://coloradoproud.com/business/?bid=business_profile_846
School / Educational Institution,,business_profile_1010,Frenchman RE3 School District,Fleming,80728,,https://coloradoproud.com/business/?bid=business_profile_1010
Value-Added Producer / Processor,Food Maker,business_profile_352,Frescos Naturales,Boulder,80305,https://www.drinkfrescos.com,https://coloradoproud.com/business/?bid=business_profile_352
Food & Beverage Service,,business_profile_509,Frescos Naturales,Boulder,80305,http://frescosnaturales.com,https://coloradoproud.com/business/?bid=business_profile_509
Non-Profit Organization,,business_profile_514,"Fresh Foundation, DBA Fresh Food Hub",Norwood,81423,https://freshfoodhub.net,https://coloradoproud.com/business/?bid=business_profile_514
Distributor,,business_profile_1032,FreshPoint Denver,Denver,80216,https://www.freshpoint.com/denver/,https://coloradoproud.com/business/?bid=business_profile_1032
Farm / Roadside Stand,Roadside Market,business_profile_1174,Friends Farm,Lafayette,80026,https://www.friendsfarm.org,https://coloradoproud.com/business/?bid=business_profile_1174
School / Educational Institution,,business_profile_1174,Friends Farm,Lafayette,80026,https://www.friendsfarm.org,https://coloradoproud.com/business/?bid=business_profile_1174
Wholesaler,,business_profile_1174,Friends Farm,Lafayette,80026,https://www.friendsfarm.org,https://coloradoproud.com/business/?bid=business_profile_1174
Caterer,Caterer,business_profile_1230,From Scratch Farm,Johnstown,80534,https://scratch-farm.com/,https://coloradoproud.com/business/?bid=business_profile_1230
Food Service Contractor,,business_profile_1230,From Scratch Farm,Johnstown,80534,https://scratch-farm.com/,https://coloradoproud.com/business/?bid=business_profile_1230
Value-Added Producer / Processor,Food Maker,business_profile_1230,From Scratch Farm,Johnstown,80534,https://scratch-farm.com/,https://coloradoproud.com/business/?bid=business_profile_1230
Farm / Ranch,On-Farm / Ranch Sales,business_profile_1312,Front Range Mushrooms,,,https://www.frontrangemushrooms.com,https://coloradoproud.com/business/?bid=business_profile_1312
Restaurant,Restaurant,business_profile_613,Frontier Diner,Cheraw,81030,,https://coloradoproud.com/business/?bid=business_profile_613
Meat Packer / Processor,Meat Producer & Packer,business_profile_702,Frontiere Natural Meats,Denver,80216,https://frontierenaturalmeats.com/,https://coloradoproud.com/business/?bid=business_profile_702
Food Truck,,business_profile_1109,Frozen Fire,Penrose,81240,,https://coloradoproud.com/business/?bid=business_profile_1109
Manufacturer,,business_profile_392,Fruit Gravy,Boone,81025,https://fruitgravycompany.com,https://coloradoproud.com/business/?bid=business_profile_392
Food Manufacturer,,business_profile_1165,Fruit Shak Produce and Meat,Aurora,80013,https://fruitshakproduceandmeat.com/,https://coloradoproud.com/business/?bid=business_profile_1165
School / Educational Institution,,business_profile_1034,Full Battle Rattle Deli,Denver,80220,,https://coloradoproud.com/business/?bid=business_profile_1034
Wholesaler,,business_profile_673,Full Circle Farms,Longmont,80503,https://fullcircleorganicfarms.com/,https://coloradoproud.com/business/?bid=business_profile_673
Transportation & Logistics,,business_profile_932,Full Good Fulfillment & Logistics Agency,Denver,80216,https://fullgoodfulfillment.com/,https://coloradoproud.com/business/?bid=business_profile_932
Food Manufacturer,,business_profile_1475,Full Stop. Bakery,Boulder,80303,https://fullstopbakery.com/,https://coloradoproud.com/business/?bid=business_profile_1475
Farm / Ranch,On-Farm / Ranch Sales,business_profile_558,Funny Lil Farm,Parker,80134,,https://coloradoproud.com/business/?bid=business_profile_558
Retailer,,business_profile_1534,Fur Baby LLC,Boulder,80301,,https://coloradoproud.com/business/?bid=business_profile_1534
Bakery,Bakery,business_profile_829,Furry Feet Bakery,Colorado Springs,80925,https://furryfeetbakery.com,https://coloradoproud.com/business/?bid=business_profile_829
Food Manufacturer,,business_profile_829,Furry Feet Bakery,Colorado Springs,80925,https://furryfeetbakery.com,https://coloradoproud.com/business/?bid=business_profile_829
Specialty Food Store,Grocery Store,business_profile_829,Furry Feet Bakery,Colorado Springs,80925,https://furryfeetbakery.com,https://coloradoproud.com/business/?bid=business_profile_829
Specialty Food Store,Grocery Store,business_profile_67,Future Fit Foods LLC.,Longmont,80501,https://www.futurefitfoods.com,https://coloradoproud.com/business/?bid=business_profile_67
Farm / Ranch,On-Farm / Ranch Sales,business_profile_1615,G Force Livestock,Delta,81416,,https://coloradoproud.com/business/?bid=business_profile_1615
Meat & Poultry Market,Meat Producer & Packer,business_profile_1321,"G&L Farms, LLC",Sterling,80751,https://app.barn2door.com/5PbR7/all,https://coloradoproud.com/business/?bid=business_profile_1321
Wholesale Market,,business_profile_768,"G3 Farms, LLC",Pueblo West,81007,https://g3farms.com,https://coloradoproud.com/business/?bid=business_profile_768
Bakery,Bakery,business_profile_1409,Gammy's Baklava,,,,https://coloradoproud.com/business/?bid=business_profile_1409
Cottage Food,Food Maker,business_profile_1409,Gammy's Baklava,,,,https://coloradoproud.com/business/?bid=business_profile_1409
Retailer,,business_profile_651,Garden of Oz,,,https://www.gardenofozco.com,https://coloradoproud.com/business/?bid=business_profile_651
Ag Input Supplier,,business_profile_1490,Gardens of Fire,,,https://www.gardensoffire.com,https://coloradoproud.com/business/?bid=business_profile_1490
Farm / Ranch,On-Farm / Ranch Sales,business_profile_1490,Gardens of Fire,,,https://www.gardensoffire.com,https://coloradoproud.com/business/?bid=business_profile_1490
Food Truck,,business_profile_739,Gary's Backyard Smokehouse & BBQ,Holly,81047,,https://coloradoproud.com/business/?bid=business_profile_739
Farm / Ranch,On-Farm / Ranch Sales,business_profile_1256,Gentle Earth Farm,Arvada,80005,,https://coloradoproud.com/business/?bid=business_profile_1256
Food Manufacturer,,business_profile_1260,Gentle Grain Goods LLC,Colorado Springs,80922,https://www.gentlegraingoods.com,https://coloradoproud.com/business/?bid=business_profile_1260
Bar / Pub / Tavern,,business_profile_663,Georgia Boys BBQ,Longmont,80501,,https://coloradoproud.com/business/?bid=business_profile_663
Caterer,Caterer,business_profile_663,Georgia Boys BBQ,Longmont,80501,,https://coloradoproud.com/business/?bid=business_profile_663
Food Truck,,business_profile_663,Georgia Boys BBQ,Longmont,80501,,https://coloradoproud.com/business/?bid=business_profile_663
Merchant / Merchandiser,,business_profile_663,Georgia Boys BBQ,Longmont,80501,,https://coloradoproud.com/business/?bid=business_profile_663
Restaurant,Restaurant,business_profile_663,Georgia Boys BBQ,Longmont,80501,,https://coloradoproud.com/business/?bid=business_profile_663
Specialty Food Store,Grocery Store,business_profile_663,Georgia Boys BBQ,Longmont,80501,,https://coloradoproud.com/business/?bid=business_profile_663
Food Manufacturer,,business_profile_1372,Get Zingy,Cascade,80809,http://www.getzingy.com,https://coloradoproud.com/business/?bid=business_profile_1372
Bagel / Sandwich Shop,,business_profile_1621,Gib's Bagels,Fort Collins,80524,https://gibsbagels.com/,https://coloradoproud.com/business/?bid=business_profile_1621
Cottage Food,Food Maker,business_profile_1258,Gigi's Sourdough,Aurora,80010,,https://coloradoproud.com/business/?bid=business_profile_1258
Value-Added Producer / Processor,Food Maker,business_profile_344,Global Fiber Processing,Monte Vista,81144,https://www.globalfiberprocessing.com/,https://coloradoproud.com/business/?bid=business_profile_344
Distillery,,business_profile_891,Gnebriated Gnome Distilling,Fort Collins,80524,http://gnebriatedgnome.com,https://coloradoproud.com/business/?bid=business_profile_891
Brewery,,business_profile_1056,Goat Patch Brewing Company,Colorado Springs,80907,https://www.goatpatchbrewing.com,https://coloradoproud.com/business/?bid=business_profile_1056
Meat & Poultry Market,Meat Producer & Packer,business_profile_1596,Gold Star Hotlink Company LLC,Aurora,80014,,https://coloradoproud.com/business/?bid=business_profile_1596
Value-Added Producer / Processor,Food Maker,business_profile_517,Golden Acres,Fort Collins,80524,,https://coloradoproud.com/business/?bid=business_profile_517
Food Manufacturer,,business_profile_918,"Golden Ghee, LLC",Golden,80403,https://www.goldenghee.biz/,https://coloradoproud.com/business/?bid=business_profile_918
Farm / Ranch,On-Farm / Ranch Sales,business_profile_1648,Golden Hollow Farms,Berthoud,80513,https://goldenhollowfarms.com,https://coloradoproud.com/business/?bid=business_profile_1648
Farm Market,On-Farm / Ranch Sales,business_profile_738,"Golden Microgreens, LLC.",Golden,80403,,https://coloradoproud.com/business/?bid=business_profile_738
Frozen Custard / Ice Cream Parlor,,business_profile_248,Golden Poultry And Meats,Golden,80401,,https://coloradoproud.com/business/?bid=business_profile_248
Meat & Poultry Market,Meat Producer & Packer,business_profile_248,Golden Poultry And Meats,Golden,80401,,https://coloradoproud.com/business/?bid=business_profile_248
Farm / Ranch,On-Farm / Ranch Sales,business_profile_130,"Golden Prairie, Inc.",Nunn,80648,https://goldenprairie.com/,https://coloradoproud.com/business/?bid=business_profile_130
Food Manufacturer,,business_profile_130,"Golden Prairie, Inc.",Nunn,80648,https://goldenprairie.com/,https://coloradoproud.com/business/?bid=business_profile_130
Food Manufacturer,,business_profile_508,Golden Toad,Castle Rock,80109,,https://coloradoproud.com/business/?bid=business_profile_508
Manufacturer,,business_profile_508,Golden Toad,Castle Rock,80109,,https://coloradoproud.com/business/?bid=business_profile_508
Manufacturer,,business_profile_249,"Gonigiri, LLC",,,,https://coloradoproud.com/business/?bid=business_profile_249
Non-Profit Organization,,business_profile_389,Good Food Collective,Durango,81303,https://www.goodfoodcollective.org/,https://coloradoproud.com/business/?bid=business_profile_389
Farm / Ranch,On-Farm / Ranch Sales,business_profile_318,Good Steward Farms,Peyton,80831,https://www.goodstewardfarms.net/,https://coloradoproud.com/business/?bid=business_profile_318
Food Manufacturer,,business_profile_1328,GoodLove Foods,Longmont,80501,https://goodlovefoods.com/,https://coloradoproud.com/business/?bid=business_profile_1328
Farm / Ranch,On-Farm / Ranch Sales,business_profile_294,Gordon Creek Farm LLC,Livermore,80536,https://gordoncreekfarm.com,https://coloradoproud.com/business/?bid=business_profile_294
Caterer,Caterer,business_profile_1509,Gosar Natural Foods,Monte Vista,81144,,https://coloradoproud.com/business/?bid=business_profile_1509
Distributor,,business_profile_1509,Gosar Natural Foods,Monte Vista,81144,,https://coloradoproud.com/business/?bid=business_profile_1509
Food Manufacturer,,business_profile_1509,Gosar Natural Foods,Monte Vista,81144,,https://coloradoproud.com/business/?bid=business_profile_1509
Food Truck,,business_profile_1509,Gosar Natural Foods,Monte Vista,81144,,https://coloradoproud.com/business/?bid=business_profile_1509
Manufacturer,,business_profile_1509,Gosar Natural Foods,Monte Vista,81144,,https://coloradoproud.com/business/?bid=business_profile_1509
Mobile Food Stand / Cart,,business_profile_1509,Gosar Natural Foods,Monte Vista,81144,,https://coloradoproud.com/business/?bid=business_profile_1509
Wholesaler,,business_profile_1509,Gosar Natural Foods,Monte Vista,81144,,https://coloradoproud.com/business/?bid=business_profile_1509
Cottage Food,Food Maker,business_profile_1400,Got The Juice,Longmont,80504,,https://coloradoproud.com/business/?bid=business_profile_1400
Food Manufacturer,,business_profile_306,GOUDY'S FRENCH CUISINE,Aurora,80016,https://www.goudycharcuterie.com,https://coloradoproud.com/business/?bid=business_profile_306
Meat Packer / Processor,Meat Producer & Packer,business_profile_306,GOUDY'S FRENCH CUISINE,Aurora,80016,https://www.goudycharcuterie.com,https://coloradoproud.com/business/?bid=business_profile_306
Wholesale Market,,business_profile_306,GOUDY'S FRENCH CUISINE,Aurora,80016,https://www.goudycharcuterie.com,https://coloradoproud.com/business/?bid=business_profile_306
Caterer,Caterer,business_profile_1080,Gourmet for Good Corporate Catering,Sheridan,80110,https://www.gourmetforgood.com,https://coloradoproud.com/business/?bid=business_profile_1080
Manufacturer,,business_profile_1190,Grace Blooms Tallow Co LLC,Durango,81302,https://www.gracebloomstallow.com/,https://coloradoproud.com/business/?bid=business_profile_1190
Dairy,On-Farm / Ranch Sales,business_profile_1447,Grace Hill Farm,Nunn,80648,https://gracehillfarmco.com,https://coloradoproud.com/business/?bid=business_profile_1447
Farm / Ranch,On-Farm / Ranch Sales,business_profile_1447,Grace Hill Farm,Nunn,80648,https://gracehillfarmco.com,https://coloradoproud.com/business/?bid=business_profile_1447
Meat & Poultry Market,Meat Producer & Packer,business_profile_1447,Grace Hill Farm,Nunn,80648,https://gracehillfarmco.com,https://coloradoproud.com/business/?bid=business_profile_1447
Non-Profit Organization,,business_profile_958,Grains and Greens,Milliken,80543,,https://coloradoproud.com/business/?bid=business_profile_958
Farm / Ranch,On-Farm / Ranch Sales,business_profile_166,Grama Grass and Livestock,Longmont,80503,https://www.gramagrasslivestock.com,https://coloradoproud.com/business/?bid=business_profile_166
Wholesaler,,business_profile_292,"Grand Valley Micro Farms, LLC",Grand Junction,81503,https://www.grandvalleymicrofarms.com,https://coloradoproud.com/business/?bid=business_profile_292
Food Manufacturer,,business_profile_1132,Grandma's Frozen Noodles,Arvada,80003,https://grandmasnoodles.com,https://coloradoproud.com/business/?bid=business_profile_1132
Cottage Food,Food Maker,business_profile_812,Grandpas Garden Creations,Frederick,80530,,https://coloradoproud.com/business/?bid=business_profile_812
Farmers Market,Farmers' Market,business_profile_941,Grateful Garden LLC,Denver,80249,https://www.facebook.com/GVRFarmersMarket/,https://coloradoproud.com/business/?bid=business_profile_941
Food Truck,,business_profile_748,Grateful Planet Foods,Castle Rock,80109,https://www.gratefulplanetfoods.com,https://coloradoproud.com/business/?bid=business_profile_748
Caterer,Caterer,business_profile_574,Graze Craze (Centennial),Centennial,80112,https://www.grazecraze.com,https://coloradoproud.com/business/?bid=business_profile_574
Bakery,Bakery,business_profile_1322,Great Harvest Bread Co & Yogurt Shack,Greenwood Village,80121,http://greatharvestgreenwoodvillage.com/,https://coloradoproud.com/business/?bid=business_profile_1322
Caterer,Caterer,business_profile_1322,Great Harvest Bread Co & Yogurt Shack,Greenwood Village,80121,http://greatharvestgreenwoodvillage.com/,https://coloradoproud.com/business/?bid=business_profile_1322
Coffee Shop,,business_profile_1322,Great Harvest Bread Co & Yogurt Shack,Greenwood Village,80121,http://greatharvestgreenwoodvillage.com/,https://coloradoproud.com/business/?bid=business_profile_1322
Farmers Market,Farmers' Market,business_profile_1322,Great Harvest Bread Co & Yogurt Shack,Greenwood Village,80121,http://greatharvestgreenwoodvillage.com/,https://coloradoproud.com/business/?bid=business_profile_1322
Food & Beverage Service,,business_profile_1322,Great Harvest Bread Co & Yogurt Shack,Greenwood Village,80121,http://greatharvestgreenwoodvillage.com/,https://coloradoproud.com/business/?bid=business_profile_1322
Frozen Custard / Ice Cream Parlor,,business_profile_1322,Great Harvest Bread Co & Yogurt Shack,Greenwood Village,80121,http://greatharvestgreenwoodvillage.com/,https://coloradoproud.com/business/?bid=business_profile_1322
Restaurant,Restaurant,business_profile_1322,Great Harvest Bread Co & Yogurt Shack,Greenwood Village,80121,http://greatharvestgreenwoodvillage.com/,https://coloradoproud.com/business/?bid=business_profile_1322
Specialty Food Store,Grocery Store,business_profile_1322,Great Harvest Bread Co & Yogurt Shack,Greenwood Village,80121,http://greatharvestgreenwoodvillage.com/,https://coloradoproud.com/business/?bid=business_profile_1322
Wholesaler,,business_profile_1322,Great Harvest Bread Co & Yogurt Shack,Greenwood Village,80121,http://greatharvestgreenwoodvillage.com/,https://coloradoproud.com/business/?bid=business_profile_1322
Bakery,Bakery,business_profile_520,Greek Delicious & Monica's Chocolate Creations,Highlands Ranch,80129,,https://coloradoproud.com/business/?bid=business_profile_520
Farm / Ranch,On-Farm / Ranch Sales,business_profile_1092,Green Earth Inc,Crestone,81131,http://www.greenearthfarm.com,https://coloradoproud.com/business/?bid=business_profile_1092
Value-Added Producer / Processor,Food Maker,business_profile_1092,Green Earth Inc,Crestone,81131,http://www.greenearthfarm.com,https://coloradoproud.com/business/?bid=business_profile_1092
Farm / Ranch,On-Farm / Ranch Sales,business_profile_603,Green Hill Farm,Peyton,80831,,https://coloradoproud.com/business/?bid=business_profile_603
Farm / Roadside Stand,Roadside Market,business_profile_332,Green Junction Farmstead,Clifton,81520,https://www.gjfarmstead.com,https://coloradoproud.com/business/?bid=business_profile_332
Food Manufacturer,,business_profile_236,Green Tahini LLC,Louisville,80027,https://greentahini.com/,https://coloradoproud.com/business/?bid=business_profile_236
Bakery,Bakery,business_profile_822,Green Thumb Daddy,Bayfield,81122,,https://coloradoproud.com/business/?bid=business_profile_822
Cottage Food,Food Maker,business_profile_822,Green Thumb Daddy,Bayfield,81122,,https://coloradoproud.com/business/?bid=business_profile_822
Farm / Ranch,On-Farm / Ranch Sales,business_profile_822,Green Thumb Daddy,Bayfield,81122,,https://coloradoproud.com/business/?bid=business_profile_822
Meat Packer / Processor,Meat Producer & Packer,business_profile_325,Greener Pasture,Longmont,80501,,https://coloradoproud.com/business/?bid=business_profile_325
Meat Packer / Processor,Meat Producer & Packer,business_profile_320,Greener Pastures,Cañon City,81212,,https://coloradoproud.com/business/?bid=business_profile_320
Cottage Food,Food Maker,business_profile_815,Greens Wizard Microgreens,Craig,81625,https://www.greenswizardmicrogreens.com/,https://coloradoproud.com/business/?bid=business_profile_815
Food & Beverage Service,,business_profile_408,Grill Mama's Eatery,Aurora,80010,,https://coloradoproud.com/business/?bid=business_profile_408
Farm / Ranch,On-Farm / Ranch Sales,business_profile_1618,GroAway LLC,Gardner,81040,https://groawayllc.com,https://coloradoproud.com/business/?bid=business_profile_1618
Farm / Ranch,On-Farm / Ranch Sales,business_profile_337,Grow Girl Organics,Arvada,80005,https://growgirlorganics.com,https://coloradoproud.com/business/?bid=business_profile_337
Ag Input Supplier,,business_profile_473,"Growcentia, Inc.",Loveland,80538,https://growcentia.com,https://coloradoproud.com/business/?bid=business_profile_473
Non-Profit Organization,,business_profile_272,Growing Gardens,Boulder,80304,https://growinggardens.org/,https://coloradoproud.com/business/?bid=business_profile_272
Manufacturer,,business_profile_1202,Growing Spaces,Pagosa Springs,81147,https://growingspaces.com/,https://coloradoproud.com/business/?bid=business_profile_1202
Food & Beverage Service,,business_profile_1425,"Guacho de Argentina, LLC",Denver,80229,https://gauchodeargentina.com/,https://coloradoproud.com/business/?bid=business_profile_1425
Apiary,On-Farm / Ranch Sales,business_profile_563,"Gunner Dog Treats, LLC",Craig,81625,http://gunnerdogtreats.com,https://coloradoproud.com/business/?bid=business_profile_563
Specialty Food Store,Grocery Store,business_profile_1247,Gunnison Jerky Co.,Gunnison,81230,https://gunnisonjerkyco.com,https://coloradoproud.com/business/?bid=business_profile_1247
Caterer,Caterer,business_profile_543,H Services,Lakewood,80228,,https://coloradoproud.com/business/?bid=business_profile_543
Cheeserie,On-Farm / Ranch Sales,business_profile_543,H Services,Lakewood,80228,,https://coloradoproud.com/business/?bid=business_profile_543
Manufacturer,,business_profile_268,Hacienda Maize LLC,Aurora,80012,,https://coloradoproud.com/business/?bid=business_profile_268
Farm / Ranch,On-Farm / Ranch Sales,business_profile_63,"Half Section Plus, LLC",Rush,80833,https://halfsectionplus.com,https://coloradoproud.com/business/?bid=business_profile_63
Manufacturer,,business_profile_857,"Hanuman Chai,LLC",Boulder,80303,https://drinkhanuman.com,https://coloradoproud.com/business/?bid=business_profile_857
Frozen Custard / Ice Cream Parlor,,business_profile_297,Happy Cones Co,Edgewater,80214,https://www.happyconesco.com,https://coloradoproud.com/business/?bid=business_profile_297
Bakery,Bakery,business_profile_1060,Happy Hippie Breads,Pueblo,81003,,https://coloradoproud.com/business/?bid=business_profile_1060
Farm / Ranch,On-Farm / Ranch Sales,business_profile_878,Happy Hive Farmstead,Grand Junction,81505,https://www.happyhivefarm.com,https://coloradoproud.com/business/?bid=business_profile_878
Cider Mill / Press,Agritourism,business_profile_179,Happy Hollow Hard Cider,Cedaredge,81413,,https://coloradoproud.com/business/?bid=business_profile_179
Farm / Ranch,On-Farm / Ranch Sales,business_profile_179,Happy Hollow Hard Cider,Cedaredge,81413,,https://coloradoproud.com/business/?bid=business_profile_179
Cottage Food,Food Maker,business_profile_282,Happy Stuff Dog Treat Company,Wheat Ridge,80033,,https://coloradoproud.com/business/?bid=business_profile_282
Farmers Market,Farmers' Market,business_profile_1423,Harmonicary,Grand Junction,81504,,https://coloradoproud.com/business/?bid=business_profile_1423
Farm / Ranch,On-Farm / Ranch Sales,business_profile_886,Harmony Ridge Farm,Ramah,80832,,https://coloradoproud.com/business/?bid=business_profile_886
Manufacturer,,business_profile_240,Hartman Gardens of Colorado,Montrose,81403,https://hartmangardens.net,https://coloradoproud.com/business/?bid=business_profile_240
Food Manufacturer,,business_profile_802,Hartman Gardens of Colorado,Montrose,81403,https://hartmangardens.net,https://coloradoproud.com/business/?bid=business_profile_802
Farm / Ranch,On-Farm / Ranch Sales,business_profile_1638,Harvest Days-corn maze and pumpkin patch,Pueblo,81006,,https://coloradoproud.com/business/?bid=business_profile_1638
Farm / Roadside Stand,Roadside Market,business_profile_1638,Harvest Days-corn maze and pumpkin patch,Pueblo,81006,,https://coloradoproud.com/business/?bid=business_profile_1638
Tourism,Agritourism,business_profile_1638,Harvest Days-corn maze and pumpkin patch,Pueblo,81006,,https://coloradoproud.com/business/?bid=business_profile_1638
Value-Added Producer / Processor,Food Maker,business_profile_559,Harvest Origin,Boulder,80302,,https://coloradoproud.com/business/?bid=business_profile_559
Farm / Ranch,On-Farm / Ranch Sales,business_profile_1341,"Haubert Heritage Homestead Farm, LLC.",Wiggins,80654,,https://coloradoproud.com/business/?bid=business_profile_1341
Food Manufacturer,,business_profile_1294,Haxtun Heritage Mills,Haxtun,80731,https://www.haxtunheritagemills.com,https://coloradoproud.com/business/?bid=business_profile_1294
Farm / Ranch,On-Farm / Ranch Sales,business_profile_858,Hayden Fresh Farm,Hayden,81639,https://haydenfresh.com,https://coloradoproud.com/business/?bid=business_profile_858
Farm / Ranch,On-Farm / Ranch Sales,business_profile_902,"Hazel Dell Mushrooms, LLC",Fort Collins,80524,https://www.hazeldellmushrooms.com,https://coloradoproud.com/business/?bid=business_profile_902
Food Manufacturer,,business_profile_229,Healthy by Design Pickles,Broomfield,80020,https://www.healthybydesignpickles.com,https://coloradoproud.com/business/?bid=business_profile_229
Bakery,Bakery,business_profile_1622,Hearth and Crunch LLC,New Castle,81647,https://hearthandcrunch.com/,https://coloradoproud.com/business/?bid=business_profile_1622
Retailer,,business_profile_1360,Hearth and Seoul Herbal Shop,Denver,80211,https://www.hearthandseoul.com,https://coloradoproud.com/business/?bid=business_profile_1360
Distributor,,business_profile_1211,Hearty Provisions,Denver,80204,https://heartyprovisions.com/,https://coloradoproud.com/business/?bid=business_profile_1211
Produce Market,Roadside Market,business_profile_1211,Hearty Provisions,Denver,80204,https://heartyprovisions.com/,https://coloradoproud.com/business/?bid=business_profile_1211
Wholesaler,,business_profile_1211,Hearty Provisions,Denver,80204,https://heartyprovisions.com/,https://coloradoproud.com/business/?bid=business_profile_1211
Food & Beverage Service,,business_profile_920,Heavens Flurries,San Leandro,94577,,https://coloradoproud.com/business/?bid=business_profile_920
Food Manufacturer,,business_profile_865,Hell Yeah Salsa,Thornton,80602,https://www.hellyeahsalsa.com,https://coloradoproud.com/business/?bid=business_profile_865
Retailer,,business_profile_865,Hell Yeah Salsa,Thornton,80602,https://www.hellyeahsalsa.com,https://coloradoproud.com/business/?bid=business_profile_865
Wholesaler,,business_profile_865,Hell Yeah Salsa,Thornton,80602,https://www.hellyeahsalsa.com,https://coloradoproud.com/business/?bid=business_profile_865
Value-Added Producer / Processor,Food Maker,business_profile_100,Hemp Farm Colorado,Yuma,80759,http://HempFarmColorado.com,https://coloradoproud.com/business/?bid=business_profile_100
Candy,,business_profile_453,Hemp Nuts,Denver,80209,,https://coloradoproud.com/business/?bid=business_profile_453
Nut & Confectionery Store,,business_profile_453,Hemp Nuts,Denver,80209,,https://coloradoproud.com/business/?bid=business_profile_453
Food Manufacturer,,business_profile_453,Hemp Nuts,Denver,80209,,https://coloradoproud.com/business/?bid=business_profile_453
Ag Input Supplier,,business_profile_850,Hemp SAIL,Fort Collins,80524,https://www.hempsail.net,https://coloradoproud.com/business/?bid=business_profile_850
Distributor,,business_profile_850,Hemp SAIL,Fort Collins,80524,https://www.hempsail.net,https://coloradoproud.com/business/?bid=business_profile_850
Farm / Ranch,On-Farm / Ranch Sales,business_profile_428,Hempward Farms,Boulder,80301,https://www.hempwardfarms.com/,https://coloradoproud.com/business/?bid=business_profile_428
Health Supplement Store,,business_profile_428,Hempward Farms,Boulder,80301,https://www.hempwardfarms.com/,https://coloradoproud.com/business/?bid=business_profile_428
Food Manufacturer,,business_profile_1401,Hentoo LLC,Palmer Lake,80133,https://hentooyum.com/,https://coloradoproud.com/business/?bid=business_profile_1401
Farm / Ranch,On-Farm / Ranch Sales,business_profile_106,"Herb Meadows Medicinals, LLC",Mancos,81328,,https://coloradoproud.com/business/?bid=business_profile_106
Food Manufacturer,,business_profile_106,"Herb Meadows Medicinals, LLC",Mancos,81328,,https://coloradoproud.com/business/?bid=business_profile_106
Beverage Retailer,,business_profile_552,Herbal Honey,Aurora,80014,https://www.HerbalHoney.net,https://coloradoproud.com/business/?bid=business_profile_552
Beverage Retailer,,business_profile_1002,Herbal Mocktails,,,http://www.herbal-mocktails.com,https://coloradoproud.com/business/?bid=business_profile_1002
Cottage Food,Food Maker,business_profile_1004,Herban Legends,Montrose,81401,,https://coloradoproud.com/business/?bid=business_profile_1004
Farm / Ranch,On-Farm / Ranch Sales,business_profile_1004,Herban Legends,Montrose,81401,,https://coloradoproud.com/business/?bid=business_profile_1004
Cottage Food,Food Maker,business_profile_1125,Herrera's Homestead,Aurora,80017,https://herrerashomestead.com/,https://coloradoproud.com/business/?bid=business_profile_1125
Bakery,Bakery,business_profile_322,"Hey, Good Lukken!",Colorado Springs,80921,https://carissadewaele.wixsite.com/my-site,https://coloradoproud.com/business/?bid=business_profile_322
Apiary,On-Farm / Ranch Sales,business_profile_1619,HG Honey and Hives,Loveland,80538,,https://coloradoproud.com/business/?bid=business_profile_1619
Apiary,On-Farm / Ranch Sales,business_profile_1218,Hidy Honey,Broomfield,80020,,https://coloradoproud.com/business/?bid=business_profile_1218
Buyer,,business_profile_1218,Hidy Honey,Broomfield,80020,,https://coloradoproud.com/business/?bid=business_profile_1218
Cottage Food,Food Maker,business_profile_1218,Hidy Honey,Broomfield,80020,,https://coloradoproud.com/business/?bid=business_profile_1218
Farm / Roadside Stand,Roadside Market,business_profile_1218,Hidy Honey,Broomfield,80020,,https://coloradoproud.com/business/?bid=business_profile_1218
Food Manufacturer,,business_profile_1218,Hidy Honey,Broomfield,80020,,https://coloradoproud.com/business/?bid=business_profile_1218
Livestock Producer,On-Farm / Ranch Sales,business_profile_1218,Hidy Honey,Broomfield,80020,,https://coloradoproud.com/business/?bid=business_profile_1218
Manufacturer,,business_profile_1218,Hidy Honey,Broomfield,80020,,https://coloradoproud.com/business/?bid=business_profile_1218
Merchant / Merchandiser,,business_profile_1218,Hidy Honey,Broomfield,80020,,https://coloradoproud.com/business/?bid=business_profile_1218
Retailer,,business_profile_1218,Hidy Honey,Broomfield,80020,,https://coloradoproud.com/business/?bid=business_profile_1218
Specialty Food Store,Grocery Store,business_profile_1218,Hidy Honey,Broomfield,80020,,https://coloradoproud.com/business/?bid=business_profile_1218
Value-Added Producer / Processor,Food Maker,business_profile_1218,Hidy Honey,Broomfield,80020,,https://coloradoproud.com/business/?bid=business_profile_1218
Wholesaler,,business_profile_1218,Hidy Honey,Broomfield,80020,,https://coloradoproud.com/business/?bid=business_profile_1218
Farm / Ranch,On-Farm / Ranch Sales,business_profile_708,High Alpine Genetics LLC,Glenwood Springs,81601,https://www.highalpinegenetics.com,https://coloradoproud.com/business/?bid=business_profile_708
Farm / Roadside Stand,Roadside Market,business_profile_1275,High Altitude Rhubarb--Farm & Nursery,Black Forest,80908,https://HighAltitudeRhubarb.com,https://coloradoproud.com/business/?bid=business_profile_1275
Manufacturer,,business_profile_1647,High Country Bath,Colorado Springs,80927,https://www.highcountrybaths.com,https://coloradoproud.com/business/?bid=business_profile_1647
Grazer,On-Farm / Ranch Sales,business_profile_1116,High Country Environmental Grazing,Mack,81525,,https://coloradoproud.com/business/?bid=business_profile_1116
Livestock Producer,On-Farm / Ranch Sales,business_profile_1116,High Country Environmental Grazing,Mack,81525,,https://coloradoproud.com/business/?bid=business_profile_1116
Farm / Roadside Stand,Roadside Market,business_profile_1474,High On The Hill Farm,Cañon City,81212,https://HighOnTheHillFarm.com,https://coloradoproud.com/business/?bid=business_profile_1474
Farm / Ranch,On-Farm / Ranch Sales,business_profile_226,High On The Hog Farm LLC,Johnstown,80534,https://m.facebook.com/HighOnTheHogFarmLLC,https://coloradoproud.com/business/?bid=business_profile_226
Livestock Producer,On-Farm / Ranch Sales,business_profile_1076,High Plains Cattle and Meats Co.,wellington,80549,https://www.highplainscattleandmeatco.com/,https://coloradoproud.com/business/?bid=business_profile_1076
Food Manufacturer,,business_profile_1431,High Point Creamery,Federal Heights,80260,https://www.highpointcreamery.com/,https://coloradoproud.com/business/?bid=business_profile_1431
Farm / Ranch,On-Farm / Ranch Sales,business_profile_1469,High Prairie Meats LLC,Joes,80822,https://www.highprairiemeats.com,https://coloradoproud.com/business/?bid=business_profile_1469
Farm / Ranch,On-Farm / Ranch Sales,business_profile_1046,Hillis Family Farms LLC,PEYTON,80831,https://hillisfamilyfarms.com,https://coloradoproud.com/business/?bid=business_profile_1046
Value-Added Producer / Processor,Food Maker,business_profile_1046,Hillis Family Farms LLC,PEYTON,80831,https://hillisfamilyfarms.com,https://coloradoproud.com/business/?bid=business_profile_1046
Wholesaler,,business_profile_1046,Hillis Family Farms LLC,PEYTON,80831,https://hillisfamilyfarms.com,https://coloradoproud.com/business/?bid=business_profile_1046
Farm Market,On-Farm / Ranch Sales,business_profile_1453,Hilltop Beef,Fort Collins,80524,https://hilltopbeef.com/,https://coloradoproud.com/business/?bid=business_profile_1453
Farm / Ranch,On-Farm / Ranch Sales,business_profile_1138,Hilltop Hay and Livestock,Fort Collins,80524,https://hilltophayandlivestock.com,https://coloradoproud.com/business/?bid=business_profile_1138
Hay / Forage Producer,,business_profile_1138,Hilltop Hay and Livestock,Fort Collins,80524,https://hilltophayandlivestock.com,https://coloradoproud.com/business/?bid=business_profile_1138
Livestock Feeder,,business_profile_1138,Hilltop Hay and Livestock,Fort Collins,80524,https://hilltophayandlivestock.com,https://coloradoproud.com/business/?bid=business_profile_1138
Livestock Producer,On-Farm / Ranch Sales,business_profile_1138,Hilltop Hay and Livestock,Fort Collins,80524,https://hilltophayandlivestock.com,https://coloradoproud.com/business/?bid=business_profile_1138
Cottage Food,Food Maker,business_profile_1460,Hippie Cow Co.,Ignacio,81137,,https://coloradoproud.com/business/?bid=business_profile_1460
Farm / Ranch,On-Farm / Ranch Sales,business_profile_1460,Hippie Cow Co.,Ignacio,81137,,https://coloradoproud.com/business/?bid=business_profile_1460
Livestock Producer,On-Farm / Ranch Sales,business_profile_1460,Hippie Cow Co.,Ignacio,81137,,https://coloradoproud.com/business/?bid=business_profile_1460
Manufacturer,,business_profile_1460,Hippie Cow Co.,Ignacio,81137,,https://coloradoproud.com/business/?bid=business_profile_1460
Meat & Poultry Market,Meat Producer & Packer,business_profile_1460,Hippie Cow Co.,Ignacio,81137,,https://coloradoproud.com/business/?bid=business_profile_1460
Candy,,business_profile_760,Hippity Hop Shop LLC,Peyton,80831,,https://coloradoproud.com/business/?bid=business_profile_760
Nut & Confectionery Store,,business_profile_760,Hippity Hop Shop LLC,Peyton,80831,,https://coloradoproud.com/business/?bid=business_profile_760
School / Educational Institution,,business_profile_362,Hispanic Women's Farming Proyecto Buena Vida Farm,Fort Collins,80528,https://www.buenavidafarm.com/proyecto,https://coloradoproud.com/business/?bid=business_profile_362
Apiary,On-Farm / Ranch Sales,business_profile_124,Hogback Farm,Silt,81652,https://HogbackFarm.com,https://coloradoproud.com/business/?bid=business_profile_124
Cottage Food,Food Maker,business_profile_124,Hogback Farm,Silt,81652,https://HogbackFarm.com,https://coloradoproud.com/business/?bid=business_profile_124
Farm / Ranch,On-Farm / Ranch Sales,business_profile_124,Hogback Farm,Silt,81652,https://HogbackFarm.com,https://coloradoproud.com/business/?bid=business_profile_124
Hay / Forage Producer,,business_profile_124,Hogback Farm,Silt,81652,https://HogbackFarm.com,https://coloradoproud.com/business/?bid=business_profile_124
Manufacturer,,business_profile_124,Hogback Farm,Silt,81652,https://HogbackFarm.com,https://coloradoproud.com/business/?bid=business_profile_124
Wholesaler,,business_profile_124,Hogback Farm,Silt,81652,https://HogbackFarm.com,https://coloradoproud.com/business/?bid=business_profile_124
Meat & Poultry Market,Meat Producer & Packer,business_profile_875,"Holy Cow, That's Great Beef!",Simla,80835,,https://coloradoproud.com/business/?bid=business_profile_875
Food Manufacturer,,business_profile_399,Holy Frijole LLC,Arvada,80002,http://www.holyfrijoledenver.com,https://coloradoproud.com/business/?bid=business_profile_399
Bakery,Bakery,business_profile_852,Homemade by Hammett,Steamboat Springs,80487,https://docs.google.com/forms/d/1d9xMtsRjvTsgAMorzq0U9wVecULGyfnBHfYrq6XQB50/edit,https://coloradoproud.com/business/?bid=business_profile_852
Meat Packer / Processor,Meat Producer & Packer,business_profile_1276,Homestead Natural Meats,Delta,81416,https://homesteadmeats.com,https://coloradoproud.com/business/?bid=business_profile_1276
Food Manufacturer,,business_profile_1348,Honey House LLC,Denver,80211,https://honeyhousehoney.com/,https://coloradoproud.com/business/?bid=business_profile_1348
Apiary,On-Farm / Ranch Sales,business_profile_625,Honey Moon Mesa,Hotchkiss,81419,https://honeymoonmesa.com,https://coloradoproud.com/business/?bid=business_profile_625
Apiary,On-Farm / Ranch Sales,business_profile_76,Honey Rock LLC,Delta,81416,https://www.honeyrocklanding.com,https://coloradoproud.com/business/?bid=business_profile_76
Farm / Ranch,On-Farm / Ranch Sales,business_profile_76,Honey Rock LLC,Delta,81416,https://www.honeyrocklanding.com,https://coloradoproud.com/business/?bid=business_profile_76
Orchard,On-Farm / Ranch Sales,business_profile_76,Honey Rock LLC,Delta,81416,https://www.honeyrocklanding.com,https://coloradoproud.com/business/?bid=business_profile_76
Cottage Food,Food Maker,business_profile_1011,Honey Sister Hives,Pueblo West,81007,,https://coloradoproud.com/business/?bid=business_profile_1011
Bakery,Bakery,business_profile_1384,HooRayRay's,Denver,80230,http://www.hoorayrays.com,https://coloradoproud.com/business/?bid=business_profile_1384
Manufacturer,,business_profile_374,Hope Manufacuting LLC,Crawford,81415,,https://coloradoproud.com/business/?bid=business_profile_374
Farm / Ranch,On-Farm / Ranch Sales,business_profile_1150,Hope Ranch and Farm,Livermore,80536,,https://coloradoproud.com/business/?bid=business_profile_1150
Cafeteria / Buffet,,business_profile_1537,HOPELANDS COFFEE,Boulder,80301,https://hopelandscoffee.com/,https://coloradoproud.com/business/?bid=business_profile_1537
Coffee Shop,,business_profile_1537,HOPELANDS COFFEE,Boulder,80301,https://hopelandscoffee.com/,https://coloradoproud.com/business/?bid=business_profile_1537
Manufacturer,,business_profile_1537,HOPELANDS COFFEE,Boulder,80301,https://hopelandscoffee.com/,https://coloradoproud.com/business/?bid=business_profile_1537
Specialty Food Store,Grocery Store,business_profile_1537,HOPELANDS COFFEE,Boulder,80301,https://hopelandscoffee.com/,https://coloradoproud.com/business/?bid=business_profile_1537
Wholesaler,,business_profile_1537,HOPELANDS COFFEE,Boulder,80301,https://hopelandscoffee.com/,https://coloradoproud.com/business/?bid=business_profile_1537
Apiary,On-Farm / Ranch Sales,business_profile_1135,Hops and Honey Colorado,Dacono,80514,,https://coloradoproud.com/business/?bid=business_profile_1135
Value-Added Producer / Processor,Food Maker,business_profile_484,Horizon Verjus Company,Littleton,80128,,https://coloradoproud.com/business/?bid=business_profile_484
Manufacturer,,business_profile_459,HORSETOOTH HOT SAUCE,Fort Collins,80524,https://horsetoothhotsauce.com,https://coloradoproud.com/business/?bid=business_profile_459
Apiary,On-Farm / Ranch Sales,business_profile_561,Howlin Honey,Manzanola,81058,,https://coloradoproud.com/business/?bid=business_profile_561
Farm Market,On-Farm / Ranch Sales,business_profile_1146,Howling Woods Fungi,Denver,80223,https://Howlingwoodsfungi.com,https://coloradoproud.com/business/?bid=business_profile_1146
Cottage Food,Food Maker,business_profile_993,Hummble Honey,Colorado Springs,80920,,https://coloradoproud.com/business/?bid=business_profile_993
Farm / Ranch,On-Farm / Ranch Sales,business_profile_1584,HUNGENBERG PRODUCE INC,GREELEY,80631,https://hungenbergproduce.com/,https://coloradoproud.com/business/?bid=business_profile_1584
Manufacturer,,business_profile_1006,Hunter Bay Coffee Roasters,ENGLEWOOD,80110,http://hunterbay.com,https://coloradoproud.com/business/?bid=business_profile_1006
Winery,Winery,business_profile_147,Hunters Moon Meadery,Severance,80550,https://huntersmoonmeadery.com,https://coloradoproud.com/business/?bid=business_profile_147
Manufacturer,,business_profile_776,"HydRx, Inc.",Colorado Springs,80910,http://www.hydrx.com,https://coloradoproud.com/business/?bid=business_profile_776
Distributor,,business_profile_888,Hyperion Wholesale,Denver,80203,https://coloradofoodshowroom.com/,https://coloradoproud.com/business/?bid=business_profile_888
Cottage Food,Food Maker,business_profile_1380,Hyphal Knot LLC,Craig,81625,,https://coloradoproud.com/business/?bid=business_profile_1380
Farmers Market,Farmers' Market,business_profile_1380,Hyphal Knot LLC,Craig,81625,,https://coloradoproud.com/business/?bid=business_profile_1380
Food Manufacturer,,business_profile_1031,I Mix U Dip,Peyton,80831,,https://coloradoproud.com/business/?bid=business_profile_1031
Cottage Food,Food Maker,business_profile_596,Ideal Gardens,Walsenburg,81089,https://www.facebook.com/idealgardensco,https://coloradoproud.com/business/?bid=business_profile_596
Value-Added Producer / Processor,Food Maker,business_profile_900,IE Mills dba Dry Storage Mills,Boulder,80301,https://drystorageco.com/,https://coloradoproud.com/business/?bid=business_profile_900
Cottage Food,Food Maker,business_profile_522,Illegal Oats,Denver,80216,,https://coloradoproud.com/business/?bid=business_profile_522
Beverage Retailer,,business_profile_799,Intentional Well-being,Fort Collins,80521,https://intentionalwell-being.com,https://coloradoproud.com/business/?bid=business_profile_799
Farm / Ranch,On-Farm / Ranch Sales,business_profile_1478,Inti Farms,wheat ridge,80214,https://www.instagram.com/inti_farm_co/,https://coloradoproud.com/business/?bid=business_profile_1478
Specialty Food Store,Grocery Store,business_profile_813,IXKAKAW LLC,,,https://www.ixkakaw.com,https://coloradoproud.com/business/?bid=business_profile_813
Bakery,Bakery,business_profile_1577,izzio artisan bakery,Louisville,80027,https://izziobakery.com/,https://coloradoproud.com/business/?bid=business_profile_1577
Farm / Ranch,On-Farm / Ranch Sales,business_profile_1407,J & D Heirloom Seeds,Montrose,81401,https://jdheirloomseed.weebly.com/,https://coloradoproud.com/business/?bid=business_profile_1407
Wholesaler,,business_profile_710,J and B Artistry LLC,Leadville,80461,https://www.jandbartistry.com,https://coloradoproud.com/business/?bid=business_profile_710
Food Manufacturer,,business_profile_502,J.W. Kuchta Herbal Tea,Denver,80216,https://www.jwkuchta.com,https://coloradoproud.com/business/?bid=business_profile_502
Bakery,Bakery,business_profile_975,J2 Farms & Designs,Ordway,81063,,https://coloradoproud.com/business/?bid=business_profile_975
Cottage Food,Food Maker,business_profile_975,J2 Farms & Designs,Ordway,81063,,https://coloradoproud.com/business/?bid=business_profile_975
Farm / Ranch,On-Farm / Ranch Sales,business_profile_975,J2 Farms & Designs,Ordway,81063,,https://coloradoproud.com/business/?bid=business_profile_975
Merchant / Merchandiser,,business_profile_975,J2 Farms & Designs,Ordway,81063,,https://coloradoproud.com/business/?bid=business_profile_975
Retailer,,business_profile_975,J2 Farms & Designs,Ordway,81063,,https://coloradoproud.com/business/?bid=business_profile_975
Food Manufacturer,,business_profile_376,JAI MIX,Boulder,80302,https://jaimix.com,https://coloradoproud.com/business/?bid=business_profile_376
Farm / Roadside Stand,Roadside Market,business_profile_930,Jamber Acres LLC,Westcliffe,81252,https://www.jamberacres.com,https://coloradoproud.com/business/?bid=business_profile_930
Food Manufacturer,,business_profile_133,James' Dressings and Dips,Colorado Springs,80916,,https://coloradoproud.com/business/?bid=business_profile_133
Bar / Pub / Tavern,,business_profile_556,Jar Beyond Cocktails,Longmont,80501,,https://coloradoproud.com/business/?bid=business_profile_556
Retailer,,business_profile_556,Jar Beyond Cocktails,Longmont,80501,,https://coloradoproud.com/business/?bid=business_profile_556
Food Manufacturer,,business_profile_540,Jawbox Jerky,Parker,80134,http://www.jawboxjerky.com,https://coloradoproud.com/business/?bid=business_profile_540
Apiary,On-Farm / Ranch Sales,business_profile_363,Jefferson County Beekeeper Association,Arvada,80006,https://www.jeffcobeekeepers.org/,https://coloradoproud.com/business/?bid=business_profile_363
Food Manufacturer,,business_profile_201,Jelly Madness LLC,Colorado Springs,80918,https://www.spreadthemadness.com,https://coloradoproud.com/business/?bid=business_profile_201
Candy,,business_profile_1110,Jenny’s Tasty Treats,Denver,80210,,https://coloradoproud.com/business/?bid=business_profile_1110
Nut & Confectionery Store,,business_profile_1110,Jenny’s Tasty Treats,Denver,80210,,https://coloradoproud.com/business/?bid=business_profile_1110
Food Manufacturer,,business_profile_551,Jens Cafe Bars,Boulder,80301,https://jenscafebars.com,https://coloradoproud.com/business/?bid=business_profile_551
Bakery,Bakery,business_profile_1112,Jewels' Edible Gems,Pueblo,81006,,https://coloradoproud.com/business/?bid=business_profile_1112
Food Truck,,business_profile_1636,"JLB3 Holdings, LLC",Denver,80203,,https://coloradoproud.com/business/?bid=business_profile_1636
Beverage Retailer,,business_profile_999,Joanna's Juices LLc,denver,,,https://coloradoproud.com/business/?bid=business_profile_999
Farm / Ranch,On-Farm / Ranch Sales,business_profile_167,Jodar Farms,Fort Collins,80524,https://www.Jodarfarms.com,https://coloradoproud.com/business/?bid=business_profile_167
Cottage Food,Food Maker,business_profile_845,Johanna's Handcrafted Jams LLC,Ault,80610,https://johannas-handcrafted-jams.square.site/,https://coloradoproud.com/business/?bid=business_profile_845
Farm / Ranch,On-Farm / Ranch Sales,business_profile_1476,John  H Heermann Farms,Haxtun,80731,https://johnhheermannfarms.squarespace.com/,https://coloradoproud.com/business/?bid=business_profile_1476
Farm Market,On-Farm / Ranch Sales,business_profile_536,Johnny's Green Gardens,Colorado Springs,80903,https://www.johnnysgreengardens.com/,https://coloradoproud.com/business/?bid=business_profile_536
Manufacturer,,business_profile_1426,Jojo's Apothecary,Colorado Springs,80907,https://www.jojosapothecary.com/,https://coloradoproud.com/business/?bid=business_profile_1426
Bakery,Bakery,business_profile_1192,Jon-a-thins,Fort Collins,80525,https://www.jonathins.com/,https://coloradoproud.com/business/?bid=business_profile_1192
Farm / Ranch,On-Farm / Ranch Sales,business_profile_1078,Jones Farms Organics,,,http://www.jonesfarmsorganics.com/,https://coloradoproud.com/business/?bid=business_profile_1078
Cottage Food,Food Maker,business_profile_1379,Jones Homemade Pickles,Eaton,80615,,https://coloradoproud.com/business/?bid=business_profile_1379
Manufacturer,,business_profile_983,Joy Breeders,Denver,80222,https://www.joybreeders.com,https://coloradoproud.com/business/?bid=business_profile_983
Food Manufacturer,,business_profile_1304,Juanito's Salsa,Fort Collins,80521,https://juanitossalsa.com,https://coloradoproud.com/business/?bid=business_profile_1304
Retailer,,business_profile_1115,Juiced Wellness LLC,Denver,80238,https://juicedwellness.com/,https://coloradoproud.com/business/?bid=business_profile_1115
Specialty Food Store,Grocery Store,business_profile_1126,"Julie Comer, LLC Dan AnyTime Pancakes",Fort Collins,80525,https://www.anytimepancakes.com,https://coloradoproud.com/business/?bid=business_profile_1126
Cheeserie,On-Farm / Ranch Sales,business_profile_397,Jumpin' Good Goat Dairy,Buena Vista,81211,https://www.jumpingoodgoats.com,https://coloradoproud.com/business/?bid=business_profile_397
Farm / Ranch,On-Farm / Ranch Sales,business_profile_141,Juniper Farm,Carbondale,81623,,https://coloradoproud.com/business/?bid=business_profile_141
Cottage Food,Food Maker,business_profile_981,"Just Jams & Jellies, LLC",Divide,80814,https://www.JustJamsAndJellies.com,https://coloradoproud.com/business/?bid=business_profile_981
Mobile Food & Beverage Stand / Cart,,business_profile_1428,Just Right Coffee,Pueblo,81004,https://www.justright.coffee,https://coloradoproud.com/business/?bid=business_profile_1428
Farm / Ranch,On-Farm / Ranch Sales,business_profile_654,Kalera,Aurora,80011,https://kalera.com/,https://coloradoproud.com/business/?bid=business_profile_654
Food Manufacturer,,business_profile_1158,"Kampfire Baking Company, LLC - DBA Spark + Honey",Boulder,80301,http://www.spark-honey.com,https://coloradoproud.com/business/?bid=business_profile_1158
Cottage Food,Food Maker,business_profile_1633,Karpe Kitchens,Colorado Springs,80916,,https://coloradoproud.com/business/?bid=business_profile_1633
Manufacturer,,business_profile_462,Kefla Organics,Louisville,80027,https://keflaorganics.com,https://coloradoproud.com/business/?bid=business_profile_462
Cottage Food,Food Maker,business_profile_1424,Kelsey's Kitchen,Longmont,80504,,https://coloradoproud.com/business/?bid=business_profile_1424
Farm / Ranch,On-Farm / Ranch Sales,business_profile_1023,Kenscott Farms,Aurora,80011,,https://coloradoproud.com/business/?bid=business_profile_1023
Farm / Ranch,On-Farm / Ranch Sales,business_profile_438,Kiana Creek Ranch,Sedalia,80135,https://www.kianacreekranch.com,https://coloradoproud.com/business/?bid=business_profile_438
Manufacturer,,business_profile_523,Kim's Gourmet Sauces,Castle Rock,80109,https://kimsgourmet.com,https://coloradoproud.com/business/?bid=business_profile_523
Retailer,,business_profile_523,Kim's Gourmet Sauces,Castle Rock,80109,https://kimsgourmet.com,https://coloradoproud.com/business/?bid=business_profile_523
Wholesaler,,business_profile_523,Kim's Gourmet Sauces,Castle Rock,80109,https://kimsgourmet.com,https://coloradoproud.com/business/?bid=business_profile_523
Food & Beverage Service,,business_profile_821,KindBox,Denver,80205,https://thekindbox.us,https://coloradoproud.com/business/?bid=business_profile_821
Food Manufacturer,,business_profile_1053,King Pappy's BBQ Sauce,Loveland,80537,https://www.kingpappysbbqsauce.com,https://coloradoproud.com/business/?bid=business_profile_1053
Faith-Based Institution / Organization,,business_profile_165,"Kingdom Champions, Inc.",Pueblo,81005,,https://coloradoproud.com/business/?bid=business_profile_165
Manufacturer,,business_profile_269,Kingfisher Soaps,Colorado Springs,80905,,https://coloradoproud.com/business/?bid=business_profile_269
Restaurant,Restaurant,business_profile_1013,kingrestaurantcolorado,,,https://www.kingrestaurantcos.com/,https://coloradoproud.com/business/?bid=business_profile_1013
Meat Packer / Processor,Meat Producer & Packer,business_profile_979,Kinikin Processing Company LLC,Montrose,81401,https://Kinikin.com,https://coloradoproud.com/business/?bid=business_profile_979
Food Truck,,business_profile_752,Kitchen Works,Pueblo,81008,,https://coloradoproud.com/business/?bid=business_profile_752
Cottage Food,Food Maker,business_profile_1549,KMP Provisions LLC,Highlands Ranch,80130,https://www.kmpprovisions.com/,https://coloradoproud.com/business/?bid=business_profile_1549
Apiary,On-Farm / Ranch Sales,business_profile_869,Koelle Tiny Farms Ltd.,Lafayette,80026,,https://coloradoproud.com/business/?bid=business_profile_869
Dairy,On-Farm / Ranch Sales,business_profile_434,Koha Farm,Elizabeth,80107,http://www.kohafarm.com,https://coloradoproud.com/business/?bid=business_profile_434
Farm / Ranch,On-Farm / Ranch Sales,business_profile_434,Koha Farm,Elizabeth,80107,http://www.kohafarm.com,https://coloradoproud.com/business/?bid=business_profile_434
Farm Market,On-Farm / Ranch Sales,business_profile_434,Koha Farm,Elizabeth,80107,http://www.kohafarm.com,https://coloradoproud.com/business/?bid=business_profile_434
Farmers Market,Farmers' Market,business_profile_434,Koha Farm,Elizabeth,80107,http://www.kohafarm.com,https://coloradoproud.com/business/?bid=business_profile_434
Bakery,Bakery,business_profile_1357,Kokopelli Farm Market,Palisade,81526,http://www.Kokopelliproduce.com,https://coloradoproud.com/business/?bid=business_profile_1357
Coffee Shop,,business_profile_1357,Kokopelli Farm Market,Palisade,81526,http://www.Kokopelliproduce.com,https://coloradoproud.com/business/?bid=business_profile_1357
Doughnut Shop,,business_profile_1357,Kokopelli Farm Market,Palisade,81526,http://www.Kokopelliproduce.com,https://coloradoproud.com/business/?bid=business_profile_1357
Farm Market,On-Farm / Ranch Sales,business_profile_1357,Kokopelli Farm Market,Palisade,81526,http://www.Kokopelliproduce.com,https://coloradoproud.com/business/?bid=business_profile_1357
Food & Beverage Service,,business_profile_1357,Kokopelli Farm Market,Palisade,81526,http://www.Kokopelliproduce.com,https://coloradoproud.com/business/?bid=business_profile_1357
Manufacturer,,business_profile_1357,Kokopelli Farm Market,Palisade,81526,http://www.Kokopelliproduce.com,https://coloradoproud.com/business/?bid=business_profile_1357
Mobile Food & Beverage Stand / Cart,,business_profile_1357,Kokopelli Farm Market,Palisade,81526,http://www.Kokopelliproduce.com,https://coloradoproud.com/business/?bid=business_profile_1357
Orchard,On-Farm / Ranch Sales,business_profile_1357,Kokopelli Farm Market,Palisade,81526,http://www.Kokopelliproduce.com,https://coloradoproud.com/business/?bid=business_profile_1357
Produce Market,Roadside Market,business_profile_1357,Kokopelli Farm Market,Palisade,81526,http://www.Kokopelliproduce.com,https://coloradoproud.com/business/?bid=business_profile_1357
Retailer,,business_profile_1357,Kokopelli Farm Market,Palisade,81526,http://www.Kokopelliproduce.com,https://coloradoproud.com/business/?bid=business_profile_1357
Snack / Confection Shop,,business_profile_1357,Kokopelli Farm Market,Palisade,81526,http://www.Kokopelliproduce.com,https://coloradoproud.com/business/?bid=business_profile_1357
Specialty Food Store,Grocery Store,business_profile_1357,Kokopelli Farm Market,Palisade,81526,http://www.Kokopelliproduce.com,https://coloradoproud.com/business/?bid=business_profile_1357
Wholesale Market,,business_profile_1357,Kokopelli Farm Market,Palisade,81526,http://www.Kokopelliproduce.com,https://coloradoproud.com/business/?bid=business_profile_1357
Wholesaler,,business_profile_1357,Kokopelli Farm Market,Palisade,81526,http://www.Kokopelliproduce.com,https://coloradoproud.com/business/?bid=business_profile_1357
Winery,Winery,business_profile_1253,Kold Prairie Mead,Elizabeth,80107,https://koldprairiemead.com/,https://coloradoproud.com/business/?bid=business_profile_1253
Food Manufacturer,,business_profile_242,KrackCorn LLC.,Englewood,80110,https://www.krackcornpopcorn.com/,https://coloradoproud.com/business/?bid=business_profile_242
Farm / Ranch,On-Farm / Ranch Sales,business_profile_1012,Kuepper Farms,LONGMONT,80503,,https://coloradoproud.com/business/?bid=business_profile_1012
Food Manufacturer,,business_profile_1079,Kulturd,Boulder,80303,https://kulturd.com,https://coloradoproud.com/business/?bid=business_profile_1079
Livestock Producer,On-Farm / Ranch Sales,business_profile_1235,La Dolce Vita Ranch,Guffey,80820,,https://coloradoproud.com/business/?bid=business_profile_1235
Food & Beverage Service,,business_profile_1231,La Fiesta Express,Greeley,80631,https://lafiestamxfood.com/,https://coloradoproud.com/business/?bid=business_profile_1231
Restaurant,Restaurant,business_profile_1355,La Fiesta Restaurant,Denver,80205,https://lafiestadenver.com,https://coloradoproud.com/business/?bid=business_profile_1355
Food Manufacturer,,business_profile_978,La Finca Kitchen,Steamboat Springs,80487,http://www.lafincakitchen.com,https://coloradoproud.com/business/?bid=business_profile_978
Retailer,,business_profile_92,La Junta Trading Company Inc,La Junta,81050,,https://coloradoproud.com/business/?bid=business_profile_92
Food Manufacturer,,business_profile_771,La Reina de la Salsa,Norwood,81423,,https://coloradoproud.com/business/?bid=business_profile_771
Food Truck,,business_profile_1035,Lady in the Wild,Wheat Ridge,80214,https://ladyinthewildfoodtruck.com,https://coloradoproud.com/business/?bid=business_profile_1035
Cottage Food,Food Maker,business_profile_1168,Ladybug & Bee LLC,Westmimster,80234,,https://coloradoproud.com/business/?bid=business_profile_1168
Farmers Market,Farmers' Market,business_profile_1489,Lafayette Colorado Farmers Market,Lafayette,80026,https://www.lafayettefm.com,https://coloradoproud.com/business/?bid=business_profile_1489
Farm Market,On-Farm / Ranch Sales,business_profile_1639,Lafayette Garden Design,Denver,80218,https://www.lafayettegardendesign.com/,https://coloradoproud.com/business/?bid=business_profile_1639
Farm / Ranch,On-Farm / Ranch Sales,business_profile_560,Lancaster Family Farm,Ridgway,81432,,https://coloradoproud.com/business/?bid=business_profile_560
Farm / Ranch,On-Farm / Ranch Sales,business_profile_1358,Larson Family Farms,Haxtun,80731,https://www.larsonfamilyfarms1909.com,https://coloradoproud.com/business/?bid=business_profile_1358
Farm / Ranch,On-Farm / Ranch Sales,business_profile_1104,"Larson Family Farms, LLC",Haxtun,80731,https://www.larsonfamilyfarms1909.com,https://coloradoproud.com/business/?bid=business_profile_1104
Cottage Food,Food Maker,business_profile_1404,Latina Salsas,Denver,80236,https://latinasalsas.com,https://coloradoproud.com/business/?bid=business_profile_1404
Farmers Market,Farmers' Market,business_profile_1404,Latina Salsas,Denver,80236,https://latinasalsas.com,https://coloradoproud.com/business/?bid=business_profile_1404
Food Manufacturer,,business_profile_1404,Latina Salsas,Denver,80236,https://latinasalsas.com,https://coloradoproud.com/business/?bid=business_profile_1404
Apiary,On-Farm / Ranch Sales,business_profile_980,Laurie Lee's Bees,Parker,80138,,https://coloradoproud.com/business/?bid=business_profile_980
Non-Profit Organization,,business_profile_1206,Lavender Association of Colorado,Palisade,81526,https://coloradolavender.org,https://coloradoproud.com/business/?bid=business_profile_1206
Bakery,Bakery,business_profile_1604,Lazar Family Bakehouse,Cherry Hills Village,80113,https://www.lazarfamilybakehouse.com,https://coloradoproud.com/business/?bid=business_profile_1604
Farm / Ranch,On-Farm / Ranch Sales,business_profile_689,Lazy 3X Ranch,Mack,81525,https://lazy3xranch.com,https://coloradoproud.com/business/?bid=business_profile_689
Farm / Ranch,On-Farm / Ranch Sales,business_profile_823,Lazy acre beef,Evergreen,80439,https://shoplazyacrebeef.com/,https://coloradoproud.com/business/?bid=business_profile_823
Farm / Ranch,On-Farm / Ranch Sales,business_profile_1217,Lazy Acres Ranch LLC,Longmont,80503,https://www.lazy-acres-ranch.com,https://coloradoproud.com/business/?bid=business_profile_1217
Livestock Producer,On-Farm / Ranch Sales,business_profile_1205,LaZyB Acres Alpacas,Bennett,80102,,https://coloradoproud.com/business/?bid=business_profile_1205
Dairy,On-Farm / Ranch Sales,business_profile_636,"LDF, Inc. dba Longmont Dairy Farm",Longmont,80501,https://www.longmontdairy.com,https://coloradoproud.com/business/?bid=business_profile_636
Farm / Ranch,On-Farm / Ranch Sales,business_profile_1070,Leafcutter Farms,durango,81303,https://www.leafcutterfarms.com/,https://coloradoproud.com/business/?bid=business_profile_1070
Health Supplement Store,,business_profile_388,Leanna Organics CBD,Westminster,80031,https://leannaorganics.com/,https://coloradoproud.com/business/?bid=business_profile_388
Manufacturer,,business_profile_388,Leanna Organics CBD,Westminster,80031,https://leannaorganics.com/,https://coloradoproud.com/business/?bid=business_profile_388
Merchant / Merchandiser,,business_profile_388,Leanna Organics CBD,Westminster,80031,https://leannaorganics.com/,https://coloradoproud.com/business/?bid=business_profile_388
Retailer,,business_profile_388,Leanna Organics CBD,Westminster,80031,https://leannaorganics.com/,https://coloradoproud.com/business/?bid=business_profile_388
Cottage Food,Food Maker,business_profile_833,Lee's Bees,Highlands Ranch,80129,,https://coloradoproud.com/business/?bid=business_profile_833
Livestock Producer,On-Farm / Ranch Sales,business_profile_809,Legacy Meats LLC,Kersey,80644,https://legacymeats.net,https://coloradoproud.com/business/?bid=business_profile_809
Meat & Poultry Market,Meat Producer & Packer,business_profile_809,Legacy Meats LLC,Kersey,80644,https://legacymeats.net,https://coloradoproud.com/business/?bid=business_profile_809
Apiary,On-Farm / Ranch Sales,business_profile_1088,Lela’s Honey LLC,Strasburg,80136,https://www.lelashoney.com,https://coloradoproud.com/business/?bid=business_profile_1088
Food Truck,,business_profile_909,Lemon Love LLC,Colorado Springs,80906,,https://coloradoproud.com/business/?bid=business_profile_909
Farm / Ranch,On-Farm / Ranch Sales,business_profile_1575,Lenz Family Farms,Holyoke,80734,https://www.lenzfamilyfarms.com,https://coloradoproud.com/business/?bid=business_profile_1575
Distillery,,business_profile_1311,Leopold Bros.,Denver,80239,https://www.leopoldbros.com,https://coloradoproud.com/business/?bid=business_profile_1311
Non-Profit Organization,,business_profile_1186,Liberty Farms,Calhan,80808,https://libertyfarmscolorado.org/,https://coloradoproud.com/business/?bid=business_profile_1186
Manufacturer,,business_profile_1381,Lily's Toaster Grills,DENVER,80216,https://lilystoastergrills.com/,https://coloradoproud.com/business/?bid=business_profile_1381
Beverage Retailer,,business_profile_972,Lit Lemonade,Arvada,80222,,https://coloradoproud.com/business/?bid=business_profile_972
Cottage Food,Food Maker,business_profile_1142,Little Bread Hen Baking Company,Grand Junction,81501,,https://coloradoproud.com/business/?bid=business_profile_1142
Bakery,Bakery,business_profile_925,Little Finch,Denver,80202,https://www.oliveandfinch.com/little-finch,https://coloradoproud.com/business/?bid=business_profile_925
Bar / Pub / Tavern,,business_profile_925,Little Finch,Denver,80202,https://www.oliveandfinch.com/little-finch,https://coloradoproud.com/business/?bid=business_profile_925
Restaurant,Restaurant,business_profile_925,Little Finch,Denver,80202,https://www.oliveandfinch.com/little-finch,https://coloradoproud.com/business/?bid=business_profile_925
Farm / Ranch,On-Farm / Ranch Sales,business_profile_1522,Little h Farm,Cañon City,81212,https://www.littlehfarm.farm,https://coloradoproud.com/business/?bid=business_profile_1522
Food Manufacturer,,business_profile_331,Little House of Tempeh,Fort Collins,80521,https://littlehouseoftempeh.com,https://coloradoproud.com/business/?bid=business_profile_331
Food Manufacturer,,business_profile_718,Little Man Ice Cream,Denver,80204,https://littlemanicecream.com,https://coloradoproud.com/business/?bid=business_profile_718
Candy,,business_profile_706,Little Secrets LLC,Boulder,80301,https://littlesecretschocolates.com/,https://coloradoproud.com/business/?bid=business_profile_706
Nut & Confectionery Store,,business_profile_706,Little Secrets LLC,Boulder,80301,https://littlesecretschocolates.com/,https://coloradoproud.com/business/?bid=business_profile_706
Bakery,Bakery,business_profile_992,Little Spouse Bread House,Longmont,80501,,https://coloradoproud.com/business/?bid=business_profile_992
Farm / Roadside Stand,Roadside Market,business_profile_1582,Little Stone Farm,Berthoud,80513,https://littlestonefarm.com,https://coloradoproud.com/business/?bid=business_profile_1582
Manufacturer,,business_profile_1497,Little Tree Soap Co.,Canon City,81212,http://www.littletreesoapco.com,https://coloradoproud.com/business/?bid=business_profile_1497
Farm / Roadside Stand,Roadside Market,business_profile_513,Live Stream Gardens,Lafayette,80026,,https://coloradoproud.com/business/?bid=business_profile_513
Farm / Ranch,On-Farm / Ranch Sales,business_profile_1166,Living Water Ranch,Livermore,80536,https://www.livingwaterranchcolorado.com/,https://coloradoproud.com/business/?bid=business_profile_1166
Meat & Poultry Market,Meat Producer & Packer,business_profile_1166,Living Water Ranch,Livermore,80536,https://www.livingwaterranchcolorado.com/,https://coloradoproud.com/business/?bid=business_profile_1166
Farm / Ranch,On-Farm / Ranch Sales,business_profile_525,Llama Trekking by Lookin Up Outfitters,Westcliffe,81252,http://www.llamatrekwestcliffe.com,https://coloradoproud.com/business/?bid=business_profile_525
Livestock Producer,On-Farm / Ranch Sales,business_profile_525,Llama Trekking by Lookin Up Outfitters,Westcliffe,81252,http://www.llamatrekwestcliffe.com,https://coloradoproud.com/business/?bid=business_profile_525
Tourism,Agritourism,business_profile_525,Llama Trekking by Lookin Up Outfitters,Westcliffe,81252,http://www.llamatrekwestcliffe.com,https://coloradoproud.com/business/?bid=business_profile_525
Cottage Food,Food Maker,business_profile_1408,Lmc,Loveland,80538,,https://coloradoproud.com/business/?bid=business_profile_1408
Apiary,On-Farm / Ranch Sales,business_profile_1472,Lockhart Honey Farms,Pueblo,81004,https://lockharthoneyfarms.com,https://coloradoproud.com/business/?bid=business_profile_1472
Distributor,,business_profile_112,"LoCo Food Distribution, LLC",Fort Collins,80524,https://www.LoCoFoodDistribution.com,https://coloradoproud.com/business/?bid=business_profile_112
Candy,,business_profile_445,Lollipop & Co.,Westcliffe,81252,https://www.lollipopnco.com/,https://coloradoproud.com/business/?bid=business_profile_445
Nut & Confectionery Store,,business_profile_445,Lollipop & Co.,Westcliffe,81252,https://www.lollipopnco.com/,https://coloradoproud.com/business/?bid=business_profile_445
Retailer,,business_profile_445,Lollipop & Co.,Westcliffe,81252,https://www.lollipopnco.com/,https://coloradoproud.com/business/?bid=business_profile_445
Specialty Food Store,Grocery Store,business_profile_445,Lollipop & Co.,Westcliffe,81252,https://www.lollipopnco.com/,https://coloradoproud.com/business/?bid=business_profile_445
Farm / Ranch,On-Farm / Ranch Sales,business_profile_279,Long Shadow Farm,Berthoud,80513,,https://coloradoproud.com/business/?bid=business_profile_279
Farm / Ranch,On-Farm / Ranch Sales,business_profile_287,Long's Gardens,Boulder,80304,https://www.longsgardens.com,https://coloradoproud.com/business/?bid=business_profile_287
Non-Profit Organization,,business_profile_1233,Longer Tables,Englewood,80151,https://www.longertables.org,https://coloradoproud.com/business/?bid=business_profile_1233
Farm / Ranch,On-Farm / Ranch Sales,business_profile_1504,Longroots Ranch,Longmont,80503,https://www.longrootsranch.com/,https://coloradoproud.com/business/?bid=business_profile_1504
Meat & Poultry Market,Meat Producer & Packer,business_profile_1073,Longview Meats LLC,Walden,80480,https://longviewmeats.com,https://coloradoproud.com/business/?bid=business_profile_1073
Farm / Ranch,On-Farm / Ranch Sales,business_profile_271,"Los Rios Farm, LLC",Berthoud,80513,,https://coloradoproud.com/business/?bid=business_profile_271
Farm / Ranch,On-Farm / Ranch Sales,business_profile_85,Lost Rock Farm,Broomfield,,,https://coloradoproud.com/business/?bid=business_profile_85
Food Manufacturer,,business_profile_962,Lottie's Meats,Denver,80212,https://www.lottiesmeats.com,https://coloradoproud.com/business/?bid=business_profile_962
Grocery Store,Grocery Store,business_profile_1098,Lotus Asian Market,Aurora,80017,,https://coloradoproud.com/business/?bid=business_profile_1098
Farm / Ranch,On-Farm / Ranch Sales,business_profile_334,Loutzenhiser Cattle Company,Flagler,80815,http://loutzenhisercattle.com,https://coloradoproud.com/business/?bid=business_profile_334
Retailer,,business_profile_949,Love From Mission,Denver,80249,https://lovefromusagroup.com/pages/love-from-mission,https://coloradoproud.com/business/?bid=business_profile_949
Candy,,business_profile_441,Loveland Chocolate,Loveland,80537,,https://coloradoproud.com/business/?bid=business_profile_441
Nut & Confectionery Store,,business_profile_441,Loveland Chocolate,Loveland,80537,,https://coloradoproud.com/business/?bid=business_profile_441
Retailer,,business_profile_441,Loveland Chocolate,Loveland,80537,,https://coloradoproud.com/business/?bid=business_profile_441
Snack / Confection Shop,,business_profile_441,Loveland Chocolate,Loveland,80537,,https://coloradoproud.com/business/?bid=business_profile_441
Bed & Breakfast,Agritourism,business_profile_315,"Luark Ranch & Outfitters, LLC",Burns,80426,,https://coloradoproud.com/business/?bid=business_profile_315
Dude Ranch,Agritourism,business_profile_315,"Luark Ranch & Outfitters, LLC",Burns,80426,,https://coloradoproud.com/business/?bid=business_profile_315
Farm / Ranch,On-Farm / Ranch Sales,business_profile_315,"Luark Ranch & Outfitters, LLC",Burns,80426,,https://coloradoproud.com/business/?bid=business_profile_315
Livestock Producer,On-Farm / Ranch Sales,business_profile_315,"Luark Ranch & Outfitters, LLC",Burns,80426,,https://coloradoproud.com/business/?bid=business_profile_315
Value-Added Producer / Processor,Food Maker,business_profile_315,"Luark Ranch & Outfitters, LLC",Burns,80426,,https://coloradoproud.com/business/?bid=business_profile_315
Farm / Ranch,On-Farm / Ranch Sales,business_profile_256,Lucky Lockette Ranch LLC,Wetmore,81253,,https://coloradoproud.com/business/?bid=business_profile_256
Grazer,On-Farm / Ranch Sales,business_profile_256,Lucky Lockette Ranch LLC,Wetmore,81253,,https://coloradoproud.com/business/?bid=business_profile_256
Livestock Producer,On-Farm / Ranch Sales,business_profile_256,Lucky Lockette Ranch LLC,Wetmore,81253,,https://coloradoproud.com/business/?bid=business_profile_256
Meat & Poultry Market,Meat Producer & Packer,business_profile_256,Lucky Lockette Ranch LLC,Wetmore,81253,,https://coloradoproud.com/business/?bid=business_profile_256
Bakery,Bakery,business_profile_1347,Lunch Wired,Centennial,80112,https://www.lunchwired.com,https://coloradoproud.com/business/?bid=business_profile_1347
Cafeteria / Buffet,,business_profile_1347,Lunch Wired,Centennial,80112,https://www.lunchwired.com,https://coloradoproud.com/business/?bid=business_profile_1347
Caterer,Caterer,business_profile_1347,Lunch Wired,Centennial,80112,https://www.lunchwired.com,https://coloradoproud.com/business/?bid=business_profile_1347
Food Manufacturer,,business_profile_1415,Lupita's,Oak Creek,80467,https://www.lupitascantina.com,https://coloradoproud.com/business/?bid=business_profile_1415
Restaurant,Restaurant,business_profile_1415,Lupita's,Oak Creek,80467,https://www.lupitascantina.com,https://coloradoproud.com/business/?bid=business_profile_1415
Food Manufacturer,,business_profile_641,Luv Box LLC,Durango,81301,https://luvtempeh.com/,https://coloradoproud.com/business/?bid=business_profile_641
Retailer,,business_profile_489,Lynda Sue's Kitchen,Colorado Springs,80907,https://lyndasueskitchen.com,https://coloradoproud.com/business/?bid=business_profile_489
Food Manufacturer,,business_profile_349,"Lyndy's Food, LLC",Lakewood,80226,,https://coloradoproud.com/business/?bid=business_profile_349
Ag Input Supplier,,business_profile_1177,M & H Ag llc,Paonia,81428,,https://coloradoproud.com/business/?bid=business_profile_1177
Farm / Ranch,On-Farm / Ranch Sales,business_profile_1177,M & H Ag llc,Paonia,81428,,https://coloradoproud.com/business/?bid=business_profile_1177
Farm Market,On-Farm / Ranch Sales,business_profile_1177,M & H Ag llc,Paonia,81428,,https://coloradoproud.com/business/?bid=business_profile_1177
Wholesaler,,business_profile_1177,M & H Ag llc,Paonia,81428,,https://coloradoproud.com/business/?bid=business_profile_1177
Food Manufacturer,,business_profile_1442,"Mac 'N Noodles, LLC",Denver,80223,https://macnnoodles.com,https://coloradoproud.com/business/?bid=business_profile_1442
Food Truck,,business_profile_1442,"Mac 'N Noodles, LLC",Denver,80223,https://macnnoodles.com,https://coloradoproud.com/business/?bid=business_profile_1442
Food Truck,,business_profile_1029,MAC Nifico,,,https://www.themacnifico.com/,https://coloradoproud.com/business/?bid=business_profile_1029
Wholesaler,,business_profile_627,Mad Lemon,Denver,80205,https://drinkmadlemon.com,https://coloradoproud.com/business/?bid=business_profile_627
Bakery,Bakery,business_profile_1315,Maggie’s Bread and Butter LLC,Ault,80610,http://www.magsbakesbread.com,https://coloradoproud.com/business/?bid=business_profile_1315
Cottage Food,Food Maker,business_profile_1315,Maggie’s Bread and Butter LLC,Ault,80610,http://www.magsbakesbread.com,https://coloradoproud.com/business/?bid=business_profile_1315
Frozen Custard / Ice Cream Parlor,,business_profile_505,Magic Chonk,Steamboat Springs,80487,https://www.magicchonk.com,https://coloradoproud.com/business/?bid=business_profile_505
Cottage Food,Food Maker,business_profile_1330,Magic Sourdough,Grand Junction,81503,https://www.magicsourdough.com/,https://coloradoproud.com/business/?bid=business_profile_1330
Non-Profit Organization,,business_profile_140,Main Street Steamboat Springs,Steamboat Springs,80487,https://www.mainstreetsteamboat.com,https://coloradoproud.com/business/?bid=business_profile_140
Candy,,business_profile_772,"Maker and Baker Limited, DBA as Ms Margaret Maker",Denver,80221,http://msmargaretmaker.com,https://coloradoproud.com/business/?bid=business_profile_772
Nut & Confectionery Store,,business_profile_772,"Maker and Baker Limited, DBA as Ms Margaret Maker",Denver,80221,http://msmargaretmaker.com,https://coloradoproud.com/business/?bid=business_profile_772
Cottage Food,Food Maker,business_profile_1014,Maker Meadows,,,,https://coloradoproud.com/business/?bid=business_profile_1014
Farm Market,On-Farm / Ranch Sales,business_profile_879,Malara Gardens,Arvada,80004,https://www.malaragardens.com/,https://coloradoproud.com/business/?bid=business_profile_879
Farm / Ranch,On-Farm / Ranch Sales,business_profile_597,Mallory Mini Farm,Frederick,80530,,https://coloradoproud.com/business/?bid=business_profile_597
Food Manufacturer,,business_profile_1221,Mama Joes LLC,Como,80432,,https://coloradoproud.com/business/?bid=business_profile_1221
Food Manufacturer,,business_profile_545,Mama's Authentic Creole Gumbeaux,Littleton,80127,,https://coloradoproud.com/business/?bid=business_profile_545
Food Manufacturer,,business_profile_1099,Mamas Peri Peri,Denver,80230,https://mamasperiperi.com,https://coloradoproud.com/business/?bid=business_profile_1099
Food Manufacturer,,business_profile_382,"Mandala Pizza, LLC",Mosca,81146,http://www.mandala-pizza.com,https://coloradoproud.com/business/?bid=business_profile_382
Coffee Shop,,business_profile_676,Mane Brew Coffee,Pueblo,81006,,https://coloradoproud.com/business/?bid=business_profile_676
Food Truck,,business_profile_676,Mane Brew Coffee,Pueblo,81006,,https://coloradoproud.com/business/?bid=business_profile_676
Winery,Winery,business_profile_692,Manitou Winery,Manitou Springs,80829,http://winerymsprings.com/,https://coloradoproud.com/business/?bid=business_profile_692
Farm / Ranch,On-Farm / Ranch Sales,business_profile_973,Marc Arnusch Farms,Keenesburg,80643,https://arnuschfarms.com,https://coloradoproud.com/business/?bid=business_profile_973
Hay / Forage Producer,,business_profile_973,Marc Arnusch Farms,Keenesburg,80643,https://arnuschfarms.com,https://coloradoproud.com/business/?bid=business_profile_973
Value-Added Producer / Processor,Food Maker,business_profile_973,Marc Arnusch Farms,Keenesburg,80643,https://arnuschfarms.com,https://coloradoproud.com/business/?bid=business_profile_973
Specialty Food Store,Grocery Store,business_profile_1025,Marczyk Fine Foods,Denver,80207,https://marczykfinefoods.com/,https://coloradoproud.com/business/?bid=business_profile_1025
Farm / Ranch,On-Farm / Ranch Sales,business_profile_142,Marigold Livestock Co.,Basalt,81621,https://www.marigoldlivestock.com,https://coloradoproud.com/business/?bid=business_profile_142
Farmers Market,Farmers' Market,business_profile_278,Market on Main,Grand Junction,81501,https://downtowngj.org/,https://coloradoproud.com/business/?bid=business_profile_278
Bakery,Bakery,business_profile_70,Marketplace Bakery,Longmont,80501,,https://coloradoproud.com/business/?bid=business_profile_70
Farm / Ranch,On-Farm / Ranch Sales,business_profile_298,Marlow Ranch,Yoder,80864,,https://coloradoproud.com/business/?bid=business_profile_298
Farmers Market,Farmers' Market,business_profile_298,Marlow Ranch,Yoder,80864,,https://coloradoproud.com/business/?bid=business_profile_298
Retailer,,business_profile_298,Marlow Ranch,Yoder,80864,,https://coloradoproud.com/business/?bid=business_profile_298
Farm / Ranch,On-Farm / Ranch Sales,business_profile_675,MarsRoom LLC (Gourmet & Medicinal Mushrooms),Denver,80229,https://marsroom.us,https://coloradoproud.com/business/?bid=business_profile_675
Livestock Producer,On-Farm / Ranch Sales,business_profile_103,Martino Cattle Company LLC,,,https://spark.adobe.com/page/raV1WUqYA76Lz/,https://coloradoproud.com/business/?bid=business_profile_103
Meat & Poultry Market,Meat Producer & Packer,business_profile_103,Martino Cattle Company LLC,,,https://spark.adobe.com/page/raV1WUqYA76Lz/,https://coloradoproud.com/business/?bid=business_profile_103
Mobile Food Stand / Cart,,business_profile_103,Martino Cattle Company LLC,,,https://spark.adobe.com/page/raV1WUqYA76Lz/,https://coloradoproud.com/business/?bid=business_profile_103
Retailer,,business_profile_103,Martino Cattle Company LLC,,,https://spark.adobe.com/page/raV1WUqYA76Lz/,https://coloradoproud.com/business/?bid=business_profile_103
Non-Profit Organization,,business_profile_835,Mary’s Hands,,,https://www.maryshands.org,https://coloradoproud.com/business/?bid=business_profile_835
Food Manufacturer,,business_profile_75,"Mary’s Wholesome Living, Ltd.",Broomfield,80020,https://www.maryswholesomeliving.com,https://coloradoproud.com/business/?bid=business_profile_75
Restaurant,Restaurant,business_profile_1309,Masala Mingle Indian Bistro & Bar,Colorado Springs,80903,https://masalaminglecos.com/,https://coloradoproud.com/business/?bid=business_profile_1309
Food Manufacturer,,business_profile_99,Masi Masa Trading Company,Denver,80202,https://masimasa.com,https://coloradoproud.com/business/?bid=business_profile_99
Farm / Roadside Stand,Roadside Market,business_profile_307,Mattics Orchards,Olathe,81425,,https://coloradoproud.com/business/?bid=business_profile_307
Bagel / Sandwich Shop,,business_profile_1037,Mc2 Ice Cream,Broomfield,80021,https://www.mc2icecreamco.com/,https://coloradoproud.com/business/?bid=business_profile_1037
Coffee Shop,,business_profile_1037,Mc2 Ice Cream,Broomfield,80021,https://www.mc2icecreamco.com/,https://coloradoproud.com/business/?bid=business_profile_1037
Commissary,,business_profile_1037,Mc2 Ice Cream,Broomfield,80021,https://www.mc2icecreamco.com/,https://coloradoproud.com/business/?bid=business_profile_1037
Food Truck,,business_profile_1037,Mc2 Ice Cream,Broomfield,80021,https://www.mc2icecreamco.com/,https://coloradoproud.com/business/?bid=business_profile_1037
Frozen Custard / Ice Cream Parlor,,business_profile_1037,Mc2 Ice Cream,Broomfield,80021,https://www.mc2icecreamco.com/,https://coloradoproud.com/business/?bid=business_profile_1037
Caterer,Caterer,business_profile_741,McDevitt Taco Supply,Lafayette,80026,,https://coloradoproud.com/business/?bid=business_profile_741
Coffee Shop,,business_profile_741,McDevitt Taco Supply,Lafayette,80026,,https://coloradoproud.com/business/?bid=business_profile_741
Food Truck,,business_profile_741,McDevitt Taco Supply,Lafayette,80026,,https://coloradoproud.com/business/?bid=business_profile_741
Restaurant,Restaurant,business_profile_741,McDevitt Taco Supply,Lafayette,80026,,https://coloradoproud.com/business/?bid=business_profile_741
Candy,,business_profile_534,McShea Peanuts,,,,https://coloradoproud.com/business/?bid=business_profile_534
Nut & Confectionery Store,,business_profile_534,McShea Peanuts,,,,https://coloradoproud.com/business/?bid=business_profile_534
Cottage Food,Food Maker,business_profile_534,McShea Peanuts,,,,https://coloradoproud.com/business/?bid=business_profile_534
Food Truck,,business_profile_534,McShea Peanuts,,,,https://coloradoproud.com/business/?bid=business_profile_534
Mobile Food & Beverage Stand / Cart,,business_profile_534,McShea Peanuts,,,,https://coloradoproud.com/business/?bid=business_profile_534
Mobile Food Stand / Cart,,business_profile_534,McShea Peanuts,,,,https://coloradoproud.com/business/?bid=business_profile_534
Farm / Roadside Stand,Roadside Market,business_profile_1149,McWiggly Worm Farm LLC,Pueblo West,81007,,https://coloradoproud.com/business/?bid=business_profile_1149
Winery,Winery,business_profile_196,MeadKrieger Meadery LLC,Loveland,80537,https://www.meadkrieger.com/,https://coloradoproud.com/business/?bid=business_profile_196
Grocery Store,Grocery Store,business_profile_906,"Meadowlark Garden, LLC",Grand Junction,81507,https://www.meadowlarkgardencenter.com/,https://coloradoproud.com/business/?bid=business_profile_906
Produce Market,Roadside Market,business_profile_906,"Meadowlark Garden, LLC",Grand Junction,81507,https://www.meadowlarkgardencenter.com/,https://coloradoproud.com/business/?bid=business_profile_906
Meat Packer / Processor,Meat Producer & Packer,business_profile_175,Meat Cleaver,Denver,80212,https://www.meatcleavergameprocessing.com,https://coloradoproud.com/business/?bid=business_profile_175
Cooperative Grocery Store,Grocery Store,business_profile_899,Meat Sweats LLC; DBA: Littleton Meats,Littleton,80123,https://www.littletonmeats.com,https://coloradoproud.com/business/?bid=business_profile_899
Food Manufacturer,,business_profile_1108,Meati,Thornton,80023,https://www.meati.com,https://coloradoproud.com/business/?bid=business_profile_1108
Meat & Poultry Market,Meat Producer & Packer,business_profile_329,Meet America Inc.,,,,https://coloradoproud.com/business/?bid=business_profile_329
Food Manufacturer,,business_profile_503,MeFoodGuy LLC  dba Eat'n Good,Denver,80216,,https://coloradoproud.com/business/?bid=business_profile_503
Food & Beverage Service,,business_profile_1373,Mel's Hot Honey,Denver,80204,https://www.melshothoney.com,https://coloradoproud.com/business/?bid=business_profile_1373
Cottage Food,Food Maker,business_profile_1613,Melanie's CO Kitchen,Elizabeth,80107,https://bakesy.shop/b/melanies-co-kitchen,https://coloradoproud.com/business/?bid=business_profile_1613
Farmers Market,Farmers' Market,business_profile_436,Mercado Del Norte,Del Norte,81132,https://www.solmountainfarm.com/,https://coloradoproud.com/business/?bid=business_profile_436
Ag Input Supplier,,business_profile_601,Mesa Microgreens LLC,Silt,81652,https://www.mesamicrogreens.com/,https://coloradoproud.com/business/?bid=business_profile_601
Orchard,On-Farm / Ranch Sales,business_profile_1543,Mesa Park Fruit Co LLC,Palisade,81526,https://mesaparkfruit.com,https://coloradoproud.com/business/?bid=business_profile_1543
Restaurant,Restaurant,business_profile_157,Mesa Winds Farm and Winery,Hotchkiss,81419,https://www.mesawindswinery.com/,https://coloradoproud.com/business/?bid=business_profile_157
Winery,Winery,business_profile_157,Mesa Winds Farm and Winery,Hotchkiss,81419,https://www.mesawindswinery.com/,https://coloradoproud.com/business/?bid=business_profile_157
Meat Packer / Processor,Meat Producer & Packer,business_profile_410,Meyer Natural Foods,Loveland,80538,https://www.meyernaturalfoods.com/,https://coloradoproud.com/business/?bid=business_profile_410
Manufacturer,,business_profile_1361,Midnight Apothecary,Eaton,80615,https://midnightapothecary.store,https://coloradoproud.com/business/?bid=business_profile_1361
Farm / Ranch,On-Farm / Ranch Sales,business_profile_154,Midnite Cattle Company,Trinidad,81082,,https://coloradoproud.com/business/?bid=business_profile_154
Livestock Feeder,,business_profile_154,Midnite Cattle Company,Trinidad,81082,,https://coloradoproud.com/business/?bid=business_profile_154
Livestock Producer,On-Farm / Ranch Sales,business_profile_154,Midnite Cattle Company,Trinidad,81082,,https://coloradoproud.com/business/?bid=business_profile_154
Bakery,Bakery,business_profile_1239,Miette et Chocolat,Aurora,80010,https://mietteetchocolat.com,https://coloradoproud.com/business/?bid=business_profile_1239
Apiary,On-Farm / Ranch Sales,business_profile_791,Milagro Foods,Parker,80138,https://frangiosafarms.com/,https://coloradoproud.com/business/?bid=business_profile_791
Farm / Ranch,On-Farm / Ranch Sales,business_profile_791,Milagro Foods,Parker,80138,https://frangiosafarms.com/,https://coloradoproud.com/business/?bid=business_profile_791
Food Manufacturer,,business_profile_791,Milagro Foods,Parker,80138,https://frangiosafarms.com/,https://coloradoproud.com/business/?bid=business_profile_791
Value-Added Producer / Processor,Food Maker,business_profile_791,Milagro Foods,Parker,80138,https://frangiosafarms.com/,https://coloradoproud.com/business/?bid=business_profile_791
Wholesaler,,business_profile_791,Milagro Foods,Parker,80138,https://frangiosafarms.com/,https://coloradoproud.com/business/?bid=business_profile_791
Farm / Ranch,On-Farm / Ranch Sales,business_profile_1611,Milan Family Farms,Fountain,80817,https://stockandsprout.com/profile/l9f16d0pFtZGceo6MmQbaHFZ9L22,https://coloradoproud.com/business/?bid=business_profile_1611
Health Supplement Store,,business_profile_837,Mile High City CBD,Denver,80211,https://milehighcitycbd.com/,https://coloradoproud.com/business/?bid=business_profile_837
Farm / Roadside Stand,Roadside Market,business_profile_571,Mile High Mycro Farms,Commerce City,80022,https://www.milehighmycrofarms.co,https://coloradoproud.com/business/?bid=business_profile_571
Food Manufacturer,,business_profile_255,Mile High Original Salsa and Hot Fudge Topping,Boulder,80402,https://www.milehighoriginalsalsa.com,https://coloradoproud.com/business/?bid=business_profile_255
Food Service Contractor,,business_profile_719,Mile High Spice Company,Brighton,80602,https://milehighspicecompany.com/,https://coloradoproud.com/business/?bid=business_profile_719
Food & Beverage Service,,business_profile_1123,Mile High Thai,Denver,80204,https://www.milehighthai.com,https://coloradoproud.com/business/?bid=business_profile_1123
Restaurant,Restaurant,business_profile_1123,Mile High Thai,Denver,80204,https://www.milehighthai.com,https://coloradoproud.com/business/?bid=business_profile_1123
Restaurant,Restaurant,business_profile_1121,Mile High Thai LLC,Denver,80204,https://www.milehighthai.com,https://coloradoproud.com/business/?bid=business_profile_1121
Wholesaler,,business_profile_1121,Mile High Thai LLC,Denver,80204,https://www.milehighthai.com,https://coloradoproud.com/business/?bid=business_profile_1121
Cottage Food,Food Maker,business_profile_915,Mile-Hi Provisions,Aurora,80015,https://milehiprovisions.com/,https://coloradoproud.com/business/?bid=business_profile_915
Candy,,business_profile_790,Mile-Hi Sweets & Treats,Denver,80249,https://www.milehisweetsandtreats.com/,https://coloradoproud.com/business/?bid=business_profile_790
Nut & Confectionery Store,,business_profile_790,Mile-Hi Sweets & Treats,Denver,80249,https://www.milehisweetsandtreats.com/,https://coloradoproud.com/business/?bid=business_profile_790
Bakery,Bakery,business_profile_885,Milk and Honey Coffee,Denver,80205,https://www.milknhoneycoffeeco.com,https://coloradoproud.com/business/?bid=business_profile_885
Coffee Shop,,business_profile_885,Milk and Honey Coffee,Denver,80205,https://www.milknhoneycoffeeco.com,https://coloradoproud.com/business/?bid=business_profile_885
Food & Beverage Service,,business_profile_885,Milk and Honey Coffee,Denver,80205,https://www.milknhoneycoffeeco.com,https://coloradoproud.com/business/?bid=business_profile_885
Bagel / Sandwich Shop,,business_profile_919,Mill Haus Coffee,Milliken,80543,https://www.millhauscoffee.com,https://coloradoproud.com/business/?bid=business_profile_919
Bakery,Bakery,business_profile_919,Mill Haus Coffee,Milliken,80543,https://www.millhauscoffee.com,https://coloradoproud.com/business/?bid=business_profile_919
Caterer,Caterer,business_profile_919,Mill Haus Coffee,Milliken,80543,https://www.millhauscoffee.com,https://coloradoproud.com/business/?bid=business_profile_919
Coffee Shop,,business_profile_919,Mill Haus Coffee,Milliken,80543,https://www.millhauscoffee.com,https://coloradoproud.com/business/?bid=business_profile_919
Food & Beverage Service,,business_profile_919,Mill Haus Coffee,Milliken,80543,https://www.millhauscoffee.com,https://coloradoproud.com/business/?bid=business_profile_919
Restaurant,Restaurant,business_profile_919,Mill Haus Coffee,Milliken,80543,https://www.millhauscoffee.com,https://coloradoproud.com/business/?bid=business_profile_919
Bakery,Bakery,business_profile_1529,Mimi's Place Cottage Bakery,Englewood,80110,http://facebook.com/mimiscottagebakery,https://coloradoproud.com/business/?bid=business_profile_1529
Farm / Ranch,On-Farm / Ranch Sales,business_profile_401,Minion Ranch,Rush,80833,,https://coloradoproud.com/business/?bid=business_profile_401
Farm / Ranch,On-Farm / Ranch Sales,business_profile_1396,Minix Ranch LLC,Calhan,80808,,https://coloradoproud.com/business/?bid=business_profile_1396
Farm / Ranch,On-Farm / Ranch Sales,business_profile_991,Minoru Farm,,,,https://coloradoproud.com/business/?bid=business_profile_991
Farm / Ranch,On-Farm / Ranch Sales,business_profile_1137,Miraflora Wagyu,Longmont,80503,https://miraflorawagyu.com/,https://coloradoproud.com/business/?bid=business_profile_1137
Farmers Market,Farmers' Market,business_profile_1137,Miraflora Wagyu,Longmont,80503,https://miraflorawagyu.com/,https://coloradoproud.com/business/?bid=business_profile_1137
Livestock Producer,On-Farm / Ranch Sales,business_profile_1137,Miraflora Wagyu,Longmont,80503,https://miraflorawagyu.com/,https://coloradoproud.com/business/?bid=business_profile_1137
Meat & Poultry Market,Meat Producer & Packer,business_profile_1137,Miraflora Wagyu,Longmont,80503,https://miraflorawagyu.com/,https://coloradoproud.com/business/?bid=business_profile_1137
Food Manufacturer,,business_profile_1540,MisoHeat,Denver,80204,https://www.misoheat.com,https://coloradoproud.com/business/?bid=business_profile_1540
Coffee Shop,,business_profile_731,"Mission Coffee Roasters, Inc.",Colorado Springs,80921,https://www.missioncoffeeroasters.com/,https://coloradoproud.com/business/?bid=business_profile_731
Health Supplement Store,,business_profile_1626,MMM Industries Co.,Denver,80224,,https://coloradoproud.com/business/?bid=business_profile_1626
Farm / Roadside Stand,Roadside Market,business_profile_195,Modern Farmsteads,Longmont,80501,https://www.modernfarmsteads.com,https://coloradoproud.com/business/?bid=business_profile_195
Produce Market,Roadside Market,business_profile_195,Modern Farmsteads,Longmont,80501,https://www.modernfarmsteads.com,https://coloradoproud.com/business/?bid=business_profile_195
Manufacturer,,business_profile_68,Moksha Chocolate,Boulder,80301,https://mokshachocolate.com/,https://coloradoproud.com/business/?bid=business_profile_68
Food Truck,,business_profile_501,Mollie and Co,Pueblo,81001,,https://coloradoproud.com/business/?bid=business_profile_501
Farm / Ranch,On-Farm / Ranch Sales,business_profile_1057,Mollohan Farm and Ranch,Otis,80743,,https://coloradoproud.com/business/?bid=business_profile_1057
Brewery,,business_profile_1094,Monolith Brewing,Denver,80210,https://www.monolithbrewing.com,https://coloradoproud.com/business/?bid=business_profile_1094
Non-Profit Organization,,business_profile_825,Montessori Children's House of Denver,Denver,80238,https://www.mchdenver.org,https://coloradoproud.com/business/?bid=business_profile_825
School / Educational Institution,,business_profile_825,Montessori Children's House of Denver,Denver,80238,https://www.mchdenver.org,https://coloradoproud.com/business/?bid=business_profile_825
Farmers Market,Farmers' Market,business_profile_366,Montrose Farmers Market,Montrose,81402,https://valleyfoodpartnership.org,https://coloradoproud.com/business/?bid=business_profile_366
Farmers Market,Farmers' Market,business_profile_470,Moon Peppers Co. LLC,Colorado Springs,80919,http://www.moonpeppersco.com,https://coloradoproud.com/business/?bid=business_profile_470
Food Manufacturer,,business_profile_470,Moon Peppers Co. LLC,Colorado Springs,80919,http://www.moonpeppersco.com,https://coloradoproud.com/business/?bid=business_profile_470
Food Manufacturer,,business_profile_370,MOR Kombucha,Denver,80260,https://www.morkombucha.com,https://coloradoproud.com/business/?bid=business_profile_370
Farm / Ranch,On-Farm / Ranch Sales,business_profile_956,Moriah Ranch,Coalmont,80430,https://moriahgrassfed.com,https://coloradoproud.com/business/?bid=business_profile_956
Dairy,On-Farm / Ranch Sales,business_profile_1243,Morning Fresh Dairy,Bellvue,80512,https://www.morningfreshdairy.com/,https://coloradoproud.com/business/?bid=business_profile_1243
Farm / Ranch,On-Farm / Ranch Sales,business_profile_1243,Morning Fresh Dairy,Bellvue,80512,https://www.morningfreshdairy.com/,https://coloradoproud.com/business/?bid=business_profile_1243
Wholesaler,,business_profile_375,Mortal Kombucha LLC,Boulder,80301,https://www.drinkmortal.com,https://coloradoproud.com/business/?bid=business_profile_375
Cottage Food,Food Maker,business_profile_1496,Mother Bunny LLC,Golden,80401,,https://coloradoproud.com/business/?bid=business_profile_1496
Retailer,,business_profile_1496,Mother Bunny LLC,Golden,80401,,https://coloradoproud.com/business/?bid=business_profile_1496
Food Truck,,business_profile_1026,Mother Smothers LLC,Pueblo west,81007,,https://coloradoproud.com/business/?bid=business_profile_1026
Cheeserie,On-Farm / Ranch Sales,business_profile_579,MouCo Cheese Company,Fort Collins,80524,https://www.mouco.com,https://coloradoproud.com/business/?bid=business_profile_579
Food Manufacturer,,business_profile_148,Mountain Girl Pickles,Boulder,80301,https://www.mountaingirlpickles.com,https://coloradoproud.com/business/?bid=business_profile_148
Cottage Food,Food Maker,business_profile_860,Mountain Jam,Avon,81620,https://mountainjamllc.shop/,https://coloradoproud.com/business/?bid=business_profile_860
Cottage Food,Food Maker,business_profile_1578,Mountain Mama Bakery,Parachute,81635,,https://coloradoproud.com/business/?bid=business_profile_1578
Food Manufacturer,,business_profile_732,Mountain Man Nut & Fruit Co.,Parker,80134,https://mtnman.com,https://coloradoproud.com/business/?bid=business_profile_732
Cottage Food,Food Maker,business_profile_1620,"Mountain Meadow Kitchen, LLC",Manitou Springs,80829,,https://coloradoproud.com/business/?bid=business_profile_1620
Retailer,,business_profile_339,Mountain Otter Boutique,Leadville,80461,,https://coloradoproud.com/business/?bid=business_profile_339
Bakery,Bakery,business_profile_177,Mountain Oven Organic Bakery,Paonia,81428,https://www.mountainoven.com,https://coloradoproud.com/business/?bid=business_profile_177
Farm / Ranch,On-Farm / Ranch Sales,business_profile_1140,Mountain River Beef Co.,Fowler,81039,https://www.mountainriverbeefco.com,https://coloradoproud.com/business/?bid=business_profile_1140
Meat & Poultry Market,Meat Producer & Packer,business_profile_1140,Mountain River Beef Co.,Fowler,81039,https://www.mountainriverbeefco.com,https://coloradoproud.com/business/?bid=business_profile_1140
Non-Profit Organization,,business_profile_391,Mountain Roots,Gunnison,81230,https://www.mountainrootsfoodproject.org,https://coloradoproud.com/business/?bid=business_profile_391
Manufacturer,,business_profile_638,Mountain Screamer,Fountain,80817,https://www.cookmountainscreamer.com,https://coloradoproud.com/business/?bid=business_profile_638
Brewery,,business_profile_745,Mountain Tap Brewery,Steamboat Springs,80487,https://www.mountaintapbrewery.com/,https://coloradoproud.com/business/?bid=business_profile_745
Livestock Feeder,,business_profile_341,Mountain View Meats,Fort Collins,80524,https://www.MVmeatsFC.com,https://coloradoproud.com/business/?bid=business_profile_341
Livestock Producer,On-Farm / Ranch Sales,business_profile_341,Mountain View Meats,Fort Collins,80524,https://www.MVmeatsFC.com,https://coloradoproud.com/business/?bid=business_profile_341
Meat & Poultry Market,Meat Producer & Packer,business_profile_341,Mountain View Meats,Fort Collins,80524,https://www.MVmeatsFC.com,https://coloradoproud.com/business/?bid=business_profile_341
Food Manufacturer,,business_profile_1368,Mountain Wild Kimchi LLC,Colorado Springs,80918,,https://coloradoproud.com/business/?bid=business_profile_1368
Bakery,Bakery,business_profile_688,Mountainside Bakery,Conifer,80433,https://mountainsidebakery.com,https://coloradoproud.com/business/?bid=business_profile_688
Candy,,business_profile_1367,Mouses Chocolates Inc,Ouray,81427,https://mouseschocolates.com,https://coloradoproud.com/business/?bid=business_profile_1367
Nut & Confectionery Store,,business_profile_1367,Mouses Chocolates Inc,Ouray,81427,https://mouseschocolates.com,https://coloradoproud.com/business/?bid=business_profile_1367
Coffee Shop,,business_profile_1367,Mouses Chocolates Inc,Ouray,81427,https://mouseschocolates.com,https://coloradoproud.com/business/?bid=business_profile_1367
Frozen Custard / Ice Cream Parlor,,business_profile_1367,Mouses Chocolates Inc,Ouray,81427,https://mouseschocolates.com,https://coloradoproud.com/business/?bid=business_profile_1367
Bakery,Bakery,business_profile_662,Moxie Bread Co,Louisville,80027,https://www.moxiebreadco.com,https://coloradoproud.com/business/?bid=business_profile_662
Beverage Retailer,,business_profile_507,Mrs. Glover's Goods,Keenesburg,80643,https://mrsgloversgoods.com,https://coloradoproud.com/business/?bid=business_profile_507
Food & Beverage Service,,business_profile_507,Mrs. Glover's Goods,Keenesburg,80643,https://mrsgloversgoods.com,https://coloradoproud.com/business/?bid=business_profile_507
Health Supplement Store,,business_profile_507,Mrs. Glover's Goods,Keenesburg,80643,https://mrsgloversgoods.com,https://coloradoproud.com/business/?bid=business_profile_507
Wholesaler,,business_profile_507,Mrs. Glover's Goods,Keenesburg,80643,https://mrsgloversgoods.com,https://coloradoproud.com/business/?bid=business_profile_507
Meat & Poultry Market,Meat Producer & Packer,business_profile_192,Mulays' Sausage Corporation,Longmont,80501,https://mulays.com/,https://coloradoproud.com/business/?bid=business_profile_192
Food Manufacturer,,business_profile_1513,Mungfu Co,Boulder,80301,https://www.mungfu.com,https://coloradoproud.com/business/?bid=business_profile_1513
Livestock Feeder,,business_profile_274,Munk Ranch,Coalmont,80430,,https://coloradoproud.com/business/?bid=business_profile_274
Farm / Ranch,On-Farm / Ranch Sales,business_profile_573,Muriel L MacGregor Charitable Trust | MacGregor Ranch,Estes Park,80517,https://www.macgregorranch.org,https://coloradoproud.com/business/?bid=business_profile_573
Non-Profit Organization,,business_profile_573,Muriel L MacGregor Charitable Trust | MacGregor Ranch,Estes Park,80517,https://www.macgregorranch.org,https://coloradoproud.com/business/?bid=business_profile_573
Farm / Ranch,On-Farm / Ranch Sales,business_profile_1227,Mutual Dream Farm,Bailey,80421,https://www.mutualdreamfarm.com,https://coloradoproud.com/business/?bid=business_profile_1227
Apiary,On-Farm / Ranch Sales,business_profile_1139,MVP Sweet Honey,Craig,81625,,https://coloradoproud.com/business/?bid=business_profile_1139
Food Manufacturer,,business_profile_590,My Old Man’s Green Chili,Littleton,80123,,https://coloradoproud.com/business/?bid=business_profile_590
Farm Market,On-Farm / Ranch Sales,business_profile_277,Mycenae,Lafayette,80026,http://www.mycenae-mushrooms.com,https://coloradoproud.com/business/?bid=business_profile_277
Ag Input Supplier,,business_profile_369,MycoElevate Co,Salida,81201,,https://coloradoproud.com/business/?bid=business_profile_369
Value-Added Producer / Processor,Food Maker,business_profile_1448,"MycoTechnology, Inc.",Aurora,80011,https://www.mycoiq.com/,https://coloradoproud.com/business/?bid=business_profile_1448
Institution / Organization,,business_profile_373,másLabor,Lovingston,22949,https://maslabor.com/,https://coloradoproud.com/business/?bid=business_profile_373
Cottage Food,Food Maker,business_profile_1324,Nahmdy's Nuts LLC,Colorado Springs,80920,,https://coloradoproud.com/business/?bid=business_profile_1324
Retailer,,business_profile_862,Nan's Homestead LLC,Lakewood,80226,https://nanshomestead.com/,https://coloradoproud.com/business/?bid=business_profile_862
Caterer,Caterer,business_profile_743,Nana's house Cafe/ Nana's BBQ,Avondale,81022,,https://coloradoproud.com/business/?bid=business_profile_743
Food Truck,,business_profile_743,Nana's house Cafe/ Nana's BBQ,Avondale,81022,,https://coloradoproud.com/business/?bid=business_profile_743
Mobile Food Stand / Cart,,business_profile_743,Nana's house Cafe/ Nana's BBQ,Avondale,81022,,https://coloradoproud.com/business/?bid=business_profile_743
Food Manufacturer,,business_profile_1507,Nancy's Notable Nibbles,Longmont,80504,https://www.nancysnotablenibbles.com,https://coloradoproud.com/business/?bid=business_profile_1507
Cottage Food,Food Maker,business_profile_1410,Naomi's Sprouted Seed Truffles,Boulder,80301,https://naomissproutedseedtruffles.com,https://coloradoproud.com/business/?bid=business_profile_1410
Bakery,Bakery,business_profile_1422,Nathy’s Cake Shop,Aurora,80015,https://www.instagram.com/nathycakeshop?igsh=a2ttcjB6MnhubG53&utm_source=qr,https://coloradoproud.com/business/?bid=business_profile_1422
Retailer,,business_profile_1422,Nathy’s Cake Shop,Aurora,80015,https://www.instagram.com/nathycakeshop?igsh=a2ttcjB6MnhubG53&utm_source=qr,https://coloradoproud.com/business/?bid=business_profile_1422
Farm / Roadside Stand,Roadside Market,business_profile_134,native hill farm,Fort Collins,80524,http://www.nativehillfarm.com,https://coloradoproud.com/business/?bid=business_profile_134
Retailer,,business_profile_690,Native Roots Cannabis Co.,,,https://nativerootscannabis.com/,https://coloradoproud.com/business/?bid=business_profile_690
Concession Service Contractor,,business_profile_493,Naughty Chile Taqueria,Denver,80207,https://naughtychile.com/,https://coloradoproud.com/business/?bid=business_profile_493
Convenience Store,,business_profile_493,Naughty Chile Taqueria,Denver,80207,https://naughtychile.com/,https://coloradoproud.com/business/?bid=business_profile_493
Food Manufacturer,,business_profile_493,Naughty Chile Taqueria,Denver,80207,https://naughtychile.com/,https://coloradoproud.com/business/?bid=business_profile_493
Food Service Contractor,,business_profile_493,Naughty Chile Taqueria,Denver,80207,https://naughtychile.com/,https://coloradoproud.com/business/?bid=business_profile_493
Manufacturer,,business_profile_493,Naughty Chile Taqueria,Denver,80207,https://naughtychile.com/,https://coloradoproud.com/business/?bid=business_profile_493
Farmers Market,Farmers' Market,business_profile_667,Nederland Farmers Market,Nederland,80466,https://www.nederlandfarmersmarket.org,https://coloradoproud.com/business/?bid=business_profile_667
Food Manufacturer,,business_profile_1061,Nepra Foods,Centennial,80112,https://www.neprafoods.com,https://coloradoproud.com/business/?bid=business_profile_1061
Food Manufacturer,,business_profile_361,Nepra Foods ProPasta,Centennial,80112,http://www.propasta.com,https://coloradoproud.com/business/?bid=business_profile_361
Food Manufacturer,,business_profile_827,"Nepra Foods, Ltd",Centennial,80112,https://neprafoods.com,https://coloradoproud.com/business/?bid=business_profile_827
Wholesaler,,business_profile_198,Nevco Capital LLC,Castle Rock,80109,,https://coloradoproud.com/business/?bid=business_profile_198
Specialty Food Store,Grocery Store,business_profile_1265,Neve Foods,EDWARDS,81632,https://eatneve.com/,https://coloradoproud.com/business/?bid=business_profile_1265
Farm / Ranch,On-Farm / Ranch Sales,business_profile_1204,New Roots Farm LLC,Canon City,81212,https://newrootsfarmllc.com,https://coloradoproud.com/business/?bid=business_profile_1204
Bar / Pub / Tavern,,business_profile_1044,New Terrain Brewing Co,Golden,80403,https://newterrainbrewing.com,https://coloradoproud.com/business/?bid=business_profile_1044
Beer Retailer,,business_profile_1044,New Terrain Brewing Co,Golden,80403,https://newterrainbrewing.com,https://coloradoproud.com/business/?bid=business_profile_1044
Beer,,business_profile_1044,New Terrain Brewing Co,Golden,80403,https://newterrainbrewing.com,https://coloradoproud.com/business/?bid=business_profile_1044
Wine & Liquor Store,,business_profile_1044,New Terrain Brewing Co,Golden,80403,https://newterrainbrewing.com,https://coloradoproud.com/business/?bid=business_profile_1044
Brewery,,business_profile_1044,New Terrain Brewing Co,Golden,80403,https://newterrainbrewing.com,https://coloradoproud.com/business/?bid=business_profile_1044
Food Truck,,business_profile_1044,New Terrain Brewing Co,Golden,80403,https://newterrainbrewing.com,https://coloradoproud.com/business/?bid=business_profile_1044
Livestock Producer,On-Farm / Ranch Sales,business_profile_1455,Next Horizon Land & Cattle,Longmont,80504,https://www.nexthorizoncattle.com,https://coloradoproud.com/business/?bid=business_profile_1455
Tourism,Agritourism,business_profile_1455,Next Horizon Land & Cattle,Longmont,80504,https://www.nexthorizoncattle.com,https://coloradoproud.com/business/?bid=business_profile_1455
Food Manufacturer,,business_profile_1036,Nice Ice LLC,Hayden,81639,,https://coloradoproud.com/business/?bid=business_profile_1036
Farm / Ranch,On-Farm / Ranch Sales,business_profile_1463,Nieslanik Beef,CARBONDALE,81623,https://www.nieslanikbeef.com,https://coloradoproud.com/business/?bid=business_profile_1463
Specialty Food Store,Grocery Store,business_profile_433,No-MaTer Sauce Company LLC,Littleton,80123,,https://coloradoproud.com/business/?bid=business_profile_433
Candy,,business_profile_1406,NOCO Chocolates LLC,Erie,80516,https://nocochocolates.com/,https://coloradoproud.com/business/?bid=business_profile_1406
Nut & Confectionery Store,,business_profile_1406,NOCO Chocolates LLC,Erie,80516,https://nocochocolates.com/,https://coloradoproud.com/business/?bid=business_profile_1406
Manufacturer,,business_profile_1406,NOCO Chocolates LLC,Erie,80516,https://nocochocolates.com/,https://coloradoproud.com/business/?bid=business_profile_1406
Retailer,,business_profile_1406,NOCO Chocolates LLC,Erie,80516,https://nocochocolates.com/,https://coloradoproud.com/business/?bid=business_profile_1406
Bakery,Bakery,business_profile_1024,NoCo Gluten Free Bakeshop,Wellington,80549,https://www.nocogfbakeshop.com/,https://coloradoproud.com/business/?bid=business_profile_1024
Farm / Ranch,On-Farm / Ranch Sales,business_profile_1285,Nordic Fox Farm LLC,hotchkiss,81419,https://www.nordicfoxfarm.com,https://coloradoproud.com/business/?bid=business_profile_1285
Bakery,Bakery,business_profile_1254,Northern Cowgirl & Company,EATON,80615,https://www.northerncowgirl.com,https://coloradoproud.com/business/?bid=business_profile_1254
Cottage Food,Food Maker,business_profile_1254,Northern Cowgirl & Company,EATON,80615,https://www.northerncowgirl.com,https://coloradoproud.com/business/?bid=business_profile_1254
Farm / Roadside Stand,Roadside Market,business_profile_1254,Northern Cowgirl & Company,EATON,80615,https://www.northerncowgirl.com,https://coloradoproud.com/business/?bid=business_profile_1254
Food Manufacturer,,business_profile_386,Northern Feed & Bean,Lucerne,80646,https://www.northernfeedandbean.com,https://coloradoproud.com/business/?bid=business_profile_386
Food Manufacturer,,business_profile_1198,Northern Lights Coffee Roasters,Fort Collins,80524,https://www.northernlightscoffeeroasters.com,https://coloradoproud.com/business/?bid=business_profile_1198
Cottage Food,Food Maker,business_profile_810,Norwegian Kransekake and Lefse Colorado,Fort Collins,80525,,https://coloradoproud.com/business/?bid=business_profile_810
Food & Beverage Service,,business_profile_1252,Nosh Northern Colorado,Fort Collins,80526,https://www.noshdelivery.co/,https://coloradoproud.com/business/?bid=business_profile_1252
Manufacturer,,business_profile_1561,not bad cooks LLC,Denver,80221,https://www.notbadcooks.com/,https://coloradoproud.com/business/?bid=business_profile_1561
Food Manufacturer,,business_profile_1172,NOT Chocolate,Denver,80203,,https://coloradoproud.com/business/?bid=business_profile_1172
Cottage Food,Food Maker,business_profile_792,Not Your Momma's Biscuits,Peyton,80831,,https://coloradoproud.com/business/?bid=business_profile_792
Food Manufacturer,,business_profile_792,Not Your Momma's Biscuits,Peyton,80831,,https://coloradoproud.com/business/?bid=business_profile_792
Cottage Food,Food Maker,business_profile_1085,Nothing But,Colorado Springs,80908,https://nothingbut.site,https://coloradoproud.com/business/?bid=business_profile_1085
Apiary,On-Farm / Ranch Sales,business_profile_841,Nunya Beeswax 303,Broomfield,80020,,https://coloradoproud.com/business/?bid=business_profile_841
Manufacturer,,business_profile_555,NuRange Coffee,Denver,80202,https://nurangecoffee.com,https://coloradoproud.com/business/?bid=business_profile_555
Apiary,On-Farm / Ranch Sales,business_profile_1439,Nutrient Farm,New Castle,81647,https://www.nutrientfarm.com,https://coloradoproud.com/business/?bid=business_profile_1439
Coffee Shop,,business_profile_1439,Nutrient Farm,New Castle,81647,https://www.nutrientfarm.com,https://coloradoproud.com/business/?bid=business_profile_1439
Convenience Store,,business_profile_1439,Nutrient Farm,New Castle,81647,https://www.nutrientfarm.com,https://coloradoproud.com/business/?bid=business_profile_1439
Farm / Ranch,On-Farm / Ranch Sales,business_profile_1439,Nutrient Farm,New Castle,81647,https://www.nutrientfarm.com,https://coloradoproud.com/business/?bid=business_profile_1439
Farm / Roadside Stand,Roadside Market,business_profile_1439,Nutrient Farm,New Castle,81647,https://www.nutrientfarm.com,https://coloradoproud.com/business/?bid=business_profile_1439
Food Manufacturer,,business_profile_1439,Nutrient Farm,New Castle,81647,https://www.nutrientfarm.com,https://coloradoproud.com/business/?bid=business_profile_1439
Food Truck,,business_profile_1439,Nutrient Farm,New Castle,81647,https://www.nutrientfarm.com,https://coloradoproud.com/business/?bid=business_profile_1439
Grazer,On-Farm / Ranch Sales,business_profile_1439,Nutrient Farm,New Castle,81647,https://www.nutrientfarm.com,https://coloradoproud.com/business/?bid=business_profile_1439
Hay / Forage Producer,,business_profile_1439,Nutrient Farm,New Castle,81647,https://www.nutrientfarm.com,https://coloradoproud.com/business/?bid=business_profile_1439
Liverstock Merchant,,business_profile_1439,Nutrient Farm,New Castle,81647,https://www.nutrientfarm.com,https://coloradoproud.com/business/?bid=business_profile_1439
Livestock Producer,On-Farm / Ranch Sales,business_profile_1439,Nutrient Farm,New Castle,81647,https://www.nutrientfarm.com,https://coloradoproud.com/business/?bid=business_profile_1439
Meat & Poultry Market,Meat Producer & Packer,business_profile_1439,Nutrient Farm,New Castle,81647,https://www.nutrientfarm.com,https://coloradoproud.com/business/?bid=business_profile_1439
Orchard,On-Farm / Ranch Sales,business_profile_1439,Nutrient Farm,New Castle,81647,https://www.nutrientfarm.com,https://coloradoproud.com/business/?bid=business_profile_1439
Retailer,,business_profile_1439,Nutrient Farm,New Castle,81647,https://www.nutrientfarm.com,https://coloradoproud.com/business/?bid=business_profile_1439
Snack & Beverage Bar,,business_profile_1439,Nutrient Farm,New Castle,81647,https://www.nutrientfarm.com,https://coloradoproud.com/business/?bid=business_profile_1439
Snack & Refreshment Stand,,business_profile_1439,Nutrient Farm,New Castle,81647,https://www.nutrientfarm.com,https://coloradoproud.com/business/?bid=business_profile_1439
Specialty Food Store,Grocery Store,business_profile_1439,Nutrient Farm,New Castle,81647,https://www.nutrientfarm.com,https://coloradoproud.com/business/?bid=business_profile_1439
Tourism,Agritourism,business_profile_1439,Nutrient Farm,New Castle,81647,https://www.nutrientfarm.com,https://coloradoproud.com/business/?bid=business_profile_1439
Wholesaler,,business_profile_1439,Nutrient Farm,New Castle,81647,https://www.nutrientfarm.com,https://coloradoproud.com/business/?bid=business_profile_1439
Non-Profit Organization,,business_profile_742,Oasis,Denver,80249,https://www.oasisparalafamilia.org/,https://coloradoproud.com/business/?bid=business_profile_742
Frozen Custard / Ice Cream Parlor,,business_profile_1141,"Oat Paws LLC, Oat Paws",Dacono,80514,https://oatpaws.com,https://coloradoproud.com/business/?bid=business_profile_1141
Food Manufacturer,,business_profile_168,Oatis Organic Oatmilk,Boulder,80302,https://oatislove.com,https://coloradoproud.com/business/?bid=business_profile_168
Healthcare Institution / Organization,,business_profile_927,Octavian Natural Health,Boulder,80305,https://www.octaviannaturalhealth.com,https://coloradoproud.com/business/?bid=business_profile_927
Candy,,business_profile_1314,Okie Mountain Brittle,Loveland,80537,https://www.okiebrittle.com,https://coloradoproud.com/business/?bid=business_profile_1314
Nut & Confectionery Store,,business_profile_1314,Okie Mountain Brittle,Loveland,80537,https://www.okiebrittle.com,https://coloradoproud.com/business/?bid=business_profile_1314
Brewery,,business_profile_1356,Old 121 Brewhouse,Lakewood,80226,https://old121brewhouse.com,https://coloradoproud.com/business/?bid=business_profile_1356
Retailer,,business_profile_1480,Old Dog New Treats,Aurora,80041,https://olddognewtreats.com/,https://coloradoproud.com/business/?bid=business_profile_1480
Specialty Food Store,Grocery Store,business_profile_245,Old Town Spice Shop,Fort Collins,80524,https://oldtownspiceshop.com,https://coloradoproud.com/business/?bid=business_profile_245
Food Manufacturer,,business_profile_353,Olde Man Granola,Westminster,80031,https://oldemangranola.com/,https://coloradoproud.com/business/?bid=business_profile_353
Bakery,Bakery,business_profile_1100,Olive & Finch - Uptown,Denver,80218,https://www.oliveandfinch.com/,https://coloradoproud.com/business/?bid=business_profile_1100
Restaurant,Restaurant,business_profile_1100,Olive & Finch - Uptown,Denver,80218,https://www.oliveandfinch.com/,https://coloradoproud.com/business/?bid=business_profile_1100
Restaurant,Restaurant,business_profile_1102,Olive & Finch Cherry Creek,Denver,80206,https://www.oliveandfinch.com/,https://coloradoproud.com/business/?bid=business_profile_1102
Food & Beverage Service,,business_profile_1101,"Olive & Finch,  On the Fly",Denver,80222,https://www.oliveandfinch.com/wholesale/,https://coloradoproud.com/business/?bid=business_profile_1101
Wholesaler,,business_profile_1101,"Olive & Finch,  On the Fly",Denver,80222,https://www.oliveandfinch.com/wholesale/,https://coloradoproud.com/business/?bid=business_profile_1101
Manufacturer,,business_profile_1226,Olive & Olde's,Denver,80221,https://oliveandoldes.com,https://coloradoproud.com/business/?bid=business_profile_1226
Wholesaler,,business_profile_57,On Tap Kitchen,Broomfield,80020,https://ontapkitchen.com/,https://coloradoproud.com/business/?bid=business_profile_57
Value-Added Producer / Processor,Food Maker,business_profile_1331,Onsa Farm,Strasburg,80136,,https://coloradoproud.com/business/?bid=business_profile_1331
Food Manufacturer,,business_profile_190,"Onyx HeartBeets, LLC.",Boulder,80303,https://iloveheartbeets.com,https://coloradoproud.com/business/?bid=business_profile_190
Food Manufacturer,,business_profile_368,Oogie Snacks LLC,Denver,80211,https://oogiesnacks.com/,https://coloradoproud.com/business/?bid=business_profile_368
Caterer,Caterer,business_profile_1124,Orchard & Poppy,Morrison,80465,https://www.orchardandpoppy.com,https://coloradoproud.com/business/?bid=business_profile_1124
Farmers Market,Farmers' Market,business_profile_321,Orchard Farmers Market,Centennial,80122,http://www.orchardfarmersmarket.com,https://coloradoproud.com/business/?bid=business_profile_321
Health Supplement Store,,business_profile_1103,Ornate Blends,Wiggins,80654,https://ornateblends.com/,https://coloradoproud.com/business/?bid=business_profile_1103
Food Manufacturer,,business_profile_896,Orta products LLC,Greeley,80634,,https://coloradoproud.com/business/?bid=business_profile_896
Beverage Retailer,,business_profile_1433,OSIA,Denver,80205,https://drinkosia.com,https://coloradoproud.com/business/?bid=business_profile_1433
Brewery,,business_profile_1433,OSIA,Denver,80205,https://drinkosia.com,https://coloradoproud.com/business/?bid=business_profile_1433
Food & Beverage Service,,business_profile_1433,OSIA,Denver,80205,https://drinkosia.com,https://coloradoproud.com/business/?bid=business_profile_1433
Food Manufacturer,,business_profile_1433,OSIA,Denver,80205,https://drinkosia.com,https://coloradoproud.com/business/?bid=business_profile_1433
Wholesaler,,business_profile_1433,OSIA,Denver,80205,https://drinkosia.com,https://coloradoproud.com/business/?bid=business_profile_1433
Livestock Producer,On-Farm / Ranch Sales,business_profile_316,Oswald Grassfed Beef,Cotopaxi,81223,https://oswaldgrassfedbeef.com,https://coloradoproud.com/business/?bid=business_profile_316
Ag Input Supplier,,business_profile_863,OTK Farms,Colorado Springs,80916,,https://coloradoproud.com/business/?bid=business_profile_863
Meat Packer / Processor,Meat Producer & Packer,business_profile_174,Ottemans Meat Processing,Flagler,80815,https://ottemans.com,https://coloradoproud.com/business/?bid=business_profile_174
Farm / Roadside Stand,Roadside Market,business_profile_620,Our Little Slice of Heaven Farm,Fort Collins,80526,,https://coloradoproud.com/business/?bid=business_profile_620
Farm / Ranch,On-Farm / Ranch Sales,business_profile_82,Our Red Barn Ranch,Calhan,80808,https://Ourredbarnranch.com,https://coloradoproud.com/business/?bid=business_profile_82
Meat & Poultry Market,Meat Producer & Packer,business_profile_1628,Outlaw Meats,AULT,80610,https://outlawmeats.net,https://coloradoproud.com/business/?bid=business_profile_1628
Bakery,Bakery,business_profile_747,Outside the Breadbox,Colorado Springs,80904,https://www.outsidethebreadbox.com,https://coloradoproud.com/business/?bid=business_profile_747
Bakery,Bakery,business_profile_660,"Oven Spring, Home Kitchen",Longmont,80504,https://ovenspringkitchen.com/,https://coloradoproud.com/business/?bid=business_profile_660
Cottage Food,Food Maker,business_profile_660,"Oven Spring, Home Kitchen",Longmont,80504,https://ovenspringkitchen.com/,https://coloradoproud.com/business/?bid=business_profile_660
Bakery,Bakery,business_profile_870,OVER THE MOON EMPORIUM,Byers,80103,,https://coloradoproud.com/business/?bid=business_profile_870
Farm / Roadside Stand,Roadside Market,business_profile_163,Owltree Farm,Fort Collins,80528,https://www.OwltreeFarmCO.com,https://coloradoproud.com/business/?bid=business_profile_163
Fish Market,,business_profile_998,Pacific Mercantile Company,Denver,80202,https://pacificeastwest.com,https://coloradoproud.com/business/?bid=business_profile_998
Grocery Store,Grocery Store,business_profile_998,Pacific Mercantile Company,Denver,80202,https://pacificeastwest.com,https://coloradoproud.com/business/?bid=business_profile_998
Farmers Market,Farmers' Market,business_profile_1022,Padilla Produce Inc.,Manzanola,81058,,https://coloradoproud.com/business/?bid=business_profile_1022
Manufacturer,,business_profile_208,Padmas Array,Boulder,80303,,https://coloradoproud.com/business/?bid=business_profile_208
Restaurant,Restaurant,business_profile_844,Pampanofoods LLC,Pueblo,81003,,https://coloradoproud.com/business/?bid=business_profile_844
Cottage Food,Food Maker,business_profile_1255,PandaCreationsEA,Sterling,80751,,https://coloradoproud.com/business/?bid=business_profile_1255
Food & Beverage Service,,business_profile_1255,PandaCreationsEA,Sterling,80751,,https://coloradoproud.com/business/?bid=business_profile_1255
Food Truck,,business_profile_483,Papa Mario's Grilled Cheese Truck,Pueblo,81001,,https://coloradoproud.com/business/?bid=business_profile_483
Apiary,On-Farm / Ranch Sales,business_profile_803,Papi's Honey Bees,Kit Carson,80825,,https://coloradoproud.com/business/?bid=business_profile_803
Food Manufacturer,,business_profile_214,Pappardelle's Pasta,Denver,80207,https://pappardellespasta.com,https://coloradoproud.com/business/?bid=business_profile_214
Retailer,,business_profile_1364,Pappy Paws Market,PARKER,80138,https://www.pappypawsllc.com/category/all-products,https://coloradoproud.com/business/?bid=business_profile_1364
Manufacturer,,business_profile_789,Pastificio Boulder,Boulder,80301,https://pastificioboulder.com,https://coloradoproud.com/business/?bid=business_profile_789
Meat & Poultry Market,Meat Producer & Packer,business_profile_259,Pasture Provisions,Denver,80216,https://pastureprovisionsco.com,https://coloradoproud.com/business/?bid=business_profile_259
Farm / Ranch,On-Farm / Ranch Sales,business_profile_1077,Patchwork Farms,Littleton,80127,http://www.patchworkfarmsco.com,https://coloradoproud.com/business/?bid=business_profile_1077
Livestock Producer,On-Farm / Ranch Sales,business_profile_734,Patterson Pastures,Ramah,80832,https://pattersonpastures.com,https://coloradoproud.com/business/?bid=business_profile_734
Cottage Food,Food Maker,business_profile_1134,Patton Peak,Lake George,80827,,https://coloradoproud.com/business/?bid=business_profile_1134
Bakery,Bakery,business_profile_726,Paula's Cozy Kitchen LLC,Pueblo West,81007,https://www.facebook.com/PaulasCozyKitchen,https://coloradoproud.com/business/?bid=business_profile_726
Bakery,Bakery,business_profile_727,Pauline's Bonafide Baking,Colorado Springs,80916,http://www.paulinesbonafidebaking.com,https://coloradoproud.com/business/?bid=business_profile_727
Farm / Ranch,On-Farm / Ranch Sales,business_profile_665,PBJ Cattle Company,Divide,80814,https://www.pbjcattle.com,https://coloradoproud.com/business/?bid=business_profile_665
Bakery,Bakery,business_profile_1292,Peak and Crumb Bakery LLC,Denver,80238,,https://coloradoproud.com/business/?bid=business_profile_1292
Apiary,On-Farm / Ranch Sales,business_profile_79,Peak Bees,Montrose,81403,https://www.peakbees.com/,https://coloradoproud.com/business/?bid=business_profile_79
Food Manufacturer,,business_profile_1269,Peak Pet Nutrition,Gypsum,81637,https://peakpetnutrition.com,https://coloradoproud.com/business/?bid=business_profile_1269
Cider Mill / Press,Agritourism,business_profile_461,Peak Press Juicery LLC,Longmont,80501,https://peakpressjuicery.com,https://coloradoproud.com/business/?bid=business_profile_461
Restaurant,Restaurant,business_profile_461,Peak Press Juicery LLC,Longmont,80501,https://peakpressjuicery.com,https://coloradoproud.com/business/?bid=business_profile_461
Snack & Beverage Bar,,business_profile_461,Peak Press Juicery LLC,Longmont,80501,https://peakpressjuicery.com,https://coloradoproud.com/business/?bid=business_profile_461
Retailer,,business_profile_614,Peak Season Roasting,New Castle,81647,,https://coloradoproud.com/business/?bid=business_profile_614
Coffee Shop,,business_profile_696,Peak State,Boulder,80301,https://peakstatecoffee.com,https://coloradoproud.com/business/?bid=business_profile_696
Health Supplement Store,,business_profile_765,Peak Therapeutics,Breckenridge,80424,https://Peaktherapeutics.net,https://coloradoproud.com/business/?bid=business_profile_765
Wholesaler,,business_profile_1456,Peak to Peak Foods,Commerce City,80022,https://peaktopeakfoods.com,https://coloradoproud.com/business/?bid=business_profile_1456
Farm / Ranch,On-Farm / Ranch Sales,business_profile_313,Peak View 52 Farms LLC.,Calhan,80808,,https://coloradoproud.com/business/?bid=business_profile_313
Farm / Ranch,On-Farm / Ranch Sales,business_profile_284,Peak View Ranch,Fowler,81039,https://www.peakviewranch.com,https://coloradoproud.com/business/?bid=business_profile_284
Livestock Producer,On-Farm / Ranch Sales,business_profile_284,Peak View Ranch,Fowler,81039,https://www.peakviewranch.com,https://coloradoproud.com/business/?bid=business_profile_284
Meat Packer / Processor,Meat Producer & Packer,business_profile_284,Peak View Ranch,Fowler,81039,https://www.peakviewranch.com,https://coloradoproud.com/business/?bid=business_profile_284
Food Manufacturer,,business_profile_1250,Pear Blossom Farms,Palisade,81526,https://www.pearblossomfarms.com,https://coloradoproud.com/business/?bid=business_profile_1250
Distributor,,business_profile_1323,Performance Foodservice Denver,Commerce City,80640,https://www.performance-denver.com/,https://coloradoproud.com/business/?bid=business_profile_1323
Farm / Ranch,On-Farm / Ranch Sales,business_profile_957,Persemara Floral,Colorado Springs,80918,,https://coloradoproud.com/business/?bid=business_profile_957
Manufacturer,,business_profile_1050,Pet Provisions Distribution Co,Parker,80138,https://order-ppd.com,https://coloradoproud.com/business/?bid=business_profile_1050
Cottage Food,Food Maker,business_profile_954,Petal and Press Bakery,,,,https://coloradoproud.com/business/?bid=business_profile_954
Farm / Roadside Stand,Roadside Market,business_profile_456,Petals & Papers,La Veta,81055,https://CabinPressStudio.com,https://coloradoproud.com/business/?bid=business_profile_456
Beverage Retailer,,business_profile_1402,Pete's Kombucha,Lakewood,80226,,https://coloradoproud.com/business/?bid=business_profile_1402
Food Manufacturer,,business_profile_1249,PexPeppers LLC,Pueblo,81004,https://www.pexpeppers.com,https://coloradoproud.com/business/?bid=business_profile_1249
Farm / Ranch,On-Farm / Ranch Sales,business_profile_1295,Pfaltzgraff Farms,Haxtun,80731,http://www.pfzfarms.com,https://coloradoproud.com/business/?bid=business_profile_1295
Apiary,On-Farm / Ranch Sales,business_profile_62,"Pfaltzgraff Farms, LLC",Haxtun,80731,,https://coloradoproud.com/business/?bid=business_profile_62
Cottage Food,Food Maker,business_profile_62,"Pfaltzgraff Farms, LLC",Haxtun,80731,,https://coloradoproud.com/business/?bid=business_profile_62
Farm / Ranch,On-Farm / Ranch Sales,business_profile_62,"Pfaltzgraff Farms, LLC",Haxtun,80731,,https://coloradoproud.com/business/?bid=business_profile_62
Farm / Roadside Stand,Roadside Market,business_profile_62,"Pfaltzgraff Farms, LLC",Haxtun,80731,,https://coloradoproud.com/business/?bid=business_profile_62
Farmers Market,Farmers' Market,business_profile_62,"Pfaltzgraff Farms, LLC",Haxtun,80731,,https://coloradoproud.com/business/?bid=business_profile_62
Tourism,Agritourism,business_profile_62,"Pfaltzgraff Farms, LLC",Haxtun,80731,,https://coloradoproud.com/business/?bid=business_profile_62
Food Manufacturer,,business_profile_342,Phil’s Secret Sauce,Gypsum,81637,https://philssecretsauce.com,https://coloradoproud.com/business/?bid=business_profile_342
Caterer,Caterer,business_profile_1182,Phood Boards,Colorado Springs,80922,https://phoodboards.com,https://coloradoproud.com/business/?bid=business_profile_1182
Cheeserie,On-Farm / Ranch Sales,business_profile_1182,Phood Boards,Colorado Springs,80922,https://phoodboards.com,https://coloradoproud.com/business/?bid=business_profile_1182
Cottage Food,Food Maker,business_profile_495,Phun Bar,Wheat Ridge,80214,https://www.phunbar.com,https://coloradoproud.com/business/?bid=business_profile_495
Cottage Food,Food Maker,business_profile_715,Pickles & Potions,Golden,80401,,https://coloradoproud.com/business/?bid=business_profile_715
Farm / Ranch,On-Farm / Ranch Sales,business_profile_580,Pikes Peak Poultry,Yoder,80864,,https://coloradoproud.com/business/?bid=business_profile_580
Value-Added Producer / Processor,Food Maker,business_profile_1272,Pinche Salsa,denver,80247,https://pincheesalsa.com,https://coloradoproud.com/business/?bid=business_profile_1272
Cottage Food,Food Maker,business_profile_1451,Pine Needle Homestead,Loveland,80537,https://hotplate.com/pineneedlehomestead,https://coloradoproud.com/business/?bid=business_profile_1451
Food Manufacturer,,business_profile_312,Pines' Nut Butter,Colorado Springs,80905,https://www.pinesnutbutter.com/,https://coloradoproud.com/business/?bid=business_profile_312
Food Truck,,business_profile_1105,"Pizza Paul's Perfect Pies, LLC",Colorado Springs,80903,https://PizzaPaulsPerfectPies.com,https://coloradoproud.com/business/?bid=business_profile_1105
Manufacturer,,business_profile_1573,Plain Wool Company,,,https://plainwoolcompany.etsy.com,https://coloradoproud.com/business/?bid=business_profile_1573
Food Manufacturer,,business_profile_1590,Planet Barbecue,Colorado Springs,80906,https://www.planetbarbecue.com/,https://coloradoproud.com/business/?bid=business_profile_1590
Manufacturer,,business_profile_238,Planetarie,Evans,80620,,https://coloradoproud.com/business/?bid=business_profile_238
Manufacturer,,business_profile_162,Planterra Foods,Lafayette,80026,,https://coloradoproud.com/business/?bid=business_profile_162
Farm / Ranch,On-Farm / Ranch Sales,business_profile_1040,Plants Naturally,Aurora,80013,,https://coloradoproud.com/business/?bid=business_profile_1040
Cafeteria / Buffet,,business_profile_587,Platte Valley Medical Center -  Silver Aspen Bistro,Brighton,80601,https://www.sclhealth.org/locations/platte-valley-medical-center/,https://coloradoproud.com/business/?bid=business_profile_587
Meat & Poultry Market,Meat Producer & Packer,business_profile_657,Pleasant Valley Market and Meats LLC,Laporte,80535,,https://coloradoproud.com/business/?bid=business_profile_657
Retailer,,business_profile_348,Plum Creek Garden Market,Arvada,80005,https://plumcreekgardenmarket.com/,https://coloradoproud.com/business/?bid=business_profile_348
Livestock Producer,On-Farm / Ranch Sales,business_profile_642,Plus Lazy K Beef at Rivendell Farms,Glenwood Springs,81601,https://www.rivendellbeef.com,https://coloradoproud.com/business/?bid=business_profile_642
Farm Market,On-Farm / Ranch Sales,business_profile_1162,Podunk's Ranch,Cortez,81321,https://www.podunksranch.com,https://coloradoproud.com/business/?bid=business_profile_1162
Frozen Custard / Ice Cream Parlor,,business_profile_1595,Polar Bros Nitro Ice Cream,Lakewood,80215,https://polarbros.com,https://coloradoproud.com/business/?bid=business_profile_1595
Meat Packer / Processor,Meat Producer & Packer,business_profile_97,Polidori Sausage,Denver,80207,http://polidorisausage.com/,https://coloradoproud.com/business/?bid=business_profile_97
Cottage Food,Food Maker,business_profile_871,Polka Dots And Curry,Colorado Springs,80920,https://polkadotsandcurry.com,https://coloradoproud.com/business/?bid=business_profile_871
Apiary,On-Farm / Ranch Sales,business_profile_943,Pollywog Station Lavender Farm,Parker,80134,https://www.pollywogstationlavenderfarm.com/,https://coloradoproud.com/business/?bid=business_profile_943
Farm / Ranch,On-Farm / Ranch Sales,business_profile_943,Pollywog Station Lavender Farm,Parker,80134,https://www.pollywogstationlavenderfarm.com/,https://coloradoproud.com/business/?bid=business_profile_943
Tourism,Agritourism,business_profile_943,Pollywog Station Lavender Farm,Parker,80134,https://www.pollywogstationlavenderfarm.com/,https://coloradoproud.com/business/?bid=business_profile_943
Farm / Ranch,On-Farm / Ranch Sales,business_profile_66,POP Colorado,Fort Collins,80521,https://popcolorado.com,https://coloradoproud.com/business/?bid=business_profile_66
Retailer,,business_profile_66,POP Colorado,Fort Collins,80521,https://popcolorado.com,https://coloradoproud.com/business/?bid=business_profile_66
Value-Added Producer / Processor,Food Maker,business_profile_66,POP Colorado,Fort Collins,80521,https://popcolorado.com,https://coloradoproud.com/business/?bid=business_profile_66
Wholesaler,,business_profile_66,POP Colorado,Fort Collins,80521,https://popcolorado.com,https://coloradoproud.com/business/?bid=business_profile_66
Farm / Ranch,On-Farm / Ranch Sales,business_profile_679,Potter Farms,Carbondale,81623,https://Potterfarms.net,https://coloradoproud.com/business/?bid=business_profile_679
Livestock Producer,On-Farm / Ranch Sales,business_profile_679,Potter Farms,Carbondale,81623,https://Potterfarms.net,https://coloradoproud.com/business/?bid=business_profile_679
Food & Beverage Service,,business_profile_593,PrepFuelSLV,La Jara,81140,https://www.prepfuelslv.com,https://coloradoproud.com/business/?bid=business_profile_593
Winery,Winery,business_profile_628,Pressman Wines LLC,Golden,80401,https://atost.co,https://coloradoproud.com/business/?bid=business_profile_628
Brewery,,business_profile_950,Primitive Beer LLC,Lafayette,80026,https://www.Primitive.Beer,https://coloradoproud.com/business/?bid=business_profile_950
Wholesale Market,,business_profile_923,Princess Beef,Hotchkiss,81419,https://princessbeef.com/,https://coloradoproud.com/business/?bid=business_profile_923
Manufacturer,,business_profile_1173,Pro CO2 LLC,Fort Collins,80524,https://www.proco2.com,https://coloradoproud.com/business/?bid=business_profile_1173
Caterer,Caterer,business_profile_1072,Psycho Pig BBQ,Cedaredge,81413,https://psychopigbbq.com,https://coloradoproud.com/business/?bid=business_profile_1072
Concession Service Contractor,,business_profile_1072,Psycho Pig BBQ,Cedaredge,81413,https://psychopigbbq.com,https://coloradoproud.com/business/?bid=business_profile_1072
Distributor,,business_profile_1072,Psycho Pig BBQ,Cedaredge,81413,https://psychopigbbq.com,https://coloradoproud.com/business/?bid=business_profile_1072
Food & Beverage Service,,business_profile_1072,Psycho Pig BBQ,Cedaredge,81413,https://psychopigbbq.com,https://coloradoproud.com/business/?bid=business_profile_1072
Food Manufacturer,,business_profile_1072,Psycho Pig BBQ,Cedaredge,81413,https://psychopigbbq.com,https://coloradoproud.com/business/?bid=business_profile_1072
Food Truck,,business_profile_1072,Psycho Pig BBQ,Cedaredge,81413,https://psychopigbbq.com,https://coloradoproud.com/business/?bid=business_profile_1072
Merchant / Merchandiser,,business_profile_1072,Psycho Pig BBQ,Cedaredge,81413,https://psychopigbbq.com,https://coloradoproud.com/business/?bid=business_profile_1072
Wholesaler,,business_profile_1072,Psycho Pig BBQ,Cedaredge,81413,https://psychopigbbq.com,https://coloradoproud.com/business/?bid=business_profile_1072
Restaurant,Restaurant,business_profile_420,PTOM'S FOOD & DRAINAmerican  at The Ptarmigan Inn,Steamboat Springs,80487,https://www.theptarmigan.com/,https://coloradoproud.com/business/?bid=business_profile_420
Caterer,Caterer,business_profile_883,Pueblo Charcuterie,Pueblo,81004,https://www.pueblocharcuterie.com/,https://coloradoproud.com/business/?bid=business_profile_883
Food Manufacturer,,business_profile_452,Pueblo Chile Factory,,,,https://coloradoproud.com/business/?bid=business_profile_452
Non-Profit Organization,,business_profile_466,Pueblo Diversified Industries,Pueblo,81005,https://pdipueblo.org/,https://coloradoproud.com/business/?bid=business_profile_466
Farmers Market,Farmers' Market,business_profile_637,Pueblo Farmers Market,Pueblo,81004,,https://coloradoproud.com/business/?bid=business_profile_637
Farm / Ranch,On-Farm / Ranch Sales,business_profile_440,Pueblo Seed & Food Company,Cortez,81321,,https://coloradoproud.com/business/?bid=business_profile_440
Farm / Roadside Stand,Roadside Market,business_profile_440,Pueblo Seed & Food Company,Cortez,81321,,https://coloradoproud.com/business/?bid=business_profile_440
Food Manufacturer,,business_profile_440,Pueblo Seed & Food Company,Cortez,81321,,https://coloradoproud.com/business/?bid=business_profile_440
Value-Added Producer / Processor,Food Maker,business_profile_440,Pueblo Seed & Food Company,Cortez,81321,,https://coloradoproud.com/business/?bid=business_profile_440
Cottage Food,Food Maker,business_profile_842,Pueblo West Honey Company,Pueblo West,81007,,https://coloradoproud.com/business/?bid=business_profile_842
Farm / Roadside Stand,Roadside Market,business_profile_1362,Pumpkins And More A-Maiz-ing Farm,Holyoke,80734,,https://coloradoproud.com/business/?bid=business_profile_1362
Farm Market,On-Farm / Ranch Sales,business_profile_1362,Pumpkins And More A-Maiz-ing Farm,Holyoke,80734,,https://coloradoproud.com/business/?bid=business_profile_1362
Tourism,Agritourism,business_profile_1362,Pumpkins And More A-Maiz-ing Farm,Holyoke,80734,,https://coloradoproud.com/business/?bid=business_profile_1362
Restaurant,Restaurant,business_profile_1215,Pupusas familia,Boulder,80304,,https://coloradoproud.com/business/?bid=business_profile_1215
Distributor,,business_profile_539,Pure Hemp Botanicals,Niwot,80544,https://purehempbotanicals.com,https://coloradoproud.com/business/?bid=business_profile_539
Bakery,Bakery,business_profile_936,Purebread Doughs,Fort Collins,80525,,https://coloradoproud.com/business/?bid=business_profile_936
Winery,Winery,business_profile_189,Purgatory Cellars LLP dba Purgatory Cellars Winery,Parker,80134,https://www.purgatorycellarscolorado.com,https://coloradoproud.com/business/?bid=business_profile_189
Manufacturer,,business_profile_1473,Purple Fence Farm LLC,FREDERICK,80530,https://purplefencefarm.com/,https://coloradoproud.com/business/?bid=business_profile_1473
Cottage Food,Food Maker,business_profile_1340,"Quack Patch Homestead, LLC",Fort Collins,80524,https://www.quackpatchhomestead.com,https://coloradoproud.com/business/?bid=business_profile_1340
Merchant / Merchandiser,,business_profile_1317,"Quarantine Project, LLC",Denver,80216,https://www.quarantineprojectsauce.com,https://coloradoproud.com/business/?bid=business_profile_1317
Retailer,,business_profile_1317,"Quarantine Project, LLC",Denver,80216,https://www.quarantineprojectsauce.com,https://coloradoproud.com/business/?bid=business_profile_1317
Wholesaler,,business_profile_1317,"Quarantine Project, LLC",Denver,80216,https://www.quarantineprojectsauce.com,https://coloradoproud.com/business/?bid=business_profile_1317
Farm / Ranch,On-Farm / Ranch Sales,business_profile_228,Quarter Circle Kunekunes,Montrose,81403,https://quartercirclekunes.com/,https://coloradoproud.com/business/?bid=business_profile_228
Cottage Food,Food Maker,business_profile_1241,Queen Bee Bakery,Walsenburg,81089,,https://coloradoproud.com/business/?bid=business_profile_1241
Bakery,Bakery,business_profile_864,Queen Bee Sweets & Treats LLC,,,,https://coloradoproud.com/business/?bid=business_profile_864
Farm / Ranch,On-Farm / Ranch Sales,business_profile_699,Queen City Greens,Denver,80203,https://www.qcgreensdenver.com,https://coloradoproud.com/business/?bid=business_profile_699
Coffee Shop,,business_profile_1059,Quince Coffee House,Denver,80220,https://www.quincecoffee.com/,https://coloradoproud.com/business/?bid=business_profile_1059
Cottage Food,Food Maker,business_profile_1021,"R&N Sourdough, Llc",Aurora,80018,,https://coloradoproud.com/business/?bid=business_profile_1021
Farm / Ranch,On-Farm / Ranch Sales,business_profile_892,RAD Acres,Guffey,80820,https://www.radacres.com,https://coloradoproud.com/business/?bid=business_profile_892
Food Manufacturer,,business_profile_608,RAD Extracts,Palmer Lake,80133,https://radextraction.com/,https://coloradoproud.com/business/?bid=business_profile_608
Caterer,Caterer,business_profile_439,Radical Sasquatch Dumpling Company,Lakewood,80214,https://RadicalSasquatch.com,https://coloradoproud.com/business/?bid=business_profile_439
Food Manufacturer,,business_profile_439,Radical Sasquatch Dumpling Company,Lakewood,80214,https://RadicalSasquatch.com,https://coloradoproud.com/business/?bid=business_profile_439
Food Truck,,business_profile_439,Radical Sasquatch Dumpling Company,Lakewood,80214,https://RadicalSasquatch.com,https://coloradoproud.com/business/?bid=business_profile_439
Wholesaler,,business_profile_439,Radical Sasquatch Dumpling Company,Lakewood,80214,https://RadicalSasquatch.com,https://coloradoproud.com/business/?bid=business_profile_439
Farm / Ranch,On-Farm / Ranch Sales,business_profile_1229,Rafter W Ranch LLC,Simla,80835,http://rafterwranch.net,https://coloradoproud.com/business/?bid=business_profile_1229
Farm / Roadside Stand,Roadside Market,business_profile_1523,"Rainbow Farms, Rainbow Eggs",AURORA,80011,https://www.rainboweggsco.com/,https://coloradoproud.com/business/?bid=business_profile_1523
Restaurant,Restaurant,business_profile_786,Raj Hot sauce & more,Colorado Springs,80921,,https://coloradoproud.com/business/?bid=business_profile_786
Bakery,Bakery,business_profile_1464,Rampart Bakehouse,Larkspur,80118,http://rampartbakehouse.com,https://coloradoproud.com/business/?bid=business_profile_1464
Candy,,business_profile_1464,Rampart Bakehouse,Larkspur,80118,http://rampartbakehouse.com,https://coloradoproud.com/business/?bid=business_profile_1464
Nut & Confectionery Store,,business_profile_1464,Rampart Bakehouse,Larkspur,80118,http://rampartbakehouse.com,https://coloradoproud.com/business/?bid=business_profile_1464
Cottage Food,Food Maker,business_profile_1464,Rampart Bakehouse,Larkspur,80118,http://rampartbakehouse.com,https://coloradoproud.com/business/?bid=business_profile_1464
Meat Packer / Processor,Meat Producer & Packer,business_profile_633,Ranch Foods Direct,Colorado Springs,80916,https://ranchfoodsdirect.com/,https://coloradoproud.com/business/?bid=business_profile_633
Farm / Ranch,On-Farm / Ranch Sales,business_profile_119,RanchitoAlegre LLC,Pagosa Springs,81147,,https://coloradoproud.com/business/?bid=business_profile_119
Livestock Producer,On-Farm / Ranch Sales,business_profile_1228,Rancho Largo Cattle Co,Fowler,81039,https://rancholargo.com,https://coloradoproud.com/business/?bid=business_profile_1228
Manufacturer,,business_profile_309,Raquelitas Tortillas,Denver,80205,https://Raquelitas.com,https://coloradoproud.com/business/?bid=business_profile_309
Food Manufacturer,,business_profile_1592,Rasa,Boulder,80301,https://www.wearerasa.com,https://coloradoproud.com/business/?bid=business_profile_1592
Farm / Ranch,On-Farm / Ranch Sales,business_profile_1553,Rasmussen Family Farms LLP,Longmont,80502,,https://coloradoproud.com/business/?bid=business_profile_1553
Cottage Food,Food Maker,business_profile_935,Ravens Three Apothecary,Boulder,80302,https://www.ravensthree.com/,https://coloradoproud.com/business/?bid=business_profile_935
Merchant / Merchandiser,,business_profile_935,Ravens Three Apothecary,Boulder,80302,https://www.ravensthree.com/,https://coloradoproud.com/business/?bid=business_profile_935
Livestock Producer,On-Farm / Ranch Sales,business_profile_1133,Ray Family Farm,Joes,80822,,https://coloradoproud.com/business/?bid=business_profile_1133
Cottage Food,Food Maker,business_profile_1048,Ray Road Nut Butter,Longmont,80501,http://www.rayroadnutbutter.com,https://coloradoproud.com/business/?bid=business_profile_1048
Food Manufacturer,,business_profile_429,Ready Foods,Denver,80204,https://www.readyfoods.biz,https://coloradoproud.com/business/?bid=business_profile_429
Bakery,Bakery,business_profile_929,Real Deal Baked Goods,Del Norte,81132,,https://coloradoproud.com/business/?bid=business_profile_929
Farmers Market,Farmers' Market,business_profile_152,Rebel Marketplace,Aurora,80010,https://www.rebelmarketplace.com/,https://coloradoproud.com/business/?bid=business_profile_152
Farm / Ranch,On-Farm / Ranch Sales,business_profile_153,Rebels In The Garden,Aurora,80010,https://www.thegardenrebels.com/,https://coloradoproud.com/business/?bid=business_profile_153
Winery,Winery,business_profile_136,Red Fox Cellars,Palisade,81526,https://RedFoxCellars.com,https://coloradoproud.com/business/?bid=business_profile_136
Restaurant,Restaurant,business_profile_1147,Red lobster,Couer d alene,83815,,https://coloradoproud.com/business/?bid=business_profile_1147
Tourism,Agritourism,business_profile_1147,Red lobster,Couer d alene,83815,,https://coloradoproud.com/business/?bid=business_profile_1147
Wholesaler,,business_profile_872,"Red Rocks Spirits, LLC",Aurora,80016,https://www.redrocksspirits.com,https://coloradoproud.com/business/?bid=business_profile_872
Candy,,business_profile_921,Red Top Jewels,New Castle,81647,,https://coloradoproud.com/business/?bid=business_profile_921
Nut & Confectionery Store,,business_profile_921,Red Top Jewels,New Castle,81647,,https://coloradoproud.com/business/?bid=business_profile_921
Farm / Roadside Stand,Roadside Market,business_profile_237,Red Willow Farms LLC,Bayfield,81122,https://www.redwillowfarms.com/,https://coloradoproud.com/business/?bid=business_profile_237
Food Manufacturer,,business_profile_265,RedCamper,Denver,80223,https://www.redcamper.com,https://coloradoproud.com/business/?bid=business_profile_265
Food & Beverage Service,,business_profile_400,Redemption Road Coffee,Mead,80542,,https://coloradoproud.com/business/?bid=business_profile_400
Retailer,,business_profile_650,Refillary,Parker,80134,https://www.refillary.co,https://coloradoproud.com/business/?bid=business_profile_650
Manufacturer,,business_profile_1500,Reindeer Ranch,Kersey,80644,https://www.myreindeerranch.com,https://coloradoproud.com/business/?bid=business_profile_1500
Farm Market,On-Farm / Ranch Sales,business_profile_115,ReKaivery Inc.,Fort Collins,80521,,https://coloradoproud.com/business/?bid=business_profile_115
Grocery Store,Grocery Store,business_profile_115,ReKaivery Inc.,Fort Collins,80521,,https://coloradoproud.com/business/?bid=business_profile_115
Produce Market,Roadside Market,business_profile_115,ReKaivery Inc.,Fort Collins,80521,,https://coloradoproud.com/business/?bid=business_profile_115
Retailer,,business_profile_115,ReKaivery Inc.,Fort Collins,80521,,https://coloradoproud.com/business/?bid=business_profile_115
Farm Market,On-Farm / Ranch Sales,business_profile_908,Reko Technologies,St. George,84790,https://www.rekohub.com,https://coloradoproud.com/business/?bid=business_profile_908
Bakery,Bakery,business_profile_946,Renee the Baker,Fort Collins,80525,,https://coloradoproud.com/business/?bid=business_profile_946
Farm / Ranch,On-Farm / Ranch Sales,business_profile_1210,Renewed Roots Ranch LLC,Fort Collins,80524,http://www.renewedrootsranch.com,https://coloradoproud.com/business/?bid=business_profile_1210
Cottage Food,Food Maker,business_profile_1597,Restin' Peas LLC,Denver,80206,https://www.restinpeasdenver.com,https://coloradoproud.com/business/?bid=business_profile_1597
Winery,Winery,business_profile_1167,RESTORATION VINEYARDS,PALISADE,81526,https://RestorationVineyards.com,https://coloradoproud.com/business/?bid=business_profile_1167
Manufacturer,,business_profile_351,Restorative Botanicals,Longmont,80501,https://www.restorativebotanicals.com/,https://coloradoproud.com/business/?bid=business_profile_351
Food & Beverage Service,,business_profile_1556,"Restore & Evolve, LLC",Superior,80027,,https://coloradoproud.com/business/?bid=business_profile_1556
Food Manufacturer,,business_profile_1556,"Restore & Evolve, LLC",Superior,80027,,https://coloradoproud.com/business/?bid=business_profile_1556
Health Supplement Store,,business_profile_1556,"Restore & Evolve, LLC",Superior,80027,,https://coloradoproud.com/business/?bid=business_profile_1556
Manufacturer,,business_profile_1556,"Restore & Evolve, LLC",Superior,80027,,https://coloradoproud.com/business/?bid=business_profile_1556
Specialty Food Store,Grocery Store,business_profile_1556,"Restore & Evolve, LLC",Superior,80027,,https://coloradoproud.com/business/?bid=business_profile_1556
Wholesaler,,business_profile_1556,"Restore & Evolve, LLC",Superior,80027,,https://coloradoproud.com/business/?bid=business_profile_1556
Food Manufacturer,,business_profile_305,Revolution Barbecue,Thornton,80602,https://www.powertothepig.com,https://coloradoproud.com/business/?bid=business_profile_305
Farm / Ranch,On-Farm / Ranch Sales,business_profile_244,Rio Grande Farm Park,Alamosa,81101,https://riograndefarmpark.org/,https://coloradoproud.com/business/?bid=business_profile_244
Farm / Ranch,On-Farm / Ranch Sales,business_profile_1629,Ripple Root Farm LLC,Denver,80212,,https://coloradoproud.com/business/?bid=business_profile_1629
Farm / Ranch,On-Farm / Ranch Sales,business_profile_127,Rise N’ Shine Ranch,Colorado Springs,80908,https://www.risenshineranch.com,https://coloradoproud.com/business/?bid=business_profile_127
Livestock Producer,On-Farm / Ranch Sales,business_profile_127,Rise N’ Shine Ranch,Colorado Springs,80908,https://www.risenshineranch.com,https://coloradoproud.com/business/?bid=business_profile_127
Meat & Poultry Market,Meat Producer & Packer,business_profile_127,Rise N’ Shine Ranch,Colorado Springs,80908,https://www.risenshineranch.com,https://coloradoproud.com/business/?bid=business_profile_127
Livestock Producer,On-Farm / Ranch Sales,business_profile_1008,Rising Moon Ranch,Franktown,80116,https://www.risingmoonranch.net,https://coloradoproud.com/business/?bid=business_profile_1008
Food Manufacturer,,business_profile_212,River Bear American Meats,Denver,80206,https://www.riverbearmeats.com,https://coloradoproud.com/business/?bid=business_profile_212
Meat Packer / Processor,Meat Producer & Packer,business_profile_212,River Bear American Meats,Denver,80206,https://www.riverbearmeats.com,https://coloradoproud.com/business/?bid=business_profile_212
Cottage Food,Food Maker,business_profile_1196,Rky Mtn Blends Ltd,New Castle,81647,https://www.rkymtnblends.com,https://coloradoproud.com/business/?bid=business_profile_1196
Food Manufacturer,,business_profile_1196,Rky Mtn Blends Ltd,New Castle,81647,https://www.rkymtnblends.com,https://coloradoproud.com/business/?bid=business_profile_1196
Farm / Ranch,On-Farm / Ranch Sales,business_profile_372,RL Bison Ranch / Colorado Buffalo Grill Inc.,Elizabeth,80107,,https://coloradoproud.com/business/?bid=business_profile_372
Livestock Producer,On-Farm / Ranch Sales,business_profile_372,RL Bison Ranch / Colorado Buffalo Grill Inc.,Elizabeth,80107,,https://coloradoproud.com/business/?bid=business_profile_372
Farmers Market,Farmers' Market,business_profile_1016,Roaring Fork Microgreens,,,,https://coloradoproud.com/business/?bid=business_profile_1016
Cottage Food,Food Maker,business_profile_592,Roaring Fork Mill,Carbondale,81623,,https://coloradoproud.com/business/?bid=business_profile_592
Food Manufacturer,,business_profile_398,"Roberta's Chocolates, Inc",Denver,80212,,https://coloradoproud.com/business/?bid=business_profile_398
Food Manufacturer,,business_profile_365,Roberto's Salsas and Sauces,Fort Collins,80525,https://robertos-salsa.com,https://coloradoproud.com/business/?bid=business_profile_365
Value-Added Producer / Processor,Food Maker,business_profile_1576,Rock 'n Roots Farm,Paonia,81428,https://rocknrootsfarm.com/,https://coloradoproud.com/business/?bid=business_profile_1576
Farm / Ranch,On-Farm / Ranch Sales,business_profile_252,Rock River Ranches,Commerce City,80022,https://rockriverbison.com/,https://coloradoproud.com/business/?bid=business_profile_252
Food Manufacturer,,business_profile_252,Rock River Ranches,Commerce City,80022,https://rockriverbison.com/,https://coloradoproud.com/business/?bid=business_profile_252
Liverstock Merchant,,business_profile_252,Rock River Ranches,Commerce City,80022,https://rockriverbison.com/,https://coloradoproud.com/business/?bid=business_profile_252
Livestock Feeder,,business_profile_252,Rock River Ranches,Commerce City,80022,https://rockriverbison.com/,https://coloradoproud.com/business/?bid=business_profile_252
Livestock Producer,On-Farm / Ranch Sales,business_profile_252,Rock River Ranches,Commerce City,80022,https://rockriverbison.com/,https://coloradoproud.com/business/?bid=business_profile_252
Meat Packer / Processor,Meat Producer & Packer,business_profile_252,Rock River Ranches,Commerce City,80022,https://rockriverbison.com/,https://coloradoproud.com/business/?bid=business_profile_252
Wholesaler,,business_profile_252,Rock River Ranches,Commerce City,80022,https://rockriverbison.com/,https://coloradoproud.com/business/?bid=business_profile_252
Ag Input Supplier,,business_profile_826,Rocking U7 Ranch,Collbran,81624,https://rockingu7ranch.com,https://coloradoproud.com/business/?bid=business_profile_826
Dairy,On-Farm / Ranch Sales,business_profile_1492,Rocking W Cheese,Olathe,81425,,https://coloradoproud.com/business/?bid=business_profile_1492
Bakery,Bakery,business_profile_463,Rocky Mountain Barkery,Cañon City,81212,,https://coloradoproud.com/business/?bid=business_profile_463
Farmers Market,Farmers' Market,business_profile_289,"Rocky Mountain Events, LLC.",Breckenridge,80424,https://rockymountainevents.com/,https://coloradoproud.com/business/?bid=business_profile_289
Farm / Ranch,On-Farm / Ranch Sales,business_profile_805,Rocky Mountain Golden Fleece llc,Mack,81525,,https://coloradoproud.com/business/?bid=business_profile_805
Distillery,,business_profile_953,Rocky Mountain Moonshine LLC.,Loveland,80538,,https://coloradoproud.com/business/?bid=business_profile_953
Farmers Market,Farmers' Market,business_profile_1184,"Rocky Mountain Mugolio, LLC",Estes Park,80517,https://rocky-mountain-mugolio.square.site,https://coloradoproud.com/business/?bid=business_profile_1184
Food Manufacturer,,business_profile_1184,"Rocky Mountain Mugolio, LLC",Estes Park,80517,https://rocky-mountain-mugolio.square.site,https://coloradoproud.com/business/?bid=business_profile_1184
Ag Input Supplier,,business_profile_1608,Rocky Mountain Mushroom Farm,,,,https://coloradoproud.com/business/?bid=business_profile_1608
Meat Packer / Processor,Meat Producer & Packer,business_profile_1533,Rocky Mountain Natural Meats,Henderson,80640,https://greatrangebison.com/,https://coloradoproud.com/business/?bid=business_profile_1533
Food Manufacturer,,business_profile_161,"Rocky Mountain Salsa Company, LLC",Fort Collins,80524,https://rockymountainsalsa.com,https://coloradoproud.com/business/?bid=business_profile_161
Manufacturer,,business_profile_364,Rocky Mountain Soda Company,Denver,80216,https://www.rockymountainsoda.com/,https://coloradoproud.com/business/?bid=business_profile_364
Manufacturer,,business_profile_1290,Rocky Mountain Spice Company,Denver,80239,https://rockymountainspice.com/,https://coloradoproud.com/business/?bid=business_profile_1290
Manufacturer,,business_profile_756,Rodelle Inc,Fort Collins,80528,https://www.rodellekitchen.com,https://coloradoproud.com/business/?bid=business_profile_756
Wholesale Market,,business_profile_1510,Rogers Mesa Fruit,Hotchkiss,81419,https://www.rogersmesafruit.com,https://coloradoproud.com/business/?bid=business_profile_1510
Food Manufacturer,,business_profile_990,RollinGreens,Boulder,80308,https://rollingreens.com,https://coloradoproud.com/business/?bid=business_profile_990
Meat Packer / Processor,Meat Producer & Packer,business_profile_1563,Rome's Sausage,Golden,80401,https://www.romesausage.com,https://coloradoproud.com/business/?bid=business_profile_1563
Bakery,Bakery,business_profile_1213,Romero Mexican Wedding Cookies,Denver,80222,https://romerocookies.com/,https://coloradoproud.com/business/?bid=business_profile_1213
Cottage Food,Food Maker,business_profile_1222,Rooted Broth,denver,80211,https://rootedbroth.co,https://coloradoproud.com/business/?bid=business_profile_1222
Mobile Food Stand / Cart,,business_profile_967,RootedSanctuary,Rush,80833,,https://coloradoproud.com/business/?bid=business_profile_967
Farm Market,On-Farm / Ranch Sales,business_profile_639,Roots From Eden CSA,Loma,81524,https://www.rootsfromeden.com,https://coloradoproud.com/business/?bid=business_profile_639
Farm Market,On-Farm / Ranch Sales,business_profile_895,Roots Local Goods LLC,Keenesburg,80643,https://rootslocalgoods.com,https://coloradoproud.com/business/?bid=business_profile_895
Institution / Organization,,business_profile_562,Rouler Managment LLC,,,,https://coloradoproud.com/business/?bid=business_profile_562
Distillery,,business_profile_586,Routt Distillery,Steamboat Springs,80487,https://www.routtdistillery.com/,https://coloradoproud.com/business/?bid=business_profile_586
Farm / Ranch,On-Farm / Ranch Sales,business_profile_794,"Roy King & Son's, LLC",Grand Junction,81501,,https://coloradoproud.com/business/?bid=business_profile_794
Food & Beverage Service,,business_profile_387,Royal Crest Dairy,Denver,80209,https://royalcrestdairy.com,https://coloradoproud.com/business/?bid=business_profile_387
Farmers Market,Farmers' Market,business_profile_1306,Royal Gorge Farmers Market,Cañon City,81212,https://www.royalgorgechamberalliance.org/royal-gorge-farmers-market/,https://coloradoproud.com/business/?bid=business_profile_1306
Coffee Shop,,business_profile_405,Rubicon Roasting LLC DBA Rubicon Coffee,Paonia,81428,https://www.rubiconcoffeepaonia.com,https://coloradoproud.com/business/?bid=business_profile_405
Food Manufacturer,,business_profile_405,Rubicon Roasting LLC DBA Rubicon Coffee,Paonia,81428,https://www.rubiconcoffeepaonia.com,https://coloradoproud.com/business/?bid=business_profile_405
Orchard,On-Farm / Ranch Sales,business_profile_1030,Ruckman Family Orchards,Palisade,81526,https://www.ruckmanfamilypalisadepeaches.com/,https://coloradoproud.com/business/?bid=business_profile_1030
Bakery,Bakery,business_profile_1119,Rudi's Bakery,Boulder,80301,https://rudisbakery.com/,https://coloradoproud.com/business/?bid=business_profile_1119
Food Manufacturer,,business_profile_1119,Rudi's Bakery,Boulder,80301,https://rudisbakery.com/,https://coloradoproud.com/business/?bid=business_profile_1119
Food Service Contractor,,business_profile_1106,Rudy’s Catering,Arvada,80002,,https://coloradoproud.com/business/?bid=business_profile_1106
Farm Market,On-Farm / Ranch Sales,business_profile_928,Rugged Cut Soaps,Colorado springs,80930,,https://coloradoproud.com/business/?bid=business_profile_928
Farm / Ranch,On-Farm / Ranch Sales,business_profile_101,"Rusler Produce, Inc.",Avondale,81022,,https://coloradoproud.com/business/?bid=business_profile_101
Cottage Food,Food Maker,business_profile_1550,Rustic Rise Sourdough LLC,Hugo,80821,,https://coloradoproud.com/business/?bid=business_profile_1550
Distributor,,business_profile_1293,Rye Resurgence Project,Alamosa,81101,https://ryeresurgence.com/,https://coloradoproud.com/business/?bid=business_profile_1293
Farm / Ranch,On-Farm / Ranch Sales,business_profile_1293,Rye Resurgence Project,Alamosa,81101,https://ryeresurgence.com/,https://coloradoproud.com/business/?bid=business_profile_1293
Institution / Organization,,business_profile_1293,Rye Resurgence Project,Alamosa,81101,https://ryeresurgence.com/,https://coloradoproud.com/business/?bid=business_profile_1293
Value-Added Producer / Processor,Food Maker,business_profile_1293,Rye Resurgence Project,Alamosa,81101,https://ryeresurgence.com/,https://coloradoproud.com/business/?bid=business_profile_1293
Fishery,On-Farm / Ranch Sales,business_profile_1299,"S. A. Wiley Sustainable Fresh Farmed Fish Hatchery, LLC",Fort Collins,80522,,https://coloradoproud.com/business/?bid=business_profile_1299
Farm Market,On-Farm / Ranch Sales,business_profile_939,Sackett's Farm Market,Rocky Ford,81067,,https://coloradoproud.com/business/?bid=business_profile_939
Farm / Ranch,On-Farm / Ranch Sales,business_profile_589,Sacred Song Beef,Mancos,81328,https://www.sacredsongfarm.com,https://coloradoproud.com/business/?bid=business_profile_589
Food Manufacturer,,business_profile_116,Sadie's All Natural,Englewood,80110,,https://coloradoproud.com/business/?bid=business_profile_116
Cottage Food,Food Maker,business_profile_1096,"Sage Mountain Freeze-Dry, LLC",Aurora,80014,https://sagemountainfreezedry.com,https://coloradoproud.com/business/?bid=business_profile_1096
Food Manufacturer,,business_profile_1096,"Sage Mountain Freeze-Dry, LLC",Aurora,80014,https://sagemountainfreezedry.com,https://coloradoproud.com/business/?bid=business_profile_1096
Manufacturer,,business_profile_1301,"Sage Woman Herbs, Ltd dba Sage Consulting and Apothecary",Colorado Springs,80907,https://www.sagewomanherbs.com,https://coloradoproud.com/business/?bid=business_profile_1301
Food Manufacturer,,business_profile_1308,Sahtain!,Denver,80203,https://sahtain.co,https://coloradoproud.com/business/?bid=business_profile_1308
Distributor,,business_profile_1594,Sal Amato Produce DBA Tucci Fresh Produce,Denver,80216,https://tuccifresh.com,https://coloradoproud.com/business/?bid=business_profile_1594
Livestock Feeder,,business_profile_811,Sam & Bentleys,Littleton,80120,https://www.samandbentleys.com,https://coloradoproud.com/business/?bid=business_profile_811
Food Manufacturer,,business_profile_1212,SAM+LEO,Denver,80211,https://shopsamandleo.com/,https://coloradoproud.com/business/?bid=business_profile_1212
Farm / Ranch,On-Farm / Ranch Sales,business_profile_1485,Sambrito Creek Farm,Ignacio,81137,,https://coloradoproud.com/business/?bid=business_profile_1485
Cooperative Grocery Store,Grocery Store,business_profile_1441,San Luis Peoples Market,San Luis,81152,https://sanluispeoplesmarket.org/,https://coloradoproud.com/business/?bid=business_profile_1441
Distributor,,business_profile_1508,SANAPAWS,Bailey,80421,https://www.sanapaws.net,https://coloradoproud.com/business/?bid=business_profile_1508
Retailer,,business_profile_1508,SANAPAWS,Bailey,80421,https://www.sanapaws.net,https://coloradoproud.com/business/?bid=business_profile_1508
Farm / Ranch,On-Farm / Ranch Sales,business_profile_258,Sandy's Way Microfarm,Sedalia,80135,https://sandyswayfarm.com,https://coloradoproud.com/business/?bid=business_profile_258
Beverage Retailer,,business_profile_1075,Sangha Juice,Golden,80401,https://www.instagram.com/sanghajuice/,https://coloradoproud.com/business/?bid=business_profile_1075
Farm / Ranch,On-Farm / Ranch Sales,business_profile_1245,Sangres Best,Westcliffe,81252,https://www.sangresbest.com,https://coloradoproud.com/business/?bid=business_profile_1245
Food Manufacturer,,business_profile_1236,Sapient Stews,Denver,80207,https://www.sapientstews.com,https://coloradoproud.com/business/?bid=business_profile_1236
Beverage Retailer,,business_profile_697,Sati Soda,Boulder,80303,https://satisoda.com,https://coloradoproud.com/business/?bid=business_profile_697
Food Manufacturer,,business_profile_129,"Sauci Living, LLC",Boulder,80304,https://sauciliving.com,https://coloradoproud.com/business/?bid=business_profile_129
Bakery,Bakery,business_profile_1417,SauerDough Bakes,Aurora,80016,https://www.sauerdoughbakes.com,https://coloradoproud.com/business/?bid=business_profile_1417
Winery,Winery,business_profile_164,Sauvage Spectrum Estate Wainery,Palisade,81526,https://sauvagespectrum.com,https://coloradoproud.com/business/?bid=business_profile_164
Food & Beverage Service,,business_profile_1567,Scale Food Labs,Golden,80401,https://scalefoodlabs.com,https://coloradoproud.com/business/?bid=business_profile_1567
Food Manufacturer,,business_profile_1567,Scale Food Labs,Golden,80401,https://scalefoodlabs.com,https://coloradoproud.com/business/?bid=business_profile_1567
Farm / Ranch,On-Farm / Ranch Sales,business_profile_93,Schenck Ag LLC,Holly,81047,,https://coloradoproud.com/business/?bid=business_profile_93
Food Manufacturer,,business_profile_572,Schultz's Gourmet by Hanch,Boulder,80303,https://www.schultzgourmet.com/,https://coloradoproud.com/business/?bid=business_profile_572
Farm / Roadside Stand,Roadside Market,business_profile_1223,Scofield Fruits LLC,Loveland,80537,https://scofieldfruits.com,https://coloradoproud.com/business/?bid=business_profile_1223
Farmers Market,Farmers' Market,business_profile_1223,Scofield Fruits LLC,Loveland,80537,https://scofieldfruits.com,https://coloradoproud.com/business/?bid=business_profile_1223
Produce Market,Roadside Market,business_profile_1223,Scofield Fruits LLC,Loveland,80537,https://scofieldfruits.com,https://coloradoproud.com/business/?bid=business_profile_1223
Bakery,Bakery,business_profile_1612,Scratch Dough Co,Highlands Ranch,80129,https://www.scratchdough.co,https://coloradoproud.com/business/?bid=business_profile_1612
Specialty Food Store,Grocery Store,business_profile_764,Season It Up,Severance,80610,https://theseasonitup.com/,https://coloradoproud.com/business/?bid=business_profile_764
Food Manufacturer,,business_profile_1499,Seed Ranch Flavor Co.,Erie,80516,https://www.seedranchflavor.com/?srsltid=AfmBOorCzkri3nIQeeGeomfNP4_KkxpjcqzlAlNWXe6VmfMSzUZKJMHO,https://coloradoproud.com/business/?bid=business_profile_1499
Coffee Shop,,business_profile_698,Seedhouse Coffee,Steamboat Springs,80487,https://www.seedhouse.coffee,https://coloradoproud.com/business/?bid=business_profile_698
Value-Added Producer / Processor,Food Maker,business_profile_788,Seeker Sauce LLC,Lakewood,80228,https://seekersauce.com,https://coloradoproud.com/business/?bid=business_profile_788
Food Manufacturer,,business_profile_1232,Sekwl LLC,Arvada,80002,https://www.drinksekwl.com,https://coloradoproud.com/business/?bid=business_profile_1232
Distributor,,business_profile_293,Sempre Avanti International dba Foxy Flower,Denver,80211,https://www.thefoxyflower.com,https://coloradoproud.com/business/?bid=business_profile_293
Food Manufacturer,,business_profile_1316,SEND BARS CORP,Broomfield,80023,https://sendbars.com,https://coloradoproud.com/business/?bid=business_profile_1316
Food Manufacturer,,business_profile_616,Senor Gordon's,Denver,80238,https://www.senorgordons.com,https://coloradoproud.com/business/?bid=business_profile_616
Wholesaler,,business_profile_616,Senor Gordon's,Denver,80238,https://www.senorgordons.com,https://coloradoproud.com/business/?bid=business_profile_616
Food Manufacturer,,business_profile_490,"SEPPY's Kosher Baked Goods, Ind dba SEPPY's Challah Breads",Pueblo,81004,,https://coloradoproud.com/business/?bid=business_profile_490
Restaurant,Restaurant,business_profile_1486,Sexy Pizza,Denver,80203,https://sexy.pizza,https://coloradoproud.com/business/?bid=business_profile_1486
Farm / Ranch,On-Farm / Ranch Sales,business_profile_685,SG Cattle Co LLC,Colorado Springs,80908,,https://coloradoproud.com/business/?bid=business_profile_685
Livestock Feeder,,business_profile_685,SG Cattle Co LLC,Colorado Springs,80908,,https://coloradoproud.com/business/?bid=business_profile_685
Livestock Producer,On-Farm / Ranch Sales,business_profile_685,SG Cattle Co LLC,Colorado Springs,80908,,https://coloradoproud.com/business/?bid=business_profile_685
Meat & Poultry Market,Meat Producer & Packer,business_profile_685,SG Cattle Co LLC,Colorado Springs,80908,,https://coloradoproud.com/business/?bid=business_profile_685
Mobile Food Stand / Cart,,business_profile_685,SG Cattle Co LLC,Colorado Springs,80908,,https://coloradoproud.com/business/?bid=business_profile_685
Retailer,,business_profile_685,SG Cattle Co LLC,Colorado Springs,80908,,https://coloradoproud.com/business/?bid=business_profile_685
Cottage Food,Food Maker,business_profile_779,Shafer Kids LLC.,Colorado Springs,80908,,https://coloradoproud.com/business/?bid=business_profile_779
Restaurant,Restaurant,business_profile_416,Shah’s Kabob & Gyro,Pueblo,81008,https://www.pickupshahs.com/,https://coloradoproud.com/business/?bid=business_profile_416
Retailer,,business_profile_1291,Shamrock Foodservice Warehouse,Denver,80223,https://shamrockfsw.com,https://coloradoproud.com/business/?bid=business_profile_1291
Farm / Ranch,On-Farm / Ranch Sales,business_profile_487,Shaw Brand Beef,Joes,80822,,https://coloradoproud.com/business/?bid=business_profile_487
Food Manufacturer,,business_profile_1542,Shelby Shakes LLC,Durango,81301,https://shelbyshakes.com,https://coloradoproud.com/business/?bid=business_profile_1542
Food Manufacturer,,business_profile_184,Sherpa Chai LLC,Lafayette,80026,https://www.sherpachai.com,https://coloradoproud.com/business/?bid=business_profile_184
Food Manufacturer,,business_profile_1634,sherpa coffee,Arvada,80007,https://drinksherpacoffee.com,https://coloradoproud.com/business/?bid=business_profile_1634
Restaurant,Restaurant,business_profile_1089,Shish Kabob Grill,Denver,80203,https://shishkabobgrill.com/,https://coloradoproud.com/business/?bid=business_profile_1089
Candy,,business_profile_753,Shove It Sugar,Denver,,https://www.instagram.com/shoveitsugar/,https://coloradoproud.com/business/?bid=business_profile_753
Nut & Confectionery Store,,business_profile_753,Shove It Sugar,Denver,,https://www.instagram.com/shoveitsugar/,https://coloradoproud.com/business/?bid=business_profile_753
Food Manufacturer,,business_profile_358,"Silver State Foods, Inc.",Denver,80207,https://silverstatefoods.com,https://coloradoproud.com/business/?bid=business_profile_358
Manufacturer,,business_profile_987,"Simple Body, LLC",Colorado Springs,80904,https://simplebodyproducts.com,https://coloradoproud.com/business/?bid=business_profile_987
Retailer,,business_profile_987,"Simple Body, LLC",Colorado Springs,80904,https://simplebodyproducts.com,https://coloradoproud.com/business/?bid=business_profile_987
Cottage Food,Food Maker,business_profile_1389,Simple But Delicious,,,,https://coloradoproud.com/business/?bid=business_profile_1389
Merchant / Merchandiser,,business_profile_319,Simply All-Natural LLC,Peyton,80831,,https://coloradoproud.com/business/?bid=business_profile_319
Retailer,,business_profile_319,Simply All-Natural LLC,Peyton,80831,,https://coloradoproud.com/business/?bid=business_profile_319
Farm / Roadside Stand,Roadside Market,business_profile_257,Simply Fresh Microgreens,Broomfield,80023,https://simplyfreshmicrogreens.com,https://coloradoproud.com/business/?bid=business_profile_257
Farm / Ranch,On-Farm / Ranch Sales,business_profile_1599,"Sisu Farms, LLC",Granby,80446,https://www.sisu.farm,https://coloradoproud.com/business/?bid=business_profile_1599
Farm / Ranch,On-Farm / Ranch Sales,business_profile_1349,Skinny P Ranch,Strasburg,80136,https://www.skinnypranch.com/,https://coloradoproud.com/business/?bid=business_profile_1349
Institution / Organization,,business_profile_225,"Sky Islands, LLC",Fort Collins,80524,http://skyislands.network,https://coloradoproud.com/business/?bid=business_profile_225
Ag Input Supplier,,business_profile_1432,Skyline Potato Co,Center,81125,,https://coloradoproud.com/business/?bid=business_profile_1432
Farm / Ranch,On-Farm / Ranch Sales,business_profile_107,SkyPilot Farm,Longmont,80503,,https://coloradoproud.com/business/?bid=business_profile_107
Farm / Ranch,On-Farm / Ranch Sales,business_profile_955,Slash J Beef Co LLC,Fort Morgan,80701,https://www.slashjbeef.com,https://coloradoproud.com/business/?bid=business_profile_955
Bakery,Bakery,business_profile_1157,Slavinka Food,Brush,80723,,https://coloradoproud.com/business/?bid=business_profile_1157
Food Manufacturer,,business_profile_1157,Slavinka Food,Brush,80723,,https://coloradoproud.com/business/?bid=business_profile_1157
Wholesaler,,business_profile_1157,Slavinka Food,Brush,80723,,https://coloradoproud.com/business/?bid=business_profile_1157
Food Truck,,business_profile_1313,Smash Bros Burgers,Pueblo,81001,https://smashbrothersburgers.com/,https://coloradoproud.com/business/?bid=business_profile_1313
Food Manufacturer,,business_profile_695,Smilin' Jay's LLC,Boulder,80301,https://smilinjays.com,https://coloradoproud.com/business/?bid=business_profile_695
Merchant / Merchandiser,,business_profile_1482,Smith Family Orchards,Palisade,81526,https://www.smithfamilyorchard.com,https://coloradoproud.com/business/?bid=business_profile_1482
Orchard,On-Farm / Ranch Sales,business_profile_1482,Smith Family Orchards,Palisade,81526,https://www.smithfamilyorchard.com,https://coloradoproud.com/business/?bid=business_profile_1482
Farm / Ranch,On-Farm / Ranch Sales,business_profile_1586,Smith Serenity LLC,Ordway,81063,https://smithserenity.com/,https://coloradoproud.com/business/?bid=business_profile_1586
Food Truck,,business_profile_425,SmithGrubs Llc,Pueblo,81003,,https://coloradoproud.com/business/?bid=business_profile_425
Value-Added Producer / Processor,Food Maker,business_profile_1043,Smittys Little Farm LTD,Orchard City,81410,https://www.smittyslittlefarm.com,https://coloradoproud.com/business/?bid=business_profile_1043
Food Manufacturer,,business_profile_903,Smoke Junkie Rubs,Evergreen,80439,https://smokejunkierubs.com,https://coloradoproud.com/business/?bid=business_profile_903
Caterer,Caterer,business_profile_1325,Smoke Something BBq,Pueblo,81001,,https://coloradoproud.com/business/?bid=business_profile_1325
Food & Beverage Service,,business_profile_1325,Smoke Something BBq,Pueblo,81001,,https://coloradoproud.com/business/?bid=business_profile_1325
Food Truck,,business_profile_1325,Smoke Something BBq,Pueblo,81001,,https://coloradoproud.com/business/?bid=business_profile_1325
Mobile Food Stand / Cart,,business_profile_1325,Smoke Something BBq,Pueblo,81001,,https://coloradoproud.com/business/?bid=business_profile_1325
Cottage Food,Food Maker,business_profile_1122,Smokey Pines Cottage Kitchen,Boncarbo,81024,,https://coloradoproud.com/business/?bid=business_profile_1122
Farm / Roadside Stand,Roadside Market,business_profile_1122,Smokey Pines Cottage Kitchen,Boncarbo,81024,,https://coloradoproud.com/business/?bid=business_profile_1122
Cottage Food,Food Maker,business_profile_1038,Snakes & Cakes,Alamosa,81101,https://linktr.ee/JzsReptiles,https://coloradoproud.com/business/?bid=business_profile_1038
Livestock Producer,On-Farm / Ranch Sales,business_profile_131,Snowden Meats,Toponas,80479,https://snowdenmeats.com,https://coloradoproud.com/business/?bid=business_profile_131
Food Manufacturer,,business_profile_1284,Snowmelt Sauces,Pueblo,81004,https://www.snowmeltsauces.com,https://coloradoproud.com/business/?bid=business_profile_1284
Candy,,business_profile_681,Snowpack Popcorn,Fort Collins,80526,,https://coloradoproud.com/business/?bid=business_profile_681
Nut & Confectionery Store,,business_profile_681,Snowpack Popcorn,Fort Collins,80526,,https://coloradoproud.com/business/?bid=business_profile_681
Retailer,,business_profile_1450,Snuggles Snacks LLC,COLORADO SPRINGS,80911,,https://coloradoproud.com/business/?bid=business_profile_1450
Apiary,On-Farm / Ranch Sales,business_profile_1391,Snyder Hill Farms,Grand Junction,81505,,https://coloradoproud.com/business/?bid=business_profile_1391
Cottage Food,Food Maker,business_profile_1391,Snyder Hill Farms,Grand Junction,81505,,https://coloradoproud.com/business/?bid=business_profile_1391
Health Supplement Store,,business_profile_407,SoleLuna Botanicals,Colorado Springs,80923,http://www.solelunabotanicals.com,https://coloradoproud.com/business/?bid=business_profile_407
Bagel / Sandwich Shop,,business_profile_1471,Solomon's Grocery & Deli,Aurora,80014,https://onhavanastreet.com/business/solomons-grocery-european-deli/,https://coloradoproud.com/business/?bid=business_profile_1471
Cafeteria Food Service Contractor,,business_profile_1471,Solomon's Grocery & Deli,Aurora,80014,https://onhavanastreet.com/business/solomons-grocery-european-deli/,https://coloradoproud.com/business/?bid=business_profile_1471
Grocery Store,Grocery Store,business_profile_1471,Solomon's Grocery & Deli,Aurora,80014,https://onhavanastreet.com/business/solomons-grocery-european-deli/,https://coloradoproud.com/business/?bid=business_profile_1471
Retailer,,business_profile_1471,Solomon's Grocery & Deli,Aurora,80014,https://onhavanastreet.com/business/solomons-grocery-european-deli/,https://coloradoproud.com/business/?bid=business_profile_1471
Specialty Food Store,Grocery Store,business_profile_1471,Solomon's Grocery & Deli,Aurora,80014,https://onhavanastreet.com/business/solomons-grocery-european-deli/,https://coloradoproud.com/business/?bid=business_profile_1471
Manufacturer,,business_profile_836,SOMA Organic Artist Elixirs,Paonia,81428,http://www.organicoilpainting.com,https://coloradoproud.com/business/?bid=business_profile_836
Bakery,Bakery,business_profile_722,Something Cute Co.,Cortez,81321,https://www.SomethingCuteCo.com,https://coloradoproud.com/business/?bid=business_profile_722
Farm / Ranch,On-Farm / Ranch Sales,business_profile_367,Sonrise Farm Colorado,Windsor,80550,,https://coloradoproud.com/business/?bid=business_profile_367
Farm Market,On-Farm / Ranch Sales,business_profile_367,Sonrise Farm Colorado,Windsor,80550,,https://coloradoproud.com/business/?bid=business_profile_367
Coffee Shop,,business_profile_588,Soul Bean Roasters,Timnath,80547,https://soulbeanroasters.com/,https://coloradoproud.com/business/?bid=business_profile_588
Caterer,Caterer,business_profile_1144,"SoulSmile Health & Wellness, LLC",Pueblo,81003,https://go.thryv.com/site/SoulSmileHealthWellness/livesite,https://coloradoproud.com/business/?bid=business_profile_1144
Food & Beverage Service,,business_profile_1144,"SoulSmile Health & Wellness, LLC",Pueblo,81003,https://go.thryv.com/site/SoulSmileHealthWellness/livesite,https://coloradoproud.com/business/?bid=business_profile_1144
Food Truck,,business_profile_1144,"SoulSmile Health & Wellness, LLC",Pueblo,81003,https://go.thryv.com/site/SoulSmileHealthWellness/livesite,https://coloradoproud.com/business/?bid=business_profile_1144
Value-Added Producer / Processor,Food Maker,business_profile_1144,"SoulSmile Health & Wellness, LLC",Pueblo,81003,https://go.thryv.com/site/SoulSmileHealthWellness/livesite,https://coloradoproud.com/business/?bid=business_profile_1144
Bakery,Bakery,business_profile_1351,Sourdough by Tori,Craig,81625,https://sourdoughbytori.com/,https://coloradoproud.com/business/?bid=business_profile_1351
Farmers Market,Farmers' Market,business_profile_181,Southern Colorado Farmers Market and Craft Fair,Pueblo,81001,,https://coloradoproud.com/business/?bid=business_profile_181
Food Manufacturer,,business_profile_757,Spade & Spoon,Denver,80239,https://spadespoon.com/,https://coloradoproud.com/business/?bid=business_profile_757
Cottage Food,Food Maker,business_profile_582,"Spice, Sweets, & Meats, LLC",Mead,80542,,https://coloradoproud.com/business/?bid=business_profile_582
Beverage Retailer,,business_profile_595,SPIKE LLC,Colorado Springs,80906,https://getspiked.com/,https://coloradoproud.com/business/?bid=business_profile_595
Manufacturer,,business_profile_876,Spinster Sisters Co,Golden,80401,https://spinstersistersco.com/,https://coloradoproud.com/business/?bid=business_profile_876
Distillery,,business_profile_1303,Spirit Hound Distillers,Lyons,80540,https://www.spirithounds.com,https://coloradoproud.com/business/?bid=business_profile_1303
Health Supplement Store,,business_profile_1009,Spirit of the Herbs Apothecary,Thornton,80233,https://www.spiritoftheherbsdenver.com,https://coloradoproud.com/business/?bid=business_profile_1009
Cottage Food,Food Maker,business_profile_576,Splendid Homestead & Hives,Colorado Springs,80917,,https://coloradoproud.com/business/?bid=business_profile_576
Cottage Food,Food Maker,business_profile_843,Spread it on Me,Aurora,80015,,https://coloradoproud.com/business/?bid=business_profile_843
Meat & Poultry Market,Meat Producer & Packer,business_profile_69,Spring Creek Meats LLC,Ault,80610,https://www.springcreekmeatsllc.com,https://coloradoproud.com/business/?bid=business_profile_69
Cottage Food,Food Maker,business_profile_1610,Spring Flour Garden Co.,Denver,80237,https://www.springflourgardenco.com,https://coloradoproud.com/business/?bid=business_profile_1610
Farm / Ranch,On-Farm / Ranch Sales,business_profile_851,Spring Water Ranch LLC,Conifer,80433,,https://coloradoproud.com/business/?bid=business_profile_851
Dairy,On-Farm / Ranch Sales,business_profile_276,Springs Ice Cream,Colorado Springs,80918,,https://coloradoproud.com/business/?bid=business_profile_276
Food Truck,,business_profile_276,Springs Ice Cream,Colorado Springs,80918,,https://coloradoproud.com/business/?bid=business_profile_276
Wholesaler,,business_profile_276,Springs Ice Cream,Colorado Springs,80918,,https://coloradoproud.com/business/?bid=business_profile_276
Farm / Roadside Stand,Roadside Market,business_profile_291,Sprout City Farms,Denver,80207,http://www.sproutcityfarms.org,https://coloradoproud.com/business/?bid=business_profile_291
Retailer,,business_profile_720,Sprouts Farmers Market,Phoenix,85054,https://sprouts.com,https://coloradoproud.com/business/?bid=business_profile_720
Produce Market,Roadside Market,business_profile_87,Sprouts of Life,Denver,80211,,https://coloradoproud.com/business/?bid=business_profile_87
Farm / Ranch,On-Farm / Ranch Sales,business_profile_700,Square Foot Gardens LLC,Lakewood,80235,https://www.square-foot-gardens.com/,https://coloradoproud.com/business/?bid=business_profile_700
Apiary,On-Farm / Ranch Sales,business_profile_260,St Michaels Farms,Fort Collins,80524,https://stmichaelsfarms.com,https://coloradoproud.com/business/?bid=business_profile_260
Cottage Food,Food Maker,business_profile_260,St Michaels Farms,Fort Collins,80524,https://stmichaelsfarms.com,https://coloradoproud.com/business/?bid=business_profile_260
Farm / Ranch,On-Farm / Ranch Sales,business_profile_260,St Michaels Farms,Fort Collins,80524,https://stmichaelsfarms.com,https://coloradoproud.com/business/?bid=business_profile_260
Farm Market,On-Farm / Ranch Sales,business_profile_260,St Michaels Farms,Fort Collins,80524,https://stmichaelsfarms.com,https://coloradoproud.com/business/?bid=business_profile_260
Orchard,On-Farm / Ranch Sales,business_profile_260,St Michaels Farms,Fort Collins,80524,https://stmichaelsfarms.com,https://coloradoproud.com/business/?bid=business_profile_260
Bar / Pub / Tavern,,business_profile_494,St. Vrain Cidery,Longmont,80501,https://stvraincidery.com,https://coloradoproud.com/business/?bid=business_profile_494
Beverage Retailer,,business_profile_494,St. Vrain Cidery,Longmont,80501,https://stvraincidery.com,https://coloradoproud.com/business/?bid=business_profile_494
Snack & Beverage Bar,,business_profile_494,St. Vrain Cidery,Longmont,80501,https://stvraincidery.com,https://coloradoproud.com/business/?bid=business_profile_494
Winery,Winery,business_profile_494,St. Vrain Cidery,Longmont,80501,https://stvraincidery.com,https://coloradoproud.com/business/?bid=business_profile_494
Meat Packer / Processor,Meat Producer & Packer,business_profile_1430,Stagecoach Meat Company,Wiggins,80654,https://stagecoachmeats.com,https://coloradoproud.com/business/?bid=business_profile_1430
Meat & Poultry Market,Meat Producer & Packer,business_profile_233,Stagecoach Meat Company,Wiggins,80654,https://www.stagecoachmeatcompany.com,https://coloradoproud.com/business/?bid=business_profile_233
Manufacturer,,business_profile_221,Star Herbs Tea,Aurora,80015,https://www.starherbstea.com/,https://coloradoproud.com/business/?bid=business_profile_221
Ag Input Supplier,,business_profile_199,Star View Farm,Berthoud,80513,http://www.StarViewFarmLtd.com,https://coloradoproud.com/business/?bid=business_profile_199
Apiary,On-Farm / Ranch Sales,business_profile_199,Star View Farm,Berthoud,80513,http://www.StarViewFarmLtd.com,https://coloradoproud.com/business/?bid=business_profile_199
Convenience Store,,business_profile_199,Star View Farm,Berthoud,80513,http://www.StarViewFarmLtd.com,https://coloradoproud.com/business/?bid=business_profile_199
Cottage Food,Food Maker,business_profile_199,Star View Farm,Berthoud,80513,http://www.StarViewFarmLtd.com,https://coloradoproud.com/business/?bid=business_profile_199
Farm / Ranch,On-Farm / Ranch Sales,business_profile_199,Star View Farm,Berthoud,80513,http://www.StarViewFarmLtd.com,https://coloradoproud.com/business/?bid=business_profile_199
Farm / Roadside Stand,Roadside Market,business_profile_199,Star View Farm,Berthoud,80513,http://www.StarViewFarmLtd.com,https://coloradoproud.com/business/?bid=business_profile_199
Farm Market,On-Farm / Ranch Sales,business_profile_199,Star View Farm,Berthoud,80513,http://www.StarViewFarmLtd.com,https://coloradoproud.com/business/?bid=business_profile_199
Food Manufacturer,,business_profile_199,Star View Farm,Berthoud,80513,http://www.StarViewFarmLtd.com,https://coloradoproud.com/business/?bid=business_profile_199
Hay / Forage Producer,,business_profile_199,Star View Farm,Berthoud,80513,http://www.StarViewFarmLtd.com,https://coloradoproud.com/business/?bid=business_profile_199
Hay Broker,,business_profile_199,Star View Farm,Berthoud,80513,http://www.StarViewFarmLtd.com,https://coloradoproud.com/business/?bid=business_profile_199
Liverstock Merchant,,business_profile_199,Star View Farm,Berthoud,80513,http://www.StarViewFarmLtd.com,https://coloradoproud.com/business/?bid=business_profile_199
Livestock Feeder,,business_profile_199,Star View Farm,Berthoud,80513,http://www.StarViewFarmLtd.com,https://coloradoproud.com/business/?bid=business_profile_199
Livestock Producer,On-Farm / Ranch Sales,business_profile_199,Star View Farm,Berthoud,80513,http://www.StarViewFarmLtd.com,https://coloradoproud.com/business/?bid=business_profile_199
Manufacturer,,business_profile_199,Star View Farm,Berthoud,80513,http://www.StarViewFarmLtd.com,https://coloradoproud.com/business/?bid=business_profile_199
Meat & Poultry Market,Meat Producer & Packer,business_profile_199,Star View Farm,Berthoud,80513,http://www.StarViewFarmLtd.com,https://coloradoproud.com/business/?bid=business_profile_199
Meat Packer / Processor,Meat Producer & Packer,business_profile_199,Star View Farm,Berthoud,80513,http://www.StarViewFarmLtd.com,https://coloradoproud.com/business/?bid=business_profile_199
Merchant / Merchandiser,,business_profile_199,Star View Farm,Berthoud,80513,http://www.StarViewFarmLtd.com,https://coloradoproud.com/business/?bid=business_profile_199
Retailer,,business_profile_199,Star View Farm,Berthoud,80513,http://www.StarViewFarmLtd.com,https://coloradoproud.com/business/?bid=business_profile_199
Specialty Food Store,Grocery Store,business_profile_199,Star View Farm,Berthoud,80513,http://www.StarViewFarmLtd.com,https://coloradoproud.com/business/?bid=business_profile_199
Tourism,Agritourism,business_profile_199,Star View Farm,Berthoud,80513,http://www.StarViewFarmLtd.com,https://coloradoproud.com/business/?bid=business_profile_199
Value-Added Producer / Processor,Food Maker,business_profile_199,Star View Farm,Berthoud,80513,http://www.StarViewFarmLtd.com,https://coloradoproud.com/business/?bid=business_profile_199
Wholesale Market,,business_profile_199,Star View Farm,Berthoud,80513,http://www.StarViewFarmLtd.com,https://coloradoproud.com/business/?bid=business_profile_199
Wholesaler,,business_profile_199,Star View Farm,Berthoud,80513,http://www.StarViewFarmLtd.com,https://coloradoproud.com/business/?bid=business_profile_199
Farmers Market,Farmers' Market,business_profile_491,Steamboat Salt Company,Hayden,81639,https://www.steamboatsalt.com,https://coloradoproud.com/business/?bid=business_profile_491
Food Manufacturer,,business_profile_491,Steamboat Salt Company,Hayden,81639,https://www.steamboatsalt.com,https://coloradoproud.com/business/?bid=business_profile_491
Specialty Food Store,Grocery Store,business_profile_491,Steamboat Salt Company,Hayden,81639,https://www.steamboatsalt.com,https://coloradoproud.com/business/?bid=business_profile_491
Meat Packer / Processor,Meat Producer & Packer,business_profile_1557,Steeles Meat Co,Lafayette,80026,,https://coloradoproud.com/business/?bid=business_profile_1557
Food Manufacturer,,business_profile_1470,Still Smokin BBQ,Olathe,81425,,https://coloradoproud.com/business/?bid=business_profile_1470
Food & Beverage Service,,business_profile_205,Stinkin Good,Castle Rock,80108,http://stinkingood.com,https://coloradoproud.com/business/?bid=business_profile_205
Caterer,Caterer,business_profile_424,Stoke Pizza,Pueblo,81005,,https://coloradoproud.com/business/?bid=business_profile_424
Bakery,Bakery,business_profile_631,Straw Hat Farm Market & Kitchen Store,Montrose,81401,https://strawhatfarmmarket.com,https://coloradoproud.com/business/?bid=business_profile_631
Farm Market,On-Farm / Ranch Sales,business_profile_631,Straw Hat Farm Market & Kitchen Store,Montrose,81401,https://strawhatfarmmarket.com,https://coloradoproud.com/business/?bid=business_profile_631
Retailer,,business_profile_631,Straw Hat Farm Market & Kitchen Store,Montrose,81401,https://strawhatfarmmarket.com,https://coloradoproud.com/business/?bid=business_profile_631
Livestock Producer,On-Farm / Ranch Sales,business_profile_1397,StreetAG,Rye,81069,https://www.krstreetag.com/,https://coloradoproud.com/business/?bid=business_profile_1397
Liquor Retailer,,business_profile_419,Streeter Flynn Vodka,Denver,80246,https://streeterflynn.com/,https://coloradoproud.com/business/?bid=business_profile_419
Bakery,Bakery,business_profile_1440,Stretch and Fold Sourdough Co.,Ignacio,81137,,https://coloradoproud.com/business/?bid=business_profile_1440
Bakery,Bakery,business_profile_1566,Styria Bakery II,Denver,80216,https://www.styriabakerybread.com,https://coloradoproud.com/business/?bid=business_profile_1566
Food Manufacturer,,business_profile_472,Submission Nutrition LLC,Evans,80620,https://www.submissionnutrition.com,https://coloradoproud.com/business/?bid=business_profile_472
Bakery,Bakery,business_profile_1000,SugarBee Cookie Company,Loveland,80538,https://www.sugarbeecookiecompany.com,https://coloradoproud.com/business/?bid=business_profile_1000
Bakery,Bakery,business_profile_959,Sun Mountain Bakery,Colorado Springs,80908,,https://coloradoproud.com/business/?bid=business_profile_959
Bakery,Bakery,business_profile_1517,Sunflower Cottage Foods,Boulder,80305,https://sunflowercottagefoods.com,https://coloradoproud.com/business/?bid=business_profile_1517
Cottage Food,Food Maker,business_profile_1517,Sunflower Cottage Foods,Boulder,80305,https://sunflowercottagefoods.com,https://coloradoproud.com/business/?bid=business_profile_1517
Grocery Store,Grocery Store,business_profile_345,Sunflower Natural Foods,Westcliffe,81252,,https://coloradoproud.com/business/?bid=business_profile_345
Bakery,Bakery,business_profile_1185,Sunflower Sourdough Ltd.,Hesperus,81326,https://www.hotplate.com/sunflowersourdoughltd,https://coloradoproud.com/business/?bid=business_profile_1185
Cottage Food,Food Maker,business_profile_1185,Sunflower Sourdough Ltd.,Hesperus,81326,https://www.hotplate.com/sunflowersourdoughltd,https://coloradoproud.com/business/?bid=business_profile_1185
Farm / Ranch,On-Farm / Ranch Sales,business_profile_300,Sunrise Ranch,Loveland,80538,https://sunriseranch.org/,https://coloradoproud.com/business/?bid=business_profile_300
Farm / Ranch,On-Farm / Ranch Sales,business_profile_404,Sunshine Green's Farm,Colorado Springs,80903,https://www.sunshinegreensfarm.com/,https://coloradoproud.com/business/?bid=business_profile_404
Bakery,Bakery,business_profile_1366,Superior Sweets,Superior,80027,https://Superior-Sweets.com,https://coloradoproud.com/business/?bid=business_profile_1366
Bakery,Bakery,business_profile_1429,Susan Cochran,Centennial,80015,https://peri-natal.net,https://coloradoproud.com/business/?bid=business_profile_1429
Farm / Ranch,On-Farm / Ranch Sales,business_profile_721,"Suárez Wines and Market LLC, Mariposa Farm LLC",Longmont,80503,https://suarezwines.com,https://coloradoproud.com/business/?bid=business_profile_721
Farm Market,On-Farm / Ranch Sales,business_profile_721,"Suárez Wines and Market LLC, Mariposa Farm LLC",Longmont,80503,https://suarezwines.com,https://coloradoproud.com/business/?bid=business_profile_721
Food Manufacturer,,business_profile_155,"Swallowtail Foods, LLC",Fort Collins,80525,,https://coloradoproud.com/business/?bid=business_profile_155
Bakery,Bakery,business_profile_1266,Sweet and Savory,Centennial,80122,,https://coloradoproud.com/business/?bid=business_profile_1266
Farm Market,On-Farm / Ranch Sales,business_profile_984,Sweet Bee & Co.,Denver,80205,https://sweetbeeandco.com/greens/,https://coloradoproud.com/business/?bid=business_profile_984
Bakery,Bakery,business_profile_1609,Sweet Chaos LLC,Craig,81625,,https://coloradoproud.com/business/?bid=business_profile_1609
Bakery,Bakery,business_profile_1064,Sweet Diplomacy,Louisville,80027,https://www.sweetdiplomacy.com/,https://coloradoproud.com/business/?bid=business_profile_1064
Cottage Food,Food Maker,business_profile_1589,Sweet Flower Cookie Company,Brighton,80601,https://www.mycustombakes.com/sweetflowercookieco,https://coloradoproud.com/business/?bid=business_profile_1589
Food Manufacturer,,business_profile_371,Sweet Logic,Arvada,80007,Https://www.eatsweetlogic.com,https://coloradoproud.com/business/?bid=business_profile_371
Bakery,Bakery,business_profile_1411,Sweet P's Bakery LLC,Florence,81226,,https://coloradoproud.com/business/?bid=business_profile_1411
Bakery,Bakery,business_profile_1047,"Sweet Street, LLC",Arvada,80002,https://239sweetstreet.square.site/,https://coloradoproud.com/business/?bid=business_profile_1047
Cottage Food,Food Maker,business_profile_1047,"Sweet Street, LLC",Arvada,80002,https://239sweetstreet.square.site/,https://coloradoproud.com/business/?bid=business_profile_1047
Mobile Food & Beverage Stand / Cart,,business_profile_1047,"Sweet Street, LLC",Arvada,80002,https://239sweetstreet.square.site/,https://coloradoproud.com/business/?bid=business_profile_1047
Snack / Confection Shop,,business_profile_1047,"Sweet Street, LLC",Arvada,80002,https://239sweetstreet.square.site/,https://coloradoproud.com/business/?bid=business_profile_1047
Cottage Food,Food Maker,business_profile_1156,"Sweet Street, LLC",Arvada,80002,https://239sweetstreet.square.site/,https://coloradoproud.com/business/?bid=business_profile_1156
Farm / Roadside Stand,Roadside Market,business_profile_1283,Sweet Valley Farm,Manzanola,81058,,https://coloradoproud.com/business/?bid=business_profile_1283
Bakery,Bakery,business_profile_1641,Sweetened Patisserie,ARVADA,80007,,https://coloradoproud.com/business/?bid=business_profile_1641
Cottage Food,Food Maker,business_profile_1160,SweetKendra,Colorado Springs,80918,,https://coloradoproud.com/business/?bid=business_profile_1160
Farm / Ranch,On-Farm / Ranch Sales,business_profile_120,Switch Gears Farm,Longmont,80503,https://www.switchgearsfarm.com/,https://coloradoproud.com/business/?bid=business_profile_120
Farm / Roadside Stand,Roadside Market,business_profile_120,Switch Gears Farm,Longmont,80503,https://www.switchgearsfarm.com/,https://coloradoproud.com/business/?bid=business_profile_120
Food Truck,,business_profile_1353,TACO BRON,Denver,80221,https://www.tacobron.com,https://coloradoproud.com/business/?bid=business_profile_1353
Food Truck,,business_profile_744,Tacos with Altitude,Commerce City,,,https://coloradoproud.com/business/?bid=business_profile_744
Farm / Ranch,On-Farm / Ranch Sales,business_profile_113,Tague Farm LLC,Lakewood,80214,http://www.TagueFarm.com,https://coloradoproud.com/business/?bid=business_profile_113
Bar / Pub / Tavern,,business_profile_202,Talbott & Sons LLC,Palisade,81526,https://www.talbottsciderco.com,https://coloradoproud.com/business/?bid=business_profile_202
Beverage Retailer,,business_profile_202,Talbott & Sons LLC,Palisade,81526,https://www.talbottsciderco.com,https://coloradoproud.com/business/?bid=business_profile_202
Distributor,,business_profile_202,Talbott & Sons LLC,Palisade,81526,https://www.talbottsciderco.com,https://coloradoproud.com/business/?bid=business_profile_202
Farm Market,On-Farm / Ranch Sales,business_profile_202,Talbott & Sons LLC,Palisade,81526,https://www.talbottsciderco.com,https://coloradoproud.com/business/?bid=business_profile_202
Food & Beverage Service,,business_profile_202,Talbott & Sons LLC,Palisade,81526,https://www.talbottsciderco.com,https://coloradoproud.com/business/?bid=business_profile_202
Orchard,On-Farm / Ranch Sales,business_profile_202,Talbott & Sons LLC,Palisade,81526,https://www.talbottsciderco.com,https://coloradoproud.com/business/?bid=business_profile_202
Produce Market,Roadside Market,business_profile_202,Talbott & Sons LLC,Palisade,81526,https://www.talbottsciderco.com,https://coloradoproud.com/business/?bid=business_profile_202
Value-Added Producer / Processor,Food Maker,business_profile_202,Talbott & Sons LLC,Palisade,81526,https://www.talbottsciderco.com,https://coloradoproud.com/business/?bid=business_profile_202
Wholesale Market,,business_profile_202,Talbott & Sons LLC,Palisade,81526,https://www.talbottsciderco.com,https://coloradoproud.com/business/?bid=business_profile_202
Wholesaler,,business_profile_202,Talbott & Sons LLC,Palisade,81526,https://www.talbottsciderco.com,https://coloradoproud.com/business/?bid=business_profile_202
Wine Retailer,,business_profile_202,Talbott & Sons LLC,Palisade,81526,https://www.talbottsciderco.com,https://coloradoproud.com/business/?bid=business_profile_202
Winery,Winery,business_profile_202,Talbott & Sons LLC,Palisade,81526,https://www.talbottsciderco.com,https://coloradoproud.com/business/?bid=business_profile_202
Retailer,,business_profile_868,Tallow Skin Co.,Longmont,80503,https://thetallowskinco.com,https://coloradoproud.com/business/?bid=business_profile_868
Winery,Winery,business_profile_629,Talon Wines,Palisade,81526,https://www.talonwinebrands.com/,https://coloradoproud.com/business/?bid=business_profile_629
Cottage Food,Food Maker,business_profile_1307,Tam's Jams LLC,Loveland,80537,,https://coloradoproud.com/business/?bid=business_profile_1307
Bakery,Bakery,business_profile_680,Tart and Soul Bakery,Littleton,80126,https://www.tartandsoulbakery.com,https://coloradoproud.com/business/?bid=business_profile_680
Grocery Store,Grocery Store,business_profile_1385,Taste of Life,Monument,80132,https://www.tasteoflifestores.com,https://coloradoproud.com/business/?bid=business_profile_1385
Cottage Food,Food Maker,business_profile_1414,Tatay Cookies,Fort collins,80528,,https://coloradoproud.com/business/?bid=business_profile_1414
Orchard,On-Farm / Ranch Sales,business_profile_678,Tate Orchards,Palisade,81526,,https://coloradoproud.com/business/?bid=business_profile_678
Farm / Ranch,On-Farm / Ranch Sales,business_profile_431,Taylor Quality Livestock LLC,Delta,81416,,https://coloradoproud.com/business/?bid=business_profile_431
Farm Market,On-Farm / Ranch Sales,business_profile_431,Taylor Quality Livestock LLC,Delta,81416,,https://coloradoproud.com/business/?bid=business_profile_431
Livestock Feeder,,business_profile_431,Taylor Quality Livestock LLC,Delta,81416,,https://coloradoproud.com/business/?bid=business_profile_431
Livestock Producer,On-Farm / Ranch Sales,business_profile_431,Taylor Quality Livestock LLC,Delta,81416,,https://coloradoproud.com/business/?bid=business_profile_431
Meat & Poultry Market,Meat Producer & Packer,business_profile_431,Taylor Quality Livestock LLC,Delta,81416,,https://coloradoproud.com/business/?bid=business_profile_431
Wholesaler,,business_profile_431,Taylor Quality Livestock LLC,Delta,81416,,https://coloradoproud.com/business/?bid=business_profile_431
Beverage Retailer,,business_profile_223,Tea with Tae,Denver,80214,https://www.teawithtae.com,https://coloradoproud.com/business/?bid=business_profile_223
Food Manufacturer,,business_profile_893,Teal Penguin Kitchens,Littleton,80120,https://tealpenguinkitchens.com,https://coloradoproud.com/business/?bid=business_profile_893
Bakery,Bakery,business_profile_1261,Teal Velvet Bakery,Pine,80470,https://tealvelvetbakery.com/,https://coloradoproud.com/business/?bid=business_profile_1261
Winery,Winery,business_profile_623,Tectonic WInery,,,,https://coloradoproud.com/business/?bid=business_profile_623
Restaurant,Restaurant,business_profile_275,"Tees Me Treat Me, LLC",,,https://teesmetreatme.com/,https://coloradoproud.com/business/?bid=business_profile_275
Retailer,,business_profile_275,"Tees Me Treat Me, LLC",,,https://teesmetreatme.com/,https://coloradoproud.com/business/?bid=business_profile_275
Candy,,business_profile_830,Telluride Truffle,Lakewood,80228,https://telluridetruffle.com,https://coloradoproud.com/business/?bid=business_profile_830
Nut & Confectionery Store,,business_profile_830,Telluride Truffle,Lakewood,80228,https://telluridetruffle.com,https://coloradoproud.com/business/?bid=business_profile_830
Beverage Retailer,,business_profile_144,Ten Bears Winery,Laporte,80535,http://tenbearswinery.com,https://coloradoproud.com/business/?bid=business_profile_144
Distributor,,business_profile_144,Ten Bears Winery,Laporte,80535,http://tenbearswinery.com,https://coloradoproud.com/business/?bid=business_profile_144
Food & Beverage Service,,business_profile_144,Ten Bears Winery,Laporte,80535,http://tenbearswinery.com,https://coloradoproud.com/business/?bid=business_profile_144
Food Manufacturer,,business_profile_144,Ten Bears Winery,Laporte,80535,http://tenbearswinery.com,https://coloradoproud.com/business/?bid=business_profile_144
Manufacturer,,business_profile_144,Ten Bears Winery,Laporte,80535,http://tenbearswinery.com,https://coloradoproud.com/business/?bid=business_profile_144
Tourism,Agritourism,business_profile_144,Ten Bears Winery,Laporte,80535,http://tenbearswinery.com,https://coloradoproud.com/business/?bid=business_profile_144
Value-Added Producer / Processor,Food Maker,business_profile_144,Ten Bears Winery,Laporte,80535,http://tenbearswinery.com,https://coloradoproud.com/business/?bid=business_profile_144
Wholesaler,,business_profile_144,Ten Bears Winery,Laporte,80535,http://tenbearswinery.com,https://coloradoproud.com/business/?bid=business_profile_144
Wine Bar,,business_profile_144,Ten Bears Winery,Laporte,80535,http://tenbearswinery.com,https://coloradoproud.com/business/?bid=business_profile_144
Wine Retailer,,business_profile_144,Ten Bears Winery,Laporte,80535,http://tenbearswinery.com,https://coloradoproud.com/business/?bid=business_profile_144
Winery,Winery,business_profile_144,Ten Bears Winery,Laporte,80535,http://tenbearswinery.com,https://coloradoproud.com/business/?bid=business_profile_144
Farm / Ranch,On-Farm / Ranch Sales,business_profile_550,Terra Farma Llc,Fruita,81521,,https://coloradoproud.com/business/?bid=business_profile_550
Food Manufacturer,,business_profile_550,Terra Farma Llc,Fruita,81521,,https://coloradoproud.com/business/?bid=business_profile_550
Retailer,,business_profile_550,Terra Farma Llc,Fruita,81521,,https://coloradoproud.com/business/?bid=business_profile_550
Wholesaler,,business_profile_550,Terra Farma Llc,Fruita,81521,,https://coloradoproud.com/business/?bid=business_profile_550
Ag Input Supplier,,business_profile_1194,Terraforma International,Lagunitas,94938,https://Terraformasoil.com,https://coloradoproud.com/business/?bid=business_profile_1194
Farm / Ranch,On-Farm / Ranch Sales,business_profile_191,Tetrad Inc.,Larkspur,80118,,https://coloradoproud.com/business/?bid=business_profile_191
Food Manufacturer,,business_profile_711,The 5280 Mermaid,Broomfield,80020,,https://coloradoproud.com/business/?bid=business_profile_711
Food Truck,,business_profile_1113,The American Commissary,Commerce City,80022,https://theamericancommissaryllc.com,https://coloradoproud.com/business/?bid=business_profile_1113
Bakery,Bakery,business_profile_966,The Ark Angel,Buena Vista,81211,,https://coloradoproud.com/business/?bid=business_profile_966
Health Supplement Store,,business_profile_285,The Ayurvedic Protein Co. LLC,Denver,80220,https://ayurvedicprotein.co,https://coloradoproud.com/business/?bid=business_profile_285
Bakery,Bakery,business_profile_723,The Baked Cottage Bakery,Denver,80249,https://bakesy.shop/b/the-baked-cottage-bakery,https://coloradoproud.com/business/?bid=business_profile_723
Cottage Food,Food Maker,business_profile_723,The Baked Cottage Bakery,Denver,80249,https://bakesy.shop/b/the-baked-cottage-bakery,https://coloradoproud.com/business/?bid=business_profile_723
Apiary,On-Farm / Ranch Sales,business_profile_1548,The Best Honey,Denver,80202,https://thebesthoney.com/,https://coloradoproud.com/business/?bid=business_profile_1548
Farmers Market,Farmers' Market,business_profile_343,The Block,Fort Morgan,80701,,https://coloradoproud.com/business/?bid=business_profile_343
Bakery,Bakery,business_profile_873,The Bread Chic,Fort Collins,80521,https://thebreadchic.com,https://coloradoproud.com/business/?bid=business_profile_873
Institution / Organization,,business_profile_1074,The Brewing Science Institute,Woodland Park,80863,https://brewingscience.com/,https://coloradoproud.com/business/?bid=business_profile_1074
Manufacturer,,business_profile_1074,The Brewing Science Institute,Woodland Park,80863,https://brewingscience.com/,https://coloradoproud.com/business/?bid=business_profile_1074
Restaurant,Restaurant,business_profile_1067,The Buffalo Rose,Golden,80401,https://buffalorosegolden.com,https://coloradoproud.com/business/?bid=business_profile_1067
Meat Packer / Processor,Meat Producer & Packer,business_profile_1501,The Cockeyed Coop,Fort Collins,80524,https://thecockeyedcoop.com/,https://coloradoproud.com/business/?bid=business_profile_1501
Farm / Ranch,On-Farm / Ranch Sales,business_profile_774,The Conscious Farms,Seibert,80834,https://theconsciousfarms.com,https://coloradoproud.com/business/?bid=business_profile_774
Bakery,Bakery,business_profile_1319,The Cookie Coven,Brighton,80601,https://www.thecookiecoven.com/,https://coloradoproud.com/business/?bid=business_profile_1319
Cottage Food,Food Maker,business_profile_324,The Country Lady Foods Company LLC,Pueblo,81008,https://facebook.com/country.lady.foods,https://coloradoproud.com/business/?bid=business_profile_324
Bakery,Bakery,business_profile_1388,The Crumb Keeper,Aurora,80013,https://www.findthecrumbkeeper.com,https://coloradoproud.com/business/?bid=business_profile_1388
Cottage Food,Food Maker,business_profile_1388,The Crumb Keeper,Aurora,80013,https://www.findthecrumbkeeper.com,https://coloradoproud.com/business/?bid=business_profile_1388
Bakery,Bakery,business_profile_1503,The Daily Knead,Englewood,80113,,https://coloradoproud.com/business/?bid=business_profile_1503
Cottage Food,Food Maker,business_profile_1503,The Daily Knead,Englewood,80113,,https://coloradoproud.com/business/?bid=business_profile_1503
Bakery,Bakery,business_profile_653,The Dyna,Pagosa Springs,81147,,https://coloradoproud.com/business/?bid=business_profile_653
Food Truck,,business_profile_653,The Dyna,Pagosa Springs,81147,,https://coloradoproud.com/business/?bid=business_profile_653
Wholesaler,,business_profile_653,The Dyna,Pagosa Springs,81147,,https://coloradoproud.com/business/?bid=business_profile_653
Farm / Ranch,On-Farm / Ranch Sales,business_profile_997,The Extremely Average Farm,Deer Trail,80105,,https://coloradoproud.com/business/?bid=business_profile_997
Farm / Roadside Stand,Roadside Market,business_profile_997,The Extremely Average Farm,Deer Trail,80105,,https://coloradoproud.com/business/?bid=business_profile_997
Farm Market,On-Farm / Ranch Sales,business_profile_997,The Extremely Average Farm,Deer Trail,80105,,https://coloradoproud.com/business/?bid=business_profile_997
Farmers Market,Farmers' Market,business_profile_997,The Extremely Average Farm,Deer Trail,80105,,https://coloradoproud.com/business/?bid=business_profile_997
Meat & Poultry Market,Meat Producer & Packer,business_profile_997,The Extremely Average Farm,Deer Trail,80105,,https://coloradoproud.com/business/?bid=business_profile_997
Produce Market,Roadside Market,business_profile_997,The Extremely Average Farm,Deer Trail,80105,,https://coloradoproud.com/business/?bid=business_profile_997
Tourism,Agritourism,business_profile_997,The Extremely Average Farm,Deer Trail,80105,,https://coloradoproud.com/business/?bid=business_profile_997
Distillery,,business_profile_977,The Family Jones,Denver,80211,https://thefamilyjones.co,https://coloradoproud.com/business/?bid=business_profile_977
Cooperative Grocery Store,Grocery Store,business_profile_1386,"The Farmers Market, LLC",Fruita,81521,http://www.farmersmarket.store,https://coloradoproud.com/business/?bid=business_profile_1386
Cottage Food,Food Maker,business_profile_1386,"The Farmers Market, LLC",Fruita,81521,http://www.farmersmarket.store,https://coloradoproud.com/business/?bid=business_profile_1386
Farmers Market,Farmers' Market,business_profile_1386,"The Farmers Market, LLC",Fruita,81521,http://www.farmersmarket.store,https://coloradoproud.com/business/?bid=business_profile_1386
Specialty Food Store,Grocery Store,business_profile_1386,"The Farmers Market, LLC",Fruita,81521,http://www.farmersmarket.store,https://coloradoproud.com/business/?bid=business_profile_1386
Apiary,On-Farm / Ranch Sales,business_profile_1069,The Feedery at Grow + Gather,Englewood,80113,https://www.Feedery.com,https://coloradoproud.com/business/?bid=business_profile_1069
Coffee Shop,,business_profile_1069,The Feedery at Grow + Gather,Englewood,80113,https://www.Feedery.com,https://coloradoproud.com/business/?bid=business_profile_1069
Farm / Ranch,On-Farm / Ranch Sales,business_profile_1069,The Feedery at Grow + Gather,Englewood,80113,https://www.Feedery.com,https://coloradoproud.com/business/?bid=business_profile_1069
Farm Market,On-Farm / Ranch Sales,business_profile_1069,The Feedery at Grow + Gather,Englewood,80113,https://www.Feedery.com,https://coloradoproud.com/business/?bid=business_profile_1069
Restaurant,Restaurant,business_profile_1069,The Feedery at Grow + Gather,Englewood,80113,https://www.Feedery.com,https://coloradoproud.com/business/?bid=business_profile_1069
Retailer,,business_profile_1560,The Flower Bin,Longmont,80501,https://theflowerbin.net/,https://coloradoproud.com/business/?bid=business_profile_1560
Farm / Roadside Stand,Roadside Market,business_profile_1444,The Flower Shack,Golden,80403,https://theflowershack303.com,https://coloradoproud.com/business/?bid=business_profile_1444
Institution / Organization,,business_profile_767,The Food Corridor,,,https://www.thefoodcorridor.com/,https://coloradoproud.com/business/?bid=business_profile_767
Farm / Ranch,On-Farm / Ranch Sales,business_profile_409,The Grasshopper Collective,Mancos,81328,https://www.thegrasshoppercollective.com,https://coloradoproud.com/business/?bid=business_profile_409
Mobile Food Stand / Cart,,business_profile_1459,The Grateful Hen,Penrose,81240,https://www.facebook.com/thegratefulhen/,https://coloradoproud.com/business/?bid=business_profile_1459
Farm / Roadside Stand,Roadside Market,business_profile_901,The Green Witch Homestead LLC.,Colorado Springs,80908,https://www.greenwitchhomestead.com,https://coloradoproud.com/business/?bid=business_profile_901
Non-Profit Organization,,business_profile_1559,The GrowHaus,,,https://www.thegrowhaus.org/,https://coloradoproud.com/business/?bid=business_profile_1559
Health Supplement Store,,business_profile_110,The Hemp Shoppe,Colorado Springs,80904,https://www.farmfreshcbd.com,https://coloradoproud.com/business/?bid=business_profile_110
Farm / Ranch,On-Farm / Ranch Sales,business_profile_947,The High Lonesome Ranch,De Beque,81630,https://thehighlonesomeranch.com/,https://coloradoproud.com/business/?bid=business_profile_947
Winery,Winery,business_profile_203,The Hillside Vineyard,Fort Collins,80521,https://www.thehillsidevineyard.com,https://coloradoproud.com/business/?bid=business_profile_203
Food Truck,,business_profile_422,THE HUNGRY BUFFALO,Pueblo West,81007,https://www.thehungrybuffalofoodtruck.com,https://coloradoproud.com/business/?bid=business_profile_422
Bar / Pub / Tavern,,business_profile_1180,"The Jackalope, A Twisted Tavern",Aurora,80013,,https://coloradoproud.com/business/?bid=business_profile_1180
Produce Market,Roadside Market,business_profile_736,"The Jelly Lady, LLC",Livermore,80536,,https://coloradoproud.com/business/?bid=business_profile_736
Coffee Shop,,business_profile_604,The Jolly Viking Coffee LLC,Aurora,80015,https://www.thejollyvikingcoffee.com,https://coloradoproud.com/business/?bid=business_profile_604
Manufacturer,,business_profile_109,"The Kitchen Coop, LLC",Broomfield,80021,http://www.the-kitchen-coop.com,https://coloradoproud.com/business/?bid=business_profile_109
Farmers Market,Farmers' Market,business_profile_694,The Larkspur Farmers Market,Larkspur,80118,https://thelarkspurfarmersmarket.com,https://coloradoproud.com/business/?bid=business_profile_694
Farmers Market,Farmers' Market,business_profile_222,the LOCAL,Parker,80134,https://thelocalcolorado.com,https://coloradoproud.com/business/?bid=business_profile_222
Retailer,,business_profile_222,the LOCAL,Parker,80134,https://thelocalcolorado.com,https://coloradoproud.com/business/?bid=business_profile_222
Candy,,business_profile_1646,The Marshmallow Express,Aurora,80011,https://www.TheMarshmallowExpress.com,https://coloradoproud.com/business/?bid=business_profile_1646
Nut & Confectionery Store,,business_profile_1646,The Marshmallow Express,Aurora,80011,https://www.TheMarshmallowExpress.com,https://coloradoproud.com/business/?bid=business_profile_1646
Bakery,Bakery,business_profile_1403,The Mill Bakery LLC,Pueblo,81005,https://themillpueblo.com,https://coloradoproud.com/business/?bid=business_profile_1403
Cottage Food,Food Maker,business_profile_1403,The Mill Bakery LLC,Pueblo,81005,https://themillpueblo.com,https://coloradoproud.com/business/?bid=business_profile_1403
Manufacturer,,business_profile_1087,"The Nugget Company, Inc",San Antonio,78207,https://nuggetcompany.com/,https://coloradoproud.com/business/?bid=business_profile_1087
Winery,Winery,business_profile_267,The OBC Wine Project,Fort Collins,80524,https://www.odellbrewing.com/locations/obcwineproject/,https://coloradoproud.com/business/?bid=business_profile_267
Farm / Ranch,On-Farm / Ranch Sales,business_profile_1520,The Old Elm,,,https://theoldelmboulder.com,https://coloradoproud.com/business/?bid=business_profile_1520
Cottage Food,Food Maker,business_profile_934,"The One Acre Farm, LLC",Craig,81625,,https://coloradoproud.com/business/?bid=business_profile_934
Caterer,Caterer,business_profile_270,The Outback Cookin' Company,Haxtun,80731,https://www.dosmokehouse.com/theoutbackcookincompany,https://coloradoproud.com/business/?bid=business_profile_270
Food Manufacturer,,business_profile_270,The Outback Cookin' Company,Haxtun,80731,https://www.dosmokehouse.com/theoutbackcookincompany,https://coloradoproud.com/business/?bid=business_profile_270
Retailer,,business_profile_270,The Outback Cookin' Company,Haxtun,80731,https://www.dosmokehouse.com/theoutbackcookincompany,https://coloradoproud.com/business/?bid=business_profile_270
Retailer,,business_profile_187,The parker shoppes,Parker,80134,,https://coloradoproud.com/business/?bid=business_profile_187
Orchard,On-Farm / Ranch Sales,business_profile_1282,The Peachfork,Palisade,81526,https://www.peachfork.com,https://coloradoproud.com/business/?bid=business_profile_1282
Winery,Winery,business_profile_1282,The Peachfork,Palisade,81526,https://www.peachfork.com,https://coloradoproud.com/business/?bid=business_profile_1282
Cottage Food,Food Maker,business_profile_1219,The People’s Pickles,Denver,80249,https://peoplespickles.com,https://coloradoproud.com/business/?bid=business_profile_1219
Merchant / Merchandiser,,business_profile_1219,The People’s Pickles,Denver,80249,https://peoplespickles.com,https://coloradoproud.com/business/?bid=business_profile_1219
Non-Profit Organization,,business_profile_1219,The People’s Pickles,Denver,80249,https://peoplespickles.com,https://coloradoproud.com/business/?bid=business_profile_1219
Snack & Beverage Bar,,business_profile_1219,The People’s Pickles,Denver,80249,https://peoplespickles.com,https://coloradoproud.com/business/?bid=business_profile_1219
Snack & Refreshment Stand,,business_profile_1219,The People’s Pickles,Denver,80249,https://peoplespickles.com,https://coloradoproud.com/business/?bid=business_profile_1219
Wholesaler,,business_profile_1219,The People’s Pickles,Denver,80249,https://peoplespickles.com,https://coloradoproud.com/business/?bid=business_profile_1219
Farm / Ranch,On-Farm / Ranch Sales,business_profile_804,The Perry Ranch LLC,Parker,80138,https://perryranch.org,https://coloradoproud.com/business/?bid=business_profile_804
Bakery,Bakery,business_profile_1461,THE PERUVIAN COOKIE COMPANY LLC,Arvada,80003,https://peruviancookie.com/,https://coloradoproud.com/business/?bid=business_profile_1461
Food Manufacturer,,business_profile_1153,The Pickle Relish Company,boulder,80302,https://thepicklerelishco.com,https://coloradoproud.com/business/?bid=business_profile_1153
Food Truck,,business_profile_482,The Pork Chop Lady & Sam's Street Tacos,Pueblo,81001,,https://coloradoproud.com/business/?bid=business_profile_482
Cottage Food,Food Maker,business_profile_994,The Prairie Farm Table,KIOWA,80117,,https://coloradoproud.com/business/?bid=business_profile_994
Farm / Roadside Stand,Roadside Market,business_profile_1197,The Ross Family Farmstead,Elizabeth,80107,https://rossfamilyfarmstead.com/,https://coloradoproud.com/business/?bid=business_profile_1197
Beverage Retailer,,business_profile_567,The Sleepy Turtle Coffee Co,Colorado Springs,80903,https://thesleepyturtlecoffeeco.com,https://coloradoproud.com/business/?bid=business_profile_567
Cafeteria Food Service Contractor,,business_profile_567,The Sleepy Turtle Coffee Co,Colorado Springs,80903,https://thesleepyturtlecoffeeco.com,https://coloradoproud.com/business/?bid=business_profile_567
Caterer,Caterer,business_profile_567,The Sleepy Turtle Coffee Co,Colorado Springs,80903,https://thesleepyturtlecoffeeco.com,https://coloradoproud.com/business/?bid=business_profile_567
Coffee Shop,,business_profile_567,The Sleepy Turtle Coffee Co,Colorado Springs,80903,https://thesleepyturtlecoffeeco.com,https://coloradoproud.com/business/?bid=business_profile_567
Cottage Food,Food Maker,business_profile_567,The Sleepy Turtle Coffee Co,Colorado Springs,80903,https://thesleepyturtlecoffeeco.com,https://coloradoproud.com/business/?bid=business_profile_567
Distributor,,business_profile_567,The Sleepy Turtle Coffee Co,Colorado Springs,80903,https://thesleepyturtlecoffeeco.com,https://coloradoproud.com/business/?bid=business_profile_567
Doughnut Shop,,business_profile_567,The Sleepy Turtle Coffee Co,Colorado Springs,80903,https://thesleepyturtlecoffeeco.com,https://coloradoproud.com/business/?bid=business_profile_567
Farm / Roadside Stand,Roadside Market,business_profile_567,The Sleepy Turtle Coffee Co,Colorado Springs,80903,https://thesleepyturtlecoffeeco.com,https://coloradoproud.com/business/?bid=business_profile_567
Farm Market,On-Farm / Ranch Sales,business_profile_567,The Sleepy Turtle Coffee Co,Colorado Springs,80903,https://thesleepyturtlecoffeeco.com,https://coloradoproud.com/business/?bid=business_profile_567
Farmers Market,Farmers' Market,business_profile_567,The Sleepy Turtle Coffee Co,Colorado Springs,80903,https://thesleepyturtlecoffeeco.com,https://coloradoproud.com/business/?bid=business_profile_567
Food & Beverage Service,,business_profile_567,The Sleepy Turtle Coffee Co,Colorado Springs,80903,https://thesleepyturtlecoffeeco.com,https://coloradoproud.com/business/?bid=business_profile_567
Food Service Contractor,,business_profile_567,The Sleepy Turtle Coffee Co,Colorado Springs,80903,https://thesleepyturtlecoffeeco.com,https://coloradoproud.com/business/?bid=business_profile_567
Food Truck,,business_profile_567,The Sleepy Turtle Coffee Co,Colorado Springs,80903,https://thesleepyturtlecoffeeco.com,https://coloradoproud.com/business/?bid=business_profile_567
Grocery Store,Grocery Store,business_profile_567,The Sleepy Turtle Coffee Co,Colorado Springs,80903,https://thesleepyturtlecoffeeco.com,https://coloradoproud.com/business/?bid=business_profile_567
Merchant / Merchandiser,,business_profile_567,The Sleepy Turtle Coffee Co,Colorado Springs,80903,https://thesleepyturtlecoffeeco.com,https://coloradoproud.com/business/?bid=business_profile_567
Mobile Food & Beverage Stand / Cart,,business_profile_567,The Sleepy Turtle Coffee Co,Colorado Springs,80903,https://thesleepyturtlecoffeeco.com,https://coloradoproud.com/business/?bid=business_profile_567
Mobile Food Stand / Cart,,business_profile_567,The Sleepy Turtle Coffee Co,Colorado Springs,80903,https://thesleepyturtlecoffeeco.com,https://coloradoproud.com/business/?bid=business_profile_567
Restaurant,Restaurant,business_profile_567,The Sleepy Turtle Coffee Co,Colorado Springs,80903,https://thesleepyturtlecoffeeco.com,https://coloradoproud.com/business/?bid=business_profile_567
Retailer,,business_profile_567,The Sleepy Turtle Coffee Co,Colorado Springs,80903,https://thesleepyturtlecoffeeco.com,https://coloradoproud.com/business/?bid=business_profile_567
Snack / Confection Shop,,business_profile_567,The Sleepy Turtle Coffee Co,Colorado Springs,80903,https://thesleepyturtlecoffeeco.com,https://coloradoproud.com/business/?bid=business_profile_567
Snack & Beverage Bar,,business_profile_567,The Sleepy Turtle Coffee Co,Colorado Springs,80903,https://thesleepyturtlecoffeeco.com,https://coloradoproud.com/business/?bid=business_profile_567
Snack & Refreshment Stand,,business_profile_567,The Sleepy Turtle Coffee Co,Colorado Springs,80903,https://thesleepyturtlecoffeeco.com,https://coloradoproud.com/business/?bid=business_profile_567
Specialty Food Store,Grocery Store,business_profile_567,The Sleepy Turtle Coffee Co,Colorado Springs,80903,https://thesleepyturtlecoffeeco.com,https://coloradoproud.com/business/?bid=business_profile_567
Wholesale Market,,business_profile_567,The Sleepy Turtle Coffee Co,Colorado Springs,80903,https://thesleepyturtlecoffeeco.com,https://coloradoproud.com/business/?bid=business_profile_567
Wholesaler,,business_profile_567,The Sleepy Turtle Coffee Co,Colorado Springs,80903,https://thesleepyturtlecoffeeco.com,https://coloradoproud.com/business/?bid=business_profile_567
Food Manufacturer,,business_profile_1170,The Smiling Pig,Bailey,80421,http://thesmilingpig.com,https://coloradoproud.com/business/?bid=business_profile_1170
Food Manufacturer,,business_profile_1443,The Spice Forge,,,http://www.thespiceforge.com,https://coloradoproud.com/business/?bid=business_profile_1443
Food Manufacturer,,business_profile_740,THE SPICE GUY,Denver,80204,https://www.thespiceguyco.com,https://coloradoproud.com/business/?bid=business_profile_740
Value-Added Producer / Processor,Food Maker,business_profile_1616,The Spice Makers,Firestone,80504,https://www.thespicemakers.com/,https://coloradoproud.com/business/?bid=business_profile_1616
Food & Beverage Service,,business_profile_1164,The SSA Group at The Denver Zoo,Denver,80205,https://thessagroup.com/,https://coloradoproud.com/business/?bid=business_profile_1164
School / Educational Institution,,business_profile_859,The STEAD School,Commerce City,80022,https://www.thesteadschool.org/,https://coloradoproud.com/business/?bid=business_profile_859
Farm / Ranch,On-Farm / Ranch Sales,business_profile_465,The Stone Fruit Company LLC,Palisade,81526,https://Thestonefruitcompany.com,https://coloradoproud.com/business/?bid=business_profile_465
Winery,Winery,business_profile_159,The Storm Cellar,Hotchkiss,81419,https://stormcellarwine.com,https://coloradoproud.com/business/?bid=business_profile_159
Bakery,Bakery,business_profile_64,The Sweetest Bean,Greenwood Village,80111,https://www.thesweetestbean.com/,https://coloradoproud.com/business/?bid=business_profile_64
Retailer,,business_profile_64,The Sweetest Bean,Greenwood Village,80111,https://www.thesweetestbean.com/,https://coloradoproud.com/business/?bid=business_profile_64
Farm / Ranch,On-Farm / Ranch Sales,business_profile_968,The Twisted Shed,Kiowa,80117,https://the-twisted-shed.square.site,https://coloradoproud.com/business/?bid=business_profile_968
Tourism,Agritourism,business_profile_968,The Twisted Shed,Kiowa,80117,https://the-twisted-shed.square.site,https://coloradoproud.com/business/?bid=business_profile_968
Cottage Food,Food Maker,business_profile_303,The Urban Farmhouse Co.,Peyton,80831,https://www.TheUrbanFarmhouseCo.com,https://coloradoproud.com/business/?bid=business_profile_303
Wholesaler,,business_profile_515,The Wright Way Sausage Company,Englewood,80110,,https://coloradoproud.com/business/?bid=business_profile_515
Cottage Food,Food Maker,business_profile_652,The York Spice Company,Greeley,80634,,https://coloradoproud.com/business/?bid=business_profile_652
Specialty Food Store,Grocery Store,business_profile_577,The Zesty Moose,Grand Junction,81501,https://www.thezestymoose.com,https://coloradoproud.com/business/?bid=business_profile_577
Candy,,business_profile_1571,Third Wave Chocolate Company,Colorado Springs,80903,https://thirdwavechocolateco.com,https://coloradoproud.com/business/?bid=business_profile_1571
Nut & Confectionery Store,,business_profile_1571,Third Wave Chocolate Company,Colorado Springs,80903,https://thirdwavechocolateco.com,https://coloradoproud.com/business/?bid=business_profile_1571
Bakery,Bakery,business_profile_705,"This is a test, Inc.",Broomfield,80020,https://onlineada.com,https://coloradoproud.com/business/?bid=business_profile_705
Non-Profit Organization,,business_profile_450,Thompson Henry Construction,Glenwood Springs,81601,,https://coloradoproud.com/business/?bid=business_profile_450
Farm / Ranch,On-Farm / Ranch Sales,business_profile_295,Thousand Hills Ranch,Pagosa Springs,81147,,https://coloradoproud.com/business/?bid=business_profile_295
Bakery,Bakery,business_profile_1603,Three Cubs Bakehouse,Greeley,80634,,https://coloradoproud.com/business/?bid=business_profile_1603
Cottage Food,Food Maker,business_profile_1603,Three Cubs Bakehouse,Greeley,80634,,https://coloradoproud.com/business/?bid=business_profile_1603
Food Manufacturer,,business_profile_1120,Three Farm Girls Creating Homemade delights,Larkspur,80118,https://threefarmgirls.shop/,https://coloradoproud.com/business/?bid=business_profile_1120
Brewery,,business_profile_1562,Three Kings Functional Beverages,Denver,80216,https://www.3kingskombucha.com,https://coloradoproud.com/business/?bid=business_profile_1562
Manufacturer,,business_profile_1562,Three Kings Functional Beverages,Denver,80216,https://www.3kingskombucha.com,https://coloradoproud.com/business/?bid=business_profile_1562
Wholesaler,,business_profile_1562,Three Kings Functional Beverages,Denver,80216,https://www.3kingskombucha.com,https://coloradoproud.com/business/?bid=business_profile_1562
Bakery,Bakery,business_profile_945,Three Little Pigs Bakery,Estes Park,80517,,https://coloradoproud.com/business/?bid=business_profile_945
Farm / Ranch,On-Farm / Ranch Sales,business_profile_296,Three Sisters Farm & Dairy,Boone,81025,,https://coloradoproud.com/business/?bid=business_profile_296
Food Truck,,business_profile_443,"Thyme to Dine, LLC",Colorado Springs,80918,https://www.thyme2dine21.com/,https://coloradoproud.com/business/?bid=business_profile_443
Winery,Winery,business_profile_98,"Tilde Vineyards, LLC",,,https://www.brushhollowwinery.com/,https://coloradoproud.com/business/?bid=business_profile_98
Livestock Producer,On-Farm / Ranch Sales,business_profile_323,Timberline Bovine,Ignacio,81137,,https://coloradoproud.com/business/?bid=business_profile_323
Ag Input Supplier,,business_profile_1327,Timberline RocK 'N' Roll,COLORADO SPRINGS,80939,Https://www.Timberlinerocknroll.com,https://coloradoproud.com/business/?bid=business_profile_1327
Manufacturer,,business_profile_1327,Timberline RocK 'N' Roll,COLORADO SPRINGS,80939,Https://www.Timberlinerocknroll.com,https://coloradoproud.com/business/?bid=business_profile_1327
Meat & Poultry Market,Meat Producer & Packer,business_profile_549,Tin Cup Ranch,Johnstown,80534,https://www.thetincupranch.com/,https://coloradoproud.com/business/?bid=business_profile_549
Cottage Food,Food Maker,business_profile_1528,Tinctures and Tallow,Firestone,80504,https://shoptincturesandtallow.com,https://coloradoproud.com/business/?bid=business_profile_1528
Merchant / Merchandiser,,business_profile_1528,Tinctures and Tallow,Firestone,80504,https://shoptincturesandtallow.com,https://coloradoproud.com/business/?bid=business_profile_1528
Cottage Food,Food Maker,business_profile_1107,Toadstool Traditions,,,https://toadstooltraditions.com/,https://coloradoproud.com/business/?bid=business_profile_1107
Food Manufacturer,,business_profile_819,Tocabe Indigenous Marketplace,Golden,80403,https://www.shoptocabe.com,https://coloradoproud.com/business/?bid=business_profile_819
Concession Service Contractor,,business_profile_656,Toler Brothers LLC,Pueblo West,81007,,https://coloradoproud.com/business/?bid=business_profile_656
Snack / Confection Shop,,business_profile_448,"Tom's Sun Bars, LLC",Denver,80206,https://TomsSunBars.com,https://coloradoproud.com/business/?bid=business_profile_448
Wholesaler,,business_profile_448,"Tom's Sun Bars, LLC",Denver,80206,https://TomsSunBars.com,https://coloradoproud.com/business/?bid=business_profile_448
Farmers Market,Farmers' Market,business_profile_488,Tongue Burners,Thornton,80229,https://www.tongueburners.com,https://coloradoproud.com/business/?bid=business_profile_488
Candy,,business_profile_90,Too Haute Cowgirls,Sterling,80751,,https://coloradoproud.com/business/?bid=business_profile_90
Nut & Confectionery Store,,business_profile_90,Too Haute Cowgirls,Sterling,80751,,https://coloradoproud.com/business/?bid=business_profile_90
Snack / Confection Shop,,business_profile_90,Too Haute Cowgirls,Sterling,80751,,https://coloradoproud.com/business/?bid=business_profile_90
Brewery,,business_profile_1505,TooSteppin Brewing,Boulder,80301,https://toosteppin.com,https://coloradoproud.com/business/?bid=business_profile_1505
Farm / Roadside Stand,Roadside Market,business_profile_881,Tooth & Gill Mushroom Co.,Pagosa Springs,81147,https://www.toothandgill.com,https://coloradoproud.com/business/?bid=business_profile_881
Coffee Shop,,business_profile_1001,Top Of The Lake Coffee,Evans,80620,http://topofthelakecoffee.com,https://coloradoproud.com/business/?bid=business_profile_1001
Food & Beverage Service,,business_profile_1001,Top Of The Lake Coffee,Evans,80620,http://topofthelakecoffee.com,https://coloradoproud.com/business/?bid=business_profile_1001
Manufacturer,,business_profile_209,Tortillas Laguna,Longmont,80501,,https://coloradoproud.com/business/?bid=business_profile_209
Food Manufacturer,,business_profile_234,Tortillas Laguna,Longmont,80501,http://tortillaslaguna.com,https://coloradoproud.com/business/?bid=business_profile_234
Merchant / Merchandiser,,business_profile_234,Tortillas Laguna,Longmont,80501,http://tortillaslaguna.com,https://coloradoproud.com/business/?bid=business_profile_234
Food & Beverage Service,,business_profile_630,Totally Nutz,Denver,80204,https://FreshNTastyNuts.com,https://coloradoproud.com/business/?bid=business_profile_630
Farm / Ranch,On-Farm / Ranch Sales,business_profile_393,Totty Farms,Ignacio,81137,,https://coloradoproud.com/business/?bid=business_profile_393
Food & Beverage Service,,business_profile_393,Totty Farms,Ignacio,81137,,https://coloradoproud.com/business/?bid=business_profile_393
Cottage Food,Food Maker,business_profile_971,Tovah Homestead,Palmer Lake,80133,http://tovahhomestead.com/,https://coloradoproud.com/business/?bid=business_profile_971
Farm / Roadside Stand,Roadside Market,business_profile_971,Tovah Homestead,Palmer Lake,80133,http://tovahhomestead.com/,https://coloradoproud.com/business/?bid=business_profile_971
Government Institution / Entity,,business_profile_151,Town of Minturn / Minturn Market,Minturn,81645,https://www.minturn.org,https://coloradoproud.com/business/?bid=business_profile_151
Beverage Retailer,,business_profile_301,Trail Rated Coffee Company,Centennial,80122,,https://coloradoproud.com/business/?bid=business_profile_301
Retailer,,business_profile_301,Trail Rated Coffee Company,Centennial,80122,,https://coloradoproud.com/business/?bid=business_profile_301
Wholesaler,,business_profile_301,Trail Rated Coffee Company,Centennial,80122,,https://coloradoproud.com/business/?bid=business_profile_301
Retailer,,business_profile_1369,Trailside Treats,Aurora,80016,https://www.trailside-treats.com,https://coloradoproud.com/business/?bid=business_profile_1369
Candy,,business_profile_1005,TREATS BY CHAMBERLIN,PUEBLO WEST,81007,https://www.treatsbychamberlin.com,https://coloradoproud.com/business/?bid=business_profile_1005
Nut & Confectionery Store,,business_profile_1005,TREATS BY CHAMBERLIN,PUEBLO WEST,81007,https://www.treatsbychamberlin.com,https://coloradoproud.com/business/?bid=business_profile_1005
Food Manufacturer,,business_profile_785,Tres Picosos,Denver,80207,https://trespicosos.com/,https://coloradoproud.com/business/?bid=business_profile_785
Farm / Ranch,On-Farm / Ranch Sales,business_profile_632,Trifecta Natural Pork,Yuma,80759,http://www.saxtongenetics.com/trifectanaturalporkllc.html,https://coloradoproud.com/business/?bid=business_profile_632
Farm / Ranch,On-Farm / Ranch Sales,business_profile_816,"Trinity Acres Farm, LLC",Byers,80103,https://www.trinity-acres.farm/,https://coloradoproud.com/business/?bid=business_profile_816
Tourism,Agritourism,business_profile_816,"Trinity Acres Farm, LLC",Byers,80103,https://www.trinity-acres.farm/,https://coloradoproud.com/business/?bid=business_profile_816
Farm / Ranch,On-Farm / Ranch Sales,business_profile_778,Triple C Farm,Fort Collins,80524,https://triplecfarmcolorado.com,https://coloradoproud.com/business/?bid=business_profile_778
Meat Packer / Processor,Meat Producer & Packer,business_profile_1398,"Troudt Meats, LLC.",Otis,80743,,https://coloradoproud.com/business/?bid=business_profile_1398
Wholesaler,,business_profile_498,TRUBRANDS,Miami Beach,33140,https://www.truwomen.com/pages/about_truwomen,https://coloradoproud.com/business/?bid=business_profile_498
Food Manufacturer,,business_profile_1487,TrueGras,Boulder,80304,https://www.truegras.com,https://coloradoproud.com/business/?bid=business_profile_1487
Farm / Ranch,On-Farm / Ranch Sales,business_profile_88,Trujillo Family Farm,Broomfield,80023,https://www.trujillofamilyfarmCO.com,https://coloradoproud.com/business/?bid=business_profile_88
Farm / Ranch,On-Farm / Ranch Sales,business_profile_1062,Truth Microfarms,,,https://truthmicrofarms.com,https://coloradoproud.com/business/?bid=business_profile_1062
Tourism,Agritourism,business_profile_264,Tuff's Ranch,Bennett,80102,https://www.TuffsRanch.com,https://coloradoproud.com/business/?bid=business_profile_264
Farm / Ranch,On-Farm / Ranch Sales,business_profile_730,Tuff's Ranch,Bennett,80102,https://www.TuffsRanch.com,https://coloradoproud.com/business/?bid=business_profile_730
Livestock Producer,On-Farm / Ranch Sales,business_profile_730,Tuff's Ranch,Bennett,80102,https://www.TuffsRanch.com,https://coloradoproud.com/business/?bid=business_profile_730
Non-Profit Organization,,business_profile_730,Tuff's Ranch,Bennett,80102,https://www.TuffsRanch.com,https://coloradoproud.com/business/?bid=business_profile_730
Tourism,Agritourism,business_profile_730,Tuff's Ranch,Bennett,80102,https://www.TuffsRanch.com,https://coloradoproud.com/business/?bid=business_profile_730
Bakery,Bakery,business_profile_530,Tumbleweed Bread,Monte Vista,81144,http://www.tumbleweedbread.com,https://coloradoproud.com/business/?bid=business_profile_530
Farm / Ranch,On-Farm / Ranch Sales,business_profile_1617,Tuxedo Corn Company LLC,Olathe,81425,https://tuxedocorn.com,https://coloradoproud.com/business/?bid=business_profile_1617
Cottage Food,Food Maker,business_profile_504,Twin Hounds Biscuit Company,Colorado Springs,80906,https://www.twinhounds.com,https://coloradoproud.com/business/?bid=business_profile_504
Retailer,,business_profile_504,Twin Hounds Biscuit Company,Colorado Springs,80906,https://www.twinhounds.com,https://coloradoproud.com/business/?bid=business_profile_504
Wholesaler,,business_profile_504,Twin Hounds Biscuit Company,Colorado Springs,80906,https://www.twinhounds.com,https://coloradoproud.com/business/?bid=business_profile_504
Bagel / Sandwich Shop,,business_profile_1593,Twist Bagel Co,,,,https://coloradoproud.com/business/?bid=business_profile_1593
Food Manufacturer,,business_profile_777,Twisted Spoke CBD,Colorado Springs,80904,http://twistedspokecbd.com,https://coloradoproud.com/business/?bid=business_profile_777
Apiary,On-Farm / Ranch Sales,business_profile_328,Two Drifters Farm,,,,https://coloradoproud.com/business/?bid=business_profile_328
Farm / Roadside Stand,Roadside Market,business_profile_328,Two Drifters Farm,,,,https://coloradoproud.com/business/?bid=business_profile_328
Livestock Producer,On-Farm / Ranch Sales,business_profile_1458,Two Mean Goats Farm & Soap,ECKERT,81418,https://twomeangoats.com,https://coloradoproud.com/business/?bid=business_profile_1458
Value-Added Producer / Processor,Food Maker,business_profile_1458,Two Mean Goats Farm & Soap,ECKERT,81418,https://twomeangoats.com,https://coloradoproud.com/business/?bid=business_profile_1458
Food Manufacturer,,business_profile_1081,U-LUV FOODS,Broomfield,80020,https://www.uluvfoods.com,https://coloradoproud.com/business/?bid=business_profile_1081
Farm / Ranch,On-Farm / Ranch Sales,business_profile_1623,Uan Hollow,New Castle,81647,https://www.uanhollow.com,https://coloradoproud.com/business/?bid=business_profile_1623
Institution / Organization,,business_profile_1054,UAS Service Corporation,Hawley,56549,https://uasservice.com/,https://coloradoproud.com/business/?bid=business_profile_1054
Value-Added Producer / Processor,Food Maker,business_profile_1054,UAS Service Corporation,Hawley,56549,https://uasservice.com/,https://coloradoproud.com/business/?bid=business_profile_1054
Cottage Food,Food Maker,business_profile_78,"Uff Da Waffles, LLC",Colorado Springs,80937,https://www.uffdawaffles.com,https://coloradoproud.com/business/?bid=business_profile_78
Food Manufacturer,,business_profile_78,"Uff Da Waffles, LLC",Colorado Springs,80937,https://www.uffdawaffles.com,https://coloradoproud.com/business/?bid=business_profile_78
Farm / Ranch,On-Farm / Ranch Sales,business_profile_390,Ullrs Garden,Denver,80223,https://ullrsgarden.com,https://coloradoproud.com/business/?bid=business_profile_390
Food Manufacturer,,business_profile_108,Umami Foods LLC,Boulder,80304,https://projectumami.net,https://coloradoproud.com/business/?bid=business_profile_108
Wholesaler,,business_profile_72,Umbo,Longmont,80504,https://www.getumbo.com,https://coloradoproud.com/business/?bid=business_profile_72
Orchard,On-Farm / Ranch Sales,business_profile_471,Uncle Johns Garden U-Pick,Cedaredge,81413,,https://coloradoproud.com/business/?bid=business_profile_471
Farm / Ranch,On-Farm / Ranch Sales,business_profile_193,Uncompahgre Farms,Montrose,81403,https://uncofarms.com,https://coloradoproud.com/business/?bid=business_profile_193
Grazer,On-Farm / Ranch Sales,business_profile_193,Uncompahgre Farms,Montrose,81403,https://uncofarms.com,https://coloradoproud.com/business/?bid=business_profile_193
Hay / Forage Producer,,business_profile_193,Uncompahgre Farms,Montrose,81403,https://uncofarms.com,https://coloradoproud.com/business/?bid=business_profile_193
Livestock Producer,On-Farm / Ranch Sales,business_profile_193,Uncompahgre Farms,Montrose,81403,https://uncofarms.com,https://coloradoproud.com/business/?bid=business_profile_193
Retailer,,business_profile_193,Uncompahgre Farms,Montrose,81403,https://uncofarms.com,https://coloradoproud.com/business/?bid=business_profile_193
Ag Input Supplier,,business_profile_1625,Underhill Worm Farm,Pueblo West,81007,https://www.underhillwormfarm.com/,https://coloradoproud.com/business/?bid=business_profile_1625
Farm Market,On-Farm / Ranch Sales,business_profile_1625,Underhill Worm Farm,Pueblo West,81007,https://www.underhillwormfarm.com/,https://coloradoproud.com/business/?bid=business_profile_1625
Wholesaler,,business_profile_1625,Underhill Worm Farm,Pueblo West,81007,https://www.underhillwormfarm.com/,https://coloradoproud.com/business/?bid=business_profile_1625
Farm / Ranch,On-Farm / Ranch Sales,business_profile_216,Unlikely Farms,Louisville,80027,https://www.unlikelyfarms.com,https://coloradoproud.com/business/?bid=business_profile_216
Farm / Ranch,On-Farm / Ranch Sales,business_profile_1136,Unsung family farm,,,,https://coloradoproud.com/business/?bid=business_profile_1136
Non-Profit Organization,,business_profile_568,UpRoot Colorado,,,,https://coloradoproud.com/business/?bid=business_profile_568
Bar / Pub / Tavern,,business_profile_982,Upslope Brewery,Boulder,80301,https://upslopebrewing.com,https://coloradoproud.com/business/?bid=business_profile_982
Brewery,,business_profile_982,Upslope Brewery,Boulder,80301,https://upslopebrewing.com,https://coloradoproud.com/business/?bid=business_profile_982
Brewery,,business_profile_357,Upstart Kombucha,Boulder,80301,https://www.drinkupstart.com/,https://coloradoproud.com/business/?bid=business_profile_357
Candy,,business_profile_1097,UpTop Treats,Monument,80132,https://www.uptoptreats.com,https://coloradoproud.com/business/?bid=business_profile_1097
Nut & Confectionery Store,,business_profile_1097,UpTop Treats,Monument,80132,https://www.uptoptreats.com,https://coloradoproud.com/business/?bid=business_profile_1097
Food Manufacturer,,business_profile_1097,UpTop Treats,Monument,80132,https://www.uptoptreats.com,https://coloradoproud.com/business/?bid=business_profile_1097
Farm / Roadside Stand,Roadside Market,business_profile_314,Urban Greens Farm,Denver,80211,https://urbangreensfarm.square.site,https://coloradoproud.com/business/?bid=business_profile_314
Dairy,On-Farm / Ranch Sales,business_profile_619,Urmber's IceCream,,,https://www.ummberspremiumicecream.com/,https://coloradoproud.com/business/?bid=business_profile_619
Farm / Ranch,On-Farm / Ranch Sales,business_profile_897,Valere Farm and Ranch,Hudson,80642,https://ValereFarmandRanch.com,https://coloradoproud.com/business/?bid=business_profile_897
Meat & Poultry Market,Meat Producer & Packer,business_profile_1642,Valley Meat and Foods LLC,Alamosa,81101,https://valleymeatandfood.com/,https://coloradoproud.com/business/?bid=business_profile_1642
Cottage Food,Food Maker,business_profile_1607,Valley Of The Moon Bakery,Aurora,80013,,https://coloradoproud.com/business/?bid=business_profile_1607
Buyer,,business_profile_118,Valley Roots Food Hub & Taproot Cooperative,Mosca,81146,http://valleyrootsfoodhub.com,https://coloradoproud.com/business/?bid=business_profile_118
Distributor,,business_profile_118,Valley Roots Food Hub & Taproot Cooperative,Mosca,81146,http://valleyrootsfoodhub.com,https://coloradoproud.com/business/?bid=business_profile_118
Non-Profit Organization,,business_profile_118,Valley Roots Food Hub & Taproot Cooperative,Mosca,81146,http://valleyrootsfoodhub.com,https://coloradoproud.com/business/?bid=business_profile_118
Retailer,,business_profile_118,Valley Roots Food Hub & Taproot Cooperative,Mosca,81146,http://valleyrootsfoodhub.com,https://coloradoproud.com/business/?bid=business_profile_118
Wholesale Market,,business_profile_118,Valley Roots Food Hub & Taproot Cooperative,Mosca,81146,http://valleyrootsfoodhub.com,https://coloradoproud.com/business/?bid=business_profile_118
Wholesaler,,business_profile_118,Valley Roots Food Hub & Taproot Cooperative,Mosca,81146,http://valleyrootsfoodhub.com,https://coloradoproud.com/business/?bid=business_profile_118
Distillery,,business_profile_1336,Valor Peak Distillery,Longmont,80501,https://www.valorpeakdistillery.com/?gad_source=1&gad_campaignid=22556966542&gbraid=0AAAAA_nUHWW5KMfqKeNqVmNG3N5uPJC8v&gclid=CjwKCAjwsZPDBhBWEiwADuO6yxADcn-y9olQ4cJ_EjfXgZuPUulgyTiSd5KbtITdeKx1Gys53-YjyRoCZC8QAvD_BwE,https://coloradoproud.com/business/?bid=business_profile_1336
Cottage Food,Food Maker,business_profile_612,Vanilla Bean Kitchen LLC,Aurora,80015,https://www.vanillabeankitchen.com,https://coloradoproud.com/business/?bid=business_profile_612
Farm / Ranch,On-Farm / Ranch Sales,business_profile_610,VanWinkle Ranch,Fruita,81521,,https://coloradoproud.com/business/?bid=business_profile_610
Distillery,,business_profile_1438,Vapor Distillery,Boulder,80301,https://boulderspirits.com,https://coloradoproud.com/business/?bid=business_profile_1438
Retailer,,business_profile_1438,Vapor Distillery,Boulder,80301,https://boulderspirits.com,https://coloradoproud.com/business/?bid=business_profile_1438
Cottage Food,Food Maker,business_profile_1539,Vaughnderful Bakehouse,Colorado Springs,80923,,https://coloradoproud.com/business/?bid=business_profile_1539
Bakery,Bakery,business_profile_1446,Venezuela dulce LLC,,,,https://coloradoproud.com/business/?bid=business_profile_1446
Cottage Food,Food Maker,business_profile_913,Vermont Sticky,Crested Butte,81225,https://vermontsticky.com,https://coloradoproud.com/business/?bid=business_profile_913
Specialty Food Store,Grocery Store,business_profile_913,Vermont Sticky,Crested Butte,81225,https://vermontsticky.com,https://coloradoproud.com/business/?bid=business_profile_913
Wholesaler,,business_profile_913,Vermont Sticky,Crested Butte,81225,https://vermontsticky.com,https://coloradoproud.com/business/?bid=business_profile_913
Restaurant,Restaurant,business_profile_516,Vi at Highlands Ranch,Highlands Ranch,80126,https://www.viliving.com/,https://coloradoproud.com/business/?bid=business_profile_516
Manufacturer,,business_profile_585,Viable Fiber LLC,Denver,80238,,https://coloradoproud.com/business/?bid=business_profile_585
Food Manufacturer,,business_profile_1640,Viafi Coffee Company,Englewood,80110,https://viaficoffee.com,https://coloradoproud.com/business/?bid=business_profile_1640
Mobile Food & Beverage Stand / Cart,,business_profile_1640,Viafi Coffee Company,Englewood,80110,https://viaficoffee.com,https://coloradoproud.com/business/?bid=business_profile_1640
Farm / Ranch,On-Farm / Ranch Sales,business_profile_411,Viking Aquaponics,Stratton,80836,,https://coloradoproud.com/business/?bid=business_profile_411
Fishery,On-Farm / Ranch Sales,business_profile_411,Viking Aquaponics,Stratton,80836,,https://coloradoproud.com/business/?bid=business_profile_411
Livestock Producer,On-Farm / Ranch Sales,business_profile_170,Vince's Hatchery,,,,https://coloradoproud.com/business/?bid=business_profile_170
Ag Input Supplier,,business_profile_1350,Vineland Enterprises Inc.,Palisade,81526,,https://coloradoproud.com/business/?bid=business_profile_1350
Winery,Winery,business_profile_77,Vines 79 Wine Barn,Palisade,81526,https://www.vines79.com,https://coloradoproud.com/business/?bid=business_profile_77
Bar / Pub / Tavern,,business_profile_123,Vino Salida Wine Cellars,Poncha Springs,81242,https://www.vinosalida.com,https://coloradoproud.com/business/?bid=business_profile_123
Cocktail Lounge,,business_profile_123,Vino Salida Wine Cellars,Poncha Springs,81242,https://www.vinosalida.com,https://coloradoproud.com/business/?bid=business_profile_123
Tourism,Agritourism,business_profile_123,Vino Salida Wine Cellars,Poncha Springs,81242,https://www.vinosalida.com,https://coloradoproud.com/business/?bid=business_profile_123
Wine Bar,,business_profile_123,Vino Salida Wine Cellars,Poncha Springs,81242,https://www.vinosalida.com,https://coloradoproud.com/business/?bid=business_profile_123
Wine Retailer,,business_profile_123,Vino Salida Wine Cellars,Poncha Springs,81242,https://www.vinosalida.com,https://coloradoproud.com/business/?bid=business_profile_123
Winery,Winery,business_profile_123,Vino Salida Wine Cellars,Poncha Springs,81242,https://www.vinosalida.com,https://coloradoproud.com/business/?bid=business_profile_123
Farm / Roadside Stand,Roadside Market,business_profile_121,Violet Ratio,Moffat,81143,,https://coloradoproud.com/business/?bid=business_profile_121
Produce Market,Roadside Market,business_profile_121,Violet Ratio,Moffat,81143,,https://coloradoproud.com/business/?bid=business_profile_121
Value-Added Producer / Processor,Food Maker,business_profile_121,Violet Ratio,Moffat,81143,,https://coloradoproud.com/business/?bid=business_profile_121
Farm / Ranch,On-Farm / Ranch Sales,business_profile_1220,Vision Angus Beef,Amherst,80721,https://www.visionangus.com,https://coloradoproud.com/business/?bid=business_profile_1220
Food Truck,,business_profile_691,"VJ Concession, LLC",Loveland,80539,http://m.facebook.com/110277888621640/,https://coloradoproud.com/business/?bid=business_profile_691
Bakery,Bakery,business_profile_769,Vollmer's Bakery,Denver,80216,https://vollmersbakery.com,https://coloradoproud.com/business/?bid=business_profile_769
Food Manufacturer,,business_profile_247,Vukoo Nutrition,Aspen,81611,https://vukoo.com,https://coloradoproud.com/business/?bid=business_profile_247
Manufacturer,,business_profile_1251,Wangi LLC,Superior,80027,https://spawangi.com,https://coloradoproud.com/business/?bid=business_profile_1251
Non-Profit Organization,,business_profile_910,Warhorse Ranch,Steamboat Springs,80487,https://warhorseranch.org,https://coloradoproud.com/business/?bid=business_profile_910
Cottage Food,Food Maker,business_profile_89,Water Tiger Enterprises LLC,Lafayette,80026,https://water-tiger-enterprises-llc.square.site/,https://coloradoproud.com/business/?bid=business_profile_89
Restaurant,Restaurant,business_profile_1027,Watercourse Foods,Denver,80218,https://watercoursefoods.com,https://coloradoproud.com/business/?bid=business_profile_1027
Beverage Retailer,,business_profile_838,Wave Brewing Company,Steamboat Springs,80487,,https://coloradoproud.com/business/?bid=business_profile_838
Brewery,,business_profile_838,Wave Brewing Company,Steamboat Springs,80487,,https://coloradoproud.com/business/?bid=business_profile_838
Manufacturer,,business_profile_838,Wave Brewing Company,Steamboat Springs,80487,,https://coloradoproud.com/business/?bid=business_profile_838
Snack & Beverage Bar,,business_profile_838,Wave Brewing Company,Steamboat Springs,80487,,https://coloradoproud.com/business/?bid=business_profile_838
Wholesaler,,business_profile_838,Wave Brewing Company,Steamboat Springs,80487,,https://coloradoproud.com/business/?bid=business_profile_838
Farm / Ranch,On-Farm / Ranch Sales,business_profile_584,Weathers Farm,Yuma,80759,https://www.weathersfarms.net,https://coloradoproud.com/business/?bid=business_profile_584
Liverstock Merchant,,business_profile_584,Weathers Farm,Yuma,80759,https://www.weathersfarms.net,https://coloradoproud.com/business/?bid=business_profile_584
Livestock Producer,On-Farm / Ranch Sales,business_profile_584,Weathers Farm,Yuma,80759,https://www.weathersfarms.net,https://coloradoproud.com/business/?bid=business_profile_584
Meat & Poultry Market,Meat Producer & Packer,business_profile_584,Weathers Farm,Yuma,80759,https://www.weathersfarms.net,https://coloradoproud.com/business/?bid=business_profile_584
Farm / Ranch,On-Farm / Ranch Sales,business_profile_114,Weedy Hill Farm,Parker,80138,,https://coloradoproud.com/business/?bid=business_profile_114
Manufacturer,,business_profile_402,Weller,Boulder,80302,https://www.welleryou.com/,https://coloradoproud.com/business/?bid=business_profile_402
Bagel / Sandwich Shop,,business_profile_1237,Wendll's White River Roasters,MEEKER,81641,https://wendllswhiteriverroasters.com,https://coloradoproud.com/business/?bid=business_profile_1237
Coffee Shop,,business_profile_1237,Wendll's White River Roasters,MEEKER,81641,https://wendllswhiteriverroasters.com,https://coloradoproud.com/business/?bid=business_profile_1237
Restaurant,Restaurant,business_profile_1237,Wendll's White River Roasters,MEEKER,81641,https://wendllswhiteriverroasters.com,https://coloradoproud.com/business/?bid=business_profile_1237
Value-Added Producer / Processor,Food Maker,business_profile_671,West Wolf Medicinals,Boulder,80303,https://www.westwolfmedicinals.com/,https://coloradoproud.com/business/?bid=business_profile_671
Cheeserie,On-Farm / Ranch Sales,business_profile_128,Westcliffe Cheese Company,Westcliffe,81252,http://www.westcliffecheesecompany.com,https://coloradoproud.com/business/?bid=business_profile_128
Candy,,business_profile_728,Western Fudge Factory,Denver,80249,,https://coloradoproud.com/business/?bid=business_profile_728
Nut & Confectionery Store,,business_profile_728,Western Fudge Factory,Denver,80249,,https://coloradoproud.com/business/?bid=business_profile_728
Distributor,,business_profile_1532,What Chefs Want,Denver,80216,https://www.whatchefswant.com/,https://coloradoproud.com/business/?bid=business_profile_1532
Food Truck,,business_profile_423,WHATS COOKIN LLC,Rye,81069,https://whatscookin.com,https://coloradoproud.com/business/?bid=business_profile_423
Meat & Poultry Market,Meat Producer & Packer,business_profile_250,Wheat Ridge Poultry and Meats,Wheat Ridge,80214,https://www.wheatridgepoultry.com,https://coloradoproud.com/business/?bid=business_profile_250
Food Truck,,business_profile_449,Wheels on Fire LLC,Northglenn,80233,https://www.wheelsonfirepizza.com,https://coloradoproud.com/business/?bid=business_profile_449
Food Manufacturer,,business_profile_1630,WHERE THE WILD THINGS EAT,Denver,80209,https://www.wherethewildthingseat.com/,https://coloradoproud.com/business/?bid=business_profile_1630
Cottage Food,Food Maker,business_profile_1420,Whispering Pines Jam,Lakewood,80228,,https://coloradoproud.com/business/?bid=business_profile_1420
Cottage Food,Food Maker,business_profile_933,Whispering Woods Whisk & Bake,Timnath,80547,https://www.hotplate.com/whisperingwoodswnb,https://coloradoproud.com/business/?bid=business_profile_933
Farm / Ranch,On-Farm / Ranch Sales,business_profile_709,Whistling Squirrel Farm LLC,Cortez,81321,,https://coloradoproud.com/business/?bid=business_profile_709
Food Manufacturer,,business_profile_709,Whistling Squirrel Farm LLC,Cortez,81321,,https://coloradoproud.com/business/?bid=business_profile_709
Apiary,On-Farm / Ranch Sales,business_profile_904,White Crow Ranch SLV,Fort Garland,81133,https://whitecrowranchslv.com/,https://coloradoproud.com/business/?bid=business_profile_904
Farm / Ranch,On-Farm / Ranch Sales,business_profile_904,White Crow Ranch SLV,Fort Garland,81133,https://whitecrowranchslv.com/,https://coloradoproud.com/business/?bid=business_profile_904
Cottage Food,Food Maker,business_profile_1601,White Elm Acres LLC,Erie,80516,,https://coloradoproud.com/business/?bid=business_profile_1601
Farm / Ranch,On-Farm / Ranch Sales,business_profile_1452,White Peaks Bison Ranch,Deer Trail,80105,https://whitepeaksbison.com,https://coloradoproud.com/business/?bid=business_profile_1452
Food Truck,,business_profile_617,Whitewater Hill Vineyards,Grand Junction,81503,https://www.whitewaterhill.com,https://coloradoproud.com/business/?bid=business_profile_617
Winery,Winery,business_profile_617,Whitewater Hill Vineyards,Grand Junction,81503,https://www.whitewaterhill.com,https://coloradoproud.com/business/?bid=business_profile_617
Winery,Winery,business_profile_938,Whitewater Hill Vineyards,,,https://whitewaterhill.com/,https://coloradoproud.com/business/?bid=business_profile_938
Brewery,,business_profile_1300,Wibby Brewing,Longmont,80501,https://www.wibbybrewing.com,https://coloradoproud.com/business/?bid=business_profile_1300
Doughnut Shop,,business_profile_749,Wiki-licious Colorado springs,Colorado Springs,80923,https://wiki-licious.com/optin1676925455685?fbclid=PAAaaCT6nuHJ2tuXPCiKN_IMTnmIN9Axsgk9xzlPh5qosJv5ASXEUEzzHKQUs_aem_AV3beRLv1zcMQdC4eK4wpiRBm5Rwoj98tXXCEzdQlWTDA6U5XwBEqbTPJjqAn66oBAA,https://coloradoproud.com/business/?bid=business_profile_749
Food Manufacturer,,business_profile_360,Wild Buff,Denver,80238,https://www.wildbuff.com,https://coloradoproud.com/business/?bid=business_profile_360
Cottage Food,Food Maker,business_profile_713,"Wild Bunch Acres, LLC",,,,https://coloradoproud.com/business/?bid=business_profile_713
Farm / Roadside Stand,Roadside Market,business_profile_713,"Wild Bunch Acres, LLC",,,,https://coloradoproud.com/business/?bid=business_profile_713
Farmers Market,Farmers' Market,business_profile_713,"Wild Bunch Acres, LLC",,,,https://coloradoproud.com/business/?bid=business_profile_713
Cider Mill / Press,Agritourism,business_profile_1335,Wild Cider,Firestone,80504,https://www.wildcider.com,https://coloradoproud.com/business/?bid=business_profile_1335
Farm / Ranch,On-Farm / Ranch Sales,business_profile_1049,Wild K Ranch,Limon,80828,http://www.wild-k-ranch.com/,https://coloradoproud.com/business/?bid=business_profile_1049
Merchant / Merchandiser,,business_profile_1421,Wild Nosh Pets,Lafayette,80026,https://wildnoshpets.com/,https://coloradoproud.com/business/?bid=business_profile_1421
Farm / Ranch,On-Farm / Ranch Sales,business_profile_379,Wild Thymes Farm,Bayfield,81122,https://www.wildthymesfarm.com/,https://coloradoproud.com/business/?bid=business_profile_379
Farm Market,On-Farm / Ranch Sales,business_profile_1296,Wild West Excursions LLC and County With The Bounty,Cortez,81321,https://wildwestexcursions.com,https://coloradoproud.com/business/?bid=business_profile_1296
Grocery Store,Grocery Store,business_profile_1296,Wild West Excursions LLC and County With The Bounty,Cortez,81321,https://wildwestexcursions.com,https://coloradoproud.com/business/?bid=business_profile_1296
Retailer,,business_profile_1296,Wild West Excursions LLC and County With The Bounty,Cortez,81321,https://wildwestexcursions.com,https://coloradoproud.com/business/?bid=business_profile_1296
Tourism,Agritourism,business_profile_1296,Wild West Excursions LLC and County With The Bounty,Cortez,81321,https://wildwestexcursions.com,https://coloradoproud.com/business/?bid=business_profile_1296
Retailer,,business_profile_299,"Wild Wood Adornments, LLC",Colorado Springs,80919,,https://coloradoproud.com/business/?bid=business_profile_299
Farm / Ranch,On-Farm / Ranch Sales,business_profile_750,Wildboydfarm,Matheson,80830,https://www.investingwithyou.org,https://coloradoproud.com/business/?bid=business_profile_750
Farm / Ranch,On-Farm / Ranch Sales,business_profile_797,Wildcat Garlic,Glenwood Springs,81601,https://www.wildcatgarlic.com,https://coloradoproud.com/business/?bid=business_profile_797
Farmers Market,Farmers' Market,business_profile_1606,Wildcraft Farmers Markets,Fort Collins,80525,https://www.wildcraftmarkets.com/,https://coloradoproud.com/business/?bid=business_profile_1606
Bakery,Bakery,business_profile_817,Wilde Cookie Compant,,,,https://coloradoproud.com/business/?bid=business_profile_817
Cottage Food,Food Maker,business_profile_817,Wilde Cookie Compant,,,,https://coloradoproud.com/business/?bid=business_profile_817
Bakery,Bakery,business_profile_1445,Wildflower & Wheat LLC,Littleton,80125,https://wildflowerwheat.com,https://coloradoproud.com/business/?bid=business_profile_1445
Cottage Food,Food Maker,business_profile_1445,Wildflower & Wheat LLC,Littleton,80125,https://wildflowerwheat.com,https://coloradoproud.com/business/?bid=business_profile_1445
Beverage Retailer,,business_profile_1518,Wildflower's Botanical Menagerie,Manitou Springs,80829,https://www.wildflowersbotanicals.com,https://coloradoproud.com/business/?bid=business_profile_1518
Meat Packer / Processor,Meat Producer & Packer,business_profile_839,Wiley Processing LLC,Wiley,81092,https://www.wileyprocessing.com/,https://coloradoproud.com/business/?bid=business_profile_839
Meat & Poultry Market,Meat Producer & Packer,business_profile_840,Wiley Ranch Beef,Wiley,81092,http://www.wileyranchbeef.com/,https://coloradoproud.com/business/?bid=business_profile_840
Retailer,,business_profile_243,William Knowles,Littleton,80123,https://plantsbycreekside.com,https://coloradoproud.com/business/?bid=business_profile_243
Manufacturer,,business_profile_347,Willie's Remedy,Denver,80216,https://williesremedy.com/,https://coloradoproud.com/business/?bid=business_profile_347
Livestock Producer,On-Farm / Ranch Sales,business_profile_1178,Willowbrook Farm and Ranch,FORT COLLINS,80524,https://willowbrookfarmandranch.com/,https://coloradoproud.com/business/?bid=business_profile_1178
Farm / Ranch,On-Farm / Ranch Sales,business_profile_988,Windchime Farm LLC,Rocky Ford,81067,,https://coloradoproud.com/business/?bid=business_profile_988
Farm / Ranch,On-Farm / Ranch Sales,business_profile_912,Windler Ranch,Yampa,80483,https://www.windlerranch.com/,https://coloradoproud.com/business/?bid=business_profile_912
Retailer,,business_profile_421,Windy Mountains Ranch LLC,Alamosa,81101,https://www.windymountainsranch.com,https://coloradoproud.com/business/?bid=business_profile_421
Apiary,On-Farm / Ranch Sales,business_profile_1051,Windy Plains Farm,Calhan,80808,,https://coloradoproud.com/business/?bid=business_profile_1051
Cottage Food,Food Maker,business_profile_1051,Windy Plains Farm,Calhan,80808,,https://coloradoproud.com/business/?bid=business_profile_1051
Farm / Ranch,On-Farm / Ranch Sales,business_profile_1051,Windy Plains Farm,Calhan,80808,,https://coloradoproud.com/business/?bid=business_profile_1051
Farm / Roadside Stand,Roadside Market,business_profile_1051,Windy Plains Farm,Calhan,80808,,https://coloradoproud.com/business/?bid=business_profile_1051
Farmers Market,Farmers' Market,business_profile_1051,Windy Plains Farm,Calhan,80808,,https://coloradoproud.com/business/?bid=business_profile_1051
Produce Market,Roadside Market,business_profile_1051,Windy Plains Farm,Calhan,80808,,https://coloradoproud.com/business/?bid=business_profile_1051
Food Truck,,business_profile_1493,"Wing Shack Enterprises, Inc.",Greeley,80634,https://wingshackwings.com/,https://coloradoproud.com/business/?bid=business_profile_1493
Mobile Food & Beverage Stand / Cart,,business_profile_1493,"Wing Shack Enterprises, Inc.",Greeley,80634,https://wingshackwings.com/,https://coloradoproud.com/business/?bid=business_profile_1493
Restaurant,Restaurant,business_profile_1493,"Wing Shack Enterprises, Inc.",Greeley,80634,https://wingshackwings.com/,https://coloradoproud.com/business/?bid=business_profile_1493
Food Truck,,business_profile_432,Wings on Wheels llc,Pueblo West,81007,,https://coloradoproud.com/business/?bid=business_profile_432
Farm / Ranch,On-Farm / Ranch Sales,business_profile_796,Winter Produce LLC,Greeley,80631,,https://coloradoproud.com/business/?bid=business_profile_796
Farm / Ranch,On-Farm / Ranch Sales,business_profile_479,Winters  Ranch,Rush,80833,https://winterscattleranch.com/,https://coloradoproud.com/business/?bid=business_profile_479
Food Truck,,business_profile_755,Wood Fired BBQ LLC,Pueblo West,81007,,https://coloradoproud.com/business/?bid=business_profile_755
Wholesaler,,business_profile_1419,WoodDash,,,,https://coloradoproud.com/business/?bid=business_profile_1419
Grocery Store,Grocery Store,business_profile_974,Woods Supermarket,Bolivar,65613,https://www.woodssupermarket.com/,https://coloradoproud.com/business/?bid=business_profile_974
Retailer,,business_profile_801,Woof Gang Bakery & Grooming,Boulder,80303,http://woofgangbakeryboulder.com,https://coloradoproud.com/business/?bid=business_profile_801
Retailer,,business_profile_1524,Woof Gang Bakery & Grooming Highlands Ranch,HIGHLANDS RANCH,80126,https://woofgangbakery.com/pages/locations/highlands-ranch,https://coloradoproud.com/business/?bid=business_profile_1524
Bakery,Bakery,business_profile_1502,Woof n’ Wag Snack Shack LLC,Coaldale,81222,http://www.woofnwagsnackshack.com,https://coloradoproud.com/business/?bid=business_profile_1502
Retailer,,business_profile_1502,Woof n’ Wag Snack Shack LLC,Coaldale,81222,http://www.woofnwagsnackshack.com,https://coloradoproud.com/business/?bid=business_profile_1502
Wholesaler,,business_profile_1502,Woof n’ Wag Snack Shack LLC,Coaldale,81222,http://www.woofnwagsnackshack.com,https://coloradoproud.com/business/?bid=business_profile_1502
Cafeteria Food Service Contractor,,business_profile_569,"WorldWide Hot Dogs, LLC (Biker Jim's Gourmet Dogs)",Denver,80205,https://bikerjimsdogs.com,https://coloradoproud.com/business/?bid=business_profile_569
Commissary,,business_profile_569,"WorldWide Hot Dogs, LLC (Biker Jim's Gourmet Dogs)",Denver,80205,https://bikerjimsdogs.com,https://coloradoproud.com/business/?bid=business_profile_569
Concession Service Contractor,,business_profile_569,"WorldWide Hot Dogs, LLC (Biker Jim's Gourmet Dogs)",Denver,80205,https://bikerjimsdogs.com,https://coloradoproud.com/business/?bid=business_profile_569
Food Service Contractor,,business_profile_569,"WorldWide Hot Dogs, LLC (Biker Jim's Gourmet Dogs)",Denver,80205,https://bikerjimsdogs.com,https://coloradoproud.com/business/?bid=business_profile_569
Food Truck,,business_profile_569,"WorldWide Hot Dogs, LLC (Biker Jim's Gourmet Dogs)",Denver,80205,https://bikerjimsdogs.com,https://coloradoproud.com/business/?bid=business_profile_569
Mobile Food & Beverage Stand / Cart,,business_profile_569,"WorldWide Hot Dogs, LLC (Biker Jim's Gourmet Dogs)",Denver,80205,https://bikerjimsdogs.com,https://coloradoproud.com/business/?bid=business_profile_569
Mobile Food Stand / Cart,,business_profile_569,"WorldWide Hot Dogs, LLC (Biker Jim's Gourmet Dogs)",Denver,80205,https://bikerjimsdogs.com,https://coloradoproud.com/business/?bid=business_profile_569
Restaurant,Restaurant,business_profile_569,"WorldWide Hot Dogs, LLC (Biker Jim's Gourmet Dogs)",Denver,80205,https://bikerjimsdogs.com,https://coloradoproud.com/business/?bid=business_profile_569
Retailer,,business_profile_569,"WorldWide Hot Dogs, LLC (Biker Jim's Gourmet Dogs)",Denver,80205,https://bikerjimsdogs.com,https://coloradoproud.com/business/?bid=business_profile_569
Farm / Ranch,On-Farm / Ranch Sales,business_profile_442,"WR Premium Beef, LLC",Sedalia,80135,https://wiensranch.com,https://coloradoproud.com/business/?bid=business_profile_442
Bakery,Bakery,business_profile_1352,XLVII's Bakery/ 47 Bakery,Northglenn,80233,https://www.47bakery.com,https://coloradoproud.com/business/?bid=business_profile_1352
Coffee Shop,,business_profile_1370,"Yah Yah Yah, LLC",Aurora,80013,,https://coloradoproud.com/business/?bid=business_profile_1370
Food Manufacturer,,business_profile_1554,Yam Yums,Johnstown,80534,https://www.yamyums.com,https://coloradoproud.com/business/?bid=business_profile_1554
Bakery,Bakery,business_profile_1488,Yampa Valley Made,Steamboat Springs,80487,https://yampavalleymade.com,https://coloradoproud.com/business/?bid=business_profile_1488
Specialty Food Store,Grocery Store,business_profile_1042,Yatri Chai,Denver,80206,https://yatrichai.com,https://coloradoproud.com/business/?bid=business_profile_1042
Merchant / Merchandiser,,business_profile_1280,Yellow Bird Herbs,Golden,,https://yellowbirdherbs.com,https://coloradoproud.com/business/?bid=business_profile_1280
Farm / Roadside Stand,Roadside Market,business_profile_911,"Young Roots, LLC",Milliken,80543,,https://coloradoproud.com/business/?bid=business_profile_911
Farm Market,On-Farm / Ranch Sales,business_profile_911,"Young Roots, LLC",Milliken,80543,,https://coloradoproud.com/business/?bid=business_profile_911
Farmers Market,Farmers' Market,business_profile_911,"Young Roots, LLC",Milliken,80543,,https://coloradoproud.com/business/?bid=business_profile_911
Specialty Food Store,Grocery Store,business_profile_911,"Young Roots, LLC",Milliken,80543,,https://coloradoproud.com/business/?bid=business_profile_911
Tourism,Agritourism,business_profile_911,"Young Roots, LLC",Milliken,80543,,https://coloradoproud.com/business/?bid=business_profile_911
Farmers Market,Farmers' Market,business_profile_942,Young's Market & Garden Center,Wheat Ridge,80033,,https://coloradoproud.com/business/?bid=business_profile_942
Retailer,,business_profile_942,Young's Market & Garden Center,Wheat Ridge,80033,,https://coloradoproud.com/business/?bid=business_profile_942
Bakery,Bakery,business_profile_1159,Your Peak Energy,Colorado Springs,80918,https://yourpeakenergy.com,https://coloradoproud.com/business/?bid=business_profile_1159
Food Manufacturer,,business_profile_640,Yummy Yummy Products,Thornton,80241,https://www.yummyyummyproducts.com,https://coloradoproud.com/business/?bid=business_profile_640
Apiary,On-Farm / Ranch Sales,business_profile_795,Zen and the Art of Beeing,,,https://www.zenandtheartofbeeing.com,https://coloradoproud.com/business/?bid=business_profile_795
Cottage Food,Food Maker,business_profile_795,Zen and the Art of Beeing,,,https://www.zenandtheartofbeeing.com,https://coloradoproud.com/business/?bid=business_profile_795
Retailer,,business_profile_795,Zen and the Art of Beeing,,,https://www.zenandtheartofbeeing.com,https://coloradoproud.com/business/?bid=business_profile_795
Farm / Ranch,On-Farm / Ranch Sales,business_profile_427,Zendo Greens LLC,Pueblo,81005,https://www.zendogreens.com,https://coloradoproud.com/business/?bid=business_profile_427
Farm / Roadside Stand,Roadside Market,business_profile_1084,Zero G Quail Farms LLC,,,,https://coloradoproud.com/business/?bid=business_profile_1084
Food Manufacturer,,business_profile_1541,Zia Tortilla Co,Durango,81303,https://Ziatortillaco.com,https://coloradoproud.com/business/?bid=business_profile_1541
Farm / Ranch,On-Farm / Ranch Sales,business_profile_492,"Zion Farms, LLC",Ignacio,81137,,https://coloradoproud.com/business/?bid=business_profile_492
Distributor,,business_profile_1189,Zombie Spice Rub Company,Westminster,80234,https://www.zombiespicerub.com,https://coloradoproud.com/business/?bid=business_profile_1189
Manufacturer,,business_profile_1189,Zombie Spice Rub Company,Westminster,80234,https://www.zombiespicerub.com,https://coloradoproud.com/business/?bid=business_profile_1189
Retailer,,business_profile_1189,Zombie Spice Rub Company,Westminster,80234,https://www.zombiespicerub.com,https://coloradoproud.com/business/?bid=business_profile_1189
