Vendor Name,Market,Market City,List Category,Location Stated,Description Stated,List Season,Vendor List URL,Farm Signal,County,County Source
AJ roasted chili,Aspen Grove Farmers Market,Littleton,"Produce, Dairy + Flowers",,"Green chilis in a variety of heat levels roasted fresh, on-site.",2026,https://aspengrovefarmersmarket.com/vendors/,strong,Arapahoe,market_city
Bamber Beef Ranch,Aspen Grove Farmers Market,Littleton,"Produce, Dairy + Flowers",,"Grass fed, locally raised beef.",2026,https://aspengrovefarmersmarket.com/vendors/,strong,Arapahoe,market_city
beejoy farm,Aspen Grove Farmers Market,Littleton,"Produce, Dairy + Flowers",,"Local wildflower honey, lip balms, salves and candles!",2026,https://aspengrovefarmersmarket.com/vendors/,strong,Arapahoe,market_city
elephant rock Farms,Aspen Grove Farmers Market,Littleton,"Produce, Dairy + Flowers",,"Delicious, locally grown microgreens freshly cut on site, crisp lettuce and greens, juicy heirloom tomatoes!",2026,https://aspengrovefarmersmarket.com/vendors/,strong,Arapahoe,market_city
Fox Fungi,Aspen Grove Farmers Market,Littleton,"Produce, Dairy + Flowers",,"Urban Mushroom Farm featuring fresh mushrooms, pantry items, medicinal items and swag.",2026,https://aspengrovefarmersmarket.com/vendors/,strong,Arapahoe,market_city
further up Farms,Aspen Grove Farmers Market,Littleton,"Produce, Dairy + Flowers",,Family owned in Elizabeth Colorado featuring pesticide and herbicide free local vegetables at the peak of their season.,2026,https://aspengrovefarmersmarket.com/vendors/,strong,Arapahoe,market_city
palisade peach shack,Aspen Grove Farmers Market,Littleton,"Produce, Dairy + Flowers",,"It's always summertime with Palisade Peach Shack! With over 80 acres of peaches, cherries, apricots, nectarines, plums, pears, and apples, you'll find many favorites each week!",2026,https://aspengrovefarmersmarket.com/vendors/,strong,Arapahoe,market_city
pipers lane flowers,Aspen Grove Farmers Market,Littleton,"Produce, Dairy + Flowers",,Enjoy a beautiful fresh cut bouquet or arrangement from a local gardener and florist!,2026,https://aspengrovefarmersmarket.com/vendors/,strong,Arapahoe,market_city
Styria Bakery II,Aspen Grove Farmers Market,Littleton,baked goods,,"A Taste of the Alps! This bakery features delicious savory traditional breads as well as pastries, pretzels, scones and turnovers!",2026,https://aspengrovefarmersmarket.com/vendors/,,Arapahoe,market_city
Wakery Bakery,Aspen Grove Farmers Market,Littleton,baked goods,,Featuring all gluten free sweet treats!,2026,https://aspengrovefarmersmarket.com/vendors/,,Arapahoe,market_city
alchemeats,Aspen Grove Farmers Market,Littleton,Specialty Foods,,"Gourmet dry spices, seasonings and rubs.",2026,https://aspengrovefarmersmarket.com/vendors/,,Arapahoe,market_city
farm to tail pet co,Aspen Grove Farmers Market,Littleton,Specialty Foods,,Handmade freeze dried pet treats.,2026,https://aspengrovefarmersmarket.com/vendors/,,Arapahoe,market_city
I don't know what i'm doing jams,Aspen Grove Farmers Market,Littleton,Specialty Foods,,"Homemade jams, preserves and apple butters.",2026,https://aspengrovefarmersmarket.com/vendors/,,Arapahoe,market_city
kmp provisions,Aspen Grove Farmers Market,Littleton,Specialty Foods,,"Freeze dried, shelf stable foods such as eggs, fruits, meals and snacks.",2026,https://aspengrovefarmersmarket.com/vendors/,,Arapahoe,market_city
pagochea Caribbean Hot sauce,Aspen Grove Farmers Market,Littleton,Specialty Foods,,Enjoy the taste of the Caribbean in this handmade sauce. Always offering samples!,2026,https://aspengrovefarmersmarket.com/vendors/,,Arapahoe,market_city
Pappardelle's Pasta,Aspen Grove Farmers Market,Littleton,Specialty Foods,,Artisanal pasta made by hand using quality ingredients and traditional methods.,2026,https://aspengrovefarmersmarket.com/vendors/,,Arapahoe,market_city
retro sips,Aspen Grove Farmers Market,Littleton,Specialty Foods,,"Customizable dirty sodas, matcha, and boba drinks.",2026,https://aspengrovefarmersmarket.com/vendors/,,Arapahoe,market_city
Sweet almande,Aspen Grove Farmers Market,Littleton,Specialty Foods,,"Sweet and Savory roasted pecans, almonds and cashews.",2026,https://aspengrovefarmersmarket.com/vendors/,,Arapahoe,market_city
tamales y empanadas el rey,Aspen Grove Farmers Market,Littleton,Specialty Foods,,"Tamales, empanadas and tortillas.",2026,https://aspengrovefarmersmarket.com/vendors/,,Arapahoe,market_city
wild alaskan seafood,Aspen Grove Farmers Market,Littleton,Specialty Foods,,"Seafood products such as fish, dips and more.",2026,https://aspengrovefarmersmarket.com/vendors/,,Arapahoe,market_city
bloomin threads,Aspen Grove Farmers Market,Littleton,Handmade + household items,,"Reusable kitchen towels, paper towels and dryer sheets.",2026,https://aspengrovefarmersmarket.com/vendors/,,Arapahoe,market_city
hydrate iv bar southglenn,Aspen Grove Farmers Market,Littleton,Handmade + household items,,Learn about wellness from within featuring vitamin injections and vitamin iv therapy.,2026,https://aspengrovefarmersmarket.com/vendors/,,Arapahoe,market_city
leanna organics cbd,Aspen Grove Farmers Market,Littleton,Handmade + household items,,"Handmade CBD products such as bath bombs, lotions and other self care products.",2026,https://aspengrovefarmersmarket.com/vendors/,,Arapahoe,market_city
mia Bella's candles,Aspen Grove Farmers Market,Littleton,Handmade + household items,,This vendor features a wide variety of delicious smelling candles.,2026,https://aspengrovefarmersmarket.com/vendors/,,Arapahoe,market_city
o dark thirty,Aspen Grove Farmers Market,Littleton,Handmade + household items,,Try your hand a geo cracking in this fun booth filled with gems and crystals.,2026,https://aspengrovefarmersmarket.com/vendors/,,Arapahoe,market_city
Aspen Animals,Aspen Saturday Market,Aspen,,,,2026,https://aspen.gov/DocumentCenter/View/16360/2026-ASPEN-SATURDAY-MARKET-VENDORS-MAP,,Pitkin,market_city
Ajax Donuts,Aspen Saturday Market,Aspen,,,,2026,https://aspen.gov/DocumentCenter/View/16360/2026-ASPEN-SATURDAY-MARKET-VENDORS-MAP,,Pitkin,market_city
Windy City Eats Inc.,Aspen Saturday Market,Aspen,,,,2026,https://aspen.gov/DocumentCenter/View/16360/2026-ASPEN-SATURDAY-MARKET-VENDORS-MAP,,Pitkin,market_city
Fire Mountain Ranch,Aspen Saturday Market,Aspen,,,,2026,https://aspen.gov/DocumentCenter/View/16360/2026-ASPEN-SATURDAY-MARKET-VENDORS-MAP,medium,Pitkin,market_city
Forte Fruits Inc.,Aspen Saturday Market,Aspen,,,,2026,https://aspen.gov/DocumentCenter/View/16360/2026-ASPEN-SATURDAY-MARKET-VENDORS-MAP,,Pitkin,market_city
Borden Farms/Pedro's,Aspen Saturday Market,Aspen,,,,2026,https://aspen.gov/DocumentCenter/View/16360/2026-ASPEN-SATURDAY-MARKET-VENDORS-MAP,medium,Pitkin,market_city
Aspen Shrunk,Aspen Saturday Market,Aspen,,,,2026,https://aspen.gov/DocumentCenter/View/16360/2026-ASPEN-SATURDAY-MARKET-VENDORS-MAP,,Pitkin,market_city
Sebastian Dietl Photography Sebastian Dietl & Viviane Ribeiro,Aspen Saturday Market,Aspen,,,,2026,https://aspen.gov/DocumentCenter/View/16360/2026-ASPEN-SATURDAY-MARKET-VENDORS-MAP,,Pitkin,market_city
Aspen Provisions LLC,Aspen Saturday Market,Aspen,,,,2026,https://aspen.gov/DocumentCenter/View/16360/2026-ASPEN-SATURDAY-MARKET-VENDORS-MAP,,Pitkin,market_city
Fat City Gallery,Aspen Saturday Market,Aspen,,,,2026,https://aspen.gov/DocumentCenter/View/16360/2026-ASPEN-SATURDAY-MARKET-VENDORS-MAP,,Pitkin,market_city
The Whole Empanada,Aspen Saturday Market,Aspen,,,,2026,https://aspen.gov/DocumentCenter/View/16360/2026-ASPEN-SATURDAY-MARKET-VENDORS-MAP,,Pitkin,market_city
The Pointed Arrow,Aspen Saturday Market,Aspen,,,,2026,https://aspen.gov/DocumentCenter/View/16360/2026-ASPEN-SATURDAY-MARKET-VENDORS-MAP,,Pitkin,market_city
Mountain Light Images,Aspen Saturday Market,Aspen,,,,2026,https://aspen.gov/DocumentCenter/View/16360/2026-ASPEN-SATURDAY-MARKET-VENDORS-MAP,,Pitkin,market_city
Czech Out The Rock,Aspen Saturday Market,Aspen,,,,2026,https://aspen.gov/DocumentCenter/View/16360/2026-ASPEN-SATURDAY-MARKET-VENDORS-MAP,,Pitkin,market_city
Basque & Beyond,Aspen Saturday Market,Aspen,,,,2026,https://aspen.gov/DocumentCenter/View/16360/2026-ASPEN-SATURDAY-MARKET-VENDORS-MAP,,Pitkin,market_city
Mountain Meadow Naturals Rebecca Hodgson,Aspen Saturday Market,Aspen,,,,2026,https://aspen.gov/DocumentCenter/View/16360/2026-ASPEN-SATURDAY-MARKET-VENDORS-MAP,,Pitkin,market_city
Nika Meyers Art,Aspen Saturday Market,Aspen,,,,2026,https://aspen.gov/DocumentCenter/View/16360/2026-ASPEN-SATURDAY-MARKET-VENDORS-MAP,,Pitkin,market_city
Leah Potts Art,Aspen Saturday Market,Aspen,,,,2026,https://aspen.gov/DocumentCenter/View/16360/2026-ASPEN-SATURDAY-MARKET-VENDORS-MAP,,Pitkin,market_city
The Stone Fruit Company,Aspen Saturday Market,Aspen,,,,2026,https://aspen.gov/DocumentCenter/View/16360/2026-ASPEN-SATURDAY-MARKET-VENDORS-MAP,,Pitkin,market_city
Louis Swiss Pastry,Aspen Saturday Market,Aspen,,,,2026,https://aspen.gov/DocumentCenter/View/16360/2026-ASPEN-SATURDAY-MARKET-VENDORS-MAP,,Pitkin,market_city
Woohoo LLC,Aspen Saturday Market,Aspen,,,,2026,https://aspen.gov/DocumentCenter/View/16360/2026-ASPEN-SATURDAY-MARKET-VENDORS-MAP,,Pitkin,market_city
Roaring Fork Mill,Aspen Saturday Market,Aspen,,,,2026,https://aspen.gov/DocumentCenter/View/16360/2026-ASPEN-SATURDAY-MARKET-VENDORS-MAP,,Pitkin,market_city
Ross Andrews Jewelry,Aspen Saturday Market,Aspen,,,,2026,https://aspen.gov/DocumentCenter/View/16360/2026-ASPEN-SATURDAY-MARKET-VENDORS-MAP,,Pitkin,market_city
Evoke Women,Aspen Saturday Market,Aspen,,,,2026,https://aspen.gov/DocumentCenter/View/16360/2026-ASPEN-SATURDAY-MARKET-VENDORS-MAP,,Pitkin,market_city
Yannaworld,Aspen Saturday Market,Aspen,,,,2026,https://aspen.gov/DocumentCenter/View/16360/2026-ASPEN-SATURDAY-MARKET-VENDORS-MAP,,Pitkin,market_city
Ceramics by Chase,Aspen Saturday Market,Aspen,,,,2026,https://aspen.gov/DocumentCenter/View/16360/2026-ASPEN-SATURDAY-MARKET-VENDORS-MAP,,Pitkin,market_city
Jeremy Joseph Photography Jeremy Joseph,Aspen Saturday Market,Aspen,,,,2026,https://aspen.gov/DocumentCenter/View/16360/2026-ASPEN-SATURDAY-MARKET-VENDORS-MAP,,Pitkin,market_city
Taylor & Tessier,Aspen Saturday Market,Aspen,,,,2026,https://aspen.gov/DocumentCenter/View/16360/2026-ASPEN-SATURDAY-MARKET-VENDORS-MAP,,Pitkin,market_city
Mountain Strength Massage Felicia Marcus Aldrich,Aspen Saturday Market,Aspen,,,,2026,https://aspen.gov/DocumentCenter/View/16360/2026-ASPEN-SATURDAY-MARKET-VENDORS-MAP,,Pitkin,market_city
Elk Mountain Farmacy LLC Ryan Gannaway,Aspen Saturday Market,Aspen,,,,2026,https://aspen.gov/DocumentCenter/View/16360/2026-ASPEN-SATURDAY-MARKET-VENDORS-MAP,,Pitkin,market_city
The Farm Collaborative,Aspen Saturday Market,Aspen,,,,2026,https://aspen.gov/DocumentCenter/View/16360/2026-ASPEN-SATURDAY-MARKET-VENDORS-MAP,medium,Pitkin,market_city
Zephyros Farm & Garden,Aspen Saturday Market,Aspen,,,,2026,https://aspen.gov/DocumentCenter/View/16360/2026-ASPEN-SATURDAY-MARKET-VENDORS-MAP,medium,Pitkin,market_city
Laz Ewe 2 Bar Goat Dairy,Aspen Saturday Market,Aspen,,,,2026,https://aspen.gov/DocumentCenter/View/16360/2026-ASPEN-SATURDAY-MARKET-VENDORS-MAP,medium,Pitkin,market_city
Satori Accessories,Aspen Saturday Market,Aspen,,,,2026,https://aspen.gov/DocumentCenter/View/16360/2026-ASPEN-SATURDAY-MARKET-VENDORS-MAP,,Pitkin,market_city
Viola Studio,Aspen Saturday Market,Aspen,,,,2026,https://aspen.gov/DocumentCenter/View/16360/2026-ASPEN-SATURDAY-MARKET-VENDORS-MAP,,Pitkin,market_city
Alpine Wine Design,Aspen Saturday Market,Aspen,,,,2026,https://aspen.gov/DocumentCenter/View/16360/2026-ASPEN-SATURDAY-MARKET-VENDORS-MAP,,Pitkin,market_city
Hospitality Adventure LLC,Aspen Saturday Market,Aspen,,,,2026,https://aspen.gov/DocumentCenter/View/16360/2026-ASPEN-SATURDAY-MARKET-VENDORS-MAP,,Pitkin,market_city
Color Your Own,Aspen Saturday Market,Aspen,,,,2026,https://aspen.gov/DocumentCenter/View/16360/2026-ASPEN-SATURDAY-MARKET-VENDORS-MAP,,Pitkin,market_city
Emily Chaplin Fine Art LLC,Aspen Saturday Market,Aspen,,,,2026,https://aspen.gov/DocumentCenter/View/16360/2026-ASPEN-SATURDAY-MARKET-VENDORS-MAP,,Pitkin,market_city
Wind River Gallery,Aspen Saturday Market,Aspen,,,,2026,https://aspen.gov/DocumentCenter/View/16360/2026-ASPEN-SATURDAY-MARKET-VENDORS-MAP,,Pitkin,market_city
Jus Aspen LLC,Aspen Saturday Market,Aspen,,,,2026,https://aspen.gov/DocumentCenter/View/16360/2026-ASPEN-SATURDAY-MARKET-VENDORS-MAP,,Pitkin,market_city
Abundant Life Organic,Aspen Saturday Market,Aspen,,,,2026,https://aspen.gov/DocumentCenter/View/16360/2026-ASPEN-SATURDAY-MARKET-VENDORS-MAP,,Pitkin,market_city
Nelson Studio,Aspen Saturday Market,Aspen,,,,2026,https://aspen.gov/DocumentCenter/View/16360/2026-ASPEN-SATURDAY-MARKET-VENDORS-MAP,,Pitkin,market_city
Bolea Chocolate,Aspen Saturday Market,Aspen,,,,2026,https://aspen.gov/DocumentCenter/View/16360/2026-ASPEN-SATURDAY-MARKET-VENDORS-MAP,,Pitkin,market_city
Petit Mont-Blanc LLC,Aspen Saturday Market,Aspen,,,,2026,https://aspen.gov/DocumentCenter/View/16360/2026-ASPEN-SATURDAY-MARKET-VENDORS-MAP,,Pitkin,market_city
Caitlin Dunn Jewelry,Aspen Saturday Market,Aspen,,,,2026,https://aspen.gov/DocumentCenter/View/16360/2026-ASPEN-SATURDAY-MARKET-VENDORS-MAP,,Pitkin,market_city
Cyndy Love Designs,Aspen Saturday Market,Aspen,,,,2026,https://aspen.gov/DocumentCenter/View/16360/2026-ASPEN-SATURDAY-MARKET-VENDORS-MAP,,Pitkin,market_city
Cold Mountain Craft,Aspen Saturday Market,Aspen,,,,2026,https://aspen.gov/DocumentCenter/View/16360/2026-ASPEN-SATURDAY-MARKET-VENDORS-MAP,,Pitkin,market_city
Aspen Kettle Corn,Aspen Saturday Market,Aspen,,,,2026,https://aspen.gov/DocumentCenter/View/16360/2026-ASPEN-SATURDAY-MARKET-VENDORS-MAP,,Pitkin,market_city
La Dolce Vita,Aspen Saturday Market,Aspen,,,,2026,https://aspen.gov/DocumentCenter/View/16360/2026-ASPEN-SATURDAY-MARKET-VENDORS-MAP,,Pitkin,market_city
Chicken Grit Farms,Aspen Saturday Market,Aspen,,,,2026,https://aspen.gov/DocumentCenter/View/16360/2026-ASPEN-SATURDAY-MARKET-VENDORS-MAP,medium,Pitkin,market_city
Rose Road,Aspen Saturday Market,Aspen,,,,2026,https://aspen.gov/DocumentCenter/View/16360/2026-ASPEN-SATURDAY-MARKET-VENDORS-MAP,,Pitkin,market_city
Domingo Sausage Co. LLC,Aspen Saturday Market,Aspen,,,,2026,https://aspen.gov/DocumentCenter/View/16360/2026-ASPEN-SATURDAY-MARKET-VENDORS-MAP,,Pitkin,market_city
Chloe's Kitichen LLC,Aspen Saturday Market,Aspen,,,,2026,https://aspen.gov/DocumentCenter/View/16360/2026-ASPEN-SATURDAY-MARKET-VENDORS-MAP,,Pitkin,market_city
Goldberg Pottery,Aspen Saturday Market,Aspen,,,,2026,https://aspen.gov/DocumentCenter/View/16360/2026-ASPEN-SATURDAY-MARKET-VENDORS-MAP,,Pitkin,market_city
Rock'n Roots Farm,Aspen Saturday Market,Aspen,,,,2026,https://aspen.gov/DocumentCenter/View/16360/2026-ASPEN-SATURDAY-MARKET-VENDORS-MAP,medium,Pitkin,market_city
GZVK,Aspen Saturday Market,Aspen,,,,2026,https://aspen.gov/DocumentCenter/View/16360/2026-ASPEN-SATURDAY-MARKET-VENDORS-MAP,,Pitkin,market_city
Toadstool Traditions LLC,Aspen Saturday Market,Aspen,,,,2026,https://aspen.gov/DocumentCenter/View/16360/2026-ASPEN-SATURDAY-MARKET-VENDORS-MAP,,Pitkin,market_city
Sperry Livestock,Aspen Saturday Market,Aspen,,,,2026,https://aspen.gov/DocumentCenter/View/16360/2026-ASPEN-SATURDAY-MARKET-VENDORS-MAP,,Pitkin,market_city
Visual Aspen,Aspen Saturday Market,Aspen,,,,2026,https://aspen.gov/DocumentCenter/View/16360/2026-ASPEN-SATURDAY-MARKET-VENDORS-MAP,,Pitkin,market_city
Vernon Fine Art,Aspen Saturday Market,Aspen,,,,2026,https://aspen.gov/DocumentCenter/View/16360/2026-ASPEN-SATURDAY-MARKET-VENDORS-MAP,,Pitkin,market_city
Susan Carrolan Millinery,Aspen Saturday Market,Aspen,,,,2026,https://aspen.gov/DocumentCenter/View/16360/2026-ASPEN-SATURDAY-MARKET-VENDORS-MAP,,Pitkin,market_city
Zimmerman Pork,Aspen Saturday Market,Aspen,,,,2026,https://aspen.gov/DocumentCenter/View/16360/2026-ASPEN-SATURDAY-MARKET-VENDORS-MAP,,Pitkin,market_city
Leaf People Inc.,Aspen Saturday Market,Aspen,,,,2026,https://aspen.gov/DocumentCenter/View/16360/2026-ASPEN-SATURDAY-MARKET-VENDORS-MAP,,Pitkin,market_city
Wild Feather & Stone,Aspen Saturday Market,Aspen,,,,2026,https://aspen.gov/DocumentCenter/View/16360/2026-ASPEN-SATURDAY-MARKET-VENDORS-MAP,,Pitkin,market_city
Okagawa Farms,Aspen Saturday Market,Aspen,,,,2026,https://aspen.gov/DocumentCenter/View/16360/2026-ASPEN-SATURDAY-MARKET-VENDORS-MAP,medium,Pitkin,market_city
ACES / Rock Bottom Ranch,Aspen Saturday Market,Aspen,,,,2026,https://aspen.gov/DocumentCenter/View/16360/2026-ASPEN-SATURDAY-MARKET-VENDORS-MAP,medium,Pitkin,market_city
19C Workshop,Black Forest Farmers Market,Black Forest,,,,2026,https://www.thebackyardmarkets.com/black-forest-market,,El Paso,market_city
All Natural Homestead Beef,Black Forest Farmers Market,Black Forest,,,,2026,https://www.thebackyardmarkets.com/black-forest-market,medium,El Paso,market_city
Arts of SoCo,Black Forest Farmers Market,Black Forest,,,,2026,https://www.thebackyardmarkets.com/black-forest-market,,El Paso,market_city
Bay Water Bagels,Black Forest Farmers Market,Black Forest,,,,2026,https://www.thebackyardmarkets.com/black-forest-market,,El Paso,market_city
BioBru,Black Forest Farmers Market,Black Forest,,,,2026,https://www.thebackyardmarkets.com/black-forest-market,,El Paso,market_city
Black Moon Oven,Black Forest Farmers Market,Black Forest,,,,2026,https://www.thebackyardmarkets.com/black-forest-market,,El Paso,market_city
Black Squirrel,Black Forest Farmers Market,Black Forest,,,,2026,https://www.thebackyardmarkets.com/black-forest-market,,El Paso,market_city
Blackhat Distillery,Black Forest Farmers Market,Black Forest,,,,2026,https://www.thebackyardmarkets.com/black-forest-market,,El Paso,market_city
Bluejays Winery,Black Forest Farmers Market,Black Forest,,,,2026,https://www.thebackyardmarkets.com/black-forest-market,,El Paso,market_city
Bob's Roasted Nuts,Black Forest Farmers Market,Black Forest,,,,2026,https://www.thebackyardmarkets.com/black-forest-market,,El Paso,market_city
Campfire Coffee,Black Forest Farmers Market,Black Forest,,,,2026,https://www.thebackyardmarkets.com/black-forest-market,,El Paso,market_city
Cheez Me,Black Forest Farmers Market,Black Forest,,,,2026,https://www.thebackyardmarkets.com/black-forest-market,,El Paso,market_city
Chile Roasting by Booming Blooms of Colorado,Black Forest Farmers Market,Black Forest,,,,2026,https://www.thebackyardmarkets.com/black-forest-market,,El Paso,market_city
CinnaQueen Bakery,Black Forest Farmers Market,Black Forest,,,,2026,https://www.thebackyardmarkets.com/black-forest-market,,El Paso,market_city
Crafton's Summit Sourdough,Black Forest Farmers Market,Black Forest,,,,2026,https://www.thebackyardmarkets.com/black-forest-market,,El Paso,market_city
Crossed Arrows Creative Woodworking,Black Forest Farmers Market,Black Forest,,,,2026,https://www.thebackyardmarkets.com/black-forest-market,,El Paso,market_city
Dukkha Pastries & Essentials LLC,Black Forest Farmers Market,Black Forest,,,,2026,https://www.thebackyardmarkets.com/black-forest-market,,El Paso,market_city
Dusty Dog Woodworks,Black Forest Farmers Market,Black Forest,,,,2026,https://www.thebackyardmarkets.com/black-forest-market,,El Paso,market_city
Elevated Chex,Black Forest Farmers Market,Black Forest,,,,2026,https://www.thebackyardmarkets.com/black-forest-market,,El Paso,market_city
Elevated Elderberry,Black Forest Farmers Market,Black Forest,,,,2026,https://www.thebackyardmarkets.com/black-forest-market,,El Paso,market_city
Ellen's Flowers,Black Forest Farmers Market,Black Forest,,,,2026,https://www.thebackyardmarkets.com/black-forest-market,medium,El Paso,market_city
Emily's Flavor Blast,Black Forest Farmers Market,Black Forest,,,,2026,https://www.thebackyardmarkets.com/black-forest-market,,El Paso,market_city
Erik the Blade Sharpener,Black Forest Farmers Market,Black Forest,,,,2026,https://www.thebackyardmarkets.com/black-forest-market,,El Paso,market_city
Fat Flower,Black Forest Farmers Market,Black Forest,,,,2026,https://www.thebackyardmarkets.com/black-forest-market,medium,El Paso,market_city
Forest Green Pottery,Black Forest Farmers Market,Black Forest,,,,2026,https://www.thebackyardmarkets.com/black-forest-market,,El Paso,market_city
Fox Meadow Farm,Black Forest Farmers Market,Black Forest,,,,2026,https://www.thebackyardmarkets.com/black-forest-market,medium,El Paso,market_city
Fungus Farm Colorado,Black Forest Farmers Market,Black Forest,,,,2026,https://www.thebackyardmarkets.com/black-forest-market,medium,El Paso,market_city
Further Up Farms,Black Forest Farmers Market,Black Forest,,,,2026,https://www.thebackyardmarkets.com/black-forest-market,medium,El Paso,market_city
Gill's Dills,Black Forest Farmers Market,Black Forest,,,,2026,https://www.thebackyardmarkets.com/black-forest-market,,El Paso,market_city
Golden Pine Coffee Roasters,Black Forest Farmers Market,Black Forest,,,,2026,https://www.thebackyardmarkets.com/black-forest-market,,El Paso,market_city
Healthy Harvest Gardens,Black Forest Farmers Market,Black Forest,,,,2026,https://www.thebackyardmarkets.com/black-forest-market,medium,El Paso,market_city
Hidy Honey,Black Forest Farmers Market,Black Forest,,,,2026,https://www.thebackyardmarkets.com/black-forest-market,medium,El Paso,market_city
Jojo's Apothecary,Black Forest Farmers Market,Black Forest,,,,2026,https://www.thebackyardmarkets.com/black-forest-market,,El Paso,market_city
KnK Soap Haus,Black Forest Farmers Market,Black Forest,,,,2026,https://www.thebackyardmarkets.com/black-forest-market,,El Paso,market_city
Kraken Kernels,Black Forest Farmers Market,Black Forest,,,,2026,https://www.thebackyardmarkets.com/black-forest-market,,El Paso,market_city
Little Wildflower Co.,Black Forest Farmers Market,Black Forest,,,,2026,https://www.thebackyardmarkets.com/black-forest-market,,El Paso,market_city
Lynda Sue's Kitchen,Black Forest Farmers Market,Black Forest,,,,2026,https://www.thebackyardmarkets.com/black-forest-market,,El Paso,market_city
Lyndsey Rieple Jewelry,Black Forest Farmers Market,Black Forest,,,,2026,https://www.thebackyardmarkets.com/black-forest-market,,El Paso,market_city
Minions Ranch,Black Forest Farmers Market,Black Forest,,,,2026,https://www.thebackyardmarkets.com/black-forest-market,medium,El Paso,market_city
Mountain Tea Leaves,Black Forest Farmers Market,Black Forest,,,,2026,https://www.thebackyardmarkets.com/black-forest-market,,El Paso,market_city
Mountain Wild Kimchi LLC,Black Forest Farmers Market,Black Forest,,,,2026,https://www.thebackyardmarkets.com/black-forest-market,,El Paso,market_city
Nana's Famous Goods,Black Forest Farmers Market,Black Forest,,,,2026,https://www.thebackyardmarkets.com/black-forest-market,,El Paso,market_city
Padilla Produce,Black Forest Farmers Market,Black Forest,,,,2026,https://www.thebackyardmarkets.com/black-forest-market,medium,El Paso,market_city
PAWS & Us,Black Forest Farmers Market,Black Forest,,,,2026,https://www.thebackyardmarkets.com/black-forest-market,,El Paso,market_city
Pikes Peak Pours,Black Forest Farmers Market,Black Forest,,,,2026,https://www.thebackyardmarkets.com/black-forest-market,,El Paso,market_city
Pine & Pepper Spice Shop,Black Forest Farmers Market,Black Forest,,,,2026,https://www.thebackyardmarkets.com/black-forest-market,,El Paso,market_city
Pressed and Poured Juice,Black Forest Farmers Market,Black Forest,,,,2026,https://www.thebackyardmarkets.com/black-forest-market,,El Paso,market_city
ProForm 3D,Black Forest Farmers Market,Black Forest,,,,2026,https://www.thebackyardmarkets.com/black-forest-market,,El Paso,market_city
Proof & Temper,Black Forest Farmers Market,Black Forest,,,,2026,https://www.thebackyardmarkets.com/black-forest-market,,El Paso,market_city
QuintAnnas Roasted Corn,Black Forest Farmers Market,Black Forest,,,,2026,https://www.thebackyardmarkets.com/black-forest-market,,El Paso,market_city
Rustic Peak Sourdough LLC,Black Forest Farmers Market,Black Forest,,,,2026,https://www.thebackyardmarkets.com/black-forest-market,,El Paso,market_city
Sg Cattle Company LLC,Black Forest Farmers Market,Black Forest,,,,2026,https://www.thebackyardmarkets.com/black-forest-market,medium,El Paso,market_city
"SherBeth's Sweet Shoppe, LLC",Black Forest Farmers Market,Black Forest,,,,2026,https://www.thebackyardmarkets.com/black-forest-market,,El Paso,market_city
Simply All-Natural,Black Forest Farmers Market,Black Forest,,,,2026,https://www.thebackyardmarkets.com/black-forest-market,,El Paso,market_city
Skating Designs Children's Books,Black Forest Farmers Market,Black Forest,,,,2026,https://www.thebackyardmarkets.com/black-forest-market,,El Paso,market_city
Skye Dawn Studio,Black Forest Farmers Market,Black Forest,,,,2026,https://www.thebackyardmarkets.com/black-forest-market,,El Paso,market_city
Sugar Puff LLC,Black Forest Farmers Market,Black Forest,,,,2026,https://www.thebackyardmarkets.com/black-forest-market,,El Paso,market_city
Surely Bakery,Black Forest Farmers Market,Black Forest,,,,2026,https://www.thebackyardmarkets.com/black-forest-market,,El Paso,market_city
Sweet Awakening Farm,Black Forest Farmers Market,Black Forest,,,,2026,https://www.thebackyardmarkets.com/black-forest-market,medium,El Paso,market_city
Tamales Lady,Black Forest Farmers Market,Black Forest,,,,2026,https://www.thebackyardmarkets.com/black-forest-market,,El Paso,market_city
Taste of Mediterranean,Black Forest Farmers Market,Black Forest,,,,2026,https://www.thebackyardmarkets.com/black-forest-market,,El Paso,market_city
Tava Rosa,Black Forest Farmers Market,Black Forest,,,,2026,https://www.thebackyardmarkets.com/black-forest-market,,El Paso,market_city
The Cheese People of Colorado Springs,Black Forest Farmers Market,Black Forest,,,,2026,https://www.thebackyardmarkets.com/black-forest-market,,El Paso,market_city
The Cookie Crew CS,Black Forest Farmers Market,Black Forest,,,,2026,https://www.thebackyardmarkets.com/black-forest-market,,El Paso,market_city
The Sourdough Boulangerie,Black Forest Farmers Market,Black Forest,,,,2026,https://www.thebackyardmarkets.com/black-forest-market,,El Paso,market_city
TIDYTIEDYE.BKK,Black Forest Farmers Market,Black Forest,,,,2026,https://www.thebackyardmarkets.com/black-forest-market,,El Paso,market_city
Western General Boutique,Black Forest Farmers Market,Black Forest,,,,2026,https://www.thebackyardmarkets.com/black-forest-market,,El Paso,market_city
WisCo,Black Forest Farmers Market,Black Forest,,,,2026,https://www.thebackyardmarkets.com/black-forest-market,,El Paso,market_city
Yummy Yummy Products,Black Forest Farmers Market,Black Forest,,,,2026,https://www.thebackyardmarkets.com/black-forest-market,,El Paso,market_city
Aspen Moon Farm,Boulder Farmers Market,Boulder,"Produce Farms, Flowers, and Plants","Hygiene, CO, Longmont, CO",,2025,https://bcfm.org/vendors/meet-our-vendors/,strong,Boulder,location_stated
Belafonte Farm,Boulder Farmers Market,Boulder,"Produce Farms, Flowers, and Plants","Fort Collins, CO",,2025,https://bcfm.org/vendors/meet-our-vendors/,strong,Larimer,location_stated
Black Cat Farm,Boulder Farmers Market,Boulder,"Produce Farms, Flowers, and Plants","Longmont, CO",,2025,https://bcfm.org/vendors/meet-our-vendors/,strong,Boulder,location_stated
Croft Family Farm,Boulder Farmers Market,Boulder,"Produce Farms, Flowers, and Plants","Kersey, CO",,2025,https://bcfm.org/vendors/meet-our-vendors/,strong,Weld,location_stated
Eden Valley Farm,Boulder Farmers Market,Boulder,"Produce Farms, Flowers, and Plants","Loveland, CO",,2025,https://bcfm.org/vendors/meet-our-vendors/,strong,Larimer,location_stated
Ela Family Farms,Boulder Farmers Market,Boulder,"Produce Farms, Flowers, and Plants","Hotchkiss, CO",,2025,https://bcfm.org/vendors/meet-our-vendors/,strong,Delta,location_stated
Fifer Farm,Boulder Farmers Market,Boulder,"Produce Farms, Flowers, and Plants","Boulder, CO",,2025,https://bcfm.org/vendors/meet-our-vendors/,strong,Boulder,location_stated
First Fruits Organic Farm,Boulder Farmers Market,Boulder,"Produce Farms, Flowers, and Plants","Paonia, CO",,2025,https://bcfm.org/vendors/meet-our-vendors/,strong,Delta,location_stated
Front Range Flower Farm,Boulder Farmers Market,Boulder,"Produce Farms, Flowers, and Plants","Berthoud, CO",,2025,https://bcfm.org/vendors/meet-our-vendors/,strong,Larimer,location_stated
Hazel Dell Mushrooms,Boulder Farmers Market,Boulder,"Produce Farms, Flowers, and Plants","Fort Collins, CO",,2025,https://bcfm.org/vendors/meet-our-vendors/,strong,Larimer,location_stated
Joy Botanicals,Boulder Farmers Market,Boulder,"Produce Farms, Flowers, and Plants","Lyons, CO",,2025,https://bcfm.org/vendors/meet-our-vendors/,strong,Boulder,location_stated
Kiowa Valley Organics,Boulder Farmers Market,Boulder,"Produce Farms, Flowers, and Plants","Roggen, CO",,2025,https://bcfm.org/vendors/meet-our-vendors/,strong,Weld,location_stated
Little Hollow Flowers,Boulder Farmers Market,Boulder,"Produce Farms, Flowers, and Plants","Berthoud, CO",,2025,https://bcfm.org/vendors/meet-our-vendors/,strong,Larimer,location_stated
MASA Seed Foundation,Boulder Farmers Market,Boulder,"Produce Farms, Flowers, and Plants","Boulder, CO",,2025,https://bcfm.org/vendors/meet-our-vendors/,strong,Boulder,location_stated
Miller Farms,Boulder Farmers Market,Boulder,"Produce Farms, Flowers, and Plants","Platteville, CO",,2025,https://bcfm.org/vendors/meet-our-vendors/,strong,Weld,location_stated
Monroe Family Farms,Boulder Farmers Market,Boulder,"Produce Farms, Flowers, and Plants","Kersey, CO",,2025,https://bcfm.org/vendors/meet-our-vendors/,strong,Weld,location_stated
Morton's Organic Orchards,Boulder Farmers Market,Boulder,"Produce Farms, Flowers, and Plants","Palisade, CO",,2025,https://bcfm.org/vendors/meet-our-vendors/,strong,Mesa,location_stated
Mother Mycelium,Boulder Farmers Market,Boulder,"Produce Farms, Flowers, and Plants","Broomfield, CO",,2025,https://bcfm.org/vendors/meet-our-vendors/,strong,Broomfield,location_stated
MycoCosm Mushroom Company,Boulder Farmers Market,Boulder,"Produce Farms, Flowers, and Plants","Broomfield, CO",,2025,https://bcfm.org/vendors/meet-our-vendors/,strong,Broomfield,location_stated
Off Beet Farm,Boulder Farmers Market,Boulder,"Produce Farms, Flowers, and Plants","Boulder, CO",,2025,https://bcfm.org/vendors/meet-our-vendors/,strong,Boulder,location_stated
Rancho Durazno,Boulder Farmers Market,Boulder,"Produce Farms, Flowers, and Plants","Palisade, CO",,2025,https://bcfm.org/vendors/meet-our-vendors/,strong,Mesa,location_stated
Rocky Mountain Fresh,Boulder Farmers Market,Boulder,"Produce Farms, Flowers, and Plants","Longmont, CO",,2025,https://bcfm.org/vendors/meet-our-vendors/,strong,Boulder,location_stated
Rocky Mountain Superfoods,Boulder Farmers Market,Boulder,"Produce Farms, Flowers, and Plants","Longmont, CO",,2025,https://bcfm.org/vendors/meet-our-vendors/,strong,Boulder,location_stated
Simply Fresh Microgreens,Boulder Farmers Market,Boulder,"Produce Farms, Flowers, and Plants","Broomfield, CO",,2025,https://bcfm.org/vendors/meet-our-vendors/,strong,Broomfield,location_stated
The Fresh Herb Company,Boulder Farmers Market,Boulder,"Produce Farms, Flowers, and Plants","Longmont, CO",,2025,https://bcfm.org/vendors/meet-our-vendors/,strong,Boulder,location_stated
The Stone Fruit Company,Boulder Farmers Market,Boulder,"Produce Farms, Flowers, and Plants","Palisade, CO",,2025,https://bcfm.org/vendors/meet-our-vendors/,strong,Mesa,location_stated
Toohey & Sons Organic,Boulder Farmers Market,Boulder,"Produce Farms, Flowers, and Plants","Hygiene, CO",,2025,https://bcfm.org/vendors/meet-our-vendors/,strong,Boulder,location_stated
WeeBee Farms,Boulder Farmers Market,Boulder,"Produce Farms, Flowers, and Plants","Longmont, CO",,2025,https://bcfm.org/vendors/meet-our-vendors/,strong,Boulder,location_stated
Buck and Bloom Cheese Co.,Boulder Farmers Market,Boulder,"Meat, Dairy, Eggs","Buena Vista, CO",,2025,https://bcfm.org/vendors/meet-our-vendors/,strong,Chaffee,location_stated
Grama Grass & Livestock,Boulder Farmers Market,Boulder,"Meat, Dairy, Eggs","Boulder, CO, Longmont, CO",,2025,https://bcfm.org/vendors/meet-our-vendors/,strong,Boulder,location_stated
Homestead Ranch,Boulder Farmers Market,Boulder,"Meat, Dairy, Eggs","Greeley, CO",,2025,https://bcfm.org/vendors/meet-our-vendors/,strong,Weld,location_stated
Lazy Acres Ranch,Boulder Farmers Market,Boulder,"Meat, Dairy, Eggs","Longmont, CO",,2025,https://bcfm.org/vendors/meet-our-vendors/,strong,Boulder,location_stated
Memphis Bison Ranch,Boulder Farmers Market,Boulder,"Meat, Dairy, Eggs","Carr, CO",,2025,https://bcfm.org/vendors/meet-our-vendors/,strong,Weld,location_stated
Miraflora Wagyu,Boulder Farmers Market,Boulder,"Meat, Dairy, Eggs","Longmont, CO",,2025,https://bcfm.org/vendors/meet-our-vendors/,strong,Boulder,location_stated
Wisdom Natural Poultry,Boulder Farmers Market,Boulder,"Meat, Dairy, Eggs","Haxtun, CO",,2025,https://bcfm.org/vendors/meet-our-vendors/,strong,Phillips,location_stated
47 Bakery,Boulder Farmers Market,Boulder,Prepared Food & Drink,"Thornton, CO",,2025,https://bcfm.org/vendors/meet-our-vendors/,,Adams,location_stated
Amaizing Corn Tamales,Boulder Farmers Market,Boulder,Prepared Food & Drink,"Boulder, CO",,2025,https://bcfm.org/vendors/meet-our-vendors/,,Boulder,location_stated
Best French Cookies,Boulder Farmers Market,Boulder,Prepared Food & Drink,"Boulder, CO",,2025,https://bcfm.org/vendors/meet-our-vendors/,,Boulder,location_stated
Best One Yet Vegan,Boulder Farmers Market,Boulder,Prepared Food & Drink,"Longmont, CO",,2025,https://bcfm.org/vendors/meet-our-vendors/,,Boulder,location_stated
Boujee Biscuit,Boulder Farmers Market,Boulder,Prepared Food & Drink,"Denver, CO",,2025,https://bcfm.org/vendors/meet-our-vendors/,,Denver,location_stated
Cafe Fritz,Boulder Farmers Market,Boulder,Prepared Food & Drink,"Hygiene, CO",,2025,https://bcfm.org/vendors/meet-our-vendors/,,Boulder,location_stated
Denver Pops,Boulder Farmers Market,Boulder,Prepared Food & Drink,"Denver, CO",,2025,https://bcfm.org/vendors/meet-our-vendors/,,Denver,location_stated
Izzio Artisan Bakery,Boulder Farmers Market,Boulder,Prepared Food & Drink,"Louisville, CO",,2025,https://bcfm.org/vendors/meet-our-vendors/,,Boulder,location_stated
Lenin Wood Fired Pizza,Boulder Farmers Market,Boulder,Prepared Food & Drink,"Lafayette, CO",,2025,https://bcfm.org/vendors/meet-our-vendors/,,Boulder,location_stated
Moon Raccoon Baking Co.,Boulder Farmers Market,Boulder,Prepared Food & Drink,"Denver, CO",,2025,https://bcfm.org/vendors/meet-our-vendors/,,Denver,location_stated
Pupusas Familia,Boulder Farmers Market,Boulder,Prepared Food & Drink,"Boulder, CO",,2025,https://bcfm.org/vendors/meet-our-vendors/,,Boulder,location_stated
Rang Tang Craft Barbecue,Boulder Farmers Market,Boulder,Prepared Food & Drink,"Boulder, CO",,2025,https://bcfm.org/vendors/meet-our-vendors/,,Boulder,location_stated
Rice & Shine Paella,Boulder Farmers Market,Boulder,Prepared Food & Drink,"Boulder, CO",,2025,https://bcfm.org/vendors/meet-our-vendors/,,Boulder,location_stated
Savory Saigon,Boulder Farmers Market,Boulder,Prepared Food & Drink,"Superior, CO",,2025,https://bcfm.org/vendors/meet-our-vendors/,,Boulder,location_stated
SouperStar,Boulder Farmers Market,Boulder,Prepared Food & Drink,"Boulder, CO",,2025,https://bcfm.org/vendors/meet-our-vendors/,,Boulder,location_stated
SukNuh Catering,Boulder Farmers Market,Boulder,Prepared Food & Drink,"Denver, CO",,2025,https://bcfm.org/vendors/meet-our-vendors/,,Denver,location_stated
Sunflower Foods,Boulder Farmers Market,Boulder,Prepared Food & Drink,"Arvada, CO",,2025,https://bcfm.org/vendors/meet-our-vendors/,,Jefferson,location_stated
Tacos del Norte,Boulder Farmers Market,Boulder,Prepared Food & Drink,"Boulder, CO",,2025,https://bcfm.org/vendors/meet-our-vendors/,,Boulder,location_stated
The Orange Tent,Boulder Farmers Market,Boulder,Prepared Food & Drink,"Longmont, CO",,2025,https://bcfm.org/vendors/meet-our-vendors/,,Boulder,location_stated
Verb Coffee Roasters,Boulder Farmers Market,Boulder,Prepared Food & Drink,"Boulder, CO",,2025,https://bcfm.org/vendors/meet-our-vendors/,,Boulder,location_stated
Eldorado Springs Water,Boulder Farmers Market,Boulder,"Specialty, Services, and Subscriptions","Louisville, CO",,2025,https://bcfm.org/vendors/meet-our-vendors/,,Boulder,location_stated
Johnson's Sharpening,Boulder Farmers Market,Boulder,"Specialty, Services, and Subscriptions","Lafayette, CO",,2025,https://bcfm.org/vendors/meet-our-vendors/,,Boulder,location_stated
Bean Boy Foods,Boulder Farmers Market,Boulder,"Packaged Food, Drink, and Honey","Denver, CO",,2025,https://bcfm.org/vendors/meet-our-vendors/,,Denver,location_stated
Bibamba Artisan Chocolate,Boulder Farmers Market,Boulder,"Packaged Food, Drink, and Honey","Denver, CO",,2025,https://bcfm.org/vendors/meet-our-vendors/,,Denver,location_stated
Bjorn's Colorado Honey,Boulder Farmers Market,Boulder,"Packaged Food, Drink, and Honey","Boulder, CO",,2025,https://bcfm.org/vendors/meet-our-vendors/,medium,Boulder,location_stated
Boulder Broth,Boulder Farmers Market,Boulder,"Packaged Food, Drink, and Honey","Boulder, CO, Longmont, CO",,2025,https://bcfm.org/vendors/meet-our-vendors/,,Boulder,location_stated
Boulder Valley Honey,Boulder Farmers Market,Boulder,"Packaged Food, Drink, and Honey","Boulder, CO",,2025,https://bcfm.org/vendors/meet-our-vendors/,medium,Boulder,location_stated
Casa Crobu,Boulder Farmers Market,Boulder,"Packaged Food, Drink, and Honey","Denver, CO",,2025,https://bcfm.org/vendors/meet-our-vendors/,,Denver,location_stated
Chiporro Sauce Company,Boulder Farmers Market,Boulder,"Packaged Food, Drink, and Honey","Longmont, CO",,2025,https://bcfm.org/vendors/meet-our-vendors/,,Boulder,location_stated
Cocktail Caravan,Boulder Farmers Market,Boulder,"Packaged Food, Drink, and Honey","Boulder, CO",,2025,https://bcfm.org/vendors/meet-our-vendors/,,Boulder,location_stated
Ferment Culture,Boulder Farmers Market,Boulder,"Packaged Food, Drink, and Honey","Fort Collins, CO",,2025,https://bcfm.org/vendors/meet-our-vendors/,,Larimer,location_stated
Green Belly Foods,Boulder Farmers Market,Boulder,"Packaged Food, Drink, and Honey","Boulder, CO",,2025,https://bcfm.org/vendors/meet-our-vendors/,,Boulder,location_stated
Green Yams,Boulder Farmers Market,Boulder,"Packaged Food, Drink, and Honey","Denver, CO",,2025,https://bcfm.org/vendors/meet-our-vendors/,,Denver,location_stated
Hävenly Baked Goods,Boulder Farmers Market,Boulder,"Packaged Food, Drink, and Honey","Boulder, CO, Englewood, CO",,2025,https://bcfm.org/vendors/meet-our-vendors/,,Boulder; Arapahoe,location_stated
Haykin Family Cider,Boulder Farmers Market,Boulder,"Packaged Food, Drink, and Honey","Aurora, CO",,2025,https://bcfm.org/vendors/meet-our-vendors/,,Arapahoe,location_stated
Healthy Harvest,Boulder Farmers Market,Boulder,"Packaged Food, Drink, and Honey","Golden, CO",,2025,https://bcfm.org/vendors/meet-our-vendors/,,Jefferson,location_stated
Heaven's Choice Popcorn,Boulder Farmers Market,Boulder,"Packaged Food, Drink, and Honey","Loveland, CO",,2025,https://bcfm.org/vendors/meet-our-vendors/,,Larimer,location_stated
I Love HeartBeets,Boulder Farmers Market,Boulder,"Packaged Food, Drink, and Honey","Boulder, CO",,2025,https://bcfm.org/vendors/meet-our-vendors/,,Boulder,location_stated
Kinship Bread,Boulder Farmers Market,Boulder,"Packaged Food, Drink, and Honey","Boulder, CO",,2025,https://bcfm.org/vendors/meet-our-vendors/,,Boulder,location_stated
Know Your Roots,Boulder Farmers Market,Boulder,"Packaged Food, Drink, and Honey","Longmont, CO",,2025,https://bcfm.org/vendors/meet-our-vendors/,,Boulder,location_stated
La Esmeralda's,Boulder Farmers Market,Boulder,"Packaged Food, Drink, and Honey","Greeley, CO",,2025,https://bcfm.org/vendors/meet-our-vendors/,,Weld,location_stated
Little House of Tempeh,Boulder Farmers Market,Boulder,"Packaged Food, Drink, and Honey","Fort Collins, CO",,2025,https://bcfm.org/vendors/meet-our-vendors/,,Larimer,location_stated
Mountain Girl Pickles,Boulder Farmers Market,Boulder,"Packaged Food, Drink, and Honey","Boulder, CO",,2025,https://bcfm.org/vendors/meet-our-vendors/,,Boulder,location_stated
On Tap Kitchen,Boulder Farmers Market,Boulder,"Packaged Food, Drink, and Honey","Lafayette, CO",,2025,https://bcfm.org/vendors/meet-our-vendors/,,Boulder,location_stated
Outrageous Baking,Boulder Farmers Market,Boulder,"Packaged Food, Drink, and Honey","Longmont, CO",,2025,https://bcfm.org/vendors/meet-our-vendors/,,Boulder,location_stated
OverAchieving Tea,Boulder Farmers Market,Boulder,"Packaged Food, Drink, and Honey","Boulder, CO",,2025,https://bcfm.org/vendors/meet-our-vendors/,,Boulder,location_stated
Pappardelle's Pasta,Boulder Farmers Market,Boulder,"Packaged Food, Drink, and Honey","Denver, CO",,2025,https://bcfm.org/vendors/meet-our-vendors/,,Denver,location_stated
Porcellino Artisanal Meats,Boulder Farmers Market,Boulder,"Packaged Food, Drink, and Honey","Denver, CO",,2025,https://bcfm.org/vendors/meet-our-vendors/,medium,Denver,location_stated
Ray Road Nut Butter,Boulder Farmers Market,Boulder,"Packaged Food, Drink, and Honey","Longmont, CO",,2025,https://bcfm.org/vendors/meet-our-vendors/,,Boulder,location_stated
Rev Kombucha,Boulder Farmers Market,Boulder,"Packaged Food, Drink, and Honey","Boulder, CO",,2025,https://bcfm.org/vendors/meet-our-vendors/,,Boulder,location_stated
Silver Canyon Coffee,Boulder Farmers Market,Boulder,"Packaged Food, Drink, and Honey","Boulder, CO",,2025,https://bcfm.org/vendors/meet-our-vendors/,,Boulder,location_stated
Spark and Honey,Boulder Farmers Market,Boulder,"Packaged Food, Drink, and Honey","Boulder, CO",,2025,https://bcfm.org/vendors/meet-our-vendors/,medium,Boulder,location_stated
State 38 Distilling,Boulder Farmers Market,Boulder,"Packaged Food, Drink, and Honey","Golden, CO",,2025,https://bcfm.org/vendors/meet-our-vendors/,,Jefferson,location_stated
The Good Juice Co.,Boulder Farmers Market,Boulder,"Packaged Food, Drink, and Honey","Boulder, CO",,2025,https://bcfm.org/vendors/meet-our-vendors/,,Boulder,location_stated
The Happy Pickle Company of Boulder Colorado,Boulder Farmers Market,Boulder,"Packaged Food, Drink, and Honey","Longmont, CO",,2025,https://bcfm.org/vendors/meet-our-vendors/,,Boulder,location_stated
Yummy Yummy Products,Boulder Farmers Market,Boulder,"Packaged Food, Drink, and Honey","Denver, CO, Thornton, CO",,2025,https://bcfm.org/vendors/meet-our-vendors/,,Denver; Adams,location_stated
AAFEVE-R-DREAM,Breckenridge Sunday Market,Breckenridge,Retail Vendors,,,2026,https://rockymountainevents.com/breckenridge-farmers-market/,,Summit,market_city
Antler & Crown Provisions,Breckenridge Sunday Market,Breckenridge,Retail Vendors,,,2026,https://rockymountainevents.com/breckenridge-farmers-market/,,Summit,market_city
Art by Agostina,Breckenridge Sunday Market,Breckenridge,Retail Vendors,,,2026,https://rockymountainevents.com/breckenridge-farmers-market/,,Summit,market_city
Authentic Cotton,Breckenridge Sunday Market,Breckenridge,Retail Vendors,,,2026,https://rockymountainevents.com/breckenridge-farmers-market/,,Summit,market_city
Autumn Teneyl,Breckenridge Sunday Market,Breckenridge,Retail Vendors,,,2026,https://rockymountainevents.com/breckenridge-farmers-market/,,Summit,market_city
Base Mountain Sports,Breckenridge Sunday Market,Breckenridge,Retail Vendors,,,2026,https://rockymountainevents.com/breckenridge-farmers-market/,,Summit,market_city
Beeswax Organics,Breckenridge Sunday Market,Breckenridge,Retail Vendors,,,2026,https://rockymountainevents.com/breckenridge-farmers-market/,,Summit,market_city
Bjorn's Colorado Honey,Breckenridge Sunday Market,Breckenridge,Retail Vendors,,,2026,https://rockymountainevents.com/breckenridge-farmers-market/,,Summit,market_city
Bhava Boutique,Breckenridge Sunday Market,Breckenridge,Retail Vendors,,,2026,https://rockymountainevents.com/breckenridge-farmers-market/,,Summit,market_city
Bluestem Bison Ranch,Breckenridge Sunday Market,Breckenridge,Retail Vendors,,,2026,https://rockymountainevents.com/breckenridge-farmers-market/,,Summit,market_city
Bohemian Blooms,Breckenridge Sunday Market,Breckenridge,Retail Vendors,,,2026,https://rockymountainevents.com/breckenridge-farmers-market/,,Summit,market_city
BOLD Outerwear,Breckenridge Sunday Market,Breckenridge,Retail Vendors,,,2026,https://rockymountainevents.com/breckenridge-farmers-market/,,Summit,market_city
Cabin Light Candles,Breckenridge Sunday Market,Breckenridge,Retail Vendors,,,2026,https://rockymountainevents.com/breckenridge-farmers-market/,,Summit,market_city
Charter Sports,Breckenridge Sunday Market,Breckenridge,Retail Vendors,,,2026,https://rockymountainevents.com/breckenridge-farmers-market/,,Summit,market_city
Cutco,Breckenridge Sunday Market,Breckenridge,Retail Vendors,,,2026,https://rockymountainevents.com/breckenridge-farmers-market/,,Summit,market_city
Cutie Pawtootie Studio,Breckenridge Sunday Market,Breckenridge,Retail Vendors,,,2026,https://rockymountainevents.com/breckenridge-farmers-market/,,Summit,market_city
Czech Out The Rock,Breckenridge Sunday Market,Breckenridge,Retail Vendors,,,2026,https://rockymountainevents.com/breckenridge-farmers-market/,,Summit,market_city
Denver Ceramic Studio,Breckenridge Sunday Market,Breckenridge,Retail Vendors,,,2026,https://rockymountainevents.com/breckenridge-farmers-market/,,Summit,market_city
DoggieDiggz,Breckenridge Sunday Market,Breckenridge,Retail Vendors,,,2026,https://rockymountainevents.com/breckenridge-farmers-market/,,Summit,market_city
Erika Zarza Jewelry Collection,Breckenridge Sunday Market,Breckenridge,Retail Vendors,,,2026,https://rockymountainevents.com/breckenridge-farmers-market/,,Summit,market_city
Fine & Feral Collective,Breckenridge Sunday Market,Breckenridge,Retail Vendors,,,2026,https://rockymountainevents.com/breckenridge-farmers-market/,,Summit,market_city
Folcland,Breckenridge Sunday Market,Breckenridge,Retail Vendors,,,2026,https://rockymountainevents.com/breckenridge-farmers-market/,,Summit,market_city
Forever Rock Candles,Breckenridge Sunday Market,Breckenridge,Retail Vendors,,,2026,https://rockymountainevents.com/breckenridge-farmers-market/,,Summit,market_city
Fringed Sage Shop,Breckenridge Sunday Market,Breckenridge,Retail Vendors,,,2026,https://rockymountainevents.com/breckenridge-farmers-market/,,Summit,market_city
Golden Gal (Lucky Old Sun),Breckenridge Sunday Market,Breckenridge,Retail Vendors,,,2026,https://rockymountainevents.com/breckenridge-farmers-market/,,Summit,market_city
Haus,Breckenridge Sunday Market,Breckenridge,Retail Vendors,,,2026,https://rockymountainevents.com/breckenridge-farmers-market/,,Summit,market_city
Healthy Harvest Gardens,Breckenridge Sunday Market,Breckenridge,Retail Vendors,,,2026,https://rockymountainevents.com/breckenridge-farmers-market/,,Summit,market_city
Heather's Happy Faces,Breckenridge Sunday Market,Breckenridge,Retail Vendors,,,2026,https://rockymountainevents.com/breckenridge-farmers-market/,,Summit,market_city
Henna Body Art,Breckenridge Sunday Market,Breckenridge,Retail Vendors,,,2026,https://rockymountainevents.com/breckenridge-farmers-market/,,Summit,market_city
Hummingbird Skye,Breckenridge Sunday Market,Breckenridge,Retail Vendors,,,2026,https://rockymountainevents.com/breckenridge-farmers-market/,,Summit,market_city
Hunt & Homestead,Breckenridge Sunday Market,Breckenridge,Retail Vendors,,,2026,https://rockymountainevents.com/breckenridge-farmers-market/,,Summit,market_city
Ink and Thread Creative,Breckenridge Sunday Market,Breckenridge,Retail Vendors,,,2026,https://rockymountainevents.com/breckenridge-farmers-market/,,Summit,market_city
Kanto x Wasabi,Breckenridge Sunday Market,Breckenridge,Retail Vendors,,,2026,https://rockymountainevents.com/breckenridge-farmers-market/,,Summit,market_city
Kompass Apparel,Breckenridge Sunday Market,Breckenridge,Retail Vendors,,,2026,https://rockymountainevents.com/breckenridge-farmers-market/,,Summit,market_city
KP Mountain Metals,Breckenridge Sunday Market,Breckenridge,Retail Vendors,,,2026,https://rockymountainevents.com/breckenridge-farmers-market/,,Summit,market_city
Kute Kids Publishing,Breckenridge Sunday Market,Breckenridge,Retail Vendors,,,2026,https://rockymountainevents.com/breckenridge-farmers-market/,,Summit,market_city
Lifetime Home Remodeling,Breckenridge Sunday Market,Breckenridge,Retail Vendors,,,2026,https://rockymountainevents.com/breckenridge-farmers-market/,,Summit,market_city
Longlive Permanent Jewelry,Breckenridge Sunday Market,Breckenridge,Retail Vendors,,,2026,https://rockymountainevents.com/breckenridge-farmers-market/,,Summit,market_city
Magicolor Maria Design,Breckenridge Sunday Market,Breckenridge,Retail Vendors,,,2026,https://rockymountainevents.com/breckenridge-farmers-market/,,Summit,market_city
MatchBox Candle Co.,Breckenridge Sunday Market,Breckenridge,Retail Vendors,,,2026,https://rockymountainevents.com/breckenridge-farmers-market/,,Summit,market_city
Microgreen Creations,Breckenridge Sunday Market,Breckenridge,Retail Vendors,,,2026,https://rockymountainevents.com/breckenridge-farmers-market/,,Summit,market_city
Mountain Weekend,Breckenridge Sunday Market,Breckenridge,Retail Vendors,,,2026,https://rockymountainevents.com/breckenridge-farmers-market/,,Summit,market_city
Natural Temptations,Breckenridge Sunday Market,Breckenridge,Retail Vendors,,,2026,https://rockymountainevents.com/breckenridge-farmers-market/,,Summit,market_city
NaturesTech,Breckenridge Sunday Market,Breckenridge,Retail Vendors,,,2026,https://rockymountainevents.com/breckenridge-farmers-market/,,Summit,market_city
Off the Slopes,Breckenridge Sunday Market,Breckenridge,Retail Vendors,,,2026,https://rockymountainevents.com/breckenridge-farmers-market/,,Summit,market_city
Parks Art Collections,Breckenridge Sunday Market,Breckenridge,Retail Vendors,,,2026,https://rockymountainevents.com/breckenridge-farmers-market/,,Summit,market_city
Peak State Coffee,Breckenridge Sunday Market,Breckenridge,Retail Vendors,,,2026,https://rockymountainevents.com/breckenridge-farmers-market/,,Summit,market_city
Pines' Nut Butter,Breckenridge Sunday Market,Breckenridge,Retail Vendors,,,2026,https://rockymountainevents.com/breckenridge-farmers-market/,,Summit,market_city
PK Fine Imports,Breckenridge Sunday Market,Breckenridge,Retail Vendors,,,2026,https://rockymountainevents.com/breckenridge-farmers-market/,,Summit,market_city
Raw & Rebellious,Breckenridge Sunday Market,Breckenridge,Retail Vendors,,,2026,https://rockymountainevents.com/breckenridge-farmers-market/,,Summit,market_city
Snowflakes & Silver,Breckenridge Sunday Market,Breckenridge,Retail Vendors,,,2026,https://rockymountainevents.com/breckenridge-farmers-market/,,Summit,market_city
SoulThorn Sips,Breckenridge Sunday Market,Breckenridge,Retail Vendors,,,2026,https://rockymountainevents.com/breckenridge-farmers-market/,,Summit,market_city
Spicyheart,Breckenridge Sunday Market,Breckenridge,Retail Vendors,,,2026,https://rockymountainevents.com/breckenridge-farmers-market/,,Summit,market_city
Steamboat Honey Company,Breckenridge Sunday Market,Breckenridge,Retail Vendors,,,2026,https://rockymountainevents.com/breckenridge-farmers-market/,,Summit,market_city
Stio,Breckenridge Sunday Market,Breckenridge,Retail Vendors,,,2026,https://rockymountainevents.com/breckenridge-farmers-market/,,Summit,market_city
Summit Foundation,Breckenridge Sunday Market,Breckenridge,Retail Vendors,,,2026,https://rockymountainevents.com/breckenridge-farmers-market/,,Summit,market_city
Taspen's Organics,Breckenridge Sunday Market,Breckenridge,Retail Vendors,,,2026,https://rockymountainevents.com/breckenridge-farmers-market/,,Summit,market_city
Ten Mile Blankets,Breckenridge Sunday Market,Breckenridge,Retail Vendors,,,2026,https://rockymountainevents.com/breckenridge-farmers-market/,,Summit,market_city
The Humble Stone Creations,Breckenridge Sunday Market,Breckenridge,Retail Vendors,,,2026,https://rockymountainevents.com/breckenridge-farmers-market/,,Summit,market_city
Tibet Mart,Breckenridge Sunday Market,Breckenridge,Retail Vendors,,,2026,https://rockymountainevents.com/breckenridge-farmers-market/,,Summit,market_city
Two Gems Boutique,Breckenridge Sunday Market,Breckenridge,Retail Vendors,,,2026,https://rockymountainevents.com/breckenridge-farmers-market/,,Summit,market_city
Vargas Wealth Management,Breckenridge Sunday Market,Breckenridge,Retail Vendors,,,2026,https://rockymountainevents.com/breckenridge-farmers-market/,,Summit,market_city
Wildflower & Wheat,Breckenridge Sunday Market,Breckenridge,Retail Vendors,,,2026,https://rockymountainevents.com/breckenridge-farmers-market/,,Summit,market_city
Wounded Warrior Project,Breckenridge Sunday Market,Breckenridge,Retail Vendors,,,2026,https://rockymountainevents.com/breckenridge-farmers-market/,,Summit,market_city
Areemo Greek Desserts,Breckenridge Sunday Market,Breckenridge,Food Vendors,,,2026,https://rockymountainevents.com/breckenridge-farmers-market/,,Summit,market_city
Baked in Breck,Breckenridge Sunday Market,Breckenridge,Food Vendors,,,2026,https://rockymountainevents.com/breckenridge-farmers-market/,,Summit,market_city
Bearbecue,Breckenridge Sunday Market,Breckenridge,Food Vendors,,,2026,https://rockymountainevents.com/breckenridge-farmers-market/,,Summit,market_city
Climax Jerky,Breckenridge Sunday Market,Breckenridge,Food Vendors,,,2026,https://rockymountainevents.com/breckenridge-farmers-market/,,Summit,market_city
Coloradough Bakery,Breckenridge Sunday Market,Breckenridge,Food Vendors,,,2026,https://rockymountainevents.com/breckenridge-farmers-market/,,Summit,market_city
Crafton's Summit Sourdough,Breckenridge Sunday Market,Breckenridge,Food Vendors,,,2026,https://rockymountainevents.com/breckenridge-farmers-market/,,Summit,market_city
"Dippidy Donuts, LLC",Breckenridge Sunday Market,Breckenridge,Food Vendors,,,2026,https://rockymountainevents.com/breckenridge-farmers-market/,,Summit,market_city
Flèche Healthy Treats,Breckenridge Sunday Market,Breckenridge,Food Vendors,,,2026,https://rockymountainevents.com/breckenridge-farmers-market/,,Summit,market_city
Helix Coffee Co.,Breckenridge Sunday Market,Breckenridge,Food Vendors,,,2026,https://rockymountainevents.com/breckenridge-farmers-market/,,Summit,market_city
Liqcreme,Breckenridge Sunday Market,Breckenridge,Food Vendors,,,2026,https://rockymountainevents.com/breckenridge-farmers-market/,,Summit,market_city
Lori The Dip Lady,Breckenridge Sunday Market,Breckenridge,Food Vendors,,,2026,https://rockymountainevents.com/breckenridge-farmers-market/,,Summit,market_city
Mexican Tamales Brenda,Breckenridge Sunday Market,Breckenridge,Food Vendors,,,2026,https://rockymountainevents.com/breckenridge-farmers-market/,,Summit,market_city
Pines' Nut Butter,Breckenridge Sunday Market,Breckenridge,Food Vendors,,,2026,https://rockymountainevents.com/breckenridge-farmers-market/,,Summit,market_city
Pretzel Bandit,Breckenridge Sunday Market,Breckenridge,Food Vendors,,,2026,https://rockymountainevents.com/breckenridge-farmers-market/,,Summit,market_city
Salvador's Pizza,Breckenridge Sunday Market,Breckenridge,Food Vendors,,,2026,https://rockymountainevents.com/breckenridge-farmers-market/,,Summit,market_city
SnacFood,Breckenridge Sunday Market,Breckenridge,Food Vendors,,,2026,https://rockymountainevents.com/breckenridge-farmers-market/,,Summit,market_city
Still Rising Pastry Studio,Breckenridge Sunday Market,Breckenridge,Food Vendors,,,2026,https://rockymountainevents.com/breckenridge-farmers-market/,,Summit,market_city
Summit Pasta,Breckenridge Sunday Market,Breckenridge,Food Vendors,,,2026,https://rockymountainevents.com/breckenridge-farmers-market/,,Summit,market_city
Tarta Bakery,Breckenridge Sunday Market,Breckenridge,Food Vendors,,,2026,https://rockymountainevents.com/breckenridge-farmers-market/,,Summit,market_city
Tru Goodness Brands,Breckenridge Sunday Market,Breckenridge,Food Vendors,,,2026,https://rockymountainevents.com/breckenridge-farmers-market/,,Summit,market_city
Uncle John's Farm Stand,Breckenridge Sunday Market,Breckenridge,Food Vendors,,,2026,https://rockymountainevents.com/breckenridge-farmers-market/,medium,Summit,market_city
Artemis Flower Farm,City Park Farmers Market,Denver,"Farmers, Ranchers, Dairy","Longmont, CO","Regenerative Colorado flower farm offering organic blooms, workshops, DIY wedding flowers, and fresh-cut bouquets at farmers markets.",2026,https://vendors.cityparkfarmersmarket.com/vendor_team,strong,Boulder,location_stated
Black Gold Family Farm,City Park Farmers Market,Denver,"Farmers, Ranchers, Dairy","Akron, CO","Family-owned, farrow-to-finish Berkshire pig farm in Akron, CO, specializing in pasture-raised pork that is 100% drug-free with no hormones, steroids, antibiotics, or vaccines.",2026,https://vendors.cityparkfarmersmarket.com/vendor_team,strong,Washington,location_stated
Brown Dog Farm,City Park Farmers Market,Denver,"Farmers, Ranchers, Dairy","Longmont, CO","Organic vegetable farm in Longmont growing 40+ varieties using no pesticides, serving Denver farmers markets and offering a CSA program.",2026,https://vendors.cityparkfarmersmarket.com/vendor_team,strong,Boulder,location_stated
Buckner Family Ranch,City Park Farmers Market,Denver,"Farmers, Ranchers, Dairy","Longmont, CO","Family-run ranch specializing in locally-raised, 100% grass-fed lamb and beef, and pasture-raised heritage breed pork.",2026,https://vendors.cityparkfarmersmarket.com/vendor_team,strong,Boulder,location_stated
Centennial Cuts,City Park Farmers Market,Denver,"Farmers, Ranchers, Dairy","Colorado Springs, CO","Family-owned Colorado beef company offering sustainably raised, locally harvested beef products, jerky, and tallow skincare.",2026,https://vendors.cityparkfarmersmarket.com/vendor_team,strong,El Paso,location_stated
Croft Family Farm,City Park Farmers Market,Denver,"Farmers, Ranchers, Dairy","Kersey, CO","Family-operated regenerative farm in Kersey, CO growing vegetables and raising free-range hens",2026,https://vendors.cityparkfarmersmarket.com/vendor_team,strong,Weld,location_stated
DeLaney Community Farm,City Park Farmers Market,Denver,"Farmers, Ranchers, Dairy","Aurora, CO","A 5-acre refugee community farm in Aurora run by Project Worthmore, growing organic produce and fostering integration.",2026,https://vendors.cityparkfarmersmarket.com/vendor_team,strong,Arapahoe,location_stated
Denver Love Goats,City Park Farmers Market,Denver,"Farmers, Ranchers, Dairy",,"Mobile goat visit service bringing rescued goats to events, businesses, and community spaces across Denver.",2026,https://vendors.cityparkfarmersmarket.com/vendor_team,strong,Denver,market_city
Ela Family Farms,City Park Farmers Market,Denver,"Farmers, Ranchers, Dairy","Hotchkiss, CO","Fourth-generation organic fruit farm in Hotchkiss, CO growing tree-ripe cherries, peaches, pears, plums, and apples, plus jams, syrups, and dried fruits.",2026,https://vendors.cityparkfarmersmarket.com/vendor_team,strong,Delta,location_stated
Five Freedoms Dairy,City Park Farmers Market,Denver,"Farmers, Ranchers, Dairy","Longmont, CO","Sustainable dairy farm founded by veterinarian Kevin McSweeney offering ethically sourced milk, yogurt, ricotta, and cheese curds from cows that live with their calves and have longer, healthier li...",2026,https://vendors.cityparkfarmersmarket.com/vendor_team,strong,Boulder,location_stated
Flower Street Farm,City Park Farmers Market,Denver,"Farmers, Ranchers, Dairy","Lakewood, CO","A small-scale urban farm in Lakewood, CO that raises rescued bees and produces local, raw, unfiltered honey, beeswax products, essential oils, and hydrosols from their own herbs.",2026,https://vendors.cityparkfarmersmarket.com/vendor_team,strong,Jefferson,location_stated
Forte Fruits,City Park Farmers Market,Denver,"Farmers, Ranchers, Dairy","Sheridan, CO","Palisade family orchard growing peaches, plums, and stone fruits since 1972, selling at Denver-area markets.",2026,https://vendors.cityparkfarmersmarket.com/vendor_team,strong,Arapahoe,location_stated
Fox Fungi,City Park Farmers Market,Denver,"Farmers, Ranchers, Dairy","Denver, CO","An urban mushroom farm located in Denver providing specialty gourmet mushrooms (including oyster, lion's mane, shiitake, and enoki) and mushroom growing supplies.",2026,https://vendors.cityparkfarmersmarket.com/vendor_team,strong,Denver,location_stated
Foxtown Farm,City Park Farmers Market,Denver,"Farmers, Ranchers, Dairy","Denver, CO",Ginger and turmeric inspired products. Creating pourable honey syrups and traditional fire cider with organic ingredients and local honey.,2026,https://vendors.cityparkfarmersmarket.com/vendor_team,strong,Denver,location_stated
Furst Class Fungi,City Park Farmers Market,Denver,"Farmers, Ranchers, Dairy","Denver, CO","A Denver-based mushroom farm specializing in gourmet mushrooms including shiitake, lion's mane, king oysters, and blue oyster mushrooms.",2026,https://vendors.cityparkfarmersmarket.com/vendor_team,strong,Denver,location_stated
Grama Grass & Livestock,City Park Farmers Market,Denver,"Farmers, Ranchers, Dairy","Longmont, CO",Longmont regenerative ranch restoring native prairie through rotational grazing and producing grass-finished beef.,2026,https://vendors.cityparkfarmersmarket.com/vendor_team,strong,Boulder,location_stated
Kiowa Valley Organics,City Park Farmers Market,Denver,"Farmers, Ranchers, Dairy","Roggen, CO","Family-owned USDA certified organic farm in Roggen, CO producing organic vegetables, grass-fed beef, and pasture-fed chicken eggs.",2026,https://vendors.cityparkfarmersmarket.com/vendor_team,strong,Weld,location_stated
Minoru Farm,City Park Farmers Market,Denver,"Farmers, Ranchers, Dairy","Brighton, CO","Brighton, CO farm growing Asian-inspired vegetables using organic methods, founded by Jade Sato.",2026,https://vendors.cityparkfarmersmarket.com/vendor_team,strong,Adams,location_stated
Monroe Family Farms,City Park Farmers Market,Denver,"Farmers, Ranchers, Dairy","Kersey, CO","Fourth-generation Kersey, CO organic farm offering CSA shares of chemical-free seasonal vegetables.",2026,https://vendors.cityparkfarmersmarket.com/vendor_team,strong,Weld,location_stated
Morsal Green Yards,City Park Farmers Market,Denver,"Farmers, Ranchers, Dairy",,Afghan refugee family farm growing fresh vegetables and seasonal produce for Denver-area farmers markets.,2026,https://vendors.cityparkfarmersmarket.com/vendor_team,strong,Denver,market_city
Out Yonder Farm,City Park Farmers Market,Denver,"Farmers, Ranchers, Dairy","Platteville, CO","Colorado Front Range farm offering flower arrangements, seasonal produce, vegetables, and eggs from May through October.",2026,https://vendors.cityparkfarmersmarket.com/vendor_team,strong,Weld,location_stated
Plant Collector and Friends,City Park Farmers Market,Denver,"Farmers, Ranchers, Dairy",,"Denver grower specializing in hot peppers and unique plants, sold at local Colorado farmers markets.",2026,https://vendors.cityparkfarmersmarket.com/vendor_team,strong,Denver,market_city
Rocky Mountain Fresh,City Park Farmers Market,Denver,"Farmers, Ranchers, Dairy","Longmont, CO","Longmont greenhouse farm growing hydroponic heirloom tomatoes, cucumbers, and seasonal produce year-round.",2026,https://vendors.cityparkfarmersmarket.com/vendor_team,strong,Boulder,location_stated
Star Acres Flower Farm,City Park Farmers Market,Denver,"Farmers, Ranchers, Dairy","Arvada, CO","Mother-daughter run flower farm in Arvada, Colorado offering fresh seasonal bouquets and unique single-variety blooms grown using organic practices.",2026,https://vendors.cityparkfarmersmarket.com/vendor_team,strong,Jefferson,location_stated
Switch Gears Farm,City Park Farmers Market,Denver,"Farmers, Ranchers, Dairy","Longmont, CO","Small-scale one-acre vegetable farm in Longmont operated by Brett Matson and Vanita Patel, growing 40+ different types of vegetables using organic and regenerative practices without synthetic ferti...",2026,https://vendors.cityparkfarmersmarket.com/vendor_team,strong,Boulder,location_stated
The Conscious Farms,City Park Farmers Market,Denver,"Farmers, Ranchers, Dairy","Seibert, CO","Pasture-raised, hormone-free chicken, lamb, and eggs from a Colorado farm, available at Denver farmers markets and weekly drop-offs.",2026,https://vendors.cityparkfarmersmarket.com/vendor_team,strong,Kit Carson,location_stated
The Fresh Herb Co,City Park Farmers Market,Denver,"Farmers, Ranchers, Dairy","Longmont, CO","40-year-old family farm in Longmont, CO growing culinary herbs, cut flowers, and succulents",2026,https://vendors.cityparkfarmersmarket.com/vendor_team,strong,Boulder,location_stated
Topp Fruits LLC,City Park Farmers Market,Denver,"Farmers, Ranchers, Dairy","Hotchkiss, CO","Family-owned and operated organic orchard located on Colorado's Western Slope producing tree-ripened organic peaches, apples, cherries, plums, and pears with certified organic practices.",2026,https://vendors.cityparkfarmersmarket.com/vendor_team,strong,Delta,location_stated
Unsung Family Farm,City Park Farmers Market,Denver,"Farmers, Ranchers, Dairy","Longmont, CO","Ecological culinary farm north of Longmont with half an acre of fresh produce farmed regeneratively, specialty microgreens, and unique preservations.",2026,https://vendors.cityparkfarmersmarket.com/vendor_team,strong,Boulder,location_stated
Wild Wick's Farm,City Park Farmers Market,Denver,"Farmers, Ranchers, Dairy","Lakewood, CO","Lakewood urban farm growing mixed vegetables, fruit, and cut flowers on half an acre of residential plots across four properties.",2026,https://vendors.cityparkfarmersmarket.com/vendor_team,strong,Jefferson,location_stated
Wiley Farm & Co.,City Park Farmers Market,Denver,"Farmers, Ranchers, Dairy","Boulder, CO","Restorative, ecologically focused herb farm and tea company cultivating medicinal and culinary herbs in Boulder, CO - loose leaf blends, fresh herbs, and a quarterly tea membership.",2026,https://vendors.cityparkfarmersmarket.com/vendor_team,strong,Boulder,location_stated
Best One Yet Vegan,City Park Farmers Market,Denver,Local Pantry,"Longmont, CO","Vegan and gluten-free ice cream sandwiches, small-batch with an organic coconut base, plus gluten-free baked goods. Find their truck at events between Denver and Boulder.",2026,https://vendors.cityparkfarmersmarket.com/vendor_team,,Boulder,location_stated
Bjorn's Colorado Honey,City Park Farmers Market,Denver,Local Pantry,"Boulder, CO","Small-batch, family-owned Colorado beekeeping operation producing raw, unfiltered local honey plus bee-based skincare products featuring beeswax, honey, and propolis.",2026,https://vendors.cityparkfarmersmarket.com/vendor_team,,Boulder,location_stated
Bruna's Cheese Bread,City Park Farmers Market,Denver,Local Pantry,"Denver, CO","Women-owned Denver business crafting authentic Brazilian cheese bread (pao de queijo) that is naturally gluten, soy, and nut-free.",2026,https://vendors.cityparkfarmersmarket.com/vendor_team,,Denver,location_stated
Casa Crobu,City Park Farmers Market,Denver,Local Pantry,"Denver, CO","Small family-run Italian food business offering handmade fresh-frozen take-and-bake Italian specialties including Lasagna Bolognese, ravioli, eggplant parmigiana, and traditional Sardinian culurgio...",2026,https://vendors.cityparkfarmersmarket.com/vendor_team,,Denver,location_stated
Cultura Chocolate,City Park Farmers Market,Denver,Local Pantry,"Denver, CO",Mexican American-owned bean-to-bar chocolate company and community cafe preserving ancestral food traditions in Denver's Westwood.,2026,https://vendors.cityparkfarmersmarket.com/vendor_team,,Denver,location_stated
Ema's Salsa,City Park Farmers Market,Denver,Local Pantry,,"Small-batch hot and medium salsa made with fresh Hatch Chile peppers, offering authentic New Mexican-style salsa products.",2026,https://vendors.cityparkfarmersmarket.com/vendor_team,,Denver,market_city
Familia Pupusas,City Park Farmers Market,Denver,Local Pantry,,Salvadoran food vendor serving authentic handmade pupusas at Colorado farmers markets since 2019.,2026,https://vendors.cityparkfarmersmarket.com/vendor_team,,Denver,market_city
Feelin' Fresca,City Park Farmers Market,Denver,Local Pantry,"Lafayette, CO","Small family-owned business producing homemade aguas frescas (traditional Mexican fruit beverages) and fresh food products using simple, whole food ingredients.",2026,https://vendors.cityparkfarmersmarket.com/vendor_team,,Boulder,location_stated
Ferment Culture,City Park Farmers Market,Denver,Local Pantry,"Fort Collins, CO","Fort Collins-based producer of organic lacto-fermented foods including small-batch sauerkraut, kimchi, and other ferments made with local, organic produce from regenerative farms.",2026,https://vendors.cityparkfarmersmarket.com/vendor_team,,Larimer,location_stated
Full Stop. Bakery,City Park Farmers Market,Denver,Local Pantry,"Boulder, CO","Full Stop. crafts slow-fermented sourdough crackers from simple, real ingredients - crackers that elevate everyday moments and encourage slowing down.",2026,https://vendors.cityparkfarmersmarket.com/vendor_team,,Boulder,location_stated
Guerrero's Chile,City Park Farmers Market,Denver,Local Pantry,,Family-run Colorado business with 28+ years of experience specializing in fresh fire-roasted Hatch and Pueblo chile at local farmers markets.,2026,https://vendors.cityparkfarmersmarket.com/vendor_team,,Denver,market_city
Hearth Baking,City Park Farmers Market,Denver,Local Pantry,"Denver, CO",Denver artisan bakery & coffee shop crafting sourdough breads and pastries with grain sourced directly from Rocky Mountain Region farmers.,2026,https://vendors.cityparkfarmersmarket.com/vendor_team,,Denver,location_stated
Hella Foods,City Park Farmers Market,Denver,Local Pantry,,"Denver chili oil company crafting small-batch Southeast Asian-inspired condiments including Garlic Crisp, Chili Oil, and Szechuan Oil.",2026,https://vendors.cityparkfarmersmarket.com/vendor_team,,Denver,market_city
Kettle Head Popcorn,City Park Farmers Market,Denver,Local Pantry,"Denver, CO",Denver-based artisan popcorn company offering 15+ gluten-free flavors,2026,https://vendors.cityparkfarmersmarket.com/vendor_team,,Denver,location_stated
Know Your Roots Pickles,City Park Farmers Market,Denver,Local Pantry,"Broomfield, CO","Small-batch pickles and pickled vegetables handcrafted in Broomfield, CO using locally grown produce.",2026,https://vendors.cityparkfarmersmarket.com/vendor_team,,Broomfield,location_stated
La Montagne Des Saveurs,City Park Farmers Market,Denver,Local Pantry,,"La Montagne des Saveurs curates and sells a selection of artisan cheeses sourced exclusively from local Colorado producers, bringing a focused, regional cheese experience to the farmers market.",2026,https://vendors.cityparkfarmersmarket.com/vendor_team,,Denver,market_city
Legacy Pie Co,City Park Farmers Market,Denver,Local Pantry,"Denver, CO","Fourth-generation family-owned pie business (established 1929) specializing in sweet and savory pies made from scratch with locally-sourced ingredients, with locations in Denver's Berkeley and Wash...",2026,https://vendors.cityparkfarmersmarket.com/vendor_team,,Denver,location_stated
Little House of Tempeh,City Park Farmers Market,Denver,Local Pantry,"Fort Collins, CO","Small-batch, soy-free, organic, unpasteurized tempeh producer in Fort Collins, CO",2026,https://vendors.cityparkfarmersmarket.com/vendor_team,,Larimer,location_stated
Lottie's Meats,City Park Farmers Market,Denver,Local Pantry,,"Sister-owned Denver company crafting all-natural, small-batch pork sausages from a sixth-generation farm family.",2026,https://vendors.cityparkfarmersmarket.com/vendor_team,,Denver,market_city
Madams Jams,City Park Farmers Market,Denver,Local Pantry,"Evergreen, CO","Black female-owned company hand-crafting jams, pickles, and preserves in Evergreen, Colorado.",2026,https://vendors.cityparkfarmersmarket.com/vendor_team,,Jefferson,location_stated
MisoHeat,City Park Farmers Market,Denver,Local Pantry,,Denver-made spicy miso chili paste that adds umami and spice to any cuisine.,2026,https://vendors.cityparkfarmersmarket.com/vendor_team,,Denver,market_city
Moon Raccoon Baking,City Park Farmers Market,Denver,Local Pantry,"Denver, CO","A Denver-based micro-bakery specializing in small-batch, scratch-made pastries and laminated doughs (croissants, danishes, etc.",2026,https://vendors.cityparkfarmersmarket.com/vendor_team,,Denver,location_stated
Mountain Girl Pickles,City Park Farmers Market,Denver,Local Pantry,"Boulder, CO","A Boulder-based artisan pickle company founded by fourth-generation canner Laraina James, specializing in Colorado's finest pickled products made from seasonal, locally-sourced produce.",2026,https://vendors.cityparkfarmersmarket.com/vendor_team,,Boulder,location_stated
Not Bad Cooks,City Park Farmers Market,Denver,Local Pantry,"Denver, CO","Denver artisanal sauce company making Jimichurri, pesto, vodka sauce, and more, sold at Colorado farmers markets.",2026,https://vendors.cityparkfarmersmarket.com/vendor_team,,Denver,location_stated
Pappardelle's Pasta Co,City Park Farmers Market,Denver,Local Pantry,"Denver, CO","Colorado gourmet pasta company crafting over 200 flavors of artisan pasta, sauces, and pestos since 1984.",2026,https://vendors.cityparkfarmersmarket.com/vendor_team,,Denver,location_stated
Patter Bar,City Park Farmers Market,Denver,Local Pantry,"Denver, CO","Denver-based female-owned company making 100% whole food energy bars with no added sugar, natural flavors, preservatives, or lab-created ingredients; gluten-free, dairy-free, and vegan options avai...",2026,https://vendors.cityparkfarmersmarket.com/vendor_team,,Denver,location_stated
Pink Cloud Bakeshop,City Park Farmers Market,Denver,Local Pantry,"Denver, CO","Denver artisan sourdough microbakery offering small-batch loaves, baguettes, and baked goods weekly.",2026,https://vendors.cityparkfarmersmarket.com/vendor_team,,Denver,location_stated
Porcellino Artisanal Meats,City Park Farmers Market,Denver,Local Pantry,,"Hand crafted charcuterie, sausages and deli meats made all-naturally from humanely raised animals raised on pasture at small family farms.",2026,https://vendors.cityparkfarmersmarket.com/vendor_team,,Denver,market_city
Sauce Leopard,City Park Farmers Market,Denver,Local Pantry,,"Award-winning, all-natural hot sauces handcrafted in small batches in Denver by brothers Shaun and Michael Goodwin.",2026,https://vendors.cityparkfarmersmarket.com/vendor_team,,Denver,market_city
Sfoglina,City Park Farmers Market,Denver,Local Pantry,"Denver, CO","Sfoglina brings the craft of Italian pasta-making to the farmers market - fresh handmade pasta, house-made sauces, prepared meals, and more, made with Colorado's local heritage grains.",2026,https://vendors.cityparkfarmersmarket.com/vendor_team,,Denver,location_stated
Soup Witch,City Park Farmers Market,Denver,Local Pantry,,"Denver's local soup subscription service delivering seasonal, nourishing soups made with organic and regenerative ingredients.",2026,https://vendors.cityparkfarmersmarket.com/vendor_team,,Denver,market_city
Sweet Gold Juice Co,City Park Farmers Market,Denver,Local Pantry,"Denver, CO","Denver-based mobile juice bar offering organic cold-pressed juices and nut milks made from 100% organic fruits and vegetables in small batches, plus smoothies and gluten-free, vegan snacks.",2026,https://vendors.cityparkfarmersmarket.com/vendor_team,,Denver,location_stated
Taeko-san Takeout,City Park Farmers Market,Denver,Local Pantry,"Denver, CO","Authentic Japanese food vendor offering gourmet mochi (traditional rice cakes with creative flavors), onigiri (rice balls), and curry, all vegan and gluten-free, using recipes from owner's Japanese...",2026,https://vendors.cityparkfarmersmarket.com/vendor_team,,Denver,location_stated
Talia's Bakery,City Park Farmers Market,Denver,Local Pantry,"Denver, CO","Denver bakery crafting artisanal challah, babka, and bakery favorites, available at the shop on Fridays and at local farmers markets.",2026,https://vendors.cityparkfarmersmarket.com/vendor_team,,Denver,location_stated
The PB Love Company,City Park Farmers Market,Denver,Local Pantry,"Denver, CO","Denver-based artisan nut butter company creating small-batch, stone-ground peanut and almond butters using organic all-natural sweeteners, dry roasted nuts, and sustainable practices.",2026,https://vendors.cityparkfarmersmarket.com/vendor_team,,Denver,location_stated
The Tortilla Project,City Park Farmers Market,Denver,Local Pantry,,"Denver handmade corn tortilla business founded by Eva Valdez, preserving cultural traditions while creating community jobs for women.",2026,https://vendors.cityparkfarmersmarket.com/vendor_team,,Denver,market_city
Yummy Lotus,City Park Farmers Market,Denver,Local Pantry,"Golden, CO","Colorado-based artisanal jam maker specializing in vegan and gluten-free gourmet pepper jams crafted in small batches using fresh, simple ingredients and unique flavor combinations.",2026,https://vendors.cityparkfarmersmarket.com/vendor_team,,Jefferson,location_stated
Yummy Yummy Products,City Park Farmers Market,Denver,Local Pantry,"Thornton, CO","Denver/Thornton-based business offering hummus, pita chips, salads, tzatziki, Greek yogurt, and various cheeses with Tunisian-inspired flavors.",2026,https://vendors.cityparkfarmersmarket.com/vendor_team,,Adams,location_stated
3rd Bird Kombucha,City Park Farmers Market,Denver,Prepared Food,"Denver, CO","Woman-owned kombucha brewery in Denver's Park Hill neighborhood, brewing small-batch kombucha with locally-sourced ingredients.",2026,https://vendors.cityparkfarmersmarket.com/vendor_team,,Denver,location_stated
Aina Tacos,City Park Farmers Market,Denver,Prepared Food,,Farm-to-taco concept serving gluten-free tacos made with locally grown ingredients from La Kahea Community Farm at Denver farmers markets.,2026,https://vendors.cityparkfarmersmarket.com/vendor_team,,Denver,market_city
Ba-Nom-a-Nom,City Park Farmers Market,Denver,Prepared Food,,"Nice cream truck serving 100% fruit soft serve with no dairy, sugar, or additives at Denver farmers markets and events since 2012.",2026,https://vendors.cityparkfarmersmarket.com/vendor_team,,Denver,market_city
Bonfire Burritos,City Park Farmers Market,Denver,Prepared Food,"Golden, CO","From-scratch Southwestern cuisine featuring burritos, breakfast tacos, and lunch items, established in Golden, CO in 2013 using pasture-raised eggs and nitrate-free meats.",2026,https://vendors.cityparkfarmersmarket.com/vendor_team,,Jefferson,location_stated
Cafe Tres,City Park Farmers Market,Denver,Prepared Food,"Denver, CO","Cuban bakery specializing in pastelitos (sweet and savory filled Cuban puff pastries) and Cuban espresso, rooted in a family history of bakers dating back to the early 1900s in Cuba.",2026,https://vendors.cityparkfarmersmarket.com/vendor_team,,Denver,location_stated
Chaatwala,City Park Farmers Market,Denver,Prepared Food,"Denver, CO","Indian street food vendor serving authentic dishes like puchka (crispy shells filled with potatoes, chutney, and broth), dosas, and other traditional Indian street food from Bangalore, emphasizing ...",2026,https://vendors.cityparkfarmersmarket.com/vendor_team,,Denver,location_stated
Denver Pops,City Park Farmers Market,Denver,Prepared Food,"Boulder, CO",Handmade gourmet popsicles made with mostly organic and locally sourced ingredients without any additives or artificial dyes.,2026,https://vendors.cityparkfarmersmarket.com/vendor_team,,Boulder,location_stated
Don Zorros Molino,City Park Farmers Market,Denver,Prepared Food,"Denver, CO",Denver artisan tortilla and masa producer using traditional nixtamalization and sustainably sourced corn.,2026,https://vendors.cityparkfarmersmarket.com/vendor_team,,Denver,location_stated
Dos Caras,City Park Farmers Market,Denver,Prepared Food,"Denver, CO","Brothers Alejandro and Alberto Rodriguez produce plant-based Mexican dishes and pantry staples (salsas, tortillas, tostadas) using pre-colonial Mexican cooking techniques that honor their P'urhépec...",2026,https://vendors.cityparkfarmersmarket.com/vendor_team,,Denver,location_stated
GetRight's Bakery,City Park Farmers Market,Denver,Prepared Food,"Wheat Ridge, CO","A naturally leavened bakery specializing in sourdough breads, pastries (including maritozzi and Basque cheesecake), sandwiches, and pizza.",2026,https://vendors.cityparkfarmersmarket.com/vendor_team,,Jefferson,location_stated
Green Bus Cafe,City Park Farmers Market,Denver,Prepared Food,"Denver, CO","Gluten-free, vegetarian coffee shop & bakery in Denver serving craft coffee and wholesome baked goods made with organic, seed oil-free ingredients.",2026,https://vendors.cityparkfarmersmarket.com/vendor_team,,Denver,location_stated
Green Giraffe,City Park Farmers Market,Denver,Prepared Food,"Denver, CO","Denver juice & smoothie bar serving fresh cold-pressed juices, real fruit smoothies, acai bowls, and coffee for over 14 years.",2026,https://vendors.cityparkfarmersmarket.com/vendor_team,,Denver,location_stated
Joyful Ice Cream,City Park Farmers Market,Denver,Prepared Food,,"Denver ice cream company using real, high-quality ingredients to elevate classic flavors, available at farmers markets and events.",2026,https://vendors.cityparkfarmersmarket.com/vendor_team,,Denver,market_city
Jubilee Roasting Co,City Park Farmers Market,Denver,Prepared Food,"Aurora, CO",Aurora-based specialty coffee roaster sourcing and roasting seasonal single-origin coffees with a mission to create well and be good neighbors.,2026,https://vendors.cityparkfarmersmarket.com/vendor_team,,Arapahoe,location_stated
Moonshell Pizza Cooperative,City Park Farmers Market,Denver,Prepared Food,,"Indigenous- and worker-owned cooperative serving Neapolitan-style wood-fired pizza with locally sourced, seasonal ingredients in Denver.",2026,https://vendors.cityparkfarmersmarket.com/vendor_team,,Denver,market_city
My Morning Muffin,City Park Farmers Market,Denver,Prepared Food,,"Denver artisan bakery offering fresh handcrafted muffins, scones, and pastries with flavors that change weekly.",2026,https://vendors.cityparkfarmersmarket.com/vendor_team,,Denver,market_city
New Friends Breakfast Sandwiches,City Park Farmers Market,Denver,Prepared Food,,"Fresh, local breakfast sandwiches made on-site with quality meats from local butchers, fresh eggs, and local produce.",2026,https://vendors.cityparkfarmersmarket.com/vendor_team,,Denver,market_city
Oh My Empanada!,City Park Farmers Market,Denver,Prepared Food,"Denver, CO","Denver maker of high-quality, gluten-free Colombian empanadas with traditional and vegan varieties.",2026,https://vendors.cityparkfarmersmarket.com/vendor_team,,Denver,location_stated
Owen's Burritos,City Park Farmers Market,Denver,Prepared Food,,Denver farmers market stand serving innovative crispy rice breakfast burritos with Asian-inspired flavors.,2026,https://vendors.cityparkfarmersmarket.com/vendor_team,,Denver,market_city
Panda Bao,City Park Farmers Market,Denver,Prepared Food,,"Denver food vendor specializing in handcrafted steamed bao buns, found at local farmers markets.",2026,https://vendors.cityparkfarmersmarket.com/vendor_team,,Denver,market_city
Pint's Peak Ice Cream,City Park Farmers Market,Denver,Prepared Food,,"Denver's small-batch artisan ice cream made with local dairy, scratch ingredients, and a French custard base.",2026,https://vendors.cityparkfarmersmarket.com/vendor_team,,Denver,market_city
Rang Tang Craft Barbecue,City Park Farmers Market,Denver,Prepared Food,"Boulder, CO","True wood-fired barbecue meets kind food at Rang Tang. All meats local & regeneratively-raised, produce & spices organic and seasonally local. No seed oils, no GMOs.",2026,https://vendors.cityparkfarmersmarket.com/vendor_team,,Boulder,location_stated
RxRs Texas Tacos,City Park Farmers Market,Denver,Prepared Food,"Denver, CO","Authentic Texas tacos and BBQ with house-smoked meats, handcrafted sauces, and award-winning salsas, brought to Denver from the Hill Country.",2026,https://vendors.cityparkfarmersmarket.com/vendor_team,,Denver,location_stated
SAME Cafe,City Park Farmers Market,Denver,Prepared Food,"Denver, CO","Denver's pay-what-you-can nonprofit cafe serving healthy, locally sourced meals so all may eat, regardless of ability to pay.",2026,https://vendors.cityparkfarmersmarket.com/vendor_team,,Denver,location_stated
Sati Coffee Co,City Park Farmers Market,Denver,Prepared Food,"Edgewater, CO","Mindfulness-driven cold brew coffee company in Edgewater with a cafe serving espresso, lattes, and breakfast near Sloan Lake.",2026,https://vendors.cityparkfarmersmarket.com/vendor_team,,Jefferson,location_stated
Savory Saigon Express,City Park Farmers Market,Denver,Prepared Food,,"Fresh Vietnamese cuisine and crepes at Colorado farmers markets since 2007, made with seasonal local ingredients and free of MSG.",2026,https://vendors.cityparkfarmersmarket.com/vendor_team,,Denver,market_city
The Easy Vegan,City Park Farmers Market,Denver,Prepared Food,"Denver, CO","Denver veg-forward food company specializing in plant-based street food, pop-ups, and catered dinners. Winners of Food Network's Great Food Truck Race.",2026,https://vendors.cityparkfarmersmarket.com/vendor_team,,Denver,location_stated
The Hungry Tree Hugger,City Park Farmers Market,Denver,Prepared Food,,"Organic vegan, gluten-free, and refined sugar-free pop-up bakery in Denver featuring scratch-made baked goods with natural sweeteners.",2026,https://vendors.cityparkfarmersmarket.com/vendor_team,,Denver,market_city
The Springs Bagel Company,City Park Farmers Market,Denver,Prepared Food,,"Colorado Springs hand-rolled bagel company using a 36-hour cold-proof process with 5 basic ingredients, no preservatives, and vegan-friendly recipes.",2026,https://vendors.cityparkfarmersmarket.com/vendor_team,,Denver,market_city
Wee Woo Coffee,City Park Farmers Market,Denver,Prepared Food,"Lafayette, CO",Mobile coffee shop built on a converted 1998 Honda Acty fire truck retired from Japan.,2026,https://vendors.cityparkfarmersmarket.com/vendor_team,,Boulder,location_stated
WongWayVeg,City Park Farmers Market,Denver,Prepared Food,"Denver, CO","Women-owned Denver food truck serving scratch-made, 100% vegan comfort food inspired by seasonal produce and global cuisine.",2026,https://vendors.cityparkfarmersmarket.com/vendor_team,,Denver,location_stated
CSU Master Gardeners,City Park Farmers Market,Denver,Other,"Denver, CO",CSU Extension volunteer program with 135 Denver Master Gardeners providing research-based horticulture education to the community.,2026,https://vendors.cityparkfarmersmarket.com/vendor_team,,Denver,location_stated
Downslope Distilling,City Park Farmers Market,Denver,Other,"Centennial, CO","Centennial craft distillery producing small-batch whiskeys, gins, vodkas, rums, and agave spirits since 2009.",2026,https://vendors.cityparkfarmersmarket.com/vendor_team,,Arapahoe,location_stated
EJ's Farm-Crafted,City Park Farmers Market,Denver,Other,"Denver, CO","Small-batch soap business based in Arvada, Colorado, handcrafted with nourishing oils, farm-fresh goat milk, vegetable juices, and botanicals.",2026,https://vendors.cityparkfarmersmarket.com/vendor_team,medium,Denver,location_stated
Haykin Family Cider,City Park Farmers Market,Denver,Other,"Aurora, CO","An award-winning small-batch cidery founded in 2018 producing crisp, sparkling wine-like ciders from rare and heirloom apple varieties with zero additives (no added sugar, flavors, or adjuncts).",2026,https://vendors.cityparkfarmersmarket.com/vendor_team,,Arapahoe,location_stated
Hello Sharpness Co,City Park Farmers Market,Denver,Other,"Golden, CO",Mobile knife and tool sharpening service at Colorado farmers markets,2026,https://vendors.cityparkfarmersmarket.com/vendor_team,,Jefferson,location_stated
Milda Apothecary,City Park Farmers Market,Denver,Other,,"Denver-based small-batch botanical skincare using organic, wildcrafted herbs by a certified herbalist.",2026,https://vendors.cityparkfarmersmarket.com/vendor_team,,Denver,market_city
Uncle Tim's Cocktails,City Park Farmers Market,Denver,Other,"Denver, CO","Denver premium bottled craft cocktail company offering ready-to-serve cocktails made with high-quality spirits, liqueurs, and bitters.",2026,https://vendors.cityparkfarmersmarket.com/vendor_team,,Denver,location_stated
Urban Roots,City Park Farmers Market,Denver,Other,,"Denver garden shop supporting city dwellers with plants, garden design ideas for small spaces, and unique gift items.",2026,https://vendors.cityparkfarmersmarket.com/vendor_team,,Denver,market_city
Summit Roots Farm,Cortez Farmers Market,Cortez,Agricultural & Livestock Vendors,,"All natural, organically cultivated produce.",,https://www.cortezfarmersmarket.com/your-vendors,strong,Montezuma,market_city
The Snack Patch,Cortez Farmers Market,Cortez,Agricultural & Livestock Vendors,,"Cookie and soup mixes, baked goods, flavored noodles, free-range chicken eggs, fruit, and a huge variety of vegetables.",,https://www.cortezfarmersmarket.com/your-vendors,strong,Montezuma,market_city
Cheryl's Garden,Cortez Farmers Market,Cortez,Agricultural & Livestock Vendors,,"Fruits, Garden Vegetables, Dry Beans, Wheat & Bran, dog treats, and More",,https://www.cortezfarmersmarket.com/your-vendors,strong,Montezuma,market_city
SongHaven Farm,Cortez Farmers Market,Cortez,Agricultural & Livestock Vendors,,Planting Seeds & Singing Songs Since 2005; Orgaznik Produce & More,,https://www.cortezfarmersmarket.com/your-vendors,strong,Montezuma,market_city
Bountiful Ridge Farm,Cortez Farmers Market,Cortez,Agricultural & Livestock Vendors,,"Fresh, local produce from our farm, eggs, apples, and baked goods made with local ingredients",,https://www.cortezfarmersmarket.com/your-vendors,strong,Montezuma,market_city
Traditional Artisan Customs,Cortez Farmers Market,Cortez,Agricultural & Livestock Vendors,,"Traditional Artisan Customs, Knives, Guns, Leatherwork",,https://www.cortezfarmersmarket.com/your-vendors,strong,Montezuma,market_city
4 Corners Worm Farm,Cortez Farmers Market,Cortez,Agricultural & Livestock Vendors,,"Worms, worm bins, & vermi-composting education.",,https://www.cortezfarmersmarket.com/your-vendors,strong,Montezuma,market_city
Whitedove Farms,Cortez Farmers Market,Cortez,Agricultural & Livestock Vendors,,"Organically Grown Produce, Arugula to Zucchini, Fresh, Local Honey",,https://www.cortezfarmersmarket.com/your-vendors,strong,Montezuma,market_city
Black D Spicer,Cortez Farmers Market,Cortez,Agricultural & Livestock Vendors,,"Fresh & Dried Produce, The Spice of Life",,https://www.cortezfarmersmarket.com/your-vendors,strong,Montezuma,market_city
Berry Farm & Ranch,Cortez Farmers Market,Cortez,Agricultural & Livestock Vendors,,"Pastured Farm-Raised Pigs, Lamb, & Meat Goats; Natural Practices; USDA Inspected & Processed; pork bundles & wholes; pet treats & pet food",,https://www.cortezfarmersmarket.com/your-vendors,strong,Montezuma,market_city
Bell Beef,Cortez Farmers Market,Cortez,Agricultural & Livestock Vendors,,"Local, Grass-Fed Beef, USDA Inspected",,https://www.cortezfarmersmarket.com/your-vendors,strong,Montezuma,market_city
Esperanza Farmstead,Cortez Farmers Market,Cortez,Agricultural & Livestock Vendors,,"A wide variety of fresh baked goods, homemade jams & preserves, fermented foods, freeze-dried fruits, goat milk soaps, tea blends, handmade gifts and more!",,https://www.cortezfarmersmarket.com/your-vendors,strong,Montezuma,market_city
Perfectly Primrose & Magnolia Fay's Farm,Cortez Farmers Market,Cortez,Agricultural & Livestock Vendors,,"We offer handmade goat milk skincare products, eggs, baked goods, lavender lemonade, lollipops, and more!",,https://www.cortezfarmersmarket.com/your-vendors,strong,Montezuma,market_city
Terria Madre Herbs,Cortez Farmers Market,Cortez,Agricultural & Livestock Vendors,,"herbs, houseplants, and pottery",,https://www.cortezfarmersmarket.com/your-vendors,strong,Montezuma,market_city
Chinampas,Cortez Farmers Market,Cortez,Agricultural & Livestock Vendors,,"Mushroom, aquaponics, hydroponics",,https://www.cortezfarmersmarket.com/your-vendors,strong,Montezuma,market_city
Brilyn Acres,Cortez Farmers Market,Cortez,Agricultural & Livestock Vendors,,"Lamb, vegetable",,https://www.cortezfarmersmarket.com/your-vendors,strong,Montezuma,market_city
Mick's Coffee,Cortez Farmers Market,Cortez,"Art, Craft, Cosmetic, Food, and Medicinal Vendors",,"Baked Goods, local raw Honey, Farm Fresh Produce, Locally Roasted Coffee",,https://www.cortezfarmersmarket.com/your-vendors,,Montezuma,market_city
Moonlit Naturals,Cortez Farmers Market,Cortez,"Art, Craft, Cosmetic, Food, and Medicinal Vendors",,"Elderberry Syrup, Fyre Cyder, Herbal Tea Blends, Personal Care Products, Essential Oil Roller Blends, Bath Bombs/Salts, Bug Repellent, Sunscreen, Healing Salves, Tooth Powder",,https://www.cortezfarmersmarket.com/your-vendors,,Montezuma,market_city
Sage & Cloud Works,Cortez Farmers Market,Cortez,"Art, Craft, Cosmetic, Food, and Medicinal Vendors",,"Home & Garden Decor, Produce, Fiber, Baked Goods to Delight In, and Chocolates by Willie and Me",,https://www.cortezfarmersmarket.com/your-vendors,,Montezuma,market_city
Lonewolf Arts,Cortez Farmers Market,Cortez,"Art, Craft, Cosmetic, Food, and Medicinal Vendors",,Navajo Jewelry and Sandstone Rock Art by Valerina Sampson,,https://www.cortezfarmersmarket.com/your-vendors,,Montezuma,market_city
Candles by Donabu,Cortez Farmers Market,Cortez,"Art, Craft, Cosmetic, Food, and Medicinal Vendors",,Unique Pillar & Jar Candles; Specializing in creative scents and combinations.,,https://www.cortezfarmersmarket.com/your-vendors,,Montezuma,market_city
Firedrake Arts,Cortez Farmers Market,Cortez,"Art, Craft, Cosmetic, Food, and Medicinal Vendors",,"Handmade and Custom Leather Goods: Sheaths, Holsters, Wallets, Belts, Purses and more!",,https://www.cortezfarmersmarket.com/your-vendors,,Montezuma,market_city
Canyon Chile,Cortez Farmers Market,Cortez,"Art, Craft, Cosmetic, Food, and Medicinal Vendors",,,,https://www.cortezfarmersmarket.com/your-vendors,,Montezuma,market_city
Davina's Garcia,Cortez Farmers Market,Cortez,"Art, Craft, Cosmetic, Food, and Medicinal Vendors",,One of a kind pieces,,https://www.cortezfarmersmarket.com/your-vendors,,Montezuma,market_city
Bella Creations,Cortez Farmers Market,Cortez,"Art, Craft, Cosmetic, Food, and Medicinal Vendors",,Wooden Animal; Don is known as the reindeer man,,https://www.cortezfarmersmarket.com/your-vendors,,Montezuma,market_city
Mountain High Knives,Cortez Farmers Market,Cortez,"Art, Craft, Cosmetic, Food, and Medicinal Vendors",,,,https://www.cortezfarmersmarket.com/your-vendors,,Montezuma,market_city
Humming Bird Hues,Cortez Farmers Market,Cortez,"Art, Craft, Cosmetic, Food, and Medicinal Vendors",,Handcrafted wearable vegetables,,https://www.cortezfarmersmarket.com/your-vendors,,Montezuma,market_city
Creative Inspirations,Cortez Farmers Market,Cortez,"Art, Craft, Cosmetic, Food, and Medicinal Vendors",,embroidered creations,,https://www.cortezfarmersmarket.com/your-vendors,,Montezuma,market_city
Pan Pan Goods,Cortez Farmers Market,Cortez,"Art, Craft, Cosmetic, Food, and Medicinal Vendors",,Sourdough baked goods,,https://www.cortezfarmersmarket.com/your-vendors,,Montezuma,market_city
Carol McGahen Fine Arts,Cortez Farmers Market,Cortez,"Art, Craft, Cosmetic, Food, and Medicinal Vendors",,,,https://www.cortezfarmersmarket.com/your-vendors,,Montezuma,market_city
Weber Canyon Designs,Cortez Farmers Market,Cortez,"Art, Craft, Cosmetic, Food, and Medicinal Vendors",,"Laser-Engraved Gifts, Handcrafted Home Decor, Custom Signs",,https://www.cortezfarmersmarket.com/your-vendors,,Montezuma,market_city
LeNormand Craft,Cortez Farmers Market,Cortez,"Art, Craft, Cosmetic, Food, and Medicinal Vendors",,Author and wood crafts,,https://www.cortezfarmersmarket.com/your-vendors,,Montezuma,market_city
The Tailoring Turnip,Cortez Farmers Market,Cortez,"Art, Craft, Cosmetic, Food, and Medicinal Vendors",,Textile Art,,https://www.cortezfarmersmarket.com/your-vendors,,Montezuma,market_city
Loncho's Larder,Cortez Farmers Market,Cortez,"Art, Craft, Cosmetic, Food, and Medicinal Vendors",,"Beef & Bison tallow for cooking; pastured pork lard; organic nixtamal corn tortilla chips fried in tallow; soaps, lotions, chapstick, candles; locally sourced beef and bison jerky",,https://www.cortezfarmersmarket.com/your-vendors,,Montezuma,market_city
Candlewood Ranch,Cortez Farmers Market,Cortez,"Art, Craft, Cosmetic, Food, and Medicinal Vendors",,"rye bread, eggs, and quail eggs",,https://www.cortezfarmersmarket.com/your-vendors,,Montezuma,market_city
Mountain View Farms,Cortez Farmers Market,Cortez,"Art, Craft, Cosmetic, Food, and Medicinal Vendors",,"Tallow, soap, shrubs, vanilla, and veggies",,https://www.cortezfarmersmarket.com/your-vendors,,Montezuma,market_city
Stewart Farms LLC.,Cortez Farmers Market,Cortez,"Art, Craft, Cosmetic, Food, and Medicinal Vendors",,Sourdough baked goods and chicken meat,,https://www.cortezfarmersmarket.com/your-vendors,,Montezuma,market_city
225 grand,Crested Butte Farmers Market,Crested Butte,Material Goods/Craft/Flea/Art,,I sell handcrafted copperjewelry.,2026,https://cbfarmersmarket.org/our-farmers-artisans/,,Gunnison,market_city
Abra Karbin Ceramics,Crested Butte Farmers Market,Crested Butte,Material Goods/Craft/Flea/Art,,Functional pottery,2026,https://cbfarmersmarket.org/our-farmers-artisans/,,Gunnison,market_city
Alice & Lois,Crested Butte Farmers Market,Crested Butte,Material Goods/Craft/Flea/Art,,"Handmade home goods - from locally made ceramics, hand-dyed kitchen textiles and pillows made from vintage textiles.",2026,https://cbfarmersmarket.org/our-farmers-artisans/,,Gunnison,market_city
Allonetrucks,Crested Butte Farmers Market,Crested Butte,Material Goods/Craft/Flea/Art,,I make beeswax candles and design apparel.,2026,https://cbfarmersmarket.org/our-farmers-artisans/,,Gunnison,market_city
Anette Akselsen,Crested Butte Farmers Market,Crested Butte,Material Goods/Craft/Flea/Art,,I create one of a kind jewelry,2026,https://cbfarmersmarket.org/our-farmers-artisans/,,Gunnison,market_city
Anthracite Spirits,Crested Butte Farmers Market,Crested Butte,Other,,We are a distillery and tasting room located in Crested Butte. We produce all of our spirits locally (in Riverland). We are committed to providing a fun experience for all of our guests using fresh in,2026,https://cbfarmersmarket.org/our-farmers-artisans/,,Gunnison,market_city
Bees Co.,Crested Butte Farmers Market,Crested Butte,Material Goods/Craft/Flea/Art,,"I hand paint shopping bags, table cloths, tea towels, hand towels and hat. I make homemade jam in small batches from locally sourced ingredients.",2026,https://cbfarmersmarket.org/our-farmers-artisans/,,Gunnison,market_city
Big B's Fruit Company,Crested Butte Farmers Market,Crested Butte,Farmer/Dealer,,"Big B's has an organic orchard in Hotchkiss, CO growing apples, cherries, peaches, pears, garden vegetables. We also have a full line of apple juices, lemonades, and seasonal ciders as well as honey,",2026,https://cbfarmersmarket.org/our-farmers-artisans/,,Gunnison,market_city
Birdstory Nursery,Crested Butte Farmers Market,Crested Butte,Farmer,,"We are a brand new nursery offering native and beneficial plants and woodcraft items for pollinators, habitat, and restoration. We grow most of our plants from seed at our home in Paonia, CO. In this",2026,https://cbfarmersmarket.org/our-farmers-artisans/,strong,Delta,manual
Bo-Spirit Designs,Crested Butte Farmers Market,Crested Butte,Material Goods/Craft/Flea/Art,,"I do hand-dyed scarves and skirts in a couple different dying methods. Also, I work with precious metal clay and wax casted, bronze jewelry, with beading, suede and leather or silver chains.",2026,https://cbfarmersmarket.org/our-farmers-artisans/,,Gunnison,market_city
bound beaded,Crested Butte Farmers Market,Crested Butte,Material Goods/Craft/Flea/Art,,"I make beaded earrings, bracelets, and necklaces with a silversmith twist. Some of my defining pieces include large handmade sterling silver hoops that I bead glass seed beads onto and my beaded laria",2026,https://cbfarmersmarket.org/our-farmers-artisans/,,Gunnison,market_city
Buck & Bloom Cheese Co.,Crested Butte Farmers Market,Crested Butte,Specialty Food Artisan,,"Buck & Bloom Cheese Co. is a group of artisan cheesemakers in Buena Vista, CO. Established in July 2025, we hand craft both cow and goat cheeses at our creamery. This includes fresh cheese like chevre",2026,https://cbfarmersmarket.org/our-farmers-artisans/,,Gunnison,market_city
Buckel Family Wine,Crested Butte Farmers Market,Crested Butte,Specialty Food Artisan,,"Nestled in the Colorado Rockies, Buckel Family Wine is Colorado's premier family-owned winery producing Old-World styled wines with minimal intervention. With 300 days of sun a year and an altitude of",2026,https://cbfarmersmarket.org/our-farmers-artisans/,,Gunnison,market_city
Coffee by Topo,Crested Butte Farmers Market,Crested Butte,Food Truck,,"Topo is a queer-owned and community centered specialty coffee company. Our mobile units offer batch brewed coffee, chai, golden milk, nitro cold brews, lemonades, organic cold pressed juices, as well",2026,https://cbfarmersmarket.org/our-farmers-artisans/,,Gunnison,market_city
Crepe Magouille,Crested Butte Farmers Market,Crested Butte,Food Truck,,"Crepe Magouille is a solar-powered, horse-trailer-turned-food-cart that has been in operation in Salida, CO since September 2024. We keep things simple, just like our trailer with a focus on sustainab",2026,https://cbfarmersmarket.org/our-farmers-artisans/,,Gunnison,market_city
Damselfly Organic Clothing,Crested Butte Farmers Market,Crested Butte,Material Goods/Craft/Flea/Art,,Originally designed organic yoga and lifestyle apparel.,2026,https://cbfarmersmarket.org/our-farmers-artisans/,,Gunnison,market_city
Daydreams and Joy,Crested Butte Farmers Market,Crested Butte,Material Goods/Craft/Flea/Art,,"I make handmade polymer clay jewelry, 3D shadow boxes, and creative garlands.",2026,https://cbfarmersmarket.org/our-farmers-artisans/,,Gunnison,market_city
Doughp Pizza Company,Crested Butte Farmers Market,Crested Butte,Food Truck,,"We sell delicious flame-fired pizzas topped with seasonal ingredients. Think lots of veggies, peaches, fruits, etc. Most of our stuff is local and organic to the Crested Butte/Western Slope region.",2026,https://cbfarmersmarket.org/our-farmers-artisans/,,Gunnison,market_city
Effervescent Botanicals,Crested Butte Farmers Market,Crested Butte,Material Goods/Craft/Flea/Art,,"We at Effervescent Botanicals are a high end skin care company that focuses on utilizing clean organic ingredients to formulate complex yet highly functional topical products to help repair, hydrate,",2026,https://cbfarmersmarket.org/our-farmers-artisans/,,Gunnison,market_city
Elk Mountain Farmacy,Crested Butte Farmers Market,Crested Butte,Dealer,,"We produce natural remedies and medicinally fermented foods; our company's focus is health and wellness for humans, our community and the environment. Inspired to make products of the upmost effective",2026,https://cbfarmersmarket.org/our-farmers-artisans/,,Gunnison,market_city
Ellen's Pickled Products,Crested Butte Farmers Market,Crested Butte,Specialty Food Artisan,,all sorts of pickled products,2026,https://cbfarmersmarket.org/our-farmers-artisans/,,Gunnison,market_city
Emily Patricia Jewelry,Crested Butte Farmers Market,Crested Butte,Material Goods/Craft/Flea/Art,,"Emily Patricia Jewelry is based in Crested Butte, Colorado, Founded in 2017 in my parents' garage, my journey began. What started as a passion project has blossomed into a personal brand inspired by C",2026,https://cbfarmersmarket.org/our-farmers-artisans/,,Gunnison,market_city
Feral Friends Co.,Crested Butte Farmers Market,Crested Butte,Material Goods/Craft/Flea/Art,,"Feral Friends Co. is a mobile vintage shop curating secondhand outdoor wear, upcycled pieces, and lifestyle vintage with an adventurous, eco-conscious twist. Our collection blends functional outdoor g",2026,https://cbfarmersmarket.org/our-farmers-artisans/,,Gunnison,market_city
Figure 8 Farming,Crested Butte Farmers Market,Crested Butte,Farmer/Dealer,,,2026,https://cbfarmersmarket.org/our-farmers-artisans/,,Gunnison,market_city
Gothic Mountain Jewelers,Crested Butte Farmers Market,Crested Butte,Material Goods/Craft/Flea/Art,,"Alex and Kristi produce wearable art inspired by nature. Each piece is made by hand in our mountain studio using a variety of silversmithing techniques. We pride ourselves on creating durable, one of",2026,https://cbfarmersmarket.org/our-farmers-artisans/,,Gunnison,market_city
ground dweller baskets,Crested Butte Farmers Market,Crested Butte,Material Goods/Craft/Flea/Art,,"ground dweller baskets is a Paonia based basket company. All of our materials are 100% wildcrafted in a sustainable way. We use willow, cottonwood, dogwood, cattail and bulrush to make strong and beau",2026,https://cbfarmersmarket.org/our-farmers-artisans/,,Gunnison,market_city
Gunnison Gardens,Crested Butte Farmers Market,Crested Butte,Farmer,,"Gunnison Gardens grows nutrient-dense vegetables, eggs, and cold-hard fruits using all natural growing practices. Established in 2014, our farm helps feed the Gunnison Valley through farmers markets,",2026,https://cbfarmersmarket.org/our-farmers-artisans/,strong,Gunnison,market_city
Haefeli's Honey Farm,Crested Butte Farmers Market,Crested Butte,Specialty Food Artisan,,Haefeli's Honey Farm is a sixth generation beekeeping and honey-producing family business located in the San Luis Valley of southern Colorado. We produce raw honey from the regions' sweet clover and a,2026,https://cbfarmersmarket.org/our-farmers-artisans/,,Gunnison,market_city
Hanovi Ceramics,Crested Butte Farmers Market,Crested Butte,Material Goods/Craft/Flea/Art,,"Hi! My business, Hanovi Ceramics, is a handmade, functional pottery business. Everything is made by me, and is designed to spark joy in my customer's everyday lives. Some of my products include, but a",2026,https://cbfarmersmarket.org/our-farmers-artisans/,,Gunnison,market_city
HAPPY WRAPS,Crested Butte Farmers Market,Crested Butte,Material Goods/Craft/Flea/Art,,"HAPPY WRAPS are a sustainable alternative to plastic wraps. They are reusable, biodegradable, washable wax wraps to cover foods instead of using conventional plastic wrap/ Saran wraps.",2026,https://cbfarmersmarket.org/our-farmers-artisans/,,Gunnison,market_city
Harvest Sips,Crested Butte Farmers Market,Crested Butte,Food Cart,,Refreshment/Drink Vender,2026,https://cbfarmersmarket.org/our-farmers-artisans/,,Gunnison,market_city
Honey Moon Mesa,Crested Butte Farmers Market,Crested Butte,Farmer,,"Honey Moon Mesa is a small family owned apiary located in the beautiful North Fork Valley of Colorado with a focus on sustainable and ethical beekeeping. Our bees in the valley feed on local pastures,",2026,https://cbfarmersmarket.org/our-farmers-artisans/,strong,Delta,manual
HUGZ,Crested Butte Farmers Market,Crested Butte,Material Goods/Craft/Flea/Art,,I sew microwaveable flaxseed & lavender products for heat therapy!,2026,https://cbfarmersmarket.org/our-farmers-artisans/,,Gunnison,market_city
JH by Jill,Crested Butte Farmers Market,Crested Butte,Material Goods/Craft/Flea/Art,,"JH by Jill is a block printing clothing line where original drawings are transformed into custom blocks. These blocks are then used to print unique designs onto fabric, creating one-of-a-kind dresses,",2026,https://cbfarmersmarket.org/our-farmers-artisans/,,Gunnison,market_city
Ladybug Living Art,Crested Butte Farmers Market,Crested Butte,Material Goods/Craft/Flea/Art,,I make jewelry and pottery,2026,https://cbfarmersmarket.org/our-farmers-artisans/,,Gunnison,market_city
Laz ewe 2 bar farm and dairy,Crested Butte Farmers Market,Crested Butte,Specialty Food Artisan,,"We are a centennial ranch producing cheeses, beef lamb and pork. Occasionally we have other items such as rings and body products or hides from our animals",2026,https://cbfarmersmarket.org/our-farmers-artisans/,,Gunnison,market_city
Lonewolf Collective,Crested Butte Farmers Market,Crested Butte,Material Goods/Craft/Flea/Art,,"Handcrafted Jewelry and Accessories, established in Crested Butte, currently in Salida, CO. Wares made from American mined gemstones, and recycled metals, creating simple and everyday jewelry meant fo",2026,https://cbfarmersmarket.org/our-farmers-artisans/,,Gunnison,market_city
Lore Cacao,Crested Butte Farmers Market,Crested Butte,Food Truck,,"Lore Cacao is a craft chocolate company based in Paonia, Colorado that uses ethically and transparently sourced cacao beans from trusted cooperatives, farmers, and fair-trade purveyors. Our dedication",2026,https://cbfarmersmarket.org/our-farmers-artisans/,,Gunnison,market_city
Luke Schroeder Design,Crested Butte Farmers Market,Crested Butte,Material Goods/Craft/Flea/Art,,"Luke Schroeder Design is a locally-based design studio that specializes in graphic design, illustration, murals and branding. in addition to it's commissioned design work, the studio also sells its or",2026,https://cbfarmersmarket.org/our-farmers-artisans/,,Gunnison,market_city
Market Tent,Crested Butte Farmers Market,Crested Butte,Other,,The Crested Butte Farmers Market tent is your one-stop place for information and market merchandise. We accept SNAP and can match up to $20 in Double Up Food Bucks! Stop by to see us.,2026,https://cbfarmersmarket.org/our-farmers-artisans/,,Gunnison,market_city
Menagerie Woodworking,Crested Butte Farmers Market,Crested Butte,Material Goods/Craft/Flea/Art,,Wood-working artisan creating custom-made tree furniture with repurposed materials & local hardwood,2026,https://cbfarmersmarket.org/our-farmers-artisans/,,Gunnison,market_city
Miss Penn's Mountain Seeds,Crested Butte Farmers Market,Crested Butte,Farmer,,"All of my seed is grown at 8,120' in the Wet Mountains. Wild-collected seed is sustainably hand gathered between 5-11,000' on my property and in the San Isabel and Pike National Forest and 4 counties",2026,https://cbfarmersmarket.org/our-farmers-artisans/,strong,Custer,manual
Molly Makes Pottery,Crested Butte Farmers Market,Crested Butte,Material Goods/Craft/Flea/Art,,"Handmade pottery made in CB! Mugs, planters, bowls, and more.",2026,https://cbfarmersmarket.org/our-farmers-artisans/,,Gunnison,market_city
Montanya Distillers,Crested Butte Farmers Market,Crested Butte,Other,,"Local craft rum distillery based in Crested Butte, CO. Looking to sell bottles and drinks at farmers market.",2026,https://cbfarmersmarket.org/our-farmers-artisans/,,Gunnison,market_city
Morgan Howerton,Crested Butte Farmers Market,Crested Butte,Material Goods/Craft/Flea/Art,,My name is Morgan and I am a local stained glass artist here in Crested Butte. I specialize in nature-inspired sun catchers and honeycomb jewelry holders for those looking for a more practical gift. I,2026,https://cbfarmersmarket.org/our-farmers-artisans/,,Gunnison,market_city
Mountain Bird,Crested Butte Farmers Market,Crested Butte,Farmer,,"We raise pastured poultry through holistic management methods, rotational grazing, and on-farm processing.",2026,https://cbfarmersmarket.org/our-farmers-artisans/,strong,Delta,manual
Mountain Oven LLC,Crested Butte Farmers Market,Crested Butte,Specialty Food Artisan,,"Mountain Oven is an organic bakery and millhouse devoted to supporting local food systems, run by Chris Sullivan and Dana Whitcomb. Established in 2010 in Crested Butte, now operating in Paonia. We pr",2026,https://cbfarmersmarket.org/our-farmers-artisans/,,Gunnison,market_city
Mountain Roots Food Project,Crested Butte Farmers Market,Crested Butte,Food Cart,,"Mountain Roots cultivates a resilient food system in Gunnison Valley, Colorado, by enhancing healthy connections between earth, food, and community. We foster knowledge, teach skills, and provide oppo",2026,https://cbfarmersmarket.org/our-farmers-artisans/,,Gunnison,market_city
Mushroom Mesa,Crested Butte Farmers Market,Crested Butte,Farmer,,"My name is Mike, I'm a self taught mushroom farmer, with almost a decade of experience farming mushrooms. I just moved to Colorado from St. Louis and built my new farm here😁 (built it myself too). I s",2026,https://cbfarmersmarket.org/our-farmers-artisans/,strong,Delta,manual
Osito Farms,Crested Butte Farmers Market,Crested Butte,Farmer,,"We are a family-owned, certified organic and pollinator-safe (Bee Better Certified) orchard & vineyard in the North Fork Valley (Hotchkiss) CO. We grow organic cherries, apricots, peaches, plums, pear",2026,https://cbfarmersmarket.org/our-farmers-artisans/,strong,Delta,manual
Pantoja's Family Farms.,Crested Butte Farmers Market,Crested Butte,Farmer,,"Pantoja's Family Farms, is an organic farm located in Delta Colorado. We grow organic veggies and organic fruit. Such as specialty peppers, tomatoes, cucumbers, watermelons, cantaloupes, sweet corn, s",2026,https://cbfarmersmarket.org/our-farmers-artisans/,strong,Delta,manual
Pedro's Farms LLC,Crested Butte Farmers Market,Crested Butte,Farmer,,"Our family farm has been growing premium flowers, USDA Certified Organic vegetables, fruit and herbs since 1996. All of our premium produce is grown at our farm on 14 acres in the small farming commun",2026,https://cbfarmersmarket.org/our-farmers-artisans/,strong,Montrose,manual
Phillips Photo,Crested Butte Farmers Market,Crested Butte,Material Goods/Craft/Flea/Art,,Local crested butte landscape photographer Eric Phillips aka Phillips photo displaying and selling fire art photography prints of the local area,2026,https://cbfarmersmarket.org/our-farmers-artisans/,,Gunnison,market_city
Ralphie's Glass,Crested Butte Farmers Market,Crested Butte,Material Goods/Craft/Flea/Art,,"I am is a fused glass artist living in Almont, Colorado. I create one of a kind nightlights, window art, and other functional and decorative glass artwork. I have been experimenting with glass since 2",2026,https://cbfarmersmarket.org/our-farmers-artisans/,,Gunnison,market_city
Ramas Bread LLC - A Traditional Turkish and Kurdish Baked Goods,Crested Butte Farmers Market,Crested Butte,Specialty Food Artisan,,Ramas Bread was established in 2021 in Salida CO dedicated to bring authentic Turkish and Kurdish baked goods especially baklava to rural Colorado. In the previous years we have attended to Salida and,2026,https://cbfarmersmarket.org/our-farmers-artisans/,,Gunnison,market_city
Rebecca Bourke Designs,Crested Butte Farmers Market,Crested Butte,Material Goods/Craft/Flea/Art,,"I design jewelry for 25 years. I use 14kt gold, sterling silver, precious and semiprecious stones.",2026,https://cbfarmersmarket.org/our-farmers-artisans/,,Gunnison,market_city
Rock 'n Roots Farm,Crested Butte Farmers Market,Crested Butte,Farmer/Dealer,,"We are a family farm in Paonia, CO on a mission to create the most effective natural skin care, CBD products and herbal remedies on the market. At Rock 'n Roots Farm, we are pioneering the seed-to-bot",2026,https://cbfarmersmarket.org/our-farmers-artisans/,medium,Delta,manual
Ruby Range Fine Art,Crested Butte Farmers Market,Crested Butte,Material Goods/Craft/Flea/Art,,"Watercolor, pastels, ceramics, and handmade jewelry",2026,https://cbfarmersmarket.org/our-farmers-artisans/,,Gunnison,market_city
Sage Transformations @ Massage Crested Butte,Crested Butte Farmers Market,Crested Butte,Service,,Massage!!!,2026,https://cbfarmersmarket.org/our-farmers-artisans/,,Gunnison,market_city
Sisu Studios,Crested Butte Farmers Market,Crested Butte,Material Goods/Craft/Flea/Art,,Sisu Studios embodies the Finnish philosophy of courage and determination within each design. Linsey Bachofer lives in Crested Butte and is often inspired by the stunning landscapes of the valley. Ori,2026,https://cbfarmersmarket.org/our-farmers-artisans/,,Gunnison,market_city
Stone Cottage Cellars,Crested Butte Farmers Market,Crested Butte,Farmer/Dealer,,Winery,2026,https://cbfarmersmarket.org/our-farmers-artisans/,,Gunnison,market_city
Taproot Mercantile,Crested Butte Farmers Market,Crested Butte,Dealer,,"Taproot Mercantile is a small-batch apothecary and provisions maker based in Western Colorado. Founded by Erin Gagnon, Taproot creates body care and everyday goods using time-honored methods, thoughtf",2026,https://cbfarmersmarket.org/our-farmers-artisans/,,Gunnison,market_city
Taylor and Tessier,Crested Butte Farmers Market,Crested Butte,Material Goods/Craft/Flea/Art,,Jewelry,2026,https://cbfarmersmarket.org/our-farmers-artisans/,,Gunnison,market_city
Terraforma Studios,Crested Butte Farmers Market,Crested Butte,Material Goods/Craft/Flea/Art,,"I create pottery from the textures of our ecosystems. Most notably our rivers, bringing water into the hands of people in a visual pattern and by holding the foods our rivers support.",2026,https://cbfarmersmarket.org/our-farmers-artisans/,,Gunnison,market_city
The Gourmet Noodle,Crested Butte Farmers Market,Crested Butte,Specialty Food Artisan,,Italian Restaurant,2026,https://cbfarmersmarket.org/our-farmers-artisans/,,Gunnison,market_city
The Jewelry Smith,Crested Butte Farmers Market,Crested Butte,Material Goods/Craft/Flea/Art,,"The Jewelry Smith is a family run artisan jewelry boutique originating in Crested Butte, Colorado. Jewelry is designed and assembled by Teri Smith, who has 20+ years of experience.",2026,https://cbfarmersmarket.org/our-farmers-artisans/,,Gunnison,market_city
Theressa Hoots,Crested Butte Farmers Market,Crested Butte,Entertainment,,Facepainter and Henna tattoos,2026,https://cbfarmersmarket.org/our-farmers-artisans/,,Gunnison,market_city
The Stone Fruit Company,Crested Butte Farmers Market,Crested Butte,Farmer,,"The Stone Fruit Company is a family owned by my husband and I. my husband is a 4th generation Colorado farmer, I was raised in a farming community, and we are located in Palisade Colorado. We speciali",2026,https://cbfarmersmarket.org/our-farmers-artisans/,strong,Mesa,manual
"The Yurtstead, LLC",Crested Butte Farmers Market,Crested Butte,Farmer,,"The Yurtstead, LLC is a small, woman owned regenerative farm operation in Montrose, Colorado. Jenn Mueller provides the conduit between her communities and ethical, observant farming practices. Her 10",2026,https://cbfarmersmarket.org/our-farmers-artisans/,strong,Montrose,manual
Thistle Whistle Farm,Crested Butte Farmers Market,Crested Butte,Farmer,,"Thistle Whistle Farm grows a diversity of vegetables, herbs and fruit on 15 acres in the North Fork Valley of Colorado. We grow to organic standards, but choose to not certify. We maintain soil health",2026,https://cbfarmersmarket.org/our-farmers-artisans/,strong,Delta,manual
Vagabondia Vintage & Handmade,Crested Butte Farmers Market,Crested Butte,Material Goods/Craft/Flea/Art,,"Vagabondia Vintage was born in 2012 from a passion for travel and creative connections in new places. Rooted in resourcefulness and reuse, I firmly believe there is a bounty of beautiful ""pre-loved"" t",2026,https://cbfarmersmarket.org/our-farmers-artisans/,,Gunnison,market_city
Xtina L Stillwaggon Glass Designs,Crested Butte Farmers Market,Crested Butte,Material Goods/Craft/Flea/Art,,,2026,https://cbfarmersmarket.org/our-farmers-artisans/,,Gunnison,market_city
Zephyros Farm and Garden,Crested Butte Farmers Market,Crested Butte,Farmer,,"We are a small scale, certified Organic, flower and vegetable farm located in Paonia.",2026,https://cbfarmersmarket.org/our-farmers-artisans/,strong,Delta,manual
Adaptive Sports Center of Crested Butte,Crested Butte Farmers Market,Crested Butte,Non Profits,,The Adaptive Sports Center enhances the quality of life of people with disabilities through exceptional outdoor adventure activities. The successful programs the ASC provides are inclusive to families,2026,https://cbfarmersmarket.org/our-farmers-artisans/,,Gunnison,market_city
CBCS Basketball,Crested Butte Farmers Market,Crested Butte,Non Profits,,Girls and Boys basketball teams at Crested Butte Community School,2026,https://cbfarmersmarket.org/our-farmers-artisans/,,Gunnison,market_city
CBCS HS Volleyball Team,Crested Butte Farmers Market,Crested Butte,Non Profits,,HS Volleyball team,2026,https://cbfarmersmarket.org/our-farmers-artisans/,,Gunnison,market_city
Coal Creek Watershed Coalition,Crested Butte Farmers Market,Crested Butte,Non Profits,,"Coal Creek Watershed Coalition is a local non-profit who's mission is to maintain, restore and enhance the environmental integrity of Crested Butte's local watersheds to ensure those local watersheds",2026,https://cbfarmersmarket.org/our-farmers-artisans/,,Gunnison,market_city
Colorado Foundation for Universal Healthcare,Crested Butte Farmers Market,Crested Butte,Non Profits,,Organization hoping to bring universal healthcare to the state of Colorado,2026,https://cbfarmersmarket.org/our-farmers-artisans/,,Gunnison,market_city
Crested Butte Avalanche Center,Crested Butte Farmers Market,Crested Butte,Non Profits,,We are a 501c3 avalanche center providing a daily professional weather and avalanche forecast throughout the winter months.,2026,https://cbfarmersmarket.org/our-farmers-artisans/,,Gunnison,market_city
Crested Butte Film Festival,Crested Butte Farmers Market,Crested Butte,Non Profits,,Crested Butte Film Festival is a non-profit organization that brings films and filmmakers from all over the world for its annual fall film festival and year-round events.,2026,https://cbfarmersmarket.org/our-farmers-artisans/,,Gunnison,market_city
Crested Butte Land Trust,Crested Butte Farmers Market,Crested Butte,Non Profits,,"The Crested Butte Land Trust works to forever protect and steward open lands for vistas, recreation, wildlife, and ranching, thus contributing to Gunnison County's unique heritage and quality of life.",2026,https://cbfarmersmarket.org/our-farmers-artisans/,,Gunnison,market_city
Crested Butte Mountain Bike Association,Crested Butte Farmers Market,Crested Butte,Non Profits,,,2026,https://cbfarmersmarket.org/our-farmers-artisans/,,Gunnison,market_city
Crested Butte Mountain Theatre,Crested Butte Farmers Market,Crested Butte,Non Profits,,"The Crested Butte Mountain Theatre is a non profit community organization that serves the entire Gunnison Valley. We provide LIVE theatre - ""Black box style"" on Elk Avenue in Crested Butte Colorado. W",2026,https://cbfarmersmarket.org/our-farmers-artisans/,,Gunnison,market_city
Crested Butte Museum,Crested Butte Farmers Market,Crested Butte,Non Profits,,,2026,https://cbfarmersmarket.org/our-farmers-artisans/,,Gunnison,market_city
Crested Butte Rotary,Crested Butte Farmers Market,Crested Butte,Non Profits,,Rubber duck race ticket sales to support local youth programs.,2026,https://cbfarmersmarket.org/our-farmers-artisans/,,Gunnison,market_city
Crested Butte School of Dance,Crested Butte Farmers Market,Crested Butte,Non Profits,,We are a nonprofit community dance organization offering classes and performance opportunities for all ages and backgrounds.,2026,https://cbfarmersmarket.org/our-farmers-artisans/,,Gunnison,market_city
Crested Butte State of Mind,Crested Butte Farmers Market,Crested Butte,Non Profits,,"Crested Butte State of Mind is committed to reducing the high rate of suicide in Gunnison County by reducing barriers, making resources more available, and connecting those in need to free mental heal",2026,https://cbfarmersmarket.org/our-farmers-artisans/,,Gunnison,market_city
Crested Butte Wildflower Festival,Crested Butte Farmers Market,Crested Butte,Non Profits,,,2026,https://cbfarmersmarket.org/our-farmers-artisans/,,Gunnison,market_city
Elk Mountains Backcountry Alliance,Crested Butte Farmers Market,Crested Butte,Non Profits,,"Elk Mountains Backcountry Alliance (EMBA) is a 501c3 nonprofit organization whose mission is protecting, promoting and enhancing human-powered recreation in the Gunnison Valley, ensuring both current",2026,https://cbfarmersmarket.org/our-farmers-artisans/,,Gunnison,market_city
Endangered Species Coalition,Crested Butte Farmers Market,Crested Butte,Non Profits,,"The Endangered Species Coalition's mission is to stop the human-caused extinction of our nation's at-risk species, to protect and restore their habitats, and to guide these fragile populations along t",2026,https://cbfarmersmarket.org/our-farmers-artisans/,,Gunnison,market_city
Gunnison Country Food Pantry,Crested Butte Farmers Market,Crested Butte,Non Profits,,"GCFP serves neighbors in need by providing food assistance and connecting them to local, state, and federal resources that promote stability, dignity, and a better quality of life.",2026,https://cbfarmersmarket.org/our-farmers-artisans/,,Gunnison,market_city
Gunnison Valley Health Foundation,Crested Butte Farmers Market,Crested Butte,Non Profits,,"The Gunnison Valley Health Foundation cultivate and manage philanthropic resources to support Gunnison Valley Health's mission and strategic initiatives, ensuring sustainable growth and innovation in",2026,https://cbfarmersmarket.org/our-farmers-artisans/,,Gunnison,market_city
High Country Conservation Advocates,Crested Butte Farmers Market,Crested Butte,Non Profits,,"High Country Conservation Advocates (HCCA) is a local grassroots non-profit dedicated to protecting and improving the health, integrity, and beauty of 2 million acres of public lands in Colorado's Gun",2026,https://cbfarmersmarket.org/our-farmers-artisans/,,Gunnison,market_city
Living Journeys,Crested Butte Farmers Market,Crested Butte,Non Profits,,"Living Journeys provides essential support, resources, and community connection to individuals and families impacted by cancer in Gunnison County.",2026,https://cbfarmersmarket.org/our-farmers-artisans/,,Gunnison,market_city
Not Bookable Space,Crested Butte Farmers Market,Crested Butte,Non Profits,,,2026,https://cbfarmersmarket.org/our-farmers-artisans/,,Gunnison,market_city
Project Hope of Gunnison Valley,Crested Butte Farmers Market,Crested Butte,Non Profits,,"The mission of Project Hope of Gunnison Valley is to support, educate and provide confidential advocacy to individuals affected by domestic violence, sexual assault, stalking and/or human trafficking.",2026,https://cbfarmersmarket.org/our-farmers-artisans/,,Gunnison,market_city
The Trailhead Children's Museum,Crested Butte Farmers Market,Crested Butte,Non Profits,,"The Trailhead Children's Museum provides an environment and opportunities for children and families to explore, create, and play together.",2026,https://cbfarmersmarket.org/our-farmers-artisans/,,Gunnison,market_city
Valley Housing Fund,Crested Butte Farmers Market,Crested Butte,Non Profits,,The Valley Housing Fund is a local nonprofit organization that works collaboratively to create and support affordable and accessible housing opportunities to strengthen the Gunnison Valley community.,2026,https://cbfarmersmarket.org/our-farmers-artisans/,,Gunnison,market_city
Forte Fruits,Dillon Farmers Market,Dillon,Farmer: Fruit,,"Fresh Palisade, CO fruit for over 50 years! We have some of the most unique fruit!",2026,https://townofdillon.mymarket.org/profiles,strong,Summit,market_city
Grounded Produce,Dillon Farmers Market,Dillon,Farmer: Fruit,,Grounded Produce has developed strong relationships with Colorado Farmers across the entire state for over 15 years. This ensures that they are able to bring provide mountain communities with local fr,2026,https://townofdillon.mymarket.org/profiles,strong,Summit,market_city
PALISADE PEACH SHACK,Dillon Farmers Market,Dillon,Farmer: Fruit,,"We are a farm to table that brings fresh produces ,that benefits both market and the customers.",2026,https://townofdillon.mymarket.org/profiles,strong,Summit,market_city
The Stone Fruit Company,Dillon Farmers Market,Dillon,Farmer: Fruit,,"At The Stone Fruit Company, we are passionate about growing certified organic stone fruits, including lavender, peaches, sweet cherries, nectarines, and a variety of plums. In addition to our fresh fr",2026,https://townofdillon.mymarket.org/profiles,strong,Summit,market_city
Fox Fungi,Dillon Farmers Market,Dillon,Farmer: Veggies,,"Kevin and Rachel started growing mushrooms in 2018 as a hobby. In 2019, we expanded our business in Denver in a converted RTD repair shop. This is our 7th year in business. Our mission is to operate a",2026,https://townofdillon.mymarket.org/profiles,strong,Summit,market_city
Microgreen Creations LLC,Dillon Farmers Market,Dillon,Farmer: Veggies,,Microgreen Creations LLC was formed on the basis of 10 years of indoor farming love for local patrons and family. This company specializes in herbs and vegitables grown in the flavorful and highly nut,2026,https://townofdillon.mymarket.org/profiles,strong,Summit,market_city
Alice's Cookie Jar,Dillon Farmers Market,Dillon,Baked Goods,,"Alice's Cookie Jar is based on one idea: less crying, more cookies. We aim to bring peace and happiness through baking and stick to what we know best. Based in Frisco, Colorado, Alice spent years perf",2026,https://townofdillon.mymarket.org/profiles,,Summit,market_city
Areemo Greek Dessert,Dillon Farmers Market,Dillon,Baked Goods,,"Specialist in authentic Greek baklava, this indulgent pastry is made using traditional methods, Layers of crispy filo dough envelop savory crispy Pistachio, Walnuts, hazelnuts, Gluten Free Baklava Veg",2026,https://townofdillon.mymarket.org/profiles,,Summit,market_city
Baked in Breck,Dillon Farmers Market,Dillon,Baked Goods,,"Baked in Breck specializes in creating mouthwatering & memorable desserts. From our s'mores brownie, to our homemade ice cream sandwiches & our signature gourmet cupcakes -- these desserts will keep y",2026,https://townofdillon.mymarket.org/profiles,,Summit,market_city
Coloradough Bakery,Dillon Farmers Market,Dillon,Baked Goods,,"Coloradough Bakery As well known for our fresh breads and pastries, especially our Strudel and Quiche.",2026,https://townofdillon.mymarket.org/profiles,,Summit,market_city
Desirable Desserts,Dillon Farmers Market,Dillon,Baked Goods,,"Jeff Webner, Founder and Executive Pastry Chef of Desirable Desserts and original founding vendor of Chicago's famous Taste of Chicago returns to the Colorado Farmers Markets with his award-winning Ch",2026,https://townofdillon.mymarket.org/profiles,,Summit,market_city
Pat + Bear Macarons,Dillon Farmers Market,Dillon,Baked Goods,,"Pat + Bear Macarons is a small batch, artisan macaron bakery located in Keystone! Known for our unique flavor combinations and eye-catching colors, we have something delicious for everyone. Stop by to",2026,https://townofdillon.mymarket.org/profiles,,Summit,market_city
Snow Loaf Bakery,Dillon Farmers Market,Dillon,Baked Goods,,"Snow Loaf Bakery specializes in focaccia - a bread that will enhance your meal, celebration, or snack.",2026,https://townofdillon.mymarket.org/profiles,,Summit,market_city
Styria Bakery II,Dillon Farmers Market,Dillon,Baked Goods,,"We are a family owned and operated bakery in Denver, Colorado. We make everything by hand, from scratch. We also use a special flour that is different than what you find on the grocery store shelves.",2026,https://townofdillon.mymarket.org/profiles,,Summit,market_city
Wagon wheel smoke house,Dillon Farmers Market,Dillon,Baked Goods,,"Maker of Smoked Spices and Dry Rubs, locally raised pork, and baked goods.",2026,https://townofdillon.mymarket.org/profiles,,Summit,market_city
2R BAR,Dillon Farmers Market,Dillon,Bath & Body,,"2R Bar is a family workshop in Florissant, Colorado, built around a deep appreciation for craftsmanship, authentic materials, and the simple beauty of well-made goods. What started as a small woodshop",2026,https://townofdillon.mymarket.org/profiles,,Summit,market_city
AloeMoist Organics,Dillon Farmers Market,Dillon,Bath & Body,,"AloeMoist Organics is a minority, woman owned and family-run company with deep experience in vitamins and personal care. Our expertise drives the AloeMoist beauty line and ensures product excellence e",2026,https://townofdillon.mymarket.org/profiles,,Summit,market_city
Balanced School of Massage and Wellness,Dillon Farmers Market,Dillon,Bath & Body,,"Balanced School of Massage and Wellness offers a comprehensive, hands on education designed to prepare students for a rewarding career in massage therapy. Our program combines in depth anatomy and phy",2026,https://townofdillon.mymarket.org/profiles,,Summit,market_city
Bjorn's Colorado Honey,Dillon Farmers Market,Dillon,Bath & Body,,"Björn's Colorado Honey offers local Colorado honey and bee-pollen plus hive-based skincare featuring beeswax, honey, and propolis. We are small-batch, local, honey producers based in Brighton with hiv",2026,https://townofdillon.mymarket.org/profiles,,Summit,market_city
Breckenridge Candle Cabin,Dillon Farmers Market,Dillon,Bath & Body,,Here at Breckenridge Candle Cabin we have been hand pouring a US grown soy bean wax scented with only essential oils locally for over ten years. Our choice to scent the candles with only essential oil,2026,https://townofdillon.mymarket.org/profiles,,Summit,market_city
Jo's Body Shop,Dillon Farmers Market,Dillon,Bath & Body,,"We sell plant powered self-care that's colorful and fun because nature is, and our products are designed with earth in mind, and handmade with love. Jo's Body Shop is a local self care and wellness br",2026,https://townofdillon.mymarket.org/profiles,,Summit,market_city
Magic Within Wellness,Dillon Farmers Market,Dillon,Bath & Body,,"Magic Within Wellness is a woman owned, Herbal Wellness company out of Breckenridge, Colorado. Our owner, Logahn is a certified Herbalist, plant lover, and adventurer who discovered Magic Within Welln",2026,https://townofdillon.mymarket.org/profiles,,Summit,market_city
NOCO CBD CO,Dillon Farmers Market,Dillon,Bath & Body,,"We at the Northern Colorado CBD Company specialize in high quality, high potency, hemp based full spectrum solutions tailored to each individuals needs. Whether it be for pain, sleep or daytime suppor",2026,https://townofdillon.mymarket.org/profiles,,Summit,market_city
Root and the Hearth,Dillon Farmers Market,Dillon,Bath & Body,,"Root & the Hearth is a celebration of plants, fungi, and old-world craft through a modern, soulful lens. At the market you'll find a thoughtfully curated collection of herbal apothecary remedies, mush",2026,https://townofdillon.mymarket.org/profiles,,Summit,market_city
sofratextiles,Dillon Farmers Market,Dillon,Bath & Body,,"Our Sofra Textiles come in beautiful colors for your home, patio, a day at the beach, and during travel. They're hand-loomed, quick to dry, and will last a lifetime, as far as adding a pattern to your",2026,https://townofdillon.mymarket.org/profiles,,Summit,market_city
Taspens Organics,Dillon Farmers Market,Dillon,Bath & Body,,"Taspen's Organics handcrafts over 200 organic healing and wellness products. We offer herbal remedies, CBD products, facial care, and more.",2026,https://townofdillon.mymarket.org/profiles,,Summit,market_city
"The Eden Company Industries, Inc.",Dillon Farmers Market,Dillon,Bath & Body,,"Welcome to The Eden Company, Inc., where we celebrate the art of handcrafting luxurious olive oil skin care products. Our fresh body butter is made from scratch, using only the finest sourced from loc",2026,https://townofdillon.mymarket.org/profiles,,Summit,market_city
Alpine Lily Designs,Dillon Farmers Market,Dillon,Jewelry,,"Handmade, locally made jewelry created by a Summit County artist. Products include necklaces, bracelets, earrings, rings, anklets, and thoughtfully curated gift sets. Each piece is individually handcr",2026,https://townofdillon.mymarket.org/profiles,,Summit,market_city
anne franklin designs,Dillon Farmers Market,Dillon,Jewelry,,"Since 2010, {anne franklin designs} has been designing and creating affordable jewelry and small home goods with a handmade, repurposed flair. A solopreneur, Anne Franklin enjoys creating and is alway",2026,https://townofdillon.mymarket.org/profiles,,Summit,market_city
Czech Out The Rock,Dillon Farmers Market,Dillon,Jewelry,,My family and I hand craft each and every piece of jewelry incorporating real pressed flowers preserved in resin. Each and every piece allows you to carry nature with you through everyday!,2026,https://townofdillon.mymarket.org/profiles,,Summit,market_city
Deb Fine Design aka Fine Dezine,Dillon Farmers Market,Dillon,Jewelry,,"Deb Fine sources, designs, and creates one of a kind natural colored gemstone jewelry using a variety of techniques such as silk knotting, sterling silver wire wrapping and beading.",2026,https://townofdillon.mymarket.org/profiles,,Summit,market_city
Exquisite Creations by JD,Dillon Farmers Market,Dillon,Jewelry,,Exquisite Creations by JD was established in 2015. I was pleased to be accepted into the Dillon Farmers annually since 2023. I use high quality glass beads which are made in the Czech Republic or Japa,2026,https://townofdillon.mymarket.org/profiles,,Summit,market_city
Fungirl Network,Dillon Farmers Market,Dillon,Jewelry,,"ungirl Network // ""Fungi""rl Network is a woman owned craft brand creating small-batch, mushroom-inspired apparel and accessories rooted in nature, design, and community. Our offerings include hand sew",2026,https://townofdillon.mymarket.org/profiles,,Summit,market_city
Heavenly Flower Jewelry,Dillon Farmers Market,Dillon,Jewelry,,"I specialize in seed-bead jewelry handcrafted from the smallest beads available! My method of beading is called off-loom weaving, a technique that involves using a needle and thread to weave individua",2026,https://townofdillon.mymarket.org/profiles,,Summit,market_city
Jewelry Collection by Erika,Dillon Farmers Market,Dillon,Jewelry,,We are a small business that started 20 years ago selling and distributing handmade sterling silver (0.925) jewelry. Our jewelry collection began as a door-to-door and appointment-based business. The,2026,https://townofdillon.mymarket.org/profiles,,Summit,market_city
KP Mountain Metals,Dillon Farmers Market,Dillon,Jewelry,,"KP Mountain Metals is a one woman owned Jewely business based in the heart of the Rocket Mountains. Each piece is thoughtfully handmade using sterling silver and natural stones, inspired by alpine lan",2026,https://townofdillon.mymarket.org/profiles,,Summit,market_city
mercer & jayne,Dillon Farmers Market,Dillon,Jewelry,,Delicate and refined handcrafted jewelry for the modern day tastemaker. Handcrafted using jeweler quality metals and semi precious stones.,2026,https://townofdillon.mymarket.org/profiles,,Summit,market_city
Quirks of Art co.,Dillon Farmers Market,Dillon,Jewelry,,"Quirks of Arts Co. is a Dillon, Colorado-based studio creating handmade goods and original illustrations. I'm the self-taught maker and designer behind it all, drawing inspiration from my backyard chi",2026,https://townofdillon.mymarket.org/profiles,,Summit,market_city
Silly Clay Creations,Dillon Farmers Market,Dillon,Jewelry,,Silly Clay Creations is a handmade jewelry and trinkets business that focuses on colorful and playful designs made with care and creativity. Each piece is thoughtfully crafted to celebrate individuali,2026,https://townofdillon.mymarket.org/profiles,,Summit,market_city
Snowflakes & Silver,Dillon Farmers Market,Dillon,Jewelry,,"Inspired by the beauty of the mountains, I am an artisan jeweler specializing in ""The Elephant Hair Bracelet"", which is based on a 1,200 year old African tradition. This bracelet is a unique adjustabl",2026,https://townofdillon.mymarket.org/profiles,,Summit,market_city
Soul Creations,Dillon Farmers Market,Dillon,Jewelry,,Kerri Anne with Soul Creations creates handcrafted sterling silver jewelry designed to celebrate individuality and everyday elegance. Every piece is made by hand using traditional silversmithing techn,2026,https://townofdillon.mymarket.org/profiles,,Summit,market_city
Star Lux Jewels,Dillon Farmers Market,Dillon,Jewelry,,"Star Lux is a handcrafted jewelry line rooted in earth, intuition, and individuality. Each piece is thoughtfully designed and made by hand using raw and polished gemstones, warm brass, and natural ele",2026,https://townofdillon.mymarket.org/profiles,,Summit,market_city
The Humble Stone,Dillon Farmers Market,Dillon,Jewelry,,"The Humble Stone offers high-quality Handmade Semi-Precious Gemstone, Crystal and Fossil Jewelry for all ages and financial demographics. We are a family friendly business offering a ""build-your-own-n",2026,https://townofdillon.mymarket.org/profiles,,Summit,market_city
TIBET MART,Dillon Farmers Market,Dillon,Jewelry,,"Hand jewelry, artifacts and clothings",2026,https://townofdillon.mymarket.org/profiles,,Summit,market_city
Treasured Wellness,Dillon Farmers Market,Dillon,Jewelry,,Treasured Wellness focuses on the natural beauty of stones and the metaphysical properties of stones that can help someone find their wellness.,2026,https://townofdillon.mymarket.org/profiles,,Summit,market_city
Art by Agostina,Dillon Farmers Market,Dillon,Arts,,Inspired by nature and slow living. I create highly detailed drawings using ink and watercolor.,2026,https://townofdillon.mymarket.org/profiles,,Summit,market_city
Better Birdwatching,Dillon Farmers Market,Dillon,Arts,,Better Birdwatching- publisher of a Pocket Field Guide for identifying 125 of the more commonly found birds in the Colorado Mountains. Ideal for beginners! Bird ID made easy- Identification info provi,2026,https://townofdillon.mymarket.org/profiles,,Summit,market_city
Colorado Botanical Luxury Living,Dillon Farmers Market,Dillon,Arts,,"A curated collection of original greeting cards crafted from Colorado botanicals, featuring pressed flower art and printed nature mandalas. Each card transforms locally gathered florals into elegant,",2026,https://townofdillon.mymarket.org/profiles,,Summit,market_city
Dillon Coffee Lab & Espresso Bar,Dillon Farmers Market,Dillon,Arts,,"Brew good, Do good-that is what the Dillon Coffee Lab is all about. We are on a mission to create a vibrant and inviting space that honors the coffee journey-from the farmers who grow the beans, the r",2026,https://townofdillon.mymarket.org/profiles,,Summit,market_city
Dubs Mountain Designs,Dillon Farmers Market,Dillon,Arts,,"Dubs Mountain Designs is a local photographer, artist, tinkerer and lover of the beautiful Colorado outdoors. I take my vision of Colorado and the west and put it on display through my photography. I",2026,https://townofdillon.mymarket.org/profiles,,Summit,market_city
Forever Rock Candles,Dillon Farmers Market,Dillon,Arts,,"A family business of over 10 years, Forever Rock Candles collects, cuts and polishes local stones, fossils and crystals from all over turning them into one of a kind oil lamp candles. Using Lamp Oil,",2026,https://townofdillon.mymarket.org/profiles,,Summit,market_city
Glenbrook Gallery,Dillon Farmers Market,Dillon,Arts,,Santa and Wood Spirit carvings made from collected wood from the local Rocky Mountain region. These collectable one of a kind carvings are created from ancient Bristlecone Pine and Cottonwood bark.,2026,https://townofdillon.mymarket.org/profiles,,Summit,market_city
Inspired by Summit,Dillon Farmers Market,Dillon,Arts,,"I'm a local teacher! My business creates handmade goods inspired by mountain summers and the bright, refreshing feeling of the season. I offer rustic, hand-carved wooden charcuterie and cutting boards",2026,https://townofdillon.mymarket.org/profiles,,Summit,market_city
Kelly's Creations,Dillon Farmers Market,Dillon,Arts,,"Kelly Triolo is a Colorado-based visual artist creating paintings, murals, and sculptural works, all made in Colorado. Inspired by the cosmos, nature, and human experience, her work invites viewers to",2026,https://townofdillon.mymarket.org/profiles,,Summit,market_city
"Knots, Wood & Stone",Dillon Farmers Market,Dillon,Arts,,"Knots,Wood & Stone creates culinary accessories from domestic hardwoods that are marked with flaws like cracks,voids and knots. These flaws are masterfully enhanced with turquoise and other semi preci",2026,https://townofdillon.mymarket.org/profiles,,Summit,market_city
La Cumbre Art,Dillon Farmers Market,Dillon,Arts,,"Inspired by the breathtaking beauty of the mountains and deserts that surround us, LA CUMBRE ART brings nature's colors, textures, and landscapes to life through art. From rugged alpine scenes to warm",2026,https://townofdillon.mymarket.org/profiles,,Summit,market_city
Landreaux Ceramics,Dillon Farmers Market,Dillon,Arts,,"Handmade functional pottery with textures and tones of the Earth. Wares are made by hand from start to finish with surface decorations that include local soils, textures from rocks, and unique carving",2026,https://townofdillon.mymarket.org/profiles,,Summit,market_city
Leashes by Liz,Dillon Farmers Market,Dillon,Arts,,"At Leashes by Liz, we handcraft dog products to make every adventure with your fur friend amazing. Our leashes are the perfect combination of form and function, featuring beautiful color palettes and",2026,https://townofdillon.mymarket.org/profiles,,Summit,market_city
Magicolor Maria Design,Dillon Farmers Market,Dillon,Arts,,"Our business specializes in handcrafted jewelry, including unique pieces made from polymer clay, wood, beads and leather. We also offer permanent jewelry at our booth. We focus on high-quality, artist",2026,https://townofdillon.mymarket.org/profiles,,Summit,market_city
Matavoli Creative Art Studio,Dillon Farmers Market,Dillon,Arts,,"Matavoli Art Studio is a local business that creates original artwork of wild life, landscape, still life and more. Teaching art locally and working with Art Spot in Silverthorne as well. With attenti",2026,https://townofdillon.mymarket.org/profiles,,Summit,market_city
Montane Pottery,Dillon Farmers Market,Dillon,Arts,,"Montane Pottery was born to fulfill my creative ambitions and my passion for ""family"" gatherings. These thoughtfully handmade wares are designed to perhaps hold that morning cuppa or to share home coo",2026,https://townofdillon.mymarket.org/profiles,,Summit,market_city
SCUMUGS POTTERY,Dillon Farmers Market,Dillon,Arts,,"Based in the heart of the county, this woman-owned studio features the work of a master ceramicist with over 20 years of experience in the craft. Specializing in one-of-kind, functional art, every pie",2026,https://townofdillon.mymarket.org/profiles,,Summit,market_city
She Shed That Designs,Dillon Farmers Market,Dillon,Arts,,"I'm Shannon. A Colorado transplant since 1999, originally from the Pacific Northwest. My art is constantly evolving, but it's always going to involve wood. Wood from the store, the streets, and quite",2026,https://townofdillon.mymarket.org/profiles,,Summit,market_city
sweetcedar Woodworking,Dillon Farmers Market,Dillon,Arts,,"woodworking shop that sources local products such as Tamarisk,cedar, Juniper for your home.",2026,https://townofdillon.mymarket.org/profiles,,Summit,market_city
Tia Woven Goods,Dillon Farmers Market,Dillon,Arts,,"Tia Woven Goods is a Fair Trade-verified company that partners with over 800 women artisans from Bolgatanga, Ghana - a region world-renowned for its exquisite handwoven baskets. For more than 25 years",2026,https://townofdillon.mymarket.org/profiles,,Summit,market_city
5Seeds,Dillon Farmers Market,Dillon,Textiles or Clothing,,"I am an eco-conscious fashion designer using remnant designer fabrics meant for landfill. All of my products are one of a kind or small batch. I take pride is sourcing all fabrics myself, doing all of",2026,https://townofdillon.mymarket.org/profiles,,Summit,market_city
Alpenglow Threads Co,Dillon Farmers Market,Dillon,Textiles or Clothing,,"My three favorite things to do are reading books, making blankets, and watching the alpenglow in the sunrise. That is why this business means so much to me. I started making blankets in 2021 and only",2026,https://townofdillon.mymarket.org/profiles,,Summit,market_city
Golden Designs,Dillon Farmers Market,Dillon,Textiles or Clothing,,I create hand tied/ hand dyed clothing for men women & kiddos!:),2026,https://townofdillon.mymarket.org/profiles,,Summit,market_city
Luma Turkish Towels,Dillon Farmers Market,Dillon,Textiles or Clothing,,"Luma Turkish Towels also knowm Cappadocia Turkish Towels is a women-owned small business offering ultra-soft, handmade towels, robes, kimonos and blankets. All products are crafted from 100% organic T",2026,https://townofdillon.mymarket.org/profiles,,Summit,market_city
Mountain Girl Creations,Dillon Farmers Market,Dillon,Textiles or Clothing,,Mountain Girl Creations stands as a beacon of sustainable craftsmanship in the realm of handmade kitchen soft goods and textiles. I am dedicated to producing top-notch and eco-friendly products that w,2026,https://townofdillon.mymarket.org/profiles,,Summit,market_city
Ojo Fashions,Dillon Farmers Market,Dillon,Textiles or Clothing,,Ojo Fashions is sustainable clothing for your family that is designed and handmade in Colorado using dead stock fabrics. Eco chic and unique!,2026,https://townofdillon.mymarket.org/profiles,,Summit,market_city
Penni Olive,Dillon Farmers Market,Dillon,Textiles or Clothing,,My goal has always been to make quality handmade wares that will get plenty of everyday use and bring color and brightness to your home. I offer a wide selection of functional everyday fabric products,2026,https://townofdillon.mymarket.org/profiles,,Summit,market_city
PK Fine Imports,Dillon Farmers Market,Dillon,Textiles or Clothing,,"PK Fine Imports offers a wonderful selection of beautiful table linens from the South of France. We carry vibrant and authentic French tablecloths, napkins, kitchen towels, table runners and placemats",2026,https://townofdillon.mymarket.org/profiles,,Summit,market_city
Rocky mountain Outback hats,Dillon Farmers Market,Dillon,Textiles or Clothing,,We are Colorado's oldest festival based hat stand. Our fans love the unique styles and the sun protection qualities. WE love interacting with all the victors and locals who stop by the booth each seas,2026,https://townofdillon.mymarket.org/profiles,,Summit,market_city
Shawls by Veronika,Dillon Farmers Market,Dillon,Textiles or Clothing,,"Shawls by Veronika is a woman owned business. I like to focus on functional fashion that is comfortable, made for all body sizes and types and that is colorful. I believe that when you wear something",2026,https://townofdillon.mymarket.org/profiles,,Summit,market_city
Talfourd Jones LLC,Dillon Farmers Market,Dillon,Textiles or Clothing,,"Talfourd Jones handmakes items for the discerning woman and their pet pooch. Each one of a kind piece is constructed to the highest quality, using only the finest fabrics and hardware",2026,https://townofdillon.mymarket.org/profiles,,Summit,market_city
The Unbroken Circle,Dillon Farmers Market,Dillon,Textiles or Clothing,,"I design and make girl's reversible clothing. My sizes range from 6 months to 12 years old. Each piece is very unique and made of all cotton printed fabrics. I create dresses, skirts and hats that rev",2026,https://townofdillon.mymarket.org/profiles,,Summit,market_city
Trapper of Colorado,Dillon Farmers Market,Dillon,Textiles or Clothing,,"Trapper of Colorado is a woman-owned, independent business out of Frisco. I create unique, mountain-inspired, sustainable, limited edition and one-of-a-kind accessories and clothing. Fabrics used are",2026,https://townofdillon.mymarket.org/profiles,,Summit,market_city
PAKO LAZO POTTERY,Dillon Farmers Market,Dillon,Pottery,,"Fun and functional ceramics! grate cheese with ease, for zest its the best! Come see what everyone in Summit county has been talking about! And they make GRATE gifts!",2026,https://townofdillon.mymarket.org/profiles,,Summit,market_city
Feelin' Fresca,Dillon Farmers Market,Dillon,Beverages,,"We are a family owned business providing high quality simple ingredient beverages and foods. All our products are made in small batches to ensure high quality. Our products are free of additives, pres",2026,https://townofdillon.mymarket.org/profiles,,Summit,market_city
Keystone Nutrition and Energy,Dillon Farmers Market,Dillon,Beverages,,"Keystone Nutrition & Energy is a mountain-town nutrition club focused on clean energy, wellness, and fueling healthy adventures. We serve loaded teas, protein shakes, protein iced coffees, and wellnes",2026,https://townofdillon.mymarket.org/profiles,,Summit,market_city
Peak State Coffee,Dillon Farmers Market,Dillon,Beverages,,"Peak State is Coffee with Benefits - highest quality coffee possible with powerful benefits from nature for your brain, immunity, and stress, all from adaptogenic mushrooms (and without any weird tast",2026,https://townofdillon.mymarket.org/profiles,,Summit,market_city
Summit Cultures,Dillon Farmers Market,Dillon,Beverages,,"Summit Cultures is a locally handcrafted and small batch kombucha company based out of Silverthorne, Colorado. Summit Cultures is owned and operated by Zach and Nikki Turner. Co-founder and head brewe",2026,https://townofdillon.mymarket.org/profiles,,Summit,market_city
Trubucha and Sophias Lemonade,Dillon Farmers Market,Dillon,Beverages,,Please use from past,2026,https://townofdillon.mymarket.org/profiles,,Summit,market_city
WW Enterprises,Dillon Farmers Market,Dillon,Beverages,,"WW Enterprises is a local, family owned food vending business for 25 years. We are one of the original Dillon Farmer's Market vendors when it began at the Marina. Our business has thrived over the yea",2026,https://townofdillon.mymarket.org/profiles,,Summit,market_city
Cream City Market,Dillon Farmers Market,Dillon,Cheese,,"Born & raised in Southeast Wisconsin, our formative years were spent in corn fields, fishing, waterskiing, wild blueberry picking, and cheese curd eating along the shores of Lake Michigan and the Nort",2026,https://townofdillon.mymarket.org/profiles,strong,Summit,market_city
La Montagne Des Saveurs,Dillon Farmers Market,Dillon,Cheese,,We are family owned and operated. We age cheeses in Europe and import the finest quality European cheeses along with some US farm cheeses.,2026,https://townofdillon.mymarket.org/profiles,strong,Summit,market_city
Antelope Creek Ranch Wagyu,Dillon Farmers Market,Dillon,Meat & Seafood,,"We are a local family owned and operated ranch in North Eastern Colorado, that raises all natural Japanese Wagyu. We provide a farm to fork experience by show casing the most marbled, best tasting bee",2026,https://townofdillon.mymarket.org/profiles,strong,Summit,market_city
Bluestem Bison Ranch,Dillon Farmers Market,Dillon,Meat & Seafood,,"Bluestem Bison Ranch was established on core pillars including regenerative land stewardship, uncompromising animal welfare, and exceptional nutritional quality. Our bison live as nature intended: roa",2026,https://townofdillon.mymarket.org/profiles,strong,Summit,market_city
Climax Jerky Inc.,Dillon Farmers Market,Dillon,Meat & Seafood,,"Climax Jerky is a locally owned business since 1999! We offer the freshest, gourmet, Colorado jerky. Including beef, buffalo, elk, venison, turkey, salmon, alligator, wild boar and duck jerky. Stop by",2026,https://townofdillon.mymarket.org/profiles,strong,Summit,market_city
Bob's Roasted Nuts,Dillon Farmers Market,Dillon,Candy and Confections,,"We believe you should feel good about satisfying your sweet tooth. While using only all natural, gluten free, non-gmo and vegan ingredients. We offer freshly roasted nuts, combined with the right coun",2026,https://townofdillon.mymarket.org/profiles,,Summit,market_city
DAR CHOCOLATE,Dillon Farmers Market,Dillon,Candy and Confections,,"DAR is a boutique artisanal factory, meticulously crafting chocolate from selected flavor cacao. Driven by a commitment to quality and taste, we ethically source our cacao through direct connections w",2026,https://townofdillon.mymarket.org/profiles,,Summit,market_city
KB Candies,Dillon Farmers Market,Dillon,Candy and Confections,,"KB Candies is the married team of Kalynda and Brandon Grant. We put special attention and care into our gourmet toffee, hand stirring every batch to create our signature soft-crunch texture. And, all",2026,https://townofdillon.mymarket.org/profiles,,Summit,market_city
HellBound Sauces,Dillon Farmers Market,Dillon,Condiment or Sauce,,"HellBound Sauces is a Denver-based artisan hot sauce and BBQ seasoning brand built for people who care about real flavor, quality ingredients, and bold creativity. We craft small-batch hot sauces, bar",2026,https://townofdillon.mymarket.org/profiles,,Summit,market_city
KREAM Kimchi,Dillon Farmers Market,Dillon,Condiment or Sauce,,KREAM Kimchi began as a project to share kimchi with friends during Covid. It's mom's kimchi recipe. It's made with love. KREAM started with traditional kimchi and has expanded to other types of kimch,2026,https://townofdillon.mymarket.org/profiles,,Summit,market_city
Lori The Dip Lady/ Gourmet Farms of Colorado,Dillon Farmers Market,Dillon,Condiment or Sauce,,"I have been selling my Gourmet Farms dip mixes as Lori The Dip Lady since 1996. There's no salt, no MSG, no gluten or sugar in my mixes (except for desserts which have sugar) and they are the real her",2026,https://townofdillon.mymarket.org/profiles,medium,Summit,market_city
Montañero Hot Sauce,Dillon Farmers Market,Dillon,Condiment or Sauce,,"Montañero traces its roots back to a Summit County mainstay, Angels Hollow. For 25 years, Angels Hollow welcomed hundreds of thousands of guests, each table topped with its signature house-made hot sa",2026,https://townofdillon.mymarket.org/profiles,,Summit,market_city
Mountain Jam,Dillon Farmers Market,Dillon,Condiment or Sauce,,"I saw jelly jams, and preservatives out of my Japanese Mini Truck that I've converted into a Jam van",2026,https://townofdillon.mymarket.org/profiles,,Summit,market_city
Pour Your Art Out,Dillon Farmers Market,Dillon,Condiment or Sauce,,"Pour Your Art Out is a locally owned Summit County, Colorado business dedicated to creating sustainable, earth-friendly goods. We handcraft our products using natural ingredients, including 100% pure",2026,https://townofdillon.mymarket.org/profiles,,Summit,market_city
Yummy Yummy Products,Dillon Farmers Market,Dillon,Condiment or Sauce,,"Yummy Yummy Products has introduced many Coloradans to a better way of eating hummus! By mixing unique flavors of hummus with fresh salads and chips, owners Elyes and Aziz have integrated their Tunisi",2026,https://townofdillon.mymarket.org/profiles,,Summit,market_city
Beezy's Granola,Dillon Farmers Market,Dillon,Packaged Food,,"At Beezy's Granola, we believe good food should fuel great adventures. Born in Louisville, Colorado, our family-owned company handcrafts small-batch granola with simple, wholesome ingredients and a wh",2026,https://townofdillon.mymarket.org/profiles,,Summit,market_city
Bliss IV Hydration,Dillon Farmers Market,Dillon,Packaged Food,,"Say hello to the Buzzy Line by Bliss Hydration 🐝 We're always looking for ways to take your wellness to the next level-and now we've bottled that commitment into something special. Introducing Buzzy,",2026,https://townofdillon.mymarket.org/profiles,,Summit,market_city
Casa Crobu,Dillon Farmers Market,Dillon,Packaged Food,,"We are a small family run business with a passion for food, hospitality and authenticity. We believe there is no better way to spend time with family, get to know a new culture, or to make new friends",2026,https://townofdillon.mymarket.org/profiles,,Summit,market_city
Dip Into Life,Dillon Farmers Market,Dillon,Packaged Food,,"I sell all-natural, non GMO spice packs that can be used for marinades, rubs, dips or even baked goods! My spice mixes range from spicy to sweet",2026,https://townofdillon.mymarket.org/profiles,,Summit,market_city
Funk and Soul Foods,Dillon Farmers Market,Dillon,Packaged Food,,"Funk and Soul Foods provides locally preserved fruits and vegetables, promoting healthy life style and microbiological (gut) health.",2026,https://townofdillon.mymarket.org/profiles,,Summit,market_city
Healthy Harvest Gardens LLC,Dillon Farmers Market,Dillon,Packaged Food,,We build relationships directly with small family farms in Greece and Italy to supply authentic olive oil full of fresh flavor and powerful health benefits. Because we source from small single estates,2026,https://townofdillon.mymarket.org/profiles,,Summit,market_city
Pines' Nut Butter,Dillon Farmers Market,Dillon,Packaged Food,,Pines' Nut Butter produces hand-crafted nut butters that are made fresh for every market! Whether you are looking for a plain peanut butter or something unique like honey pistachio butter - we got you,2026,https://townofdillon.mymarket.org/profiles,,Summit,market_city
Summit Pasta,Dillon Farmers Market,Dillon,Packaged Food,,"Handmade egg pasta made by a true Italian. Handmade lasagna made with homemade meat sauce, homemade besciamella sauce and of course, fresh pasta! Topped with Parmesan cheese to make it extra special!",2026,https://townofdillon.mymarket.org/profiles,,Summit,market_city
The Family Jones Distillery,Dillon Farmers Market,Dillon,Wine or Spirit,,"Our crafted line uses 100% local, family-farm grains grown using regenerative farming techniques, which helps the grains bolster more flavor. These spirits are rich, complex, and balanced. These spiri",2026,https://townofdillon.mymarket.org/profiles,,Summit,market_city
Homemade European Foods,Dillon Farmers Market,Dillon,Ready to Eat Food (booth),,Good Smile has been bringing our fun take on Homemade European Foods since 2024 and we are excited to make our way to your market!,2026,https://townofdillon.mymarket.org/profiles,,Summit,market_city
I.R. Chef,Dillon Farmers Market,Dillon,Ready to Eat Food (booth),,We sell all natural smoked salmon using no sugars or nitrates creating a perfect smoked salmon the whole family can enjoy. They are pieces to go home or fresh to order meals using gluten & dairy free,2026,https://townofdillon.mymarket.org/profiles,,Summit,market_city
The Argentos Empanadas,Dillon Farmers Market,Dillon,Ready to Eat Food (booth),,Legit Argentina's empanadas,2026,https://townofdillon.mymarket.org/profiles,,Summit,market_city
The Crêpe Outdoors,Dillon Farmers Market,Dillon,Ready to Eat Food (booth),,"We purchased The Crêpe Outdoors from a French crêpe master 21/2 years ago and have enjoyed making this little business our own. Keeping the authenticity is very important to us, so our flours are impo",2026,https://townofdillon.mymarket.org/profiles,,Summit,market_city
Astro Coffee,Dillon Farmers Market,Dillon,Ready to Eat Food (truck or cart),,"At Astro Coffee, our priority is to provide exceptional, locally sourced coffee while uplifting the community we call home. Rooted in Golden, we partner with a local Colorado coffee roaster to bring f",2026,https://townofdillon.mymarket.org/profiles,,Summit,market_city
Gyros Delish,Dillon Farmers Market,Dillon,Ready to Eat Food (truck or cart),,Traditional Greek food,2026,https://townofdillon.mymarket.org/profiles,,Summit,market_city
Kanto x Wasabi,Dillon Farmers Market,Dillon,Ready to Eat Food (truck or cart),,"Kanto x Wasabi, where street heat meets precision. We bring together the smoky, soulful street flavors of Manila. Set high in the Colorado mountains, our chef driven fusion kitchen is where island mee",2026,https://townofdillon.mymarket.org/profiles,,Summit,market_city
Mountain Melt,Dillon Farmers Market,Dillon,Ready to Eat Food (truck or cart),,Mountain Melt is a locally female owned and run food truck in Summit County serving up the best grilled cheese sammies and tots in the county! We are known for taking your cheese experience to a highe,2026,https://townofdillon.mymarket.org/profiles,,Summit,market_city
The Good Stuff,Dillon Farmers Market,Dillon,Ready to Eat Food (truck or cart),,"The Good Stuff is a food truck with truly all the good snacks and desserts. Soft serve ice cream treats, Kettle Corn, Frozen Cheesecake and Bananas. Shaved Ice and warm churros.",2026,https://townofdillon.mymarket.org/profiles,,Summit,market_city
Afia CO Sharpening,Dillon Farmers Market,Dillon,Other: please explain below,,"We are a local knife, scissor, and garden tool sharpening business. We are fast and reasonably priced.",2026,https://townofdillon.mymarket.org/profiles,,Summit,market_city
Americares - non profit,Dillon Farmers Market,Dillon,Other: please explain below,,"We are a non profit helping families with in state of Colorado that are impacted by wildfires. We help with food, shelter medical supplies and reuniting with pets. We also go to hot spots in Estes and",2026,https://townofdillon.mymarket.org/profiles,,Summit,market_city
CommonSpirit Health,Dillon Farmers Market,Dillon,Other: please explain below,,Common Spirit Tent,2026,https://townofdillon.mymarket.org/profiles,,Summit,market_city
Ember & Ice,Dillon Farmers Market,Dillon,Other: please explain below,,"Ember & Ice is a mobile, nature-immersed sauna and cold plunge experience designed to bring deep relaxation, recovery, and connection wherever people gather. Blending the warmth of wood-fired sauna he",2026,https://townofdillon.mymarket.org/profiles,,Summit,market_city
Friends of the Dillon Ranger District,Dillon Farmers Market,Dillon,Other: please explain below,,"Friends of the Dillon Ranger District is a nonprofit organization that preserves the local, National Forest through volunteer projects, environmental education and collaborative partnerships",2026,https://townofdillon.mymarket.org/profiles,,Summit,market_city
High Rockies Harm Reduction,Dillon Farmers Market,Dillon,Other: please explain below,,"High Rockies Harm Reduction is dedicated to reducing overdose deaths, the spread of disease, economic costs and other negative consequences of substance use in rural Colorado through the expansion of",2026,https://townofdillon.mymarket.org/profiles,,Summit,market_city
Kady's Kollars,Dillon Farmers Market,Dillon,Other: please explain below,,"Kady's Kollars offers handmade dog collars that fit your xsmall-xlarge dogs. All collars are made with high quality, strong materials. Designs are unique, fun and there are so many to choose from.",2026,https://townofdillon.mymarket.org/profiles,,Summit,market_city
Lifetime Home Remodeling,Dillon Farmers Market,Dillon,Other: please explain below,,"We help make your dream home a reality, with complete peace of mind.",2026,https://townofdillon.mymarket.org/profiles,,Summit,market_city
MatchBox Candle Co.,Dillon Farmers Market,Dillon,Other: please explain below,,"MatchBox Candle Co. creates small-batch, hand-poured candles made with clean-burning wax and thoughtfully curated fragrances. Inspired by comfort, nostalgia, and everyday moments, each candle is desig",2026,https://townofdillon.mymarket.org/profiles,,Summit,market_city
Slifer Smith & Frampton,Dillon Farmers Market,Dillon,Other: please explain below,,"A collection of new condominums in downtown Dillon, CO",2026,https://townofdillon.mymarket.org/profiles,,Summit,market_city
Summit County Pet Food Pantry,Dillon Farmers Market,Dillon,Other: please explain below,,The Summit County Pet Food Pantry is an all-volunteer 501c3 nonprofit organization committed to animal welfare. Our Mission aspires to preserve pets as part of families and help prevent surrendering p,2026,https://townofdillon.mymarket.org/profiles,,Summit,market_city
Summit Foundation,Dillon Farmers Market,Dillon,Other: please explain below,,The Summit Foundation's Great Rubber Duck Race has been raising money and lifting lives for 38 years. Every dollar earned goes right back into our community through programs that make Summit County st,2026,https://townofdillon.mymarket.org/profiles,,Summit,market_city
Summit Historical Society,Dillon Farmers Market,Dillon,Other: please explain below,,"The Summit Historical Society, located in Dillon, Colorado, is a non-profit organization dedicated to preserving and promoting the rich cultural and historical heritage of Summit County. Established i",2026,https://townofdillon.mymarket.org/profiles,,Summit,market_city
Summit Valley Horse Center,Dillon Farmers Market,Dillon,Other: please explain below,,"Stop by our information booth and learn about our mission: making the joy of human-horse connection possible for people of all ages and backgrounds, while giving rescued horses a second chance at life",2026,https://townofdillon.mymarket.org/profiles,,Summit,market_city
Sweet Jugs Sugar Shack,Dillon Farmers Market,Dillon,Other: please explain below,,Pure Michigan 100% Maple Syrup. Straight from the tree to the bottle.,2026,https://townofdillon.mymarket.org/profiles,,Summit,market_city
"The Rotary Club of Summit County, Inc.",Dillon Farmers Market,Dillon,Other: please explain below,,"Summit County Rotary is a service organization whose members believe in ""Service Above Self"" with a passion to give back locally and globally. We ""Unite for Good"" and actively engage in a variety of h",2026,https://townofdillon.mymarket.org/profiles,,Summit,market_city
The Summit County Animal Shelter,Dillon Farmers Market,Dillon,Other: please explain below,,"The Summit County Animal Shelter booth will have information on resources for local and visiting pet owners, info on how to get involved and will also showcase adoptable pets.",2026,https://townofdillon.mymarket.org/profiles,,Summit,market_city
Theatre SilCo,Dillon Farmers Market,Dillon,Other: please explain below,,Theatre SilCo is a professional theatre committed to enhancing the quality of life in Summit County and the Colorado Front Range by providing unique and accessible cultural experiences through the Per,2026,https://townofdillon.mymarket.org/profiles,,Summit,market_city
Town of Dillon,Dillon Farmers Market,Dillon,Other: please explain below,,The Town of Dillon will host a Community Engagement Tent at this year's Farmers Market! We'll be partnering with local organizations to highlight community initiatives and share what's happening aroun,2026,https://townofdillon.mymarket.org/profiles,,Summit,market_city
Unleash The Crunch,Dillon Farmers Market,Dillon,Other: please explain below,,"Unleash the Crunch is a Colorado-based, small-batch dog treat company baking all-natural, preservative-free treats with real ingredients you can recognize. We focus on big crunch and even bigger flavo",2026,https://townofdillon.mymarket.org/profiles,,Summit,market_city
Wildsyde e bikes,Dillon Farmers Market,Dillon,Other: please explain below,,"Fall in love with riding all over again with Wildsyde electric retro styled cruisers. Choose between our moto-inspired or bicycle-style eBikes, combining modern tech with timeless, vintage-design. It'",2026,https://townofdillon.mymarket.org/profiles,,Summit,market_city
Wisdom Tree llc,Dillon Farmers Market,Dillon,Other: please explain below,,Rocks and Crystals for people and pets!,2026,https://townofdillon.mymarket.org/profiles,,Summit,market_city
4 Corners Worm Farm,Durango Farmers Market,Durango,Agricultural / Hemp (Agrícola / Cáñamo),,"Raising Red Wigglers and Night Crawlers, Worm Castings, Seed Starter Mix, Wool Pellets and Worm Farm Kits Providing education and supplies for those wanting to turn their waste products into living so",2026,https://www.durangofarmersmarket.com/vendors,strong,La Plata,market_city
Adobe House Farm,Durango Farmers Market,Durango,Agricultural / Hemp (Agrícola / Cáñamo),,"Adobe House Farm is a Certified Organic mixed veggie farm located in the Animas Valley by Trimble. We specialize in tomatoes, greens, cucumbers, peppers, basil, herbs and healthy soils!",2026,https://www.durangofarmersmarket.com/vendors,strong,La Plata,market_city
Anatolian Farms LLC,Durango Farmers Market,Durango,Agricultural / Hemp (Agrícola / Cáñamo),,"We are Anatolian Farms of Mancos, CO and we offer a wide variety of organically-grown heirloom produce, plant starts, dried herbs/spices, seasonal chile roasting and smokable hemp flower.",2026,https://www.durangofarmersmarket.com/vendors,strong,La Plata,market_city
Animas Botanicals,Durango Farmers Market,Durango,Agricultural / Hemp (Agrícola / Cáñamo),,"Animas Botanicals crafts quality herbal products that brings vitality to individuals, humanity, and the earth. Animas Botanicals is on a farm nestled in the Animas River Valley in Colorado. We utilize",2026,https://www.durangofarmersmarket.com/vendors,strong,La Plata,market_city
Animas Valley Lavender,Durango Farmers Market,Durango,Agricultural / Hemp (Agrícola / Cáñamo),,"Animas Valley Lavender LLC is a small, family-owned lavender farm and artisan apothecary founded in 2023. We grow, harvest, and distill our own lavender to create handcrafted products including lip ba",2026,https://www.durangofarmersmarket.com/vendors,strong,La Plata,market_city
Aster Valley Farm,Durango Farmers Market,Durango,Agricultural / Hemp (Agrícola / Cáñamo),,"Aster Valley Farm is a native plant nursery located in Durango, Colorado. Our mission is to strengthen ecological communities and their relationship with people in the Four Corners region. Native plan",2026,https://www.durangofarmersmarket.com/vendors,strong,La Plata,market_city
Big Ben's Meats,Durango Farmers Market,Durango,Agricultural / Hemp (Agrícola / Cáñamo),,"I'm a 7th generation cattle rancher in La Plata, San Juan, and Archuleta county. We raise grain-finished beef. Along, with the beef. We provided grain-finished options for both the lambs, and goats as",2026,https://www.durangofarmersmarket.com/vendors,strong,La Plata,market_city
Botanical Companions,Durango Farmers Market,Durango,Agricultural / Hemp (Agrícola / Cáñamo),,"Botanical Companions grows premium microgreens in Mancos, CO and is a proud provider of this tasty superfood since 2017! Our mission is to make nutrition & flavor easy for everyone with nutrient-dense",2026,https://www.durangofarmersmarket.com/vendors,strong,La Plata,market_city
"Bountiful Ridge Farm, LLC",Durango Farmers Market,Durango,Agricultural / Hemp (Agrícola / Cáñamo),,We are a multi-faceted family farm located in Southwest Colorado. We raise a variety of crops that are grown using sustainable and holistic methods. This by default means we grow organically. Our farm,2026,https://www.durangofarmersmarket.com/vendors,strong,La Plata,market_city
Breen Mesa Farm,Durango Farmers Market,Durango,Agricultural / Hemp (Agrícola / Cáñamo),,Regenerative micro goat dairy - Sharing booth space with Durangoats,2026,https://www.durangofarmersmarket.com/vendors,strong,La Plata,market_city
Destiny Botanicals,Durango Farmers Market,Durango,Agricultural / Hemp (Agrícola / Cáñamo),,"Destiny Botanicals is a small, chemical free, family-owned farm producing Mushrooms, Mushroom Tinctures, Honey, Flowers, & hemp-based medicines & cosmetics",2026,https://www.durangofarmersmarket.com/vendors,strong,La Plata,market_city
Durango Lettuce,Durango Farmers Market,Durango,Agricultural / Hemp (Agrícola / Cáñamo),,Durango Lettuce is a small urban hydroponic lettuce grower. I grow heads of lettuce. All heads of lettuce still have the roots still attached.,2026,https://www.durangofarmersmarket.com/vendors,strong,La Plata,market_city
Fields to Plate Produce,Durango Farmers Market,Durango,Agricultural / Hemp (Agrícola / Cáñamo),,"Fields to Plate Produce was founded in 2013 by Max Fields while he was pursuing a degree in Agriculture at Fort Lewis College. During his studies, Max met Professor Beth LaShell, who had launched the",2026,https://www.durangofarmersmarket.com/vendors,strong,La Plata,market_city
Fresh Start microgreens,Durango Farmers Market,Durango,Agricultural / Hemp (Agrícola / Cáñamo),,Fresh start here in Ignacio Colorado with fresh plants loaded with nutrition.,2026,https://www.durangofarmersmarket.com/vendors,strong,La Plata,market_city
Gordanier Ranch,Durango Farmers Market,Durango,Agricultural / Hemp (Agrícola / Cáñamo),,"At Gordanier Ranch , we are a family-owned ranch dedicated to raising local, home-grown quality beef in Southwest Colorado. We take pride in responsibly raising our cattle with a focus on quality, car",2026,https://www.durangofarmersmarket.com/vendors,strong,La Plata,market_city
Green Table Farm,Durango Farmers Market,Durango,Agricultural / Hemp (Agrícola / Cáñamo),,"We grow vegetables, fruit, eggs and meat in the beautiful Mancos Valley of Colorado.",2026,https://www.durangofarmersmarket.com/vendors,strong,La Plata,market_city
GRIGGSTEAD LLC,Durango Farmers Market,Durango,Agricultural / Hemp (Agrícola / Cáñamo),,"At 7,400 feet in Hesperus, Colorado, Griggstead is a family- and veteran-owned homestead specializing in pasture-raised poultry and biodynamic regenerative agriculture to bring you nutrient dense REAL",2026,https://www.durangofarmersmarket.com/vendors,strong,La Plata,market_city
Homegrown Farm,Durango Farmers Market,Durango,Agricultural / Hemp (Agrícola / Cáñamo),,"Homegrown Farm is a small-scale, family-owned vegetable farm located in Bayfield, CO. We have been growing food for our beloved community since 2007.",2026,https://www.durangofarmersmarket.com/vendors,strong,La Plata,market_city
Horvath Honey,Durango Farmers Market,Durango,Agricultural / Hemp (Agrícola / Cáñamo),,"Horvath Honey is a locally owned small business founded in 2016 by a 4th generation local farmer, Ray Horvath and his mom, Frances. As the business is a family affair, Dale works hard to support the d",2026,https://www.durangofarmersmarket.com/vendors,strong,La Plata,market_city
Humble Fungi,Durango Farmers Market,Durango,Agricultural / Hemp (Agrícola / Cáñamo),,"Humble Fungi is a small farm focused on growing different varieties of mushrooms. We are a husband and wife team passionate about mushrooms and their importance in diet, medicine, and the environment.",2026,https://www.durangofarmersmarket.com/vendors,strong,La Plata,market_city
Juniper Junction Ranch,Durango Farmers Market,Durango,Agricultural / Hemp (Agrícola / Cáñamo),,"Juniper Junction ranch is a 107 acre ranch in central Montezuma county Colorado, which produces pasture raised chickens using local grains and legumes, minimum till garlic, and rotationally grazed, gr",2026,https://www.durangofarmersmarket.com/vendors,strong,La Plata,market_city
La Plata Lavender,Durango Farmers Market,Durango,Agricultural / Hemp (Agrícola / Cáñamo),,"La Plata Lavender was founded in 2019 on our family ranch near Bayfield, Colorado. We grow eighteen different cultivars, each carefully selected for success in our high country environment. Each culti",2026,https://www.durangofarmersmarket.com/vendors,strong,La Plata,market_city
Leafcutter Farms Mushrooms,Durango Farmers Market,Durango,Agricultural / Hemp (Agrícola / Cáñamo),,"At Leafcutter Farms we specialize in growing organic nutrient-dense gourmet mushrooms. Our name inspired by the Leafcutter Ant, pays homage to this remarkable insect's practice of growing their fungal",2026,https://www.durangofarmersmarket.com/vendors,strong,La Plata,market_city
Leaning Tree Farms,Durango Farmers Market,Durango,Agricultural / Hemp (Agrícola / Cáñamo),,"Welcome to Leaning Tree Farms, a family tradition built on hard work and a deep commitment to quality. Our story begins with Don and Rosalie Knight, whose shared values of grit, integrity, and respect",2026,https://www.durangofarmersmarket.com/vendors,strong,La Plata,market_city
Lilybee Farm,Durango Farmers Market,Durango,Agricultural / Hemp (Agrícola / Cáñamo),,LilybeeFarm was established in 2017 with just a few hives at our farm in Ignácio. We have grown to four outyards with 40 hives that we can shower with our love and provide them with the best care poss,2026,https://www.durangofarmersmarket.com/vendors,strong,La Plata,market_city
Long Table Farm,Durango Farmers Market,Durango,Agricultural / Hemp (Agrícola / Cáñamo),,Long Table Farm is a diversified vegetable and flower farm growing on less than an acre in the high desert of southwest Colorado. We strive to provide our community with the highest quality chemical f,2026,https://www.durangofarmersmarket.com/vendors,strong,La Plata,market_city
Los Miramontes Lavender Farm by Sunrise Ct Gardens LLC,Durango Farmers Market,Durango,Agricultural / Hemp (Agrícola / Cáñamo),,We are a lavender farm in Cortez Colorado and we make mostly lavender inspired products. We have a line of culinary delights as well as bath and body products designed to make everything in the world,2026,https://www.durangofarmersmarket.com/vendors,strong,La Plata,market_city
Mesa Lamb & Wool,Durango Farmers Market,Durango,Agricultural / Hemp (Agrícola / Cáñamo),,"Navajo-churro sheep, grass-fed from start to finish on Southern Ute land. Lamb & mutton meat, hides, wool, and dye flowers. Wool hand spinning demonstration. Some perennials for your garden.",2026,https://www.durangofarmersmarket.com/vendors,strong,La Plata,market_city
Mesa Verde Lavender,Durango Farmers Market,Durango,Agricultural / Hemp (Agrícola / Cáñamo),,Mesa Verde Lavender is a family-run lavender farm rooted in the high-desert landscape near Mesa Verde National Park in Southwest Colorado. What began with a small planting of culinary lavender has gro,2026,https://www.durangofarmersmarket.com/vendors,strong,La Plata,market_city
"Miel del Sol, LLC or Bee-Orn Apiaries",Durango Farmers Market,Durango,Agricultural / Hemp (Agrícola / Cáñamo),,"Local Comb Honey and Honey without comb, 100% local blocks of beeswax. Hives not moved for pollination and located along Animas and San Juan River drainages near Farmington New Mexico and Durango Colo",2026,https://www.durangofarmersmarket.com/vendors,strong,La Plata,market_city
Mocking Crow Farm,Durango Farmers Market,Durango,Agricultural / Hemp (Agrícola / Cáñamo),,"Small market farm south of Durango along the Animas River growing a variety of vegetables, garlic, sunflowers and other cut flowers. We use organic methods along with some regenerative farming practic",2026,https://www.durangofarmersmarket.com/vendors,strong,La Plata,market_city
Offbeat Family Farm,Durango Farmers Market,Durango,Agricultural / Hemp (Agrícola / Cáñamo),,"Offbeat Family Farm employs sustainable methods to grow fresh vegetables, cut flowers, and herbs on 2 acres in Aztec, NM. Customers can purchase our products at the Durango Farmers' Market and by spec",2026,https://www.durangofarmersmarket.com/vendors,strong,La Plata,market_city
Pink Paintbrush Flower Farm,Durango Farmers Market,Durango,Agricultural / Hemp (Agrícola / Cáñamo),,"Pink Paintbrush is a boutique flower farm in Dolores, Colorado, growing whimsical garden blooms that mimic the wildflower meadows of the San Juan Mountains. Guided by Mother Nature, flowers are grown",2026,https://www.durangofarmersmarket.com/vendors,strong,La Plata,market_city
Rattlesnake Gulch Farm and Fertilizer,Durango Farmers Market,Durango,Agricultural / Hemp (Agrícola / Cáñamo),,"At Rattlesnake Gulch Family Farm, We use organic and regenerative techniques to ensure we are growing happy plants, harvesting healthy foods, and being kind to our soil and lands. We are honored to se",2026,https://www.durangofarmersmarket.com/vendors,strong,La Plata,market_city
River Otter Farms,Durango Farmers Market,Durango,Agricultural / Hemp (Agrícola / Cáñamo),,"River Otter Farms provides well-loved organic vegetables to our community. Located on the Florida Mesa, this farm is in it's second year of being a lucrative growing adventure. This farm is enamored b",2026,https://www.durangofarmersmarket.com/vendors,strong,La Plata,market_city
Rohwer's Farm,Durango Farmers Market,Durango,Agricultural / Hemp (Agrícola / Cáñamo),,Rohwer's Farm is a family run farm located in the High Dessert area North of Cortez. We grow using organic methods (not certified) and try to grow as many heirlooms as possible. With our 3 high tunnel,2026,https://www.durangofarmersmarket.com/vendors,strong,La Plata,market_city
Sage Spring Farm,Durango Farmers Market,Durango,Agricultural / Hemp (Agrícola / Cáñamo),,marketing frozen lamb meat sheep wool fibers,2026,https://www.durangofarmersmarket.com/vendors,strong,La Plata,market_city
Sisson Ranch Goods,Durango Farmers Market,Durango,Agricultural / Hemp (Agrícola / Cáñamo),,Sisson Ranch Goods providing quality Ranch Goods and Services.,2026,https://www.durangofarmersmarket.com/vendors,strong,La Plata,market_city
Stone Free Farm,Durango Farmers Market,Durango,Agricultural / Hemp (Agrícola / Cáñamo),,Produce grower,2026,https://www.durangofarmersmarket.com/vendors,strong,La Plata,market_city
Summit Roots Farm,Durango Farmers Market,Durango,Agricultural / Hemp (Agrícola / Cáñamo),,"Summit Roots Farm, founded in 2013, is a small family farm located at 7100 feet, 5 miles Southeast of Dolores Colorado. Our Practices: We use bio-intensive methods to build soil and maximize yields We",2026,https://www.durangofarmersmarket.com/vendors,strong,La Plata,market_city
Swiger Family Farms,Durango Farmers Market,Durango,Agricultural / Hemp (Agrícola / Cáñamo),,Swiger Family farms Is a small farm based out of Palisade CO. The owner Jeremy Swiger has been selling Palisade peaches in Durango for the last 19 years. As the business grew in Durango we saw a need,2026,https://www.durangofarmersmarket.com/vendors,strong,La Plata,market_city
The Farmstead,Durango Farmers Market,Durango,Agricultural / Hemp (Agrícola / Cáñamo),,"We are a small scale farm in Montezuma County, raising pastured Pork and Chicken using organic practices. We also bake and sell fresh cinnamon rolls and sourdough breads and treats.",2026,https://www.durangofarmersmarket.com/vendors,strong,La Plata,market_city
Turtle Lake Refuge,Durango Farmers Market,Durango,Agricultural / Hemp (Agrícola / Cáñamo),,"We are a non-profit whose mission is to celebrate the connection between personal health and wild lands. We grow local microgreens year round, have a bi-weekly cafe, commercial kitchen where we make w",2026,https://www.durangofarmersmarket.com/vendors,strong,La Plata,market_city
Vital Beauty Gardening,Durango Farmers Market,Durango,Agricultural / Hemp (Agrícola / Cáñamo),,"We are an Environmental and Community Conscious Landscaping and Gardening company with an emphasis on permaculture, homesteading and Native landscaping techniques. It is our wish to help empower our c",2026,https://www.durangofarmersmarket.com/vendors,strong,La Plata,market_city
A Little Twisted,Durango Farmers Market,Durango,Artisan (Artesano),,"A Little Twisted is a self taught jeweler, artist, maker, creator and explorer. As a silversmith and fledgling lapidary artist, I draw inspiration from the colors and shapes of the rocks I find to cre",2026,https://www.durangofarmersmarket.com/vendors,,La Plata,market_city
Allysia Brooke Designs,Durango Farmers Market,Durango,Artisan (Artesano),,Intentional sterling silver jewelry rooted in Art Deco influence and artisan craftsmanship. Brass and copper accents balance affordability with warmth and dimension. Textural statement seed bead fring,2026,https://www.durangofarmersmarket.com/vendors,,La Plata,market_city
Alpine Glassworks,Durango Farmers Market,Durango,Artisan (Artesano),,Handmade stained glass artwork inspired by nature and the wild outdoors. Aubrey is an environmental educator and is passionate about sharing the magic of the natural world through her creative work. L,2026,https://www.durangofarmersmarket.com/vendors,,La Plata,market_city
Alpine Tide Jewelry co,Durango Farmers Market,Durango,Artisan (Artesano),,"Hi my names Jayda Arguelles, I started silversmithing two years ago and fell in love with it. I make Jewelry inspired by the ocean and beautiful mountains. Cuffs, pendants, rings and earrings! I am or",2026,https://www.durangofarmersmarket.com/vendors,,La Plata,market_city
Andrea Jewelry,Durango Farmers Market,Durango,Artisan (Artesano),,"Andrea Jewelry is a Durango-based, geologist and Latina-owned handmade jewelry business. I create delicate, unique pieces using natural gemstones, silk knotting, and wire-wrapping techniques with qual",2026,https://www.durangofarmersmarket.com/vendors,,La Plata,market_city
"Animas Glow Studio, LLC",Durango Farmers Market,Durango,Artisan (Artesano),,"Handcrafted jewelry created in Durango, Colorado, inspired by the enchanting landscapes of the Southwest. Each unique piece is meticulously designed in my studio with sterling silver, 14k gold-filled,",2026,https://www.durangofarmersmarket.com/vendors,,La Plata,market_city
Beeware Ceramics,Durango Farmers Market,Durango,Artisan (Artesano),,I make refined pottery that sparks delight. Vessels are a manifestation of dreams and hold meaning that goes beyond pure appearance. The tactile way clay moves and the puzzling of patterns is a game w,2026,https://www.durangofarmersmarket.com/vendors,,La Plata,market_city
Belle and the Bear,Durango Farmers Market,Durango,Artisan (Artesano),,"Belle and the Bear celebrates everything boho and feminine. She uses fiber arts, such as macrame and punch needle embroidery, to create accessories, home decor, and all things female empowerment-from",2026,https://www.durangofarmersmarket.com/vendors,,La Plata,market_city
Byers Ranch Apothecary,Durango Farmers Market,Durango,Artisan (Artesano),,"Byers Ranch Apothecary is a small-batch botanical skincare and herbal wellness brand rooted in the mountains of Durango, Colorado. Each product is handcrafted on our family homestead using a blend of",2026,https://www.durangofarmersmarket.com/vendors,,La Plata,market_city
Canyon Sewing,Durango Farmers Market,Durango,Artisan (Artesano),,"Canyon Sewing is a small custom and production capable shop located in Dolores Colorado. Everything we produce is done in our Dolores shop, from start to finish. We, the owners Jackie and Andrew, have",2026,https://www.durangofarmersmarket.com/vendors,,La Plata,market_city
CH Wood Working,Durango Farmers Market,Durango,Artisan (Artesano),,"Handmade cutting boards, serving trays, and charcuterie boards.",2026,https://www.durangofarmersmarket.com/vendors,,La Plata,market_city
Charleaux Designs,Durango Farmers Market,Durango,Artisan (Artesano),,"Chris Vicari is a Colorado-based artist and designer and the founder of Charleaux Designs, a studio creating artful goods for home, desk, and day-to-day. Drawing on nostalgia for childhood-simple plea",2026,https://www.durangofarmersmarket.com/vendors,,La Plata,market_city
Charmingly Crafted,Durango Farmers Market,Durango,Artisan (Artesano),,"A mother daughter locally owned business providing handmade seed bead jewelry as well as stones embraced in copper, silver & golden wires.",2026,https://www.durangofarmersmarket.com/vendors,,La Plata,market_city
Clay by Dre,Durango Farmers Market,Durango,Artisan (Artesano),,"Unique hand made pottery inspired by the Southwest, using fun carving and glazing designs.",2026,https://www.durangofarmersmarket.com/vendors,,La Plata,market_city
damselfly organic clothing,Durango Farmers Market,Durango,Artisan (Artesano),,Damselfly is a one woman owned organic clothing line grown in the mountains of Colorado for approximately 15 years! Designs are 100% original made from premium organic textiles. We advocate for sustai,2026,https://www.durangofarmersmarket.com/vendors,,La Plata,market_city
Desert Moon Jewelry Co.,Durango Farmers Market,Durango,Artisan (Artesano),,"Clara LeMoyne is a Durango, CO-based jewelry maker and designer. Her jewelry draws on many inspirations---the colors of her childhood in Miami, the energy of New York City, the moments of inspiration",2026,https://www.durangofarmersmarket.com/vendors,,La Plata,market_city
Dustin Cook Design,Durango Farmers Market,Durango,Artisan (Artesano),,"Dustin Cook is an abstract painter based in Durango, Colorado working in acrylic on large-scale canvases. His paintings explore the beauty of blending colors in a structured abstract style, creating a",2026,https://www.durangofarmersmarket.com/vendors,,La Plata,market_city
DWolf Designs,Durango Farmers Market,Durango,Artisan (Artesano),,"Deb Wolf, owner of DWolf Designs Fine Art & Custom Framing LLC is a Painter and framer from Durango, Colorado. Her work is primarily comprised of landscapes and mountain terrain in the Southwest Unite",2026,https://www.durangofarmersmarket.com/vendors,,La Plata,market_city
Earthfired Pottery,Durango Farmers Market,Durango,Artisan (Artesano),,"Hand crafted, functional pottery for everyday use. Uniquely wheel thrown, handbuilt and created with attention to detail. Images of farm animals, snowy mountains, aliens, forest scenes, vegetables, wi",2026,https://www.durangofarmersmarket.com/vendors,,La Plata,market_city
Fiddling Potter Studio,Durango Farmers Market,Durango,Artisan (Artesano),,"I have been a functional potter for decades; making bowls , mugs, & serving dishes using stoneware clay. I am also a plein air painter in pastels, as well as a photographer.",2026,https://www.durangofarmersmarket.com/vendors,,La Plata,market_city
Fox Willow Studios,Durango Farmers Market,Durango,Artisan (Artesano),,"Fox Willow Studios is an evolving family-owned art business dedicated to hand crafting original, high-quality artwork rooted in craftsmanship and creativity. Drawing on the varied skills, perspectives",2026,https://www.durangofarmersmarket.com/vendors,,La Plata,market_city
Gambel Oak Designs,Durango Farmers Market,Durango,Artisan (Artesano),,"Gambel Oak Designs brings the intricate details of the natural world to life through the craft of linocut block printing. Founded by local artist Kira Cunningham, each piece-from organic cotton tea to",2026,https://www.durangofarmersmarket.com/vendors,,La Plata,market_city
Haiku Moving Company,Durango Farmers Market,Durango,Artisan (Artesano),,I am a one woman show. I embroider and sew many handmade items.,2026,https://www.durangofarmersmarket.com/vendors,,La Plata,market_city
hannah wilson art,Durango Farmers Market,Durango,Artisan (Artesano),,"Hannah Wilson is a Durango, Colorado based artist, who has been painting landscapes for the past nine years. Hannah captures the adventure, wonder and energy of surrounding landscapes she has experien",2026,https://www.durangofarmersmarket.com/vendors,,La Plata,market_city
Hannah's Soulful Arts,Durango Farmers Market,Durango,Artisan (Artesano),,"Hannah's Soulful Arts creates and sells original acrylic and pastel art as well as high quality prints of any of the original designs. We print blank greeting cards, calendars and has a self-published",2026,https://www.durangofarmersmarket.com/vendors,,La Plata,market_city
Hello Luna Creative,Durango Farmers Market,Durango,Artisan (Artesano),,Handmade sterling silver jewelry that is made with intention.,2026,https://www.durangofarmersmarket.com/vendors,,La Plata,market_city
Holmesmeyer Artisans,Durango Farmers Market,Durango,Artisan (Artesano),,"During Covid, before my husband and I met, I started making polymer clay jewelry and he started making candles. When we met we started creating together and have ever since.",2026,https://www.durangofarmersmarket.com/vendors,,La Plata,market_city
Jenn Rawling Art,Durango Farmers Market,Durango,Artisan (Artesano),,"Jenn Rawling is a studio artist who creates colorful images with universal storylines expressing resilience and interconnection. Her themes radiate reverence for the natural world, kinship with plants",2026,https://www.durangofarmersmarket.com/vendors,,La Plata,market_city
Jessica Nielsen Studios,Durango Farmers Market,Durango,Artisan (Artesano),,"Jessica Nielsen Studios is a multidisciplinary art studio focused on fine art, including ceramics and mixed media paintings and drawings. Jess has been a multidisciplinary freelance artist for over 20",2026,https://www.durangofarmersmarket.com/vendors,,La Plata,market_city
Lil Bud Designs LLC,Durango Farmers Market,Durango,Artisan (Artesano),,"Lil Bud Designs is a Durango-based art studio created by Matt Clark, specializing in handmade collage artwork rooted in vintage print culture and Western Americana. Each piece is built using imagery s",2026,https://www.durangofarmersmarket.com/vendors,,La Plata,market_city
Love Lucky Dog,Durango Farmers Market,Durango,Artisan (Artesano),,"Love Lucky Dog makes fun dog toys and accessories with festive fabrics that look great scattered across the floor or on your stylish pup. Our Ruff Ropes, Buddy Bears, stuffed toys, cozy fleece vests,",2026,https://www.durangofarmersmarket.com/vendors,,La Plata,market_city
Lucky Duck Pottery,Durango Farmers Market,Durango,Artisan (Artesano),,"We are Brandie and John Bradford, two Cortez CO based potters. We create functional and decorative pottery. Each piece is thrown on a wheel and finished in our kilns by us.",2026,https://www.durangofarmersmarket.com/vendors,,La Plata,market_city
Mel K. Olrich Art,Durango Farmers Market,Durango,Artisan (Artesano),,"Mel is a self-taught mixed media painter and illustrator based in Durango, Colorado. Her work is largely influenced by the Four Corners region and the San Juan mountains, as well as contemporary Weste",2026,https://www.durangofarmersmarket.com/vendors,,La Plata,market_city
Mend Metalworks,Durango Farmers Market,Durango,Artisan (Artesano),,"Mend Metalworks is a small batch jewelry studio based right here in Durango. I hand fabricate sterling silver and natural stone jewelry inspired by wild landscapes, movement, and the human experience.",2026,https://www.durangofarmersmarket.com/vendors,,La Plata,market_city
Moonbeam Art and Design,Durango Farmers Market,Durango,Artisan (Artesano),,"Olivia Trim is a Durango based artist, who draws on her experiences in the wilderness to create fun, vibrant and thoughtful nature-inspired paintings. She uses watercolor and acrylic paints to capture",2026,https://www.durangofarmersmarket.com/vendors,,La Plata,market_city
MTB Jibs LLC,Durango Farmers Market,Durango,Artisan (Artesano),,"Having Fun on Bikes! We make custom tufted rugs as well as second hand apparel that we screen print, sew, and embroider.",2026,https://www.durangofarmersmarket.com/vendors,,La Plata,market_city
Native Heritage Apothecary,Durango Farmers Market,Durango,Artisan (Artesano),,Native Heritage Apothecary's mission is to connect people to nature by providing ethically-sourced herbal goods & holistic health services. We believe in empowering our community to reclaim its innate,2026,https://www.durangofarmersmarket.com/vendors,,La Plata,market_city
New Season,Durango Farmers Market,Durango,Artisan (Artesano),,"New Season - Petals and Pottery is where soil and craftsmanship meet. From carefully tended flower fields to wheel-thrown pottery, every piece reflects the quiet beauty of nature and the artistry of t",2026,https://www.durangofarmersmarket.com/vendors,,La Plata,market_city
Nolan's Pots,Durango Farmers Market,Durango,Artisan (Artesano),,"Nolan McPherson is a ceramic artist and educator based in Durango, Colorado, whose work explores human interaction and routine. Nolan holds a BA in Art K-12 Education and Studio Art at Fort Lewis Coll",2026,https://www.durangofarmersmarket.com/vendors,,La Plata,market_city
"ONE UNIQUE PIECE/SILVER STATION, INC",Durango Farmers Market,Durango,Artisan (Artesano),,I create one-of-a-kind unique items for personal use or as gifts and/or souvenirs. Several items are locally inspired and made with collaborative efforts with other local artisans/designers/merchants.,2026,https://www.durangofarmersmarket.com/vendors,,La Plata,market_city
"Peter Flamm, formerly known as Canyon Rugs, LLC",Durango Farmers Market,Durango,Artisan (Artesano),,"I sell original paintings, (watercolors and oil pastels), prints of photographs, photographs of paintings, all of local landscapes of Southwest Colorado, (most in La Plata or San Juan Counties) and ab",2026,https://www.durangofarmersmarket.com/vendors,,La Plata,market_city
Ravira Studio,Durango Farmers Market,Durango,Artisan (Artesano),,Ravira Studio was founded by two cousins united by a lifelong love of art and a shared passion for creating with their hands. What began as a creative bond grew into a studio devoted to crafting thoug,2026,https://www.durangofarmersmarket.com/vendors,,La Plata,market_city
Red Cliff Designs,Durango Farmers Market,Durango,Artisan (Artesano),,"Living in the Animas Valley, the Hermosa red cliffs are my view and inspiration. All the stones I work with were sourced by either myself or a family member. I use lapidary arts to tumble, slice, grin",2026,https://www.durangofarmersmarket.com/vendors,,La Plata,market_city
Rogue Goat Soaps,Durango Farmers Market,Durango,Artisan (Artesano),,"We pride ourselves on being locally sourced, sustainable and handcrafted here in the Four Corners. At Rogue we are not fancy, we are just really good at making amazing quality goats milk soaps, lotion",2026,https://www.durangofarmersmarket.com/vendors,,La Plata,market_city
Rooted Resin,Durango Farmers Market,Durango,Artisan (Artesano),,"I create jewelry, home decor, office decor, business signs, and custom gifts, all using epoxy resin and real pressed flowers.",2026,https://www.durangofarmersmarket.com/vendors,,La Plata,market_city
Siren in Suspenders Sewn Goods,Durango Farmers Market,Durango,Artisan (Artesano),,"Siren in Suspenders Sewn Goods is a Durango-based maker of rugged, thoughtfully constructed totes and body bags built from locally salvaged materials. Each piece is designed and sewn with durability,",2026,https://www.durangofarmersmarket.com/vendors,,La Plata,market_city
SRM,Durango Farmers Market,Durango,Artisan (Artesano),,"SRM is a handcrafted epoxy resin art business specializing in jewelry, functional home décor, and custom statement furniture. Every piece is thoughtfully designed and carefully poured by hand, preserv",2026,https://www.durangofarmersmarket.com/vendors,,La Plata,market_city
Steel Fire Studio LLC,Durango Farmers Market,Durango,Artisan (Artesano),,Artistic Steel Logs that set on top of gas fire pits that provide the benefit of radiant heat!,2026,https://www.durangofarmersmarket.com/vendors,,La Plata,market_city
Stone Gypsy,Durango Farmers Market,Durango,Artisan (Artesano),,"Stone Gypsy is a handmade jewelry business specializing in gemstone bracelets, necklaces, and malas. Each piece is crafted by Catherine using high-quality gemstones and locally sourced materials whene",2026,https://www.durangofarmersmarket.com/vendors,,La Plata,market_city
Stone Repose Metalworks,Durango Farmers Market,Durango,Artisan (Artesano),,"I make handcrafted jewelry using metalsmithing techniques and I source stones that are mined in the US, primarily Nevada and Arizona. I have lived in many locales in the Southwest and am inspired by i",2026,https://www.durangofarmersmarket.com/vendors,,La Plata,market_city
Studio451Jewelry,Durango Farmers Market,Durango,Artisan (Artesano),,"Handcrafted Jewelry made from copper, brass and sterling silver. Earrings, necklaces, bracelets, rings.",2026,https://www.durangofarmersmarket.com/vendors,,La Plata,market_city
Suzanne Alores,Durango Farmers Market,Durango,Artisan (Artesano),,"Suzanne Alores offers unique handmade crocheted clothing and household items created from natural fibers such as cotton, silk, hemp, linen, alpaca, angora and wool. Local suppliers for natural fibers",2026,https://www.durangofarmersmarket.com/vendors,,La Plata,market_city
Tempist Jade,Durango Farmers Market,Durango,Artisan (Artesano),,Handmade beaded adornments for everyday and ceremonial wear,2026,https://www.durangofarmersmarket.com/vendors,,La Plata,market_city
The Flying Hatter,Durango Farmers Market,Durango,Artisan (Artesano),,"The Flying Hatter is a woman- owned business specializing in traditional hat-making techniques. With our studio based in Durango, Colorado we focus on sustainable sources for all of our materials, in",2026,https://www.durangofarmersmarket.com/vendors,,La Plata,market_city
The Hidden Hand Candle Co.,Durango Farmers Market,Durango,Artisan (Artesano),,"Using both natural soy and coconut waxes, I reuse vintage glass containers and create beautiful, handmade, natural, long burning wooden wick candles that are one of a kind.",2026,https://www.durangofarmersmarket.com/vendors,,La Plata,market_city
True Radiance,Durango Farmers Market,Durango,Artisan (Artesano),,We source regenerative beef fat and local and organic ingredients to create tallow body butter products for your softest skin ever!,2026,https://www.durangofarmersmarket.com/vendors,,La Plata,market_city
Turtle Lake Country Gardens,Durango Farmers Market,Durango,Artisan (Artesano),,"Handcrafted dried flower designs created from an abundant selection of flowers cultivated in my garden, harvested then air dried, along with a variety of foraged botanicals. The dried flowers are crea",2026,https://www.durangofarmersmarket.com/vendors,,La Plata,market_city
Tuscan Sun Boutique,Durango Farmers Market,Durango,Artisan (Artesano),,"Handmade necklaces, earrings, and home decor made with real dried botanicals and other inclusions set in epoxy resin. Plus, high-quality 3D printed toys, figurines, and home decor, printed all from ou",2026,https://www.durangofarmersmarket.com/vendors,,La Plata,market_city
Wild Studio Art,Durango Farmers Market,Durango,Artisan (Artesano),,"Wild Studio creates visual and functional art that captures the power of the earth and shares the adventure that nature offers. Creations include original watercolor and acrylic paintings, polymer cla",2026,https://www.durangofarmersmarket.com/vendors,,La Plata,market_city
Wize Owl Handprints,Durango Farmers Market,Durango,Artisan (Artesano),,"I am a block printmaker who has lived in this area for 34 years and have been a printmaker for 40 years. My work is based on the Southwestern landscape, wildlife and plants found in our wilderness are",2026,https://www.durangofarmersmarket.com/vendors,,La Plata,market_city
Adaptive Sports Association,Durango Farmers Market,Durango,Informational Booth (Puesto informativo),,"The Adaptive Sports Association is a non-profit organization whose mission is to provide outdoor, sport and recreational experiences for people with disabilities. These activities are provided regardl",2026,https://www.durangofarmersmarket.com/vendors,,La Plata,market_city
Axis Health System,Durango Farmers Market,Durango,Informational Booth (Puesto informativo),,"Axis Health System is an integrated healthcare system that provides primary care, oral health care, and behavioral health care services. Visit our booth for information on our services, to receive nal",2026,https://www.durangofarmersmarket.com/vendors,,La Plata,market_city
Bike Durango,Durango Farmers Market,Durango,Informational Booth (Puesto informativo),,"Bike Durango is our town's advocacy organization for bicycle commuting and alternative transportation for vulnerable road users. We advocate, educate and inspire more folks to ditch their cars and use",2026,https://www.durangofarmersmarket.com/vendors,,La Plata,market_city
Colorado Parks and Wildlife,Durango Farmers Market,Durango,Informational Booth (Puesto informativo),,"​The mission of Colorado Parks and Wildlife is to perpetuate the wildlife resources of the state, to provide a quality state parks system, and to provide enjoyable and sustainable outdoor recreation o",2026,https://www.durangofarmersmarket.com/vendors,,La Plata,market_city
Durango Arts Center,Durango Farmers Market,Durango,Informational Booth (Puesto informativo),,The Durango Arts center is home to all ages fine art classes and theater. We host community events and provide access to the arts for the four corners region.,2026,https://www.durangofarmersmarket.com/vendors,,La Plata,market_city
Durango Botanic Gardens,Durango Farmers Market,Durango,Informational Booth (Puesto informativo),,"Durango Botanic Gardens are the volunteer organization that maintains the gardens around the Durango library for demonstration, education and inspiration to the community of Durango.",2026,https://www.durangofarmersmarket.com/vendors,,La Plata,market_city
Durango Magazine,Durango Farmers Market,Durango,Informational Booth (Puesto informativo),,"Durango Magazine is for people who love Durango. With award-winning excellence in design and a high-quality, standard-size magazine format, the publication is consistently attractive and compelling. I",2026,https://www.durangofarmersmarket.com/vendors,,La Plata,market_city
Durango PlayFest,Durango Farmers Market,Durango,Informational Booth (Puesto informativo),,"Durango PlayFest empowers playwrights by providing a collaborative environment to develop new work with professional actors and directors, culminating in thought-provoking play readings and talkbacks",2026,https://www.durangofarmersmarket.com/vendors,,La Plata,market_city
Durango Public Library,Durango Farmers Market,Durango,Informational Booth (Puesto informativo),,"The Durango Public Library enriches the community by providing an environment where information abounds, ideas flow, and imagination thrives.",2026,https://www.durangofarmersmarket.com/vendors,,La Plata,market_city
Durango Wild Soul,Durango Farmers Market,Durango,Informational Booth (Puesto informativo),,"Durango Wild Soul is a local non-profit nature connection organization. Through our multi-age programs, we provide rich, holistic, nature-based experiences rooted in indigenous and ancestral wisdom, t",2026,https://www.durangofarmersmarket.com/vendors,,La Plata,market_city
Earth Law Center (and Fort Lewis College),Durango Farmers Market,Durango,Informational Booth (Puesto informativo),,The Earth Law Center is an international ecocentric law firm based out of Durango. We work to give nature a voice in the legal system. We are proud to have co-created the first ever Board Seat for Nat,2026,https://www.durangofarmersmarket.com/vendors,,La Plata,market_city
Fort Lewis College Performing Arts Department,Durango Farmers Market,Durango,Informational Booth (Puesto informativo),,"Fort Lewis College Performing Arts theatre and music department provide first class music recitals, and theatre musical productions.",2026,https://www.durangofarmersmarket.com/vendors,,La Plata,market_city
Four Corners Gem and Mineral Club,Durango Farmers Market,Durango,Informational Booth (Puesto informativo),,"The Club is a nonprofit organization dedicated to the earth sciences, local geology and mining history, as well as rock hounding, lapidary and metalsmith arts. We offer an annual gem show, and the onl",2026,https://www.durangofarmersmarket.com/vendors,,La Plata,market_city
Friends of the Durango Public Library,Durango Farmers Market,Durango,Informational Booth (Puesto informativo),,The Friends of the Library is a non-profit organization that engages in fundraising activities on behalf of the Durango Public Library. The community's financial support helps us encourage literacy fo,2026,https://www.durangofarmersmarket.com/vendors,,La Plata,market_city
Good Food Collective,Durango Farmers Market,Durango,Informational Booth (Puesto informativo),,The good food collective is working on their eat local campaign which is designed to increase the connection between local producers and consumers. We have two main goals for the season including: hel,2026,https://www.durangofarmersmarket.com/vendors,,La Plata,market_city
Habitat for Humanity of La Plata County,Durango Farmers Market,Durango,Informational Booth (Puesto informativo),,"Habitat for Humanity of La Plata County is a nonprofit organization dedicated to building strength, stability, and self-reliance through affordable homeownership. We partner with local families, volun",2026,https://www.durangofarmersmarket.com/vendors,,La Plata,market_city
La Plata County Emergency Management,Durango Farmers Market,Durango,Informational Booth (Puesto informativo),,"La Plata County Emergency Management provides critical emergency alerts during fires and other emergencies, including evacuation orders. We have recently switched from the CodeRED emergency alerting s",2026,https://www.durangofarmersmarket.com/vendors,,La Plata,market_city
La Plata County Extension Master Gardeners,Durango Farmers Market,Durango,Informational Booth (Puesto informativo),,"The mission of Extension is to provide information and education and to encourage the application of research-based knowledge in response to local, state and national issues affecting individuals, you",2026,https://www.durangofarmersmarket.com/vendors,,La Plata,market_city
La Plata County League of Women Voters,Durango Farmers Market,Durango,Informational Booth (Puesto informativo),,The League of Women Voters is a nonpartisan political organization encouraging informed and active participation in government. It influences public policy through education and advocacy. We never sup,2026,https://www.durangofarmersmarket.com/vendors,,La Plata,market_city
La Plata County-Living With Wildlife Advisory Bopard,Durango Farmers Market,Durango,Informational Booth (Puesto informativo),,We are a non profit. Our mission is to educate the public how to safely live with wildlife and to protect wildlife in La Plata County. We usually team up with Colorado Department of Wildlife for tents,2026,https://www.durangofarmersmarket.com/vendors,,La Plata,market_city
La Plata Electric Association,Durango Farmers Market,Durango,Informational Booth (Puesto informativo),,"La Plata Electric Association (LPEA) is a member-owned, not-for-profit electric cooperative serving local communities in southwestern Colorado. Beginning April 1, 2026, LPEA will complete a transition",2026,https://www.durangofarmersmarket.com/vendors,,La Plata,market_city
La Plata Family Centers Coalition,Durango Farmers Market,Durango,Informational Booth (Puesto informativo),,"The La Plata Family Centers Coalition provides direct support to families: utility assistance, on-site food pantry, diapers, formula, children's clothing closet, community gardens and farm. In additio",2026,https://www.durangofarmersmarket.com/vendors,,La Plata,market_city
Pathfinder Chiropractic,Durango Farmers Market,Durango,Informational Booth (Puesto informativo),,We are a Neurological-Based Chiropractic Office located in Durango. We provide free neurological scans and nervous system education to the community through our Community Outreach Program!,2026,https://www.durangofarmersmarket.com/vendors,,La Plata,market_city
Planned Parenthood of the Rocky Mountains,Durango Farmers Market,Durango,Informational Booth (Puesto informativo),,"Planned Parenthood of the Rocky Mountains (PPRM) serves Colorado, New Mexico, and Wyoming providing compassionate, high-quality sexual and reproductive health care; non-judgmental and culturally-compe",2026,https://www.durangofarmersmarket.com/vendors,,La Plata,market_city
Project Healing Waters Fy Fishing,Durango Farmers Market,Durango,Informational Booth (Puesto informativo),,PHWFF is a national organization serving disabled veterans to assist in enriching their lives through camaraderie and group activities. The local chapter/club reaches participants in the Four Corners,2026,https://www.durangofarmersmarket.com/vendors,,La Plata,market_city
San Juan Basin Archeological Society,Durango Farmers Market,Durango,Informational Booth (Puesto informativo),,"The booth will be used to discuss the goal of our group . . . Promoting public awareness and preservation for archeological, historical, and cultural resources of the American Southwest since 1979. We",2026,https://www.durangofarmersmarket.com/vendors,,La Plata,market_city
San Juan Symphony,Durango Farmers Market,Durango,Informational Booth (Puesto informativo),,"The San Juan Symphony is the professional regional orchestra of the Four Corners, serving Southwest Colorado and Northwest New Mexico through inspiring live performances and educational enrichment pro",2026,https://www.durangofarmersmarket.com/vendors,,La Plata,market_city
SOIL Outdoor Learning Lab,Durango Farmers Market,Durango,Informational Booth (Puesto informativo),,"SOIL Outdoor Learning Lab, a project of Durango School District, provides garden and science education to DSD students and the community.",2026,https://www.durangofarmersmarket.com/vendors,,La Plata,market_city
Solar Barn Raising,Durango Farmers Market,Durango,Informational Booth (Puesto informativo),,"Solar Barn Raising is a community emPOWERed, education driven, solar installer. Operating throughout the Southwest, SBR combines technical expertise with volunteer engagement to educate the community",2026,https://www.durangofarmersmarket.com/vendors,,La Plata,market_city
"Southwest Regional Emergency & Trauma Advisory Council, LLC (SWRETAC)",Durango Farmers Market,Durango,Informational Booth (Puesto informativo),,SWRETAC's is a non-profit organization that represents regional EMS agencies and our hospitals to support initiatives that improve emergency and trauma services. Our vision is to develop a collaborati,2026,https://www.durangofarmersmarket.com/vendors,,La Plata,market_city
Southwest Sierra Club,Durango Farmers Market,Durango,Informational Booth (Puesto informativo),,"Sierra Club is the oldest, most influential nonprofit grassroots environmental organization in the nation. We are powered by volunteers. Our motto is Explore, Enjoy & Protect. We have outings to get p",2026,https://www.durangofarmersmarket.com/vendors,,La Plata,market_city
The Powerhouse,Durango Farmers Market,Durango,Informational Booth (Puesto informativo),,"The Powerhouse is Southwest Colorado's STEAM engine empowering curious young learners through interactive experiences, inquiry, and play Everyone who walks through our doors is captivated by the exhib",2026,https://www.durangofarmersmarket.com/vendors,,La Plata,market_city
TheMakerLab.org,Durango Farmers Market,Durango,Informational Booth (Puesto informativo),,"The MakerLab is a community-led makerspace in Southwest Colorado dedicated to providing a collaborative workspace, tools, equipment and resources to makers and artists in the area. We have a metal sho",2026,https://www.durangofarmersmarket.com/vendors,,La Plata,market_city
Anatolian Roasters,Durango Farmers Market,Durango,Ready to Eat Food or Beverage (Alimentos o bebidas listas para consumir),,We are Anatolian Farms offering the service of roasting green chiles as Anatolian Roasters. We'll be roasting Colorado-Grown green chiles of varying heat levels to ensure green chile roasting continue,2026,https://www.durangofarmersmarket.com/vendors,,La Plata,market_city
Camp Town Ladies,Durango Farmers Market,Durango,Ready to Eat Food or Beverage (Alimentos o bebidas listas para consumir),,We at Camp Town Ladies snacks and teas for the hungry hiker wanting to take homemade goods out on the trail or to simply enjoy while strolling around the market. We make new flavors and varieties week,2026,https://www.durangofarmersmarket.com/vendors,,La Plata,market_city
Cardinal Coffee,Durango Farmers Market,Durango,Ready to Eat Food or Beverage (Alimentos o bebidas listas para consumir),,Mobile coffee trailer,2026,https://www.durangofarmersmarket.com/vendors,,La Plata,market_city
Centaur Snack Co,Durango Farmers Market,Durango,Ready to Eat Food or Beverage (Alimentos o bebidas listas para consumir),,Centaur Snack Co focuses on paleo/ grain free snacks using clean/ high quality ingredients. These snacks are for health conscious individuals who care about what goes into their body. Intended to prov,2026,https://www.durangofarmersmarket.com/vendors,,La Plata,market_city
Chihuas burguer,Durango Farmers Market,Durango,Ready to Eat Food or Beverage (Alimentos o bebidas listas para consumir),,Hamburguesas y hotdog caseros con productor frecos locales,2026,https://www.durangofarmersmarket.com/vendors,,La Plata,market_city
"Cloud Forest Cacao, LLC (formerly Beans and Berries)",Durango Farmers Market,Durango,Ready to Eat Food or Beverage (Alimentos o bebidas listas para consumir),,"Our food collective brings exceptionally high quality ceremonial and medicinal superfoods to our customers. We primarily focus on cacao as our primary ingredient for making small batch, artisan produc",2026,https://www.durangofarmersmarket.com/vendors,,La Plata,market_city
Cow Camp Kettle Corn,Durango Farmers Market,Durango,Ready to Eat Food or Beverage (Alimentos o bebidas listas para consumir),,"At Cow Camp Kettle Corn , we bring the flavor and tradition of old-fashioned kettle corn to farmers markets, rodeos, and community events across Southwest Colorado. Our kettle corn is freshly hand-pop",2026,https://www.durangofarmersmarket.com/vendors,,La Plata,market_city
Durango Natural Foods Deli,Durango Farmers Market,Durango,Ready to Eat Food or Beverage (Alimentos o bebidas listas para consumir),,"Located inside of the Durango Natural Foods Co-op, the DNF Deli offers a wide array of breakfast, lunch, dinner, and grab-n-go items. We use exclusively the best organic or natural ingredients, dubbin",2026,https://www.durangofarmersmarket.com/vendors,,La Plata,market_city
EsoTerra Inc,Durango Farmers Market,Durango,Ready to Eat Food or Beverage (Alimentos o bebidas listas para consumir),,EsoTerra is North America's highest elevation estate winery located 15 minutes south of the Durango Farmer's Market. We have 250 varieties of apple trees planted in conservatio[n and over 50 varieties,2026,https://www.durangofarmersmarket.com/vendors,,La Plata,market_city
Fenceline Cider,Durango Farmers Market,Durango,Ready to Eat Food or Beverage (Alimentos o bebidas listas para consumir),,"Rooted along the upper tributaries of the Colorado River, Fenceline was founded with a curiosity and admiration for wild and historic apples. Reviving the region's cider traditions, our cider is craft",2026,https://www.durangofarmersmarket.com/vendors,,La Plata,market_city
Graze Colorado,Durango Farmers Market,Durango,Ready to Eat Food or Beverage (Alimentos o bebidas listas para consumir),,"Graze Colorado is a locally owned charcuterie, bakery and bistro based in Durango, built around one simple idea: celebrate the incredible producers of Southwest Colorado. We proudly source as close to",2026,https://www.durangofarmersmarket.com/vendors,,La Plata,market_city
Hoopla Ice Cream,Durango Farmers Market,Durango,Ready to Eat Food or Beverage (Alimentos o bebidas listas para consumir),,"Hoopla Ice Cream is a mobile ice cream trailer bringing a playful, flavorful experience directly to your favorite events, local pop-ups, emphasizing creativity, quality, and fun. At the heart of our a",2026,https://www.durangofarmersmarket.com/vendors,,La Plata,market_city
Longdoo co,Durango Farmers Market,Durango,Ready to Eat Food or Beverage (Alimentos o bebidas listas para consumir),,"Handmade Asian Bakery and treats. We make make Asian bakery, milk teas, boa buns, dumplings. We specialize in Japanese Milk Bread.",2026,https://www.durangofarmersmarket.com/vendors,,La Plata,market_city
Love 'N Juice,Durango Farmers Market,Durango,Ready to Eat Food or Beverage (Alimentos o bebidas listas para consumir),,"We are healthy & fresh cold pressed juices & wellness shots from fresh fruits & local vegetables. We also offer smoothies, delicious acai bowls with fresh fruits local toppings. Juicing has become inc",2026,https://www.durangofarmersmarket.com/vendors,,La Plata,market_city
Luv Box LLC DBA Luv Tempeh,Durango Farmers Market,Durango,Ready to Eat Food or Beverage (Alimentos o bebidas listas para consumir),,"We make artisan handmade small batch living soy-free tempeh & other fermented foods in Durango, Colorado. We use mostly organic ingredients and Colorado-grown when possible. Tempeh has a meaty texture",2026,https://www.durangofarmersmarket.com/vendors,,La Plata,market_city
Malu's Kitchen,Durango Farmers Market,Durango,Ready to Eat Food or Beverage (Alimentos o bebidas listas para consumir),,Food vendor serving local farmers market produce,2026,https://www.durangofarmersmarket.com/vendors,,La Plata,market_city
Mazí,Durango Farmers Market,Durango,Ready to Eat Food or Beverage (Alimentos o bebidas listas para consumir),,"We are Mazi! Mazi is Greek for ""together."" In it's original concept, Mazi is an evening cafe that provides a third place for the Durango community. Mazi offers multicultural hot beverages and cocktail",2026,https://www.durangofarmersmarket.com/vendors,,La Plata,market_city
Mighty Mike's Foods,Durango Farmers Market,Durango,Ready to Eat Food or Beverage (Alimentos o bebidas listas para consumir),,"Mighty Mike's Foods was born in Colorado in 2016, and was the winner of the 1st ever Food Edition of Trout Tank put on by the Denver SBCA. Mighty Mike's made organic Kale Chips, Broccoli Crunchers and",2026,https://www.durangofarmersmarket.com/vendors,,La Plata,market_city
Mountain Stir Fry,Durango Farmers Market,Durango,Ready to Eat Food or Beverage (Alimentos o bebidas listas para consumir),,"Mountain Stir Fry sources local and organic ingredients to create healthy, delicious food to nourish the community.",2026,https://www.durangofarmersmarket.com/vendors,,La Plata,market_city
Munch Munch Bakery,Durango Farmers Market,Durango,Ready to Eat Food or Beverage (Alimentos o bebidas listas para consumir),,"We are a home bakery that started in 2023. We provide delicious cookies, quick breads, croissants, and more! We rotate flavors depending on the season and what is locally available.",2026,https://www.durangofarmersmarket.com/vendors,,La Plata,market_city
Neighborhood Coffee Co.,Durango Farmers Market,Durango,Ready to Eat Food or Beverage (Alimentos o bebidas listas para consumir),,"Neighborhood Coffee Co is a mobile coffee bar that specializes in community gatherings, festivals, markets, and private events. We use high quality, local ingredients and house made syrups to create s",2026,https://www.durangofarmersmarket.com/vendors,,La Plata,market_city
Odd Bird Baking Co.,Durango Farmers Market,Durango,Ready to Eat Food or Beverage (Alimentos o bebidas listas para consumir),,"Odd Bird is a small-batch craft bakery that focuses on cakes, pies and pastries that are seasonally and locally inspired. All elements are scratch-made and curated to provide a memorable food experien",2026,https://www.durangofarmersmarket.com/vendors,,La Plata,market_city
Old Myth Chocolates LLC,Durango Farmers Market,Durango,Ready to Eat Food or Beverage (Alimentos o bebidas listas para consumir),,Locally made bean-to-bar chocolate with beans sourced from Belize and Haiti. Truffles of unique flavors staring ingredients from local businesses!,2026,https://www.durangofarmersmarket.com/vendors,,La Plata,market_city
Peaks Pie,Durango Farmers Market,Durango,Ready to Eat Food or Beverage (Alimentos o bebidas listas para consumir),,"Artisanal handmade pies using local, seasonal, and organic ingredients to capture the beauty of fresh food. No Corn Syrup or Corn Starch. Cottage industry home bakery.",2026,https://www.durangofarmersmarket.com/vendors,,La Plata,market_city
Pupuseria Torogoz,Durango Farmers Market,Durango,Ready to Eat Food or Beverage (Alimentos o bebidas listas para consumir),,Pupuseria Torogoz specializes in pupusas (handmade corn tortillas stuffed with variety of delicious ingredients it also include sides like tomato sauce and curtido - a tangy pickled cabbage slaw) refl,2026,https://www.durangofarmersmarket.com/vendors,,La Plata,market_city
Serious Delights,Durango Farmers Market,Durango,Ready to Eat Food or Beverage (Alimentos o bebidas listas para consumir),,"Family owned and operated bakery. Hand crafted bread and other delightful baked goods, made from scratch everyday.",2026,https://www.durangofarmersmarket.com/vendors,,La Plata,market_city
Shelby Shakes,Durango Farmers Market,Durango,Ready to Eat Food or Beverage (Alimentos o bebidas listas para consumir),,"Shelby Shakes saves grains from local breweries in Durango (Steamworks & Carvers) and upcycles them into delicious granola! Made of ""spent"" barley, wheat, and oats, our rescued grain base is lower in",2026,https://www.durangofarmersmarket.com/vendors,,La Plata,market_city
Ska Brewing Company,Durango Farmers Market,Durango,Ready to Eat Food or Beverage (Alimentos o bebidas listas para consumir),,It takes characters to brew beer with character. Brewing the finest suds in the Four Corners since 1995.,2026,https://www.durangofarmersmarket.com/vendors,,La Plata,market_city
Sunbird,Durango Farmers Market,Durango,Ready to Eat Food or Beverage (Alimentos o bebidas listas para consumir),,"Sunbird's shrubs and fruit-infused vinegars are handcrafted in Dolores, CO. Our shrubs are made in small batches using all raw, organic apple cider vinegar, locally harvested fruit, and herbs that hig",2026,https://www.durangofarmersmarket.com/vendors,,La Plata,market_city
Sutcliffe Vineyards,Durango Farmers Market,Durango,Ready to Eat Food or Beverage (Alimentos o bebidas listas para consumir),,"Our grapes are grown at the Sutcliffe & Castillo vineyards in McElmo Canyon. And additionally purchased from select growers in Palisade, CO. We also make wine in Paso Robles, CA under the direction of",2026,https://www.durangofarmersmarket.com/vendors,,La Plata,market_city
The Durango Pickle Guy,Durango Farmers Market,Durango,Ready to Eat Food or Beverage (Alimentos o bebidas listas para consumir),,"I started making my pickles in august of 2024, and what began as a hobby very quickly ran away from me! I was lucky enough to be able to do some R.N.D. at Esoterra Ciderworks, and have 3 regular varie",2026,https://www.durangofarmersmarket.com/vendors,,La Plata,market_city
"Them Cakes, Dough Bakery & Catering",Durango Farmers Market,Durango,Ready to Eat Food or Beverage (Alimentos o bebidas listas para consumir),,"Them Cakes, Dough Bakery & Catering is an Asian fusion bakery and food trailer. We offer a large assortment of baked goods all made from scratch, including bagels, cinnamon rolls, flavored rolls, stuf",2026,https://www.durangofarmersmarket.com/vendors,,La Plata,market_city
Tortilleria La Flor,Durango Farmers Market,Durango,Ready to Eat Food or Beverage (Alimentos o bebidas listas para consumir),,"Made fresh daily corn flour tortillas Authentic Mexican food, mexican products… family own business",2026,https://www.durangofarmersmarket.com/vendors,,La Plata,market_city
Uncle's Fixins,Durango Farmers Market,Durango,Ready to Eat Food or Beverage (Alimentos o bebidas listas para consumir),,"Local food truck providing delicious homemade foods, drinks and desserts. Our mantra is perfecting the art of comfort food...",2026,https://www.durangofarmersmarket.com/vendors,,La Plata,market_city
Wordplay Coffee,Durango Farmers Market,Durango,Ready to Eat Food or Beverage (Alimentos o bebidas listas para consumir),,"Wordplay Coffee is a mobile coffee cart inspired by specialty coffee, creative conversations, and good books. We serve drip coffee, espresso drinks, chai, matcha, iced tea, and seasonal beverages. Our",2026,https://www.durangofarmersmarket.com/vendors,,La Plata,market_city
Chris Young Knives,Durango Farmers Market,Durango,Service (Servicio),,My company is new to Durango. I make custom knives and sharpen knives.,2026,https://www.durangofarmersmarket.com/vendors,,La Plata,market_city
DuranGoats LLC,Durango Farmers Market,Durango,Service (Servicio),,"DuranGoats uses goats to reduce wildfire fuel loads and invasive weed species. With their uniquely vigorous appetites and digestive systems, goats will eliminate hazardous underbrush in fire-prone are",2026,https://www.durangofarmersmarket.com/vendors,,La Plata,market_city
Heart to Hands Massage Therapy,Durango Farmers Market,Durango,Service (Servicio),,Chair way to Heaven-Chair Massage Booth,2026,https://www.durangofarmersmarket.com/vendors,,La Plata,market_city
ImInMotion Wellness Studio,Durango Farmers Market,Durango,Service (Servicio),,Assisted Stretching Sessions,2026,https://www.durangofarmersmarket.com/vendors,,La Plata,market_city
Mountain Medicine Acupuncture,Durango Farmers Market,Durango,Service (Servicio),,"Integrative Health and Wellness. We offer de-stress acupuncture, holistic medical consultation, diet & nutrition recommendations, local and regionally sourced natural herbal remedies, as well as welln",2026,https://www.durangofarmersmarket.com/vendors,,La Plata,market_city
NakedCat Beauty,Durango Farmers Market,Durango,Service (Servicio),,"NakedCat Beauty is a boutique esthetics studio based in Durango, Colorado, specializing in Brazilian waxing and expert brow waxing. Our approach blends precision technique with genuine connection - cr",2026,https://www.durangofarmersmarket.com/vendors,,La Plata,market_city
Shining Shimmers,Durango Farmers Market,Durango,Service (Servicio),,"Business Description: I will be providing our Durango community with shimmering hair tinsel and feathers for their hair! I can provide these glittering hair extensions to women, men and children with",2026,https://www.durangofarmersmarket.com/vendors,,La Plata,market_city
Wild Mountain Forge,Durango Farmers Market,Durango,Service (Servicio),,"We are Wild Mountain Forge, a small business located in Mancos, Colorado. Owner and craftsman, David Root, hand forges all of our knives one at a time, in small batches using traditional Japanese blad",2026,https://www.durangofarmersmarket.com/vendors,,La Plata,market_city
Cafe au Play,Durango Farmers Market,Durango,Sponsor (Patrocinador),,"Looking for a place where little ones can play, explore, and grow while caregivers connect and recharge? ✨ At Café au Play in Durango, families will find a welcoming community space designed for young",2026,https://www.durangofarmersmarket.com/vendors,,La Plata,market_city
City of Durango,Durango Farmers Market,Durango,Sponsor (Patrocinador),,City of Durango services from various departments,2026,https://www.durangofarmersmarket.com/vendors,,La Plata,market_city
Clearnetworx,Durango Farmers Market,Durango,Sponsor (Patrocinador),,"Clearnetworx is a fiber internet service provider based in Montrose, Colorado, delivering high-performance fiber-optic and fixed wireless broadband solutions to residential, business, and enterprise c",2026,https://www.durangofarmersmarket.com/vendors,,La Plata,market_city
Durango Bluegrass Meltdown,Durango Farmers Market,Durango,Sponsor (Patrocinador),,"The Durango Bluegrass Meltdown is an annual spring music festival held in downtown Durango, Colorado. It features multi-day indoor and outdoor performances, workshops, a band contest, an old-time barn",2026,https://www.durangofarmersmarket.com/vendors,,La Plata,market_city
Durango Chamber of Commerce,Durango Farmers Market,Durango,Sponsor (Patrocinador),,"The Durango Chamber of Commerce is the premier business network for La Plata County. We help local businesses grow through networking, events, advocacy, marketing support, and resources built for the",2026,https://www.durangofarmersmarket.com/vendors,,La Plata,market_city
Four Corners Broadcasting,Durango Farmers Market,Durango,Sponsor (Patrocinador),,"We are LIVE! We are LOCAL! We are COMMUNITY! Four Corners Broadcasting is proud to serve the four corners region for over 85 years. We have four distinctive radio stations, KIQX-FM, KIUP-AM, KKDC-FM &",2026,https://www.durangofarmersmarket.com/vendors,,La Plata,market_city
Girls on the Run of Western Colorado,Durango Farmers Market,Durango,Sponsor (Patrocinador),,"Girls on the Run has fun, evidence-based programs that inspire participants to recognize their inner strength, increase their level of physical activity, imagine their possibilities, and confidently s",2026,https://www.durangofarmersmarket.com/vendors,,La Plata,market_city
Kiwanis Club of Durango,Durango Farmers Market,Durango,Sponsor (Patrocinador),,Kiwanis Club of Durango is a non profit civic organization that supports the children in our community.,2026,https://www.durangofarmersmarket.com/vendors,,La Plata,market_city
MARIA'S LITERARY FOUNDATION,Durango Farmers Market,Durango,Sponsor (Patrocinador),,"Maria's Literary Foundation builds community connection by expanding access to books and storytelling. We envision a caring, curious, and diverse Four Corners community of readers and writers where ev",2026,https://www.durangofarmersmarket.com/vendors,,La Plata,market_city
Mercy Hospital,Durango Farmers Market,Durango,Sponsor (Patrocinador),,Mercy Hospital,2026,https://www.durangofarmersmarket.com/vendors,,La Plata,market_city
Oktoberfest 2026,Durango Farmers Market,Durango,Sponsor (Patrocinador),,"Oktoberfest at Buckley Park | September 26 & 27 Join us for a family-friendly weekend of Oktoberfest fun at Buckley Park! Enjoy live music, German-inspired food and drinks, activities for all ages, an",2026,https://www.durangofarmersmarket.com/vendors,,La Plata,market_city
Pediatric Partners of the SW,Durango Farmers Market,Durango,Sponsor (Patrocinador),,"Pediatric Partners of the Southwest was founded in July 2005 with the mission of providing high-quality, compassionate, and holistic pediatric care to the babies, children and adolescents of our commu",2026,https://www.durangofarmersmarket.com/vendors,,La Plata,market_city
REI,Durango Farmers Market,Durango,Sponsor (Patrocinador),,"Opt Outside Those two words express us best. When given a choice, life is better when you choose to go outside. It doesn't have to be up a mountain and it doesn't have to be for weeks. But getting out",2026,https://www.durangofarmersmarket.com/vendors,,La Plata,market_city
Renewal by Andersen,Durango Farmers Market,Durango,Sponsor (Patrocinador),,The start-to-finish window replacement division of Andersen Windows.,2026,https://www.durangofarmersmarket.com/vendors,,La Plata,market_city
Seed Studio,Durango Farmers Market,Durango,Sponsor (Patrocinador),,"Planting seeds of mindfulness, self expression, and creativity through art, Seed Studio curates art programs rooted in process art principles, combined with contemporary trends, and loaded with indivi",2026,https://www.durangofarmersmarket.com/vendors,,La Plata,market_city
Shaw Solar,Durango Farmers Market,Durango,Sponsor (Patrocinador),,"Shaw Solar is the premier Solar, Energy Storage and Heating & Cooling contractor in SW Colorado. We design, install and maintain everything you need for energy independence, and do it with matchless e",2026,https://www.durangofarmersmarket.com/vendors,,La Plata,market_city
Silver Mountain Pediatrics,Durango Farmers Market,Durango,Sponsor (Patrocinador),,We are a newly opened pediatric practice that has signed up to host the Oct 24 Kids Booth; we are a full service pediatric practice,2026,https://www.durangofarmersmarket.com/vendors,,La Plata,market_city
Sunward,Durango Farmers Market,Durango,Sponsor (Patrocinador),,"Sunward Credit Union has been helping people feel confident about their money since 1948. What began with a small group of Sandia National Laboratories employees has grown into a thriving, member‑owne",2026,https://www.durangofarmersmarket.com/vendors,,La Plata,market_city
Taste the Market: Guest Chef Program,Durango Farmers Market,Durango,Sponsor (Patrocinador),,Taste the Market Experience the farmers market in a whole new way. Taste the Market is a live cooking demonstration that showcases the incredible flavors of the Durango Farmers Market. Local chefs cre,2026,https://www.durangofarmersmarket.com/vendors,,La Plata,market_city
TBK Bank,Durango Farmers Market,Durango,Sponsor (Patrocinador),,"Focused on meeting client needs, TBK Bank offers consumer, business, and commercial banking products and solutions through our branches in Colorado, Illinois, Iowa, Kansas, New Mexico, and Texas. We s",2026,https://www.durangofarmersmarket.com/vendors,,La Plata,market_city
The Farmers Table,Durango Farmers Market,Durango,Sponsor (Patrocinador),,"Great food starts with great farmers. The Farmers Table brings together the farmers, ranchers, and chefs behind the Durango Farmers Market for an evening built around fresh, local ingredients and the",2026,https://www.durangofarmersmarket.com/vendors,,La Plata,market_city
The Hive DGO,Durango Farmers Market,Durango,Sponsor (Patrocinador),,"The Hive is a local youth centered community hub who will be providing youth activities during the Farmers Market. Some activities include mini skatepark with skateboard painting/gripping, fabric arts",2026,https://www.durangofarmersmarket.com/vendors,,La Plata,market_city
Tri-County Head Start,Durango Farmers Market,Durango,Sponsor (Patrocinador),,"Head Start is the national commitment to give every child, regardless of circumstances at birth, an opportunity to succeed in school and in life. Each year, the TCHS program serves over 300 children,",2026,https://www.durangofarmersmarket.com/vendors,,La Plata,market_city
Visit Durango,Durango Farmers Market,Durango,Sponsor (Patrocinador),,"Visit Durango is your official Durango travel planning resource. Let us be your guide to all the events, things to do, and places to stay in Durango and La Plata County. We provide visitors with detai",2026,https://www.durangofarmersmarket.com/vendors,,La Plata,market_city
BEACH YOGA LOVE,Eagle Farmers Market,Edwards,,,,2024,https://www.eaglefarmersmarketandartshow.com/2024-vendors,,Eagle,market_city
BLACK CAT BLOSSOMS,Eagle Farmers Market,Edwards,,,,2024,https://www.eaglefarmersmarketandartshow.com/2024-vendors,,Eagle,market_city
CAT SCHMITZ ART,Eagle Farmers Market,Edwards,,,,2024,https://www.eaglefarmersmarketandartshow.com/2024-vendors,,Eagle,market_city
DESSERT LAB CO,Eagle Farmers Market,Edwards,,,,2024,https://www.eaglefarmersmarketandartshow.com/2024-vendors,,Eagle,market_city
FLOUR POWER,Eagle Farmers Market,Edwards,,,,2024,https://www.eaglefarmersmarketandartshow.com/2024-vendors,,Eagle,market_city
GULA WELLNESS,Eagle Farmers Market,Edwards,,,,2024,https://www.eaglefarmersmarketandartshow.com/2024-vendors,,Eagle,market_city
JUNIPERS EVE LLC,Eagle Farmers Market,Edwards,,,,2024,https://www.eaglefarmersmarketandartshow.com/2024-vendors,,Eagle,market_city
KOGLER'S BAKERY,Eagle Farmers Market,Edwards,,,,2024,https://www.eaglefarmersmarketandartshow.com/2024-vendors,,Eagle,market_city
LA MONTAGNE DES SAVEURS,Eagle Farmers Market,Edwards,,,,2024,https://www.eaglefarmersmarketandartshow.com/2024-vendors,,Eagle,market_city
LIFETIME WINDOWS & SIDING,Eagle Farmers Market,Edwards,,,,2024,https://www.eaglefarmersmarketandartshow.com/2024-vendors,,Eagle,market_city
LOREDANAS,Eagle Farmers Market,Edwards,,,,2024,https://www.eaglefarmersmarketandartshow.com/2024-vendors,,Eagle,market_city
MTN GARFIELD FARM,Eagle Farmers Market,Edwards,,,,2024,https://www.eaglefarmersmarketandartshow.com/2024-vendors,medium,Eagle,market_city
MYSTICAL WONDERS,Eagle Farmers Market,Edwards,,,,2024,https://www.eaglefarmersmarketandartshow.com/2024-vendors,,Eagle,market_city
PASTATIVELY,Eagle Farmers Market,Edwards,,,,2024,https://www.eaglefarmersmarketandartshow.com/2024-vendors,,Eagle,market_city
SOFRA TEXTILES,Eagle Farmers Market,Edwards,,,,2024,https://www.eaglefarmersmarketandartshow.com/2024-vendors,,Eagle,market_city
SPINNIN' SAMMIES,Eagle Farmers Market,Edwards,,,,2024,https://www.eaglefarmersmarketandartshow.com/2024-vendors,,Eagle,market_city
STAR LUX JEWELS,Eagle Farmers Market,Edwards,,,,2024,https://www.eaglefarmersmarketandartshow.com/2024-vendors,,Eagle,market_city
THE STONE FRUIT COMPANY LLC,Eagle Farmers Market,Edwards,,,,2024,https://www.eaglefarmersmarketandartshow.com/2024-vendors,,Eagle,market_city
THE WHOLE EMPANADA,Eagle Farmers Market,Edwards,,,,2024,https://www.eaglefarmersmarketandartshow.com/2024-vendors,,Eagle,market_city
TRANCEPLANT MEDICINIALS,Eagle Farmers Market,Edwards,,,,2024,https://www.eaglefarmersmarketandartshow.com/2024-vendors,,Eagle,market_city
VAIL MEAT CO,Eagle Farmers Market,Edwards,,,,2024,https://www.eaglefarmersmarketandartshow.com/2024-vendors,medium,Eagle,market_city
7Anubis Farms,Erie Farmers Market,Erie,Farms • Orchards • Flowers • Plants,,"Berkshire pork - whole, half, bundles, cuts. Chicken - whole, cuts. Duck - whole, cuts. Market garden vegetables (when in season) Eggs",2026,https://realfarmersmarketco.com/erie-farmers-market/,strong,Weld,market_city
Aquarius Gardens LLC,Erie Farmers Market,Erie,Farms • Orchards • Flowers • Plants,,"At Aquarius Gardens we offer beautiful house plants in unique, vintage, and upcycled pots.",2026,https://realfarmersmarketco.com/erie-farmers-market/,strong,Weld,market_city
Aragon Farms,Erie Farmers Market,Erie,Farms • Orchards • Flowers • Plants,,"Grass-Fed Beef: no hormones or antibiotics. Farm Honey , Tallow Products, Free-Range Eggs.",2026,https://realfarmersmarketco.com/erie-farmers-market/,strong,Weld,market_city
Eat A Peach Farms,Erie Farmers Market,Erie,Farms • Orchards • Flowers • Plants,,Fruits and vegetables. Lavender,2026,https://realfarmersmarketco.com/erie-farmers-market/,strong,Weld,market_city
Forte fruits inc,Erie Farmers Market,Erie,Farms • Orchards • Flowers • Plants,,Fresh palisade fruit!,2026,https://realfarmersmarketco.com/erie-farmers-market/,strong,Weld,market_city
Front Range Flower Farm,Erie Farmers Market,Erie,Farms • Orchards • Flowers • Plants,,"A woman-owned and family-operated farm, we grow flowers, produce, and houseplants naturally!",2026,https://realfarmersmarketco.com/erie-farmers-market/,strong,Weld,market_city
Green Yams LLC,Erie Farmers Market,Erie,Farms • Orchards • Flowers • Plants,,,2026,https://realfarmersmarketco.com/erie-farmers-market/,strong,Weld,market_city
Mortons Organic Orchards,Erie Farmers Market,Erie,Farms • Orchards • Flowers • Plants,,"Family-farmed. Tree-ripened. Certified Organic: Apples, Apricots, Apriums, Asian Pears, Cherries (sweet & tart), Nectarines, peaches, Pears, Plums, Pluots. YUM! Also Organic: Blackberries, Garden Huck",2026,https://realfarmersmarketco.com/erie-farmers-market/,strong,Weld,market_city
Mutual Dream Farm,Erie Farmers Market,Erie,Farms • Orchards • Flowers • Plants,,"Farm-raised Goat Meat and handcrafted goat milk soaps, bath bombs, & shave bars.",2026,https://realfarmersmarketco.com/erie-farmers-market/,strong,Weld,market_city
Petalers at The Chillstead,Erie Farmers Market,Erie,Farms • Orchards • Flowers • Plants,,"Locally grown flowers and herbs! Build your own bouquets. We are Passionate, Purposeful and Plant-Obsessed!",2026,https://realfarmersmarketco.com/erie-farmers-market/,strong,Weld,market_city
Tabor Acres,Erie Farmers Market,Erie,Farms • Orchards • Flowers • Plants,,Flowers ~ Farm grown and fresh cut,2026,https://realfarmersmarketco.com/erie-farmers-market/,strong,Weld,market_city
The Neighborhood Plant Plug,Erie Farmers Market,Erie,Farms • Orchards • Flowers • Plants,,,2026,https://realfarmersmarketco.com/erie-farmers-market/,strong,Weld,market_city
Enhanced Being,Erie Farmers Market,Erie,Health • Wellness • Beauty,,Locally made wellness goods using functional mushrooms and 100% Colorado-sourced ingredients to nourish the body and elevate daily rituals.,2026,https://realfarmersmarketco.com/erie-farmers-market/,,Weld,market_city
Jo's Body Shop,Erie Farmers Market,Erie,Health • Wellness • Beauty,,"Jo's Body Shop is a self care and wellness brand based in Aurora, Colorado and we put a fun and eco-friendly spin on self-care and wellness essentials.",2026,https://realfarmersmarketco.com/erie-farmers-market/,,Weld,market_city
Leanna Organics,Erie Farmers Market,Erie,Health • Wellness • Beauty,,,2026,https://realfarmersmarketco.com/erie-farmers-market/,,Weld,market_city
Taspens's Organics,Erie Farmers Market,Erie,Health • Wellness • Beauty,,Organic healing and wellness products,2026,https://realfarmersmarketco.com/erie-farmers-market/,,Weld,market_city
Briggs Street Books and Music,Erie Farmers Market,Erie,Jewelry • Art • Clothing,,"We are an independent Book and Record store in Old Town Erie. We offer a wide variety of books, records, and gifts.",2026,https://realfarmersmarketco.com/erie-farmers-market/,,Weld,market_city
Don's Handcrafted Gifts,Erie Farmers Market,Erie,Jewelry • Art • Clothing,,exotic wood products for cooking and entertaining,2026,https://realfarmersmarketco.com/erie-farmers-market/,,Weld,market_city
Five Petals Design LLC,Erie Farmers Market,Erie,Jewelry • Art • Clothing,,"Handmade crochet plushies, bag charms, and more, plus handmade jewelry!",2026,https://realfarmersmarketco.com/erie-farmers-market/,,Weld,market_city
Gutters,Erie Farmers Market,Erie,Jewelry • Art • Clothing,,Second hand goods.,2026,https://realfarmersmarketco.com/erie-farmers-market/,,Weld,market_city
Mongoose Design,Erie Farmers Market,Erie,Jewelry • Art • Clothing,,Custom 3D Maps and Laser Art,2026,https://realfarmersmarketco.com/erie-farmers-market/,,Weld,market_city
Moss & Moon Ceramics,Erie Farmers Market,Erie,Jewelry • Art • Clothing,,Handmade nature-inspired pottery and ceramics.,2026,https://realfarmersmarketco.com/erie-farmers-market/,,Weld,market_city
Not Your Average Cooper LLC,Erie Farmers Market,Erie,Jewelry • Art • Clothing,,We specialize in hand-forged knives and jewelry and homemade leather goods and assorted home goods.,2026,https://realfarmersmarketco.com/erie-farmers-market/,,Weld,market_city
PAMELA DUPLAT @iloveamano,Erie Farmers Market,Erie,Jewelry • Art • Clothing,,,2026,https://realfarmersmarketco.com/erie-farmers-market/,,Weld,market_city
Boulder Vet Center-Department of Veterans Affairs,Erie Farmers Market,Erie,Non-Profit,,,2026,https://realfarmersmarketco.com/erie-farmers-market/,,Weld,market_city
CSU Extension Master Gardeners,Erie Farmers Market,Erie,Non-Profit,,Free unbiased and science backed information for home gardeners.,2026,https://realfarmersmarketco.com/erie-farmers-market/,,Weld,market_city
AlcheMeats,Erie Farmers Market,Erie,Packaged & Prepared Goods,,Seasonings and BBQ Rubs,2026,https://realfarmersmarketco.com/erie-farmers-market/,,Weld,market_city
Bjorn's Colorado Honey,Erie Farmers Market,Erie,Packaged & Prepared Goods,,"Björn's Colorado Honey offers local Colorado honey and bee-pollen plus hive-based skincare featuring beeswax, honey, and propolis. We are small-batch, local, honey producers based in Brighton with hiv",2026,https://realfarmersmarketco.com/erie-farmers-market/,,Weld,market_city
BLISSTIX,Erie Farmers Market,Erie,Packaged & Prepared Goods,,BLISSTIX provides a premier jerky experience in every taste. Our dedication to quality and health can be experienced in every bite. Each time you bite in to one of our beef sticks you will enjoy that,2026,https://realfarmersmarketco.com/erie-farmers-market/,,Weld,market_city
Bruna's Cheese Bread,Erie Farmers Market,Erie,Packaged & Prepared Goods,,"Bruna's Cheese Bread brings you delicious, gluten-free, grain-free, and soy-free cheese bread balls - golden, cheesy, and ready to bake! Perfect for breakfast, a quick snack, appetizers, or dinner rol",2026,https://realfarmersmarketco.com/erie-farmers-market/,,Weld,market_city
Casa Crobu,Erie Farmers Market,Erie,Packaged & Prepared Goods,,"We are a small family owned business. We make Take & Bake Lasagna and we make everything from scratch. We believe there is no better way to spend time with family, get to know a new culture, or to mak",2026,https://realfarmersmarketco.com/erie-farmers-market/,,Weld,market_city
Cheez Me LLC,Erie Farmers Market,Erie,Packaged & Prepared Goods,,"We are a small, local cheese producer specializing in handcrafted fresh cheeses, with a focus on soft styles and cream cheeses made from locally sourced milk. All of our cheeses are produced in small",2026,https://realfarmersmarketco.com/erie-farmers-market/,,Weld,market_city
Confetti Confections,Erie Farmers Market,Erie,Packaged & Prepared Goods,,Sparkling Lemonade Boba,2026,https://realfarmersmarketco.com/erie-farmers-market/,,Weld,market_city
Cream City Market,Erie Farmers Market,Erie,Packaged & Prepared Goods,,"Wisconsin-made Cheddar Cheese curds, Mozarella String Cheese, Genuine WI Brick Cheese and flavored butters",2026,https://realfarmersmarketco.com/erie-farmers-market/,,Weld,market_city
DAR CHOCOLATE,Erie Farmers Market,Erie,Packaged & Prepared Goods,,"Artisan chocolate made from meticulously selected cacao, wrapped in artwork by different artists. ALL CHOCOLATES ARE MADE IN OUR BOUTIQUE CHOCOLATE FACTORY IN THORNTON",2026,https://realfarmersmarketco.com/erie-farmers-market/,,Weld,market_city
Doughology,Erie Farmers Market,Erie,Packaged & Prepared Goods,,"Gluten free, dairy free, and more allergen friendly baked goods!",2026,https://realfarmersmarketco.com/erie-farmers-market/,,Weld,market_city
Drizzle & Crunch,Erie Farmers Market,Erie,Packaged & Prepared Goods,,Pistachio Paste,2026,https://realfarmersmarketco.com/erie-farmers-market/,,Weld,market_city
Erie Sourdough LLC,Erie Farmers Market,Erie,Packaged & Prepared Goods,,Small batch sourdough bread and baked goods made with organic flours.,2026,https://realfarmersmarketco.com/erie-farmers-market/,,Weld,market_city
Forever Spicy LLC,Erie Farmers Market,Erie,Packaged & Prepared Goods,,We make and produce small batch hot sauce and chili oils with organic and as local to Colorado ingredients as possible.,2026,https://realfarmersmarketco.com/erie-farmers-market/,,Weld,market_city
Franks BBQ Trading Post,Erie Farmers Market,Erie,Packaged & Prepared Goods,,BBQ Rubs and BBQ Sauces,2026,https://realfarmersmarketco.com/erie-farmers-market/,,Weld,market_city
Great Harvest,Erie Farmers Market,Erie,Packaged & Prepared Goods,,"Bread, Sweets, cookies, soup mixes, Jams, Jellies, Baking mixes, etc.",2026,https://realfarmersmarketco.com/erie-farmers-market/,,Weld,market_city
Great Harvest Bread Co,Erie Farmers Market,Erie,Packaged & Prepared Goods,,"Great Harvest provides fresh, locally baked, artisan breads, sweets, and baking mixes. We also carry soup mixes, jams, jellies, honey spreads, oils and vinegars. We always have glutenless options.",2026,https://realfarmersmarketco.com/erie-farmers-market/,,Weld,market_city
Healthy Harvest LLC,Erie Farmers Market,Erie,Packaged & Prepared Goods,,"We are a small family business in Golden, CO specializing in olive oils, balsamics, and Kalamata olives, all organic and directly from Mediterranean estates.",2026,https://realfarmersmarketco.com/erie-farmers-market/,,Weld,market_city
In A Pickle,Erie Farmers Market,Erie,Packaged & Prepared Goods,,Cold packed Pickles! different flavors,2026,https://realfarmersmarketco.com/erie-farmers-market/,,Weld,market_city
Kodabear's Pantry,Erie Farmers Market,Erie,Packaged & Prepared Goods,,"Freeze dried candy, fruits, and produce",2026,https://realfarmersmarketco.com/erie-farmers-market/,,Weld,market_city
KREAM Kimchi,Erie Farmers Market,Erie,Packaged & Prepared Goods,,we make kimchi. It's my mom's recipe. We make a bunch of other products in the kimchi universe.,2026,https://realfarmersmarketco.com/erie-farmers-market/,,Weld,market_city
Mirela's Treats LLC,Erie Farmers Market,Erie,Packaged & Prepared Goods,,"Sorry, but you do not have permission to view this content.",2026,https://realfarmersmarketco.com/erie-farmers-market/,,Weld,market_city
Pet Wants Boulder/Arvada,Erie Farmers Market,Erie,Packaged & Prepared Goods,,,2026,https://realfarmersmarketco.com/erie-farmers-market/,,Weld,market_city
Prehistoric Pedal Frozen Treats,Erie Farmers Market,Erie,Packaged & Prepared Goods,,"Pre-packaged, handcrafted cookie ice cream sandwiches, popsicles and popcorn!",2026,https://realfarmersmarketco.com/erie-farmers-market/,,Weld,market_city
Ray Road Nut Butter,Erie Farmers Market,Erie,Packaged & Prepared Goods,,Nut Butter,2026,https://realfarmersmarketco.com/erie-farmers-market/,,Weld,market_city
Styria Catering,Erie Farmers Market,Erie,Packaged & Prepared Goods,,,2026,https://realfarmersmarketco.com/erie-farmers-market/,,Weld,market_city
The Broke Vagabonds,Erie Farmers Market,Erie,Packaged & Prepared Goods,,Artisan Nuts and gourmet goodies,2026,https://realfarmersmarketco.com/erie-farmers-market/,,Weld,market_city
The Family Jones Distillery,Erie Farmers Market,Erie,Packaged & Prepared Goods,,,2026,https://realfarmersmarketco.com/erie-farmers-market/,,Weld,market_city
Three Little Pigs Bakery,Erie Farmers Market,Erie,Packaged & Prepared Goods,,"Traditional and creative cookie flavors- conventional and gluten free, cupcakes, caramel puff corn, and brownies",2026,https://realfarmersmarketco.com/erie-farmers-market/,,Weld,market_city
TiffyCakes Gluten Free Bakes,Erie Farmers Market,Erie,Packaged & Prepared Goods,,Tiffy Cakes is a dedicated gluten free home bakery. I am a Registered Dietitian and baker diagnosed with Celiac disease 26 years ago. Through many failed trails and not so tasty bakes… I've finally go,2026,https://realfarmersmarketco.com/erie-farmers-market/,,Weld,market_city
Tlaquesalsa,Erie Farmers Market,Erie,Packaged & Prepared Goods,,,2026,https://realfarmersmarketco.com/erie-farmers-market/,,Weld,market_city
"TReats, LLC",Erie Farmers Market,Erie,Packaged & Prepared Goods,,"I am a cottage based bakery located in Longmont, Colorado. I specialize in English muffins, specialty breakfast breads and cookies.",2026,https://realfarmersmarketco.com/erie-farmers-market/,,Weld,market_city
Wagon Wheel Smoke House,Erie Farmers Market,Erie,Packaged & Prepared Goods,,Smoked spices and dry rubs and locally raised pork,2026,https://realfarmersmarketco.com/erie-farmers-market/,,Weld,market_city
Yummy Yummy Products LLC,Erie Farmers Market,Erie,Packaged & Prepared Goods,,"Fresh, small-batch dips made weekly using quality ingredients. Yummy Yummy Products delivers flavorful, locally made dips with a focus on freshness, simple recipes, and great taste, perfect for sharin",2026,https://realfarmersmarketco.com/erie-farmers-market/,,Weld,market_city
Zuna's Bakery,Erie Farmers Market,Erie,Packaged & Prepared Goods,,,2026,https://realfarmersmarketco.com/erie-farmers-market/,,Weld,market_city
47 Bakery,Erie Farmers Market,Erie,Ready to Consume,,handmade pretzels with love - real ingredients. real local. real good.,2026,https://realfarmersmarketco.com/erie-farmers-market/,,Weld,market_city
Baked by Joe,Erie Farmers Market,Erie,Ready to Consume,,Chef quality baked goods elevating what you know and love.,2026,https://realfarmersmarketco.com/erie-farmers-market/,,Weld,market_city
Bubbly Bevvies Soda Shoppe,Erie Farmers Market,Erie,Ready to Consume,,"Bubbly Bevvies makes specialty drinks made with sodas, syrups, and fun add-ins.",2026,https://realfarmersmarketco.com/erie-farmers-market/,,Weld,market_city
De Los Andes Empanadas,Erie Farmers Market,Erie,Ready to Consume,,,2026,https://realfarmersmarketco.com/erie-farmers-market/,,Weld,market_city
Deborah Ann Does Donuts,Erie Farmers Market,Erie,Ready to Consume,,"Fresh donuts, kettle corn, and fresh squeezed lemonade.",2026,https://realfarmersmarketco.com/erie-farmers-market/,,Weld,market_city
Feelin Fresca,Erie Farmers Market,Erie,Ready to Consume,,Agua Frescas,2026,https://realfarmersmarketco.com/erie-farmers-market/,,Weld,market_city
Good Smile LLC,Erie Farmers Market,Erie,Ready to Consume,,Good Smile has been bringing our fun take on Homemade European Foods since 2024 and we are excited to make our way to your market!,2026,https://realfarmersmarketco.com/erie-farmers-market/,,Weld,market_city
Jessifams LLC,Erie Farmers Market,Erie,Ready to Consume,,"Delicious breakfast and lunch style bacon wrapped hotdogs, bison bratwurst, and an array of natural fruit drinks for your tastebuds!",2026,https://realfarmersmarketco.com/erie-farmers-market/,,Weld,market_city
Kogler's Bakery,Erie Farmers Market,Erie,Ready to Consume,,"European Breads, pastries, quiches, croissants, strudels",2026,https://realfarmersmarketco.com/erie-farmers-market/,,Weld,market_city
Redemption Road Coffee,Erie Farmers Market,Erie,Ready to Consume,,"Redemption Road Coffee is a single origin coffee roaster out of Mead, Colorado that is funding good in the world through our amazing coffee products and drinks!",2026,https://realfarmersmarketco.com/erie-farmers-market/,,Weld,market_city
ReDonkeylous Shave Ice,Erie Farmers Market,Erie,Ready to Consume,,,2026,https://realfarmersmarketco.com/erie-farmers-market/,,Weld,market_city
The Aguilar Four LLC,Erie Farmers Market,Erie,Ready to Consume,,Fresh Churros and ChurrOreos,2026,https://realfarmersmarketco.com/erie-farmers-market/,,Weld,market_city
The Crepe Outdoors,Erie Farmers Market,Erie,Ready to Consume,,Authentic French street crêpes made to order. We have several options for sweet and savory and we can […],2026,https://realfarmersmarketco.com/erie-farmers-market/,,Weld,market_city
Flatiron Window Well Covers,Erie Farmers Market,Erie,Services,,Offering window well grates and covers and complimentary consulting to make your yard safer.,2026,https://realfarmersmarketco.com/erie-farmers-market/,,Weld,market_city
Longmont Dairy Farm,Erie Farmers Market,Erie,Services,,"Delivering fresh milk and more to homes along the Front Range. We are a family owned and operated business dedicated to providing great milk, from our cows to our customers' doorsteps.",2026,https://realfarmersmarketco.com/erie-farmers-market/,,Weld,market_city
Peak Sharpening,Erie Farmers Market,Erie,Services,,"Same day, mobile knife and tool sharpening. Crazy sharp.",2026,https://realfarmersmarketco.com/erie-farmers-market/,,Weld,market_city
Sparkle,Erie Farmers Market,Erie,Services,,"At Sparkle, we offer wellness-focused hygiene and salon style grooming makes it easy to have a clean, healthy, and happy dog - for less.",2026,https://realfarmersmarketco.com/erie-farmers-market/,,Weld,market_city
Agustina's Mexican Foods,Fort Collins Farmers' Market,Fort Collins,Specialty Items,,"Agustina's Mexican Foods LLC, a small food manufacturing company specializing in homemade Mexican foods.",,https://www.fortcollinsfarmersmarket.org/vendors,,Larimer,market_city
Alpine Roots,Fort Collins Farmers' Market,Fort Collins,,,We work with local farmers here on the Front Range to reduce their waste and produce fungal-dominant vermicompost to bring life back into the soil.,,https://www.fortcollinsfarmersmarket.org/vendors,,Larimer,market_city
Aspen Glo Tallow,Fort Collins Farmers' Market,Fort Collins,Specialty Items,,"Aspen Glo is an amazing skin conditioning cream packed with vitamins D, E, K, Iron, and linoleic acids. I've added high-end tinctures, creating a cream and products that far surpass the ""average"" tall",,https://www.fortcollinsfarmersmarket.org/vendors,,Larimer,market_city
Bigglesworth Sausage Company,Fort Collins Farmers' Market,Fort Collins,Specialty Items,,"Good food, done well, at a great price. Hot dogs, brats, sausage burger, veggie dog, Beyond brat & more!",,https://www.fortcollinsfarmersmarket.org/vendors,,Larimer,market_city
Bridger Creek Coffee,Fort Collins Farmers' Market,Fort Collins,Specialty Items,,Proud producers of amazing small batch fresh roasted coffee.,,https://www.fortcollinsfarmersmarket.org/vendors,,Larimer,market_city
Black Cat Bagel,Fort Collins Farmers' Market,Fort Collins,,,Bringing homemade New York-style bagels to the good people of Northern Colorado.,,https://www.fortcollinsfarmersmarket.org/vendors,,Larimer,market_city
By My Mother's Side,Fort Collins Farmers' Market,Fort Collins,Specialty Items,,"Selling jams, marmalades, fruit butters and candies at local farmers markets.",,https://www.fortcollinsfarmersmarket.org/vendors,,Larimer,market_city
C & R Farms,Fort Collins Farmers' Market,Fort Collins,Fruit Vendors; Specialty Items,,Our Palisade peaches have been winning the taste buds of countless customers for years. We strive to bring you only perfection!,,https://www.fortcollinsfarmersmarket.org/vendors,medium,Larimer,market_city
Canine Candy Biscuits,Fort Collins Farmers' Market,Fort Collins,Specialty Items,,Homemade Spent Grain Dog Biscuits Made with All Natural Ingredients,,https://www.fortcollinsfarmersmarket.org/vendors,,Larimer,market_city
Chef Bonjour,Fort Collins Farmers' Market,Fort Collins,Specialty Items,,"Pretzels, quiches, and much more.",,https://www.fortcollinsfarmersmarket.org/vendors,,Larimer,market_city
Chef Sarah's Family Favorites,Fort Collins Farmers' Market,Fort Collins,Specialty Items,,Sustainability through sourcing Vintage goods for everyday use & Seasonal/ Local ingredients for delicious canned goods & flavorful popcorn snacks.,,https://www.fortcollinsfarmersmarket.org/vendors,,Larimer,market_city
Colorado Early Colleges,Fort Collins Farmers' Market,Fort Collins,Vegetable Vendors,,Colorado Early Colleges is a public charter school that attends the market to sell student grown vegetables.,,https://www.fortcollinsfarmersmarket.org/vendors,strong,Larimer,market_city
Colorful Colorado Creations,Fort Collins Farmers' Market,Fort Collins,Specialty Items,,Colorful Colorado Creations now has 7 flavors of delicious hot sauces.,,https://www.fortcollinsfarmersmarket.org/vendors,,Larimer,market_city
Crawford's Cottage,Fort Collins Farmers' Market,Fort Collins,Specialty Items,,Gleaning new life and purpose in small and unexpected places.,,https://www.fortcollinsfarmersmarket.org/vendors,,Larimer,market_city
Dad's Wooden Spoon,Fort Collins Farmers' Market,Fort Collins,Breads & Sweets,,"Specializing in small batch artisan baking, we strive to bake the perfect cookie, muffin, shortbread, granola, dog treats, etc...each and every time.",,https://www.fortcollinsfarmersmarket.org/vendors,,Larimer,market_city
Doughology,Fort Collins Farmers' Market,Fort Collins,Breads & Sweets,,Allergen Friendly Breads including sweet and savory!,,https://www.fortcollinsfarmersmarket.org/vendors,,Larimer,market_city
Eden Valley Farm,Fort Collins Farmers' Market,Fort Collins,Vegetable Vendors,,"We are a chemical and pesticide-free farm dedicated to providing the freshest and most nutritious produce, fruits, and herbs direct to consumers.",,https://www.fortcollinsfarmersmarket.org/vendors,strong,Larimer,market_city
Elevated Elderberry,Fort Collins Farmers' Market,Fort Collins,Specialty Items,,"Experience a one of a kind Elderberry Syrup that is handmade in small batches. Made with organic, premium ingredients to support your immune system.",,https://www.fortcollinsfarmersmarket.org/vendors,,Larimer,market_city
Esmeralda's Tamale House,Fort Collins Farmers' Market,Fort Collins,Specialty Items,,"Authentic Mexican street food, including tamales, burritos, tortillas, salsa, chips, and more.",,https://www.fortcollinsfarmersmarket.org/vendors,,Larimer,market_city
Fisherman's Pride Wild Alaskan Seafood,Fort Collins Farmers' Market,Fort Collins,,,"Cerified sustainable, certified wild caught Alaskan seafood based in Colorado serving the fromt range.",,https://www.fortcollinsfarmersmarket.org/vendors,,Larimer,market_city
Frosting Specialty Cupcakes,Fort Collins Farmers' Market,Fort Collins,,,Specialty cupcakes with decadent filling inside and light buttercream or whipped cream made my a mother/daughter team!,,https://www.fortcollinsfarmersmarket.org/vendors,,Larimer,market_city
Happy Pupperz,Fort Collins Farmers' Market,Fort Collins,Specialty Items,,Freeze-dried dog treats and handmade bandanas.,,https://www.fortcollinsfarmersmarket.org/vendors,,Larimer,market_city
Healthy Harvest,Fort Collins Farmers' Market,Fort Collins,Specialty Items,,"Healthy Harvest Gardens Olive Oils, Olives, and Balsamics. We source the best organic olive oils in the world.",,https://www.fortcollinsfarmersmarket.org/vendors,,Larimer,market_city
Herbal Mocktails,Fort Collins Farmers' Market,Fort Collins,Specialty Items,,Herbal Mocktails are non-alcoholic drinks that are just as elegant as they are refreshing.,,https://www.fortcollinsfarmersmarket.org/vendors,,Larimer,market_city
Homestead Ranch LLC,Fort Collins Farmers' Market,Fort Collins,Meat & Dairy,,Farm raised pork and goat meat. Our pork comes from happy pigs in a natural habitat where they can forage. This directly impacts the quality (both flavor and nutrition) of the pork they produce.,,https://www.fortcollinsfarmersmarket.org/vendors,strong,Larimer,market_city
King Pappy's BBQ Sauce,Fort Collins Farmers' Market,Fort Collins,,,King Pappy's is an authentic family recipe BBQ sauce made with love in Northern Colorado.,,https://www.fortcollinsfarmersmarket.org/vendors,,Larimer,market_city
KC's Fresh Cut Flowers,Fort Collins Farmers' Market,Fort Collins,,,"KC's Fresh Cut Flower Farm is run on regenerative and sustainable gardening of primarily specialty fresh cut flowers including Dahlias, Lisianthus, Ranunculus, Cosmos, Gomphrena, all the glory of a va",,https://www.fortcollinsfarmersmarket.org/vendors,medium,Larimer,market_city
In A Pickle,Fort Collins Farmers' Market,Fort Collins,Specialty Items,,Bringing the freshest pickles to Northern Colorado!,,https://www.fortcollinsfarmersmarket.org/vendors,,Larimer,market_city
Little Kettle Corn Co,Fort Collins Farmers' Market,Fort Collins,Specialty Items,,"Our kettlecorn recipe has been perfected and passed down by Colorado kettlecorn masters for over 25 years. Offering a variety of kettle corn, popcorn, and specialty sodas.",,https://www.fortcollinsfarmersmarket.org/vendors,,Larimer,market_city
Miller Farms,Fort Collins Farmers' Market,Fort Collins,Vegetable Vendors; Meat & Dairy,,"Your local family run farm -- A Colorado treasure since 1949. Offering vegetables, eggs, meat and more.",,https://www.fortcollinsfarmersmarket.org/vendors,strong,Larimer,market_city
Morning Fresh Dairy,Fort Collins Farmers' Market,Fort Collins,Meat & Dairy,,"Family owned and operated dairy farm located in Bellvue, CO since 1894. Offering one time purchases and delivery.",,https://www.fortcollinsfarmersmarket.org/vendors,strong,Larimer,market_city
Morton's Organic Orchards,Fort Collins Farmers' Market,Fort Collins,Fruit Vendors,,"We grow certified organic, tree ripe fruit including peaches, nectarines, pears and more.",,https://www.fortcollinsfarmersmarket.org/vendors,strong,Larimer,market_city
MouCo Cheese Company,Fort Collins Farmers' Market,Fort Collins,Meat & Dairy,,"Authentic, soft-ripened cheese blending old-world Bavarian knowledge with Colorado creativity. One taste and you will never go back.",,https://www.fortcollinsfarmersmarket.org/vendors,strong,Larimer,market_city
Nina's Icees,Fort Collins Farmers' Market,Fort Collins,Breads & Sweets,,Try a New Orleans-style snow cone from Nina's Concessions & cool off with a mound of fluffy shaved ice.,,https://www.fortcollinsfarmersmarket.org/vendors,,Larimer,market_city
Pain Wizard LLC,Fort Collins Farmers' Market,Fort Collins,,,"Pain Wizard is an advanced, deep-penetrating, fast-acting pain relieving cream that gives long-term relief from the inflammation and pain of arthritis, bursitis, tendinitis, back-aches, neck-aches, hi",,https://www.fortcollinsfarmersmarket.org/vendors,,Larimer,market_city
Papa Joe's Local Honey,Fort Collins Farmers' Market,Fort Collins,Specialty Items,,"Loveland Bee Helper provides local, unprocessed honey and bee-related products to the public at fair prices.",,https://www.fortcollinsfarmersmarket.org/vendors,,Larimer,market_city
Pope Farm's Produce,Fort Collins Farmers' Market,Fort Collins,Vegetable Vendors; Fruit Vendors,,"We carry a vast variety of locally grown produce throughout the Summer & Fall months. Our products include: Western Slope fruit, Rocky Ford melons, fresh tomatoes, lettuces, peppers, potatoes, beans,",,https://www.fortcollinsfarmersmarket.org/vendors,strong,Larimer,market_city
Pelican Peaks Gourmet Mixes,Fort Collins Farmers' Market,Fort Collins,Specialty Items,,"Pre-measured dry mixes for food that still feels homemade. Our current lineup features a few Dinner Mixes, Cookies, Focaccia Breads, and Dips.",,https://www.fortcollinsfarmersmarket.org/vendors,,Larimer,market_city
Press Love Wildflowers,Fort Collins Farmers' Market,Fort Collins,,,"Preserved Floral Handmade Designs + Bouquet Preservation. Handmade products such as coasters, wine corks, jewelry, bookmarks and more - all made with real flowers!",,https://www.fortcollinsfarmersmarket.org/vendors,,Larimer,market_city
Sowing Seeds of Hope Microgreens,Fort Collins Farmers' Market,Fort Collins,,,Microgreens offer the tastiest way to get all the best vitamins in their purest form.,,https://www.fortcollinsfarmersmarket.org/vendors,medium,Larimer,market_city
Sunrise Ranch Beef,Fort Collins Farmers' Market,Fort Collins,,,Grassfed beef is known to be one of the more nutrient-dense proteins on earth.,,https://www.fortcollinsfarmersmarket.org/vendors,medium,Larimer,market_city
Stoppini Pasta Sauce,Fort Collins Farmers' Market,Fort Collins,Specialty Items,,"Elevating your meals with our artisanal sauce, celebrating the essence of Italian cuisine.",,https://www.fortcollinsfarmersmarket.org/vendors,,Larimer,market_city
Sweet European Treats,Fort Collins Farmers' Market,Fort Collins,Breads & Sweets,,Sweet European Treats is a passionate incorporation that built its purpose on bringing the taste of European pastries over to America.,,https://www.fortcollinsfarmersmarket.org/vendors,,Larimer,market_city
The Bread Chic,Fort Collins Farmers' Market,Fort Collins,Breads & Sweets,,"Freshly baked Sourdough, Croissants, Pies & more!",,https://www.fortcollinsfarmersmarket.org/vendors,,Larimer,market_city
The Bagel Cache,Fort Collins Farmers' Market,Fort Collins,Breads & Sweets,,Try a signature sourdough bagel and see what everyone's talking about. Don't forget to add your favorite flavored cream cheeses or whipped honey butter!,,https://www.fortcollinsfarmersmarket.org/vendors,,Larimer,market_city
The Connelly Creamery,Fort Collins Farmers' Market,Fort Collins,,,We are a family-owned and operated small business making amazing homemade Ice cream.,,https://www.fortcollinsfarmersmarket.org/vendors,medium,Larimer,market_city
The Jelly Lady,Fort Collins Farmers' Market,Fort Collins,Specialty Items,,"Small batch pepper regular jellies, and handmade tallow lotion",,https://www.fortcollinsfarmersmarket.org/vendors,,Larimer,market_city
Trailhead Cookies,Fort Collins Farmers' Market,Fort Collins,Breads & Sweets,,"Delicious Trailhead Cookies, crafted with care to satisfy your sweet cravings. Made with real butter, cane sugar - never any preservatives.",,https://www.fortcollinsfarmersmarket.org/vendors,,Larimer,market_city
Wagner Land & Cattle,Fort Collins Farmers' Market,Fort Collins,Meat & Dairy,,"Naturally raised, grass-fed, grass-finished beef.",,https://www.fortcollinsfarmersmarket.org/vendors,strong,Larimer,market_city
What the Fudge Co.,Fort Collins Farmers' Market,Fort Collins,Breads & Sweets,,We offer over 20 flavors of homemade fudge ranging from rich dark and milk chocolates to delicious white chocolates and seasonal flavors.,,https://www.fortcollinsfarmersmarket.org/vendors,,Larimer,market_city
Whiteside Honey,Fort Collins Farmers' Market,Fort Collins,Specialty Items,,Whiteside Honey Company LLC has been in business since 1980. We produce raw alfalfa honey in bee yard.,,https://www.fortcollinsfarmersmarket.org/vendors,,Larimer,market_city
Willow Creek Mushrooms,Fort Collins Farmers' Market,Fort Collins,Vegetable Vendors,,"We're a family-owned and operated mushroom farm dedicated to bringing you the freshest, gourmet mushrooms.",,https://www.fortcollinsfarmersmarket.org/vendors,strong,Larimer,market_city
Yummy Yummy Products,Fort Collins Farmers' Market,Fort Collins,Specialty Items,,"Experience the taste of authentic, fresh ingredients with every bite ... Indulge in the flavorful world of Yummy Yummy Products! Hummus, dips and pita chips.",,https://www.fortcollinsfarmersmarket.org/vendors,,Larimer,market_city
Wild Wiggins Homestead,Fort Collins Farmers' Market,Fort Collins,,,"Wild Wiggins Homestead cultivates nutrient-dense, pesticide-free produce. We specialize in vibrant microgreens, seasonal organic vegetables, eggs, and garden-inspired products, all while nourishing ou",,https://www.fortcollinsfarmersmarket.org/vendors,medium,Larimer,market_city
Voulez Vous Chocolates,Fort Collins Farmers' Market,Fort Collins,Breads & Sweets,,Our chocolate is handcrafted in small batches using ethically sourced chocolate.,,https://www.fortcollinsfarmersmarket.org/vendors,,Larimer,market_city
Sweet Beaver Caramel Company,Fort Collins Farmers' Market,Fort Collins,Breads & Sweets,,"delicious, melt-in-your-mouth caramel!",,https://www.fortcollinsfarmersmarket.org/vendors,,Larimer,market_city
Agustina's Mexican Foods,Fort Collins Winter Farmers Market,Fort Collins,,,,2025-26 winter,https://www.wildcraftmarkets.com/vendors,,Larimer,market_city
Airy and Rooted,Fort Collins Winter Farmers Market,Fort Collins,,,,2025-26 winter,https://www.wildcraftmarkets.com/vendors,,Larimer,market_city
Ama Coffee,Fort Collins Winter Farmers Market,Fort Collins,,,,2025-26 winter,https://www.wildcraftmarkets.com/vendors,,Larimer,market_city
Buck and Bloom Cheese Company,Fort Collins Winter Farmers Market,Fort Collins,,,,2025-26 winter,https://www.wildcraftmarkets.com/vendors,,Larimer,market_city
Black Cat Bagel Company,Fort Collins Winter Farmers Market,Fort Collins,,,,2025-26 winter,https://www.wildcraftmarkets.com/vendors,,Larimer,market_city
Casa Crobu,Fort Collins Winter Farmers Market,Fort Collins,,,,2025-26 winter,https://www.wildcraftmarkets.com/vendors,,Larimer,market_city
Cassavaberry,Fort Collins Winter Farmers Market,Fort Collins,,,,2025-26 winter,https://www.wildcraftmarkets.com/vendors,,Larimer,market_city
Chef Sarah's Family Favorites,Fort Collins Winter Farmers Market,Fort Collins,,,,2025-26 winter,https://www.wildcraftmarkets.com/vendors,,Larimer,market_city
Choice City USA,Fort Collins Winter Farmers Market,Fort Collins,,,,2025-26 winter,https://www.wildcraftmarkets.com/vendors,,Larimer,market_city
Dad's Wooden Spoon,Fort Collins Winter Farmers Market,Fort Collins,,,,2025-26 winter,https://www.wildcraftmarkets.com/vendors,,Larimer,market_city
Denver Sea Moss Oceanic Apothecary,Fort Collins Winter Farmers Market,Fort Collins,,,,2025-26 winter,https://www.wildcraftmarkets.com/vendors,,Larimer,market_city
Doughology,Fort Collins Winter Farmers Market,Fort Collins,,,,2025-26 winter,https://www.wildcraftmarkets.com/vendors,,Larimer,market_city
Elevated Elderberry,Fort Collins Winter Farmers Market,Fort Collins,,,,2025-26 winter,https://www.wildcraftmarkets.com/vendors,,Larimer,market_city
Esmeralda's Tamale House,Fort Collins Winter Farmers Market,Fort Collins,,,,2025-26 winter,https://www.wildcraftmarkets.com/vendors,,Larimer,market_city
Ferment Culture,Fort Collins Winter Farmers Market,Fort Collins,,,,2025-26 winter,https://www.wildcraftmarkets.com/vendors,,Larimer,market_city
Folk Eats,Fort Collins Winter Farmers Market,Fort Collins,,,,2025-26 winter,https://www.wildcraftmarkets.com/vendors,,Larimer,market_city
Fort Collins Aguas Frescas,Fort Collins Winter Farmers Market,Fort Collins,,,,2025-26 winter,https://www.wildcraftmarkets.com/vendors,,Larimer,market_city
Frosting!,Fort Collins Winter Farmers Market,Fort Collins,,,,2025-26 winter,https://www.wildcraftmarkets.com/vendors,,Larimer,market_city
Good Smile,Fort Collins Winter Farmers Market,Fort Collins,,,,2025-26 winter,https://www.wildcraftmarkets.com/vendors,,Larimer,market_city
Green Belly Foods,Fort Collins Winter Farmers Market,Fort Collins,,,,2025-26 winter,https://www.wildcraftmarkets.com/vendors,,Larimer,market_city
Green Yams,Fort Collins Winter Farmers Market,Fort Collins,,,,2025-26 winter,https://www.wildcraftmarkets.com/vendors,,Larimer,market_city
Gursha,Fort Collins Winter Farmers Market,Fort Collins,,,,2025-26 winter,https://www.wildcraftmarkets.com/vendors,,Larimer,market_city
Healthy Harvest,Fort Collins Winter Farmers Market,Fort Collins,,,,2025-26 winter,https://www.wildcraftmarkets.com/vendors,,Larimer,market_city
Heavens Popcorn,Fort Collins Winter Farmers Market,Fort Collins,,,,2025-26 winter,https://www.wildcraftmarkets.com/vendors,,Larimer,market_city
Heirloom Foods,Fort Collins Winter Farmers Market,Fort Collins,,,,2025-26 winter,https://www.wildcraftmarkets.com/vendors,,Larimer,market_city
Hopelands Coffee,Fort Collins Winter Farmers Market,Fort Collins,,,,2025-26 winter,https://www.wildcraftmarkets.com/vendors,,Larimer,market_city
Hu Baozi,Fort Collins Winter Farmers Market,Fort Collins,,,,2025-26 winter,https://www.wildcraftmarkets.com/vendors,,Larimer,market_city
Hundy's Biryanis and Bowls,Fort Collins Winter Farmers Market,Fort Collins,,,,2025-26 winter,https://www.wildcraftmarkets.com/vendors,,Larimer,market_city
In A Pickle,Fort Collins Winter Farmers Market,Fort Collins,,,,2025-26 winter,https://www.wildcraftmarkets.com/vendors,,Larimer,market_city
KREAM Kimchi,Fort Collins Winter Farmers Market,Fort Collins,,,,2025-26 winter,https://www.wildcraftmarkets.com/vendors,,Larimer,market_city
MeadKrieger Meadery,Fort Collins Winter Farmers Market,Fort Collins,,,,2025-26 winter,https://www.wildcraftmarkets.com/vendors,,Larimer,market_city
Moringa Vinga,Fort Collins Winter Farmers Market,Fort Collins,,,,2025-26 winter,https://www.wildcraftmarkets.com/vendors,,Larimer,market_city
MouCo Cheese Company,Fort Collins Winter Farmers Market,Fort Collins,,,,2025-26 winter,https://www.wildcraftmarkets.com/vendors,,Larimer,market_city
Olde World Breads,Fort Collins Winter Farmers Market,Fort Collins,,,,2025-26 winter,https://www.wildcraftmarkets.com/vendors,,Larimer,market_city
Paca Coffee Co,Fort Collins Winter Farmers Market,Fort Collins,,,,2025-26 winter,https://www.wildcraftmarkets.com/vendors,,Larimer,market_city
Papa Joe's Local Honey,Fort Collins Winter Farmers Market,Fort Collins,,,,2025-26 winter,https://www.wildcraftmarkets.com/vendors,medium,Larimer,market_city
Rise and Pies,Fort Collins Winter Farmers Market,Fort Collins,,,,2025-26 winter,https://www.wildcraftmarkets.com/vendors,,Larimer,market_city
St. Michael's Farms,Fort Collins Winter Farmers Market,Fort Collins,,,,2025-26 winter,https://www.wildcraftmarkets.com/vendors,medium,Larimer,market_city
Stoppini,Fort Collins Winter Farmers Market,Fort Collins,,,,2025-26 winter,https://www.wildcraftmarkets.com/vendors,,Larimer,market_city
Sub Zero Ice Cream,Fort Collins Winter Farmers Market,Fort Collins,,,,2025-26 winter,https://www.wildcraftmarkets.com/vendors,,Larimer,market_city
Sweet European Treats,Fort Collins Winter Farmers Market,Fort Collins,,,,2025-26 winter,https://www.wildcraftmarkets.com/vendors,,Larimer,market_city
Symphony Sweets,Fort Collins Winter Farmers Market,Fort Collins,,,,2025-26 winter,https://www.wildcraftmarkets.com/vendors,,Larimer,market_city
Tamburi Winery,Fort Collins Winter Farmers Market,Fort Collins,,,,2025-26 winter,https://www.wildcraftmarkets.com/vendors,,Larimer,market_city
Tart and Soul Bakery,Fort Collins Winter Farmers Market,Fort Collins,,,,2025-26 winter,https://www.wildcraftmarkets.com/vendors,,Larimer,market_city
The 5280 Mermaid,Fort Collins Winter Farmers Market,Fort Collins,,,,2025-26 winter,https://www.wildcraftmarkets.com/vendors,,Larimer,market_city
The Bagel Cache,Fort Collins Winter Farmers Market,Fort Collins,,,,2025-26 winter,https://www.wildcraftmarkets.com/vendors,,Larimer,market_city
The Bread Chic,Fort Collins Winter Farmers Market,Fort Collins,,,,2025-26 winter,https://www.wildcraftmarkets.com/vendors,,Larimer,market_city
The Good Stuff,Fort Collins Winter Farmers Market,Fort Collins,,,,2025-26 winter,https://www.wildcraftmarkets.com/vendors,,Larimer,market_city
The Jelly Lady,Fort Collins Winter Farmers Market,Fort Collins,,,,2025-26 winter,https://www.wildcraftmarkets.com/vendors,,Larimer,market_city
Three Kings Non Alcoholic Beverages,Fort Collins Winter Farmers Market,Fort Collins,,,,2025-26 winter,https://www.wildcraftmarkets.com/vendors,,Larimer,market_city
Three Little Pigs Bakery,Fort Collins Winter Farmers Market,Fort Collins,,,,2025-26 winter,https://www.wildcraftmarkets.com/vendors,,Larimer,market_city
Tuesdays Natural Dog Co,Fort Collins Winter Farmers Market,Fort Collins,,,,2025-26 winter,https://www.wildcraftmarkets.com/vendors,,Larimer,market_city
Unity Butter,Fort Collins Winter Farmers Market,Fort Collins,,,,2025-26 winter,https://www.wildcraftmarkets.com/vendors,,Larimer,market_city
3 of Stars,Fort Collins Winter Farmers Market,Fort Collins,,,,2025-26 winter,https://www.wildcraftmarkets.com/vendors,,Larimer,market_city
AK Apothakary,Fort Collins Winter Farmers Market,Fort Collins,,,,2025-26 winter,https://www.wildcraftmarkets.com/vendors,,Larimer,market_city
Angela's Stamping Creations,Fort Collins Winter Farmers Market,Fort Collins,,,,2025-26 winter,https://www.wildcraftmarkets.com/vendors,,Larimer,market_city
Birchland Clean,Fort Collins Winter Farmers Market,Fort Collins,,,,2025-26 winter,https://www.wildcraftmarkets.com/vendors,,Larimer,market_city
Bloomin' Pots Boutique,Fort Collins Winter Farmers Market,Fort Collins,,,,2025-26 winter,https://www.wildcraftmarkets.com/vendors,,Larimer,market_city
BoCo Home,Fort Collins Winter Farmers Market,Fort Collins,,,,2025-26 winter,https://www.wildcraftmarkets.com/vendors,,Larimer,market_city
Box of Rocks Crystals,Fort Collins Winter Farmers Market,Fort Collins,,,,2025-26 winter,https://www.wildcraftmarkets.com/vendors,,Larimer,market_city
Bridging All Gaps,Fort Collins Winter Farmers Market,Fort Collins,,,,2025-26 winter,https://www.wildcraftmarkets.com/vendors,,Larimer,market_city
Canine Candy Biscuits,Fort Collins Winter Farmers Market,Fort Collins,,,,2025-26 winter,https://www.wildcraftmarkets.com/vendors,,Larimer,market_city
Chez Flora,Fort Collins Winter Farmers Market,Fort Collins,,,,2025-26 winter,https://www.wildcraftmarkets.com/vendors,,Larimer,market_city
Christie Leighton Jewelry,Fort Collins Winter Farmers Market,Fort Collins,,,,2025-26 winter,https://www.wildcraftmarkets.com/vendors,,Larimer,market_city
Climbers Haul,Fort Collins Winter Farmers Market,Fort Collins,,,,2025-26 winter,https://www.wildcraftmarkets.com/vendors,,Larimer,market_city
Crafted Carry,Fort Collins Winter Farmers Market,Fort Collins,,,,2025-26 winter,https://www.wildcraftmarkets.com/vendors,,Larimer,market_city
Crafted Curousities,Fort Collins Winter Farmers Market,Fort Collins,,,,2025-26 winter,https://www.wildcraftmarkets.com/vendors,,Larimer,market_city
Crimson Cryptid,Fort Collins Winter Farmers Market,Fort Collins,,,,2025-26 winter,https://www.wildcraftmarkets.com/vendors,,Larimer,market_city
Dafni,Fort Collins Winter Farmers Market,Fort Collins,,,,2025-26 winter,https://www.wildcraftmarkets.com/vendors,,Larimer,market_city
Daisy and Co. Permanent Jewelry,Fort Collins Winter Farmers Market,Fort Collins,,,,2025-26 winter,https://www.wildcraftmarkets.com/vendors,,Larimer,market_city
Dissolve Art,Fort Collins Winter Farmers Market,Fort Collins,,,,2025-26 winter,https://www.wildcraftmarkets.com/vendors,,Larimer,market_city
Dr T Pottery,Fort Collins Winter Farmers Market,Fort Collins,,,,2025-26 winter,https://www.wildcraftmarkets.com/vendors,,Larimer,market_city
EverSoftKnits,Fort Collins Winter Farmers Market,Fort Collins,,,,2025-26 winter,https://www.wildcraftmarkets.com/vendors,,Larimer,market_city
Farmhouse Hemp,Fort Collins Winter Farmers Market,Fort Collins,,,,2025-26 winter,https://www.wildcraftmarkets.com/vendors,,Larimer,market_city
Guided by Gaia Creations,Fort Collins Winter Farmers Market,Fort Collins,,,,2025-26 winter,https://www.wildcraftmarkets.com/vendors,,Larimer,market_city
Happy Pupperz,Fort Collins Winter Farmers Market,Fort Collins,,,,2025-26 winter,https://www.wildcraftmarkets.com/vendors,,Larimer,market_city
J&A's Creative Creations,Fort Collins Winter Farmers Market,Fort Collins,,,,2025-26 winter,https://www.wildcraftmarkets.com/vendors,,Larimer,market_city
Keep Calm & Flicker On,Fort Collins Winter Farmers Market,Fort Collins,,,,2025-26 winter,https://www.wildcraftmarkets.com/vendors,,Larimer,market_city
Lemon Tree Textile Designs,Fort Collins Winter Farmers Market,Fort Collins,,,,2025-26 winter,https://www.wildcraftmarkets.com/vendors,,Larimer,market_city
Little Laz Artisan Goods,Fort Collins Winter Farmers Market,Fort Collins,,,,2025-26 winter,https://www.wildcraftmarkets.com/vendors,,Larimer,market_city
Louise Cutler Studio,Fort Collins Winter Farmers Market,Fort Collins,,,,2025-26 winter,https://www.wildcraftmarkets.com/vendors,,Larimer,market_city
lovelevel,Fort Collins Winter Farmers Market,Fort Collins,,,,2025-26 winter,https://www.wildcraftmarkets.com/vendors,,Larimer,market_city
Martelle Soaps,Fort Collins Winter Farmers Market,Fort Collins,,,,2025-26 winter,https://www.wildcraftmarkets.com/vendors,,Larimer,market_city
Mercer & Jayne,Fort Collins Winter Farmers Market,Fort Collins,,,,2025-26 winter,https://www.wildcraftmarkets.com/vendors,,Larimer,market_city
Mountain Time Woodworking,Fort Collins Winter Farmers Market,Fort Collins,,,,2025-26 winter,https://www.wildcraftmarkets.com/vendors,,Larimer,market_city
NoCo Majestic Edge,Fort Collins Winter Farmers Market,Fort Collins,,,,2025-26 winter,https://www.wildcraftmarkets.com/vendors,,Larimer,market_city
Nomad Shapes,Fort Collins Winter Farmers Market,Fort Collins,,,,2025-26 winter,https://www.wildcraftmarkets.com/vendors,,Larimer,market_city
Ohana Links,Fort Collins Winter Farmers Market,Fort Collins,,,,2025-26 winter,https://www.wildcraftmarkets.com/vendors,,Larimer,market_city
P&L Laser Creations,Fort Collins Winter Farmers Market,Fort Collins,,,,2025-26 winter,https://www.wildcraftmarkets.com/vendors,,Larimer,market_city
Palafoxia Beauty,Fort Collins Winter Farmers Market,Fort Collins,,,,2025-26 winter,https://www.wildcraftmarkets.com/vendors,,Larimer,market_city
Phthalo Blue,Fort Collins Winter Farmers Market,Fort Collins,,,,2025-26 winter,https://www.wildcraftmarkets.com/vendors,,Larimer,market_city
Press Love Wildflowers,Fort Collins Winter Farmers Market,Fort Collins,,,,2025-26 winter,https://www.wildcraftmarkets.com/vendors,,Larimer,market_city
Rainbow House Stories,Fort Collins Winter Farmers Market,Fort Collins,,,,2025-26 winter,https://www.wildcraftmarkets.com/vendors,,Larimer,market_city
Ridgewood Workshop,Fort Collins Winter Farmers Market,Fort Collins,,,,2025-26 winter,https://www.wildcraftmarkets.com/vendors,,Larimer,market_city
Silver Bird Creations,Fort Collins Winter Farmers Market,Fort Collins,,,,2025-26 winter,https://www.wildcraftmarkets.com/vendors,,Larimer,market_city
SnowWolf Treasures,Fort Collins Winter Farmers Market,Fort Collins,,,,2025-26 winter,https://www.wildcraftmarkets.com/vendors,,Larimer,market_city
Sunshower Media,Fort Collins Winter Farmers Market,Fort Collins,,,,2025-26 winter,https://www.wildcraftmarkets.com/vendors,,Larimer,market_city
Tankerchiefz,Fort Collins Winter Farmers Market,Fort Collins,,,,2025-26 winter,https://www.wildcraftmarkets.com/vendors,,Larimer,market_city
Taspens Organics & Dragonfly Botanicals,Fort Collins Winter Farmers Market,Fort Collins,,,,2025-26 winter,https://www.wildcraftmarkets.com/vendors,,Larimer,market_city
The CO Shade Co.,Fort Collins Winter Farmers Market,Fort Collins,,,,2025-26 winter,https://www.wildcraftmarkets.com/vendors,,Larimer,market_city
The Happy Pig,Fort Collins Winter Farmers Market,Fort Collins,,,,2025-26 winter,https://www.wildcraftmarkets.com/vendors,,Larimer,market_city
The Matriart Collective,Fort Collins Winter Farmers Market,Fort Collins,,,,2025-26 winter,https://www.wildcraftmarkets.com/vendors,,Larimer,market_city
The Pottery Bunker,Fort Collins Winter Farmers Market,Fort Collins,,,,2025-26 winter,https://www.wildcraftmarkets.com/vendors,,Larimer,market_city
The Source Zero Front Range,Fort Collins Winter Farmers Market,Fort Collins,,,,2025-26 winter,https://www.wildcraftmarkets.com/vendors,,Larimer,market_city
The Wandering Oasis,Fort Collins Winter Farmers Market,Fort Collins,,,,2025-26 winter,https://www.wildcraftmarkets.com/vendors,,Larimer,market_city
Two Turner Photo,Fort Collins Winter Farmers Market,Fort Collins,,,,2025-26 winter,https://www.wildcraftmarkets.com/vendors,,Larimer,market_city
Whimla.co,Fort Collins Winter Farmers Market,Fort Collins,,,,2025-26 winter,https://www.wildcraftmarkets.com/vendors,,Larimer,market_city
Blue Heron Gourmet,Glenwood Springs Downtown Market on 7th,Glenwood Springs,,,,2026,https://www.glenwoodspringsdda.com/market-on-7th/,,Garfield,market_city
Bridging All Gaps,Glenwood Springs Downtown Market on 7th,Glenwood Springs,,,,2026,https://www.glenwoodspringsdda.com/market-on-7th/,,Garfield,market_city
BrizaBloom Jewelry,Glenwood Springs Downtown Market on 7th,Glenwood Springs,,,,2026,https://www.glenwoodspringsdda.com/market-on-7th/,,Garfield,market_city
Brushes Facepainting,Glenwood Springs Downtown Market on 7th,Glenwood Springs,,,,2026,https://www.glenwoodspringsdda.com/market-on-7th/,,Garfield,market_city
Capitol Etch Company,Glenwood Springs Downtown Market on 7th,Glenwood Springs,,,,2026,https://www.glenwoodspringsdda.com/market-on-7th/,,Garfield,market_city
Chicken Grit Farms,Glenwood Springs Downtown Market on 7th,Glenwood Springs,,,,2026,https://www.glenwoodspringsdda.com/market-on-7th/,medium,Garfield,market_city
Collette Sewing,Glenwood Springs Downtown Market on 7th,Glenwood Springs,,,,2026,https://www.glenwoodspringsdda.com/market-on-7th/,,Garfield,market_city
Costa Alegre,Glenwood Springs Downtown Market on 7th,Glenwood Springs,,,,2026,https://www.glenwoodspringsdda.com/market-on-7th/,,Garfield,market_city
Crust & Crumb,Glenwood Springs Downtown Market on 7th,Glenwood Springs,,,,2026,https://www.glenwoodspringsdda.com/market-on-7th/,,Garfield,market_city
El Sabor De Mexico,Glenwood Springs Downtown Market on 7th,Glenwood Springs,,,,2026,https://www.glenwoodspringsdda.com/market-on-7th/,,Garfield,market_city
Elk Springs Soaps & Scrubs,Glenwood Springs Downtown Market on 7th,Glenwood Springs,,,,2026,https://www.glenwoodspringsdda.com/market-on-7th/,,Garfield,market_city
Fairycakes,Glenwood Springs Downtown Market on 7th,Glenwood Springs,,,,2026,https://www.glenwoodspringsdda.com/market-on-7th/,,Garfield,market_city
Fancy Llama & Pocket,Glenwood Springs Downtown Market on 7th,Glenwood Springs,,,,2026,https://www.glenwoodspringsdda.com/market-on-7th/,,Garfield,market_city
Fields of Glory Organic Farm,Glenwood Springs Downtown Market on 7th,Glenwood Springs,,,,2026,https://www.glenwoodspringsdda.com/market-on-7th/,medium,Garfield,market_city
Golden West Candles,Glenwood Springs Downtown Market on 7th,Glenwood Springs,,,,2026,https://www.glenwoodspringsdda.com/market-on-7th/,,Garfield,market_city
Great Harvest Bread Company,Glenwood Springs Downtown Market on 7th,Glenwood Springs,,,,2026,https://www.glenwoodspringsdda.com/market-on-7th/,,Garfield,market_city
High Lonesome Cattle Company,Glenwood Springs Downtown Market on 7th,Glenwood Springs,,,,2026,https://www.glenwoodspringsdda.com/market-on-7th/,medium,Garfield,market_city
InHouse Sourdough,Glenwood Springs Downtown Market on 7th,Glenwood Springs,,,,2026,https://www.glenwoodspringsdda.com/market-on-7th/,,Garfield,market_city
Jewelry Collection by Erika,Glenwood Springs Downtown Market on 7th,Glenwood Springs,,,,2026,https://www.glenwoodspringsdda.com/market-on-7th/,,Garfield,market_city
Kissakares,Glenwood Springs Downtown Market on 7th,Glenwood Springs,,,,2026,https://www.glenwoodspringsdda.com/market-on-7th/,,Garfield,market_city
Kogler's Bakery,Glenwood Springs Downtown Market on 7th,Glenwood Springs,,,,2026,https://www.glenwoodspringsdda.com/market-on-7th/,,Garfield,market_city
Kudzu Barbecue Company,Glenwood Springs Downtown Market on 7th,Glenwood Springs,,,,2026,https://www.glenwoodspringsdda.com/market-on-7th/,,Garfield,market_city
Latino Bites,Glenwood Springs Downtown Market on 7th,Glenwood Springs,,,,2026,https://www.glenwoodspringsdda.com/market-on-7th/,,Garfield,market_city
Harding Homegrown,Glenwood Springs Downtown Market on 7th,Glenwood Springs,,,,2026,https://www.glenwoodspringsdda.com/market-on-7th/,,Garfield,market_city
Maddie Rose's Treats,Glenwood Springs Downtown Market on 7th,Glenwood Springs,,,,2026,https://www.glenwoodspringsdda.com/market-on-7th/,,Garfield,market_city
Meraki Peak,Glenwood Springs Downtown Market on 7th,Glenwood Springs,,,,2026,https://www.glenwoodspringsdda.com/market-on-7th/,,Garfield,market_city
Mesa Coffee Company,Glenwood Springs Downtown Market on 7th,Glenwood Springs,,,,2026,https://www.glenwoodspringsdda.com/market-on-7th/,,Garfield,market_city
Mo Jam,Glenwood Springs Downtown Market on 7th,Glenwood Springs,,,,2026,https://www.glenwoodspringsdda.com/market-on-7th/,,Garfield,market_city
Mountain Hippie Creations,Glenwood Springs Downtown Market on 7th,Glenwood Springs,,,,2026,https://www.glenwoodspringsdda.com/market-on-7th/,,Garfield,market_city
Mountain Valley Developmental Services Greenhouse,Glenwood Springs Downtown Market on 7th,Glenwood Springs,,,,2026,https://www.glenwoodspringsdda.com/market-on-7th/,medium,Garfield,market_city
Natura Eterna,Glenwood Springs Downtown Market on 7th,Glenwood Springs,,,,2026,https://www.glenwoodspringsdda.com/market-on-7th/,,Garfield,market_city
Palisade Peach Shack,Glenwood Springs Downtown Market on 7th,Glenwood Springs,,,,2026,https://www.glenwoodspringsdda.com/market-on-7th/,,Garfield,market_city
Pika Coffee Company,Glenwood Springs Downtown Market on 7th,Glenwood Springs,,,,2026,https://www.glenwoodspringsdda.com/market-on-7th/,,Garfield,market_city
Say Mak Thai,Glenwood Springs Downtown Market on 7th,Glenwood Springs,,,,2026,https://www.glenwoodspringsdda.com/market-on-7th/,,Garfield,market_city
Scott Markham Designs,Glenwood Springs Downtown Market on 7th,Glenwood Springs,,,,2026,https://www.glenwoodspringsdda.com/market-on-7th/,,Garfield,market_city
Senior Mango,Glenwood Springs Downtown Market on 7th,Glenwood Springs,,,,2026,https://www.glenwoodspringsdda.com/market-on-7th/,,Garfield,market_city
Tamales y Empanadas El Rey,Glenwood Springs Downtown Market on 7th,Glenwood Springs,,,,2026,https://www.glenwoodspringsdda.com/market-on-7th/,,Garfield,market_city
TAP Leather,Glenwood Springs Downtown Market on 7th,Glenwood Springs,,,,2026,https://www.glenwoodspringsdda.com/market-on-7th/,,Garfield,market_city
The Chi Shack,Glenwood Springs Downtown Market on 7th,Glenwood Springs,,,,2026,https://www.glenwoodspringsdda.com/market-on-7th/,,Garfield,market_city
Sushi Torakku,Glenwood Springs Downtown Market on 7th,Glenwood Springs,,,,2026,https://www.glenwoodspringsdda.com/market-on-7th/,,Garfield,market_city
Valley Grounds,Glenwood Springs Downtown Market on 7th,Glenwood Springs,,,,2026,https://www.glenwoodspringsdda.com/market-on-7th/,,Garfield,market_city
Vida Sana,Glenwood Springs Downtown Market on 7th,Glenwood Springs,,,,2026,https://www.glenwoodspringsdda.com/market-on-7th/,,Garfield,market_city
Vintage Candle Company,Glenwood Springs Downtown Market on 7th,Glenwood Springs,,,,2026,https://www.glenwoodspringsdda.com/market-on-7th/,,Garfield,market_city
Vortex Treasures,Glenwood Springs Downtown Market on 7th,Glenwood Springs,,,,2026,https://www.glenwoodspringsdda.com/market-on-7th/,,Garfield,market_city
Wild Wanderers Apothecary,Glenwood Springs Downtown Market on 7th,Glenwood Springs,,,,2026,https://www.glenwoodspringsdda.com/market-on-7th/,,Garfield,market_city
5Seeds,Golden Farmers Market,Golden,,,,2026,https://goldenfarmersmarket.org/our-merchants/,,Jefferson,market_city
ACAI Bowls,Golden Farmers Market,Golden,,,,2026,https://goldenfarmersmarket.org/our-merchants/,,Jefferson,market_city
Adio Chiropractic,Golden Farmers Market,Golden,,,,2026,https://goldenfarmersmarket.org/our-merchants/,,Jefferson,market_city
AliBar,Golden Farmers Market,Golden,,,,2026,https://goldenfarmersmarket.org/our-merchants/,,Jefferson,market_city
Alyth Active,Golden Farmers Market,Golden,,,,2026,https://goldenfarmersmarket.org/our-merchants/,,Jefferson,market_city
Amihan Artisans,Golden Farmers Market,Golden,,,,2026,https://goldenfarmersmarket.org/our-merchants/,,Jefferson,market_city
Après Ski Jewelry,Golden Farmers Market,Golden,,,,2026,https://goldenfarmersmarket.org/our-merchants/,,Jefferson,market_city
Astro Coffee Van,Golden Farmers Market,Golden,,,,2026,https://goldenfarmersmarket.org/our-merchants/,,Jefferson,market_city
Backpack Up Plan,Golden Farmers Market,Golden,,,,2026,https://goldenfarmersmarket.org/our-merchants/,,Jefferson,market_city
Baldwin Baked Goods,Golden Farmers Market,Golden,,,,2026,https://goldenfarmersmarket.org/our-merchants/,,Jefferson,market_city
Better Half Biscuits,Golden Farmers Market,Golden,,,,2026,https://goldenfarmersmarket.org/our-merchants/,,Jefferson,market_city
Bjorn's Honey,Golden Farmers Market,Golden,,,,2026,https://goldenfarmersmarket.org/our-merchants/,medium,Jefferson,market_city
Blondies Bakery,Golden Farmers Market,Golden,,,,2026,https://goldenfarmersmarket.org/our-merchants/,,Jefferson,market_city
Blooming Kitchen Co,Golden Farmers Market,Golden,,,,2026,https://goldenfarmersmarket.org/our-merchants/,,Jefferson,market_city
Bruna's Brazilian Cheese Brad,Golden Farmers Market,Golden,,,,2026,https://goldenfarmersmarket.org/our-merchants/,,Jefferson,market_city
Casa Crobu,Golden Farmers Market,Golden,,,,2026,https://goldenfarmersmarket.org/our-merchants/,,Jefferson,market_city
Chin Dribblin Asian Fusion Sauces,Golden Farmers Market,Golden,,,,2026,https://goldenfarmersmarket.org/our-merchants/,,Jefferson,market_city
Colorado Sun Tofu,Golden Farmers Market,Golden,,,,2026,https://goldenfarmersmarket.org/our-merchants/,,Jefferson,market_city
Couple of Nuts,Golden Farmers Market,Golden,,,,2026,https://goldenfarmersmarket.org/our-merchants/,,Jefferson,market_city
Daddy's Homemade,Golden Farmers Market,Golden,,,,2026,https://goldenfarmersmarket.org/our-merchants/,,Jefferson,market_city
Darleenz Dillaz,Golden Farmers Market,Golden,,,,2026,https://goldenfarmersmarket.org/our-merchants/,,Jefferson,market_city
Deep Roots Winery,Golden Farmers Market,Golden,,,,2026,https://goldenfarmersmarket.org/our-merchants/,,Jefferson,market_city
Deliciously Global,Golden Farmers Market,Golden,,,,2026,https://goldenfarmersmarket.org/our-merchants/,,Jefferson,market_city
Denver Pops,Golden Farmers Market,Golden,,,,2026,https://goldenfarmersmarket.org/our-merchants/,,Jefferson,market_city
Eat a Peach Farms,Golden Farmers Market,Golden,,,,2026,https://goldenfarmersmarket.org/our-merchants/,medium,Jefferson,market_city
Elk Fields,Golden Farmers Market,Golden,,,,2026,https://goldenfarmersmarket.org/our-merchants/,medium,Jefferson,market_city
Fire Crafted,Golden Farmers Market,Golden,,,,2026,https://goldenfarmersmarket.org/our-merchants/,,Jefferson,market_city
Fox Fungi,Golden Farmers Market,Golden,,,,2026,https://goldenfarmersmarket.org/our-merchants/,,Jefferson,market_city
Forte Fruits,Golden Farmers Market,Golden,,,,2026,https://goldenfarmersmarket.org/our-merchants/,,Jefferson,market_city
Foxtown Farm,Golden Farmers Market,Golden,,,,2026,https://goldenfarmersmarket.org/our-merchants/,medium,Jefferson,market_city
Fruit Therapy,Golden Farmers Market,Golden,,,,2026,https://goldenfarmersmarket.org/our-merchants/,,Jefferson,market_city
Golden Gal,Golden Farmers Market,Golden,,,,2026,https://goldenfarmersmarket.org/our-merchants/,,Jefferson,market_city
Har Matok Halvah,Golden Farmers Market,Golden,,,,2026,https://goldenfarmersmarket.org/our-merchants/,,Jefferson,market_city
Healing Grace Massage,Golden Farmers Market,Golden,,,,2026,https://goldenfarmersmarket.org/our-merchants/,,Jefferson,market_city
Healthy Harvests Gardens,Golden Farmers Market,Golden,,,,2026,https://goldenfarmersmarket.org/our-merchants/,medium,Jefferson,market_city
Hearth Baking,Golden Farmers Market,Golden,,,,2026,https://goldenfarmersmarket.org/our-merchants/,,Jefferson,market_city
Hipster Lettuce,Golden Farmers Market,Golden,,,,2026,https://goldenfarmersmarket.org/our-merchants/,,Jefferson,market_city
Honey Bear Bakes,Golden Farmers Market,Golden,,,,2026,https://goldenfarmersmarket.org/our-merchants/,medium,Jefferson,market_city
International Library Project Jefferson,Golden Farmers Market,Golden,,,,2026,https://goldenfarmersmarket.org/our-merchants/,,Jefferson,market_city
Kogler's Bakery,Golden Farmers Market,Golden,,,,2026,https://goldenfarmersmarket.org/our-merchants/,,Jefferson,market_city
Kolea Bird Studio,Golden Farmers Market,Golden,,,,2026,https://goldenfarmersmarket.org/our-merchants/,,Jefferson,market_city
Kona Kombucha,Golden Farmers Market,Golden,,,,2026,https://goldenfarmersmarket.org/our-merchants/,,Jefferson,market_city
La Montagne des Saveurs,Golden Farmers Market,Golden,,,,2026,https://goldenfarmersmarket.org/our-merchants/,,Jefferson,market_city
Legacy Pie Co.,Golden Farmers Market,Golden,,,,2026,https://goldenfarmersmarket.org/our-merchants/,,Jefferson,market_city
Little Farmhouse Bakery,Golden Farmers Market,Golden,,,,2026,https://goldenfarmersmarket.org/our-merchants/,,Jefferson,market_city
Living Market Company,Golden Farmers Market,Golden,,,,2026,https://goldenfarmersmarket.org/our-merchants/,,Jefferson,market_city
Loom,Golden Farmers Market,Golden,,,,2026,https://goldenfarmersmarket.org/our-merchants/,,Jefferson,market_city
lovelevel,Golden Farmers Market,Golden,,,,2026,https://goldenfarmersmarket.org/our-merchants/,,Jefferson,market_city
Luma Turkish Towels,Golden Farmers Market,Golden,,,,2026,https://goldenfarmersmarket.org/our-merchants/,,Jefferson,market_city
Malisa's Thai Street Food,Golden Farmers Market,Golden,,,,2026,https://goldenfarmersmarket.org/our-merchants/,,Jefferson,market_city
Mama Montoya's,Golden Farmers Market,Golden,,,,2026,https://goldenfarmersmarket.org/our-merchants/,,Jefferson,market_city
Mandalina Turkish Towels,Golden Farmers Market,Golden,,,,2026,https://goldenfarmersmarket.org/our-merchants/,,Jefferson,market_city
Mile-Hi Provisions,Golden Farmers Market,Golden,,,,2026,https://goldenfarmersmarket.org/our-merchants/,,Jefferson,market_city
Miller Farms,Golden Farmers Market,Golden,,,,2026,https://goldenfarmersmarket.org/our-merchants/,medium,Jefferson,market_city
MisoHeat,Golden Farmers Market,Golden,,,,2026,https://goldenfarmersmarket.org/our-merchants/,,Jefferson,market_city
MOUNTAIN TIME SOAP,Golden Farmers Market,Golden,,,,2026,https://goldenfarmersmarket.org/our-merchants/,,Jefferson,market_city
Mushroom Gardens,Golden Farmers Market,Golden,,,,2026,https://goldenfarmersmarket.org/our-merchants/,medium,Jefferson,market_city
Mycocosm Mushrooms,Golden Farmers Market,Golden,,,,2026,https://goldenfarmersmarket.org/our-merchants/,medium,Jefferson,market_city
Native Raw Eats,Golden Farmers Market,Golden,,,,2026,https://goldenfarmersmarket.org/our-merchants/,,Jefferson,market_city
Not Bad Cooks,Golden Farmers Market,Golden,,,,2026,https://goldenfarmersmarket.org/our-merchants/,,Jefferson,market_city
Painted With Fire Art Guild,Golden Farmers Market,Golden,,,,2026,https://goldenfarmersmarket.org/our-merchants/,,Jefferson,market_city
Pambasos,Golden Farmers Market,Golden,,,,2026,https://goldenfarmersmarket.org/our-merchants/,,Jefferson,market_city
Pappardelle's Pasta Co.,Golden Farmers Market,Golden,,,,2026,https://goldenfarmersmarket.org/our-merchants/,,Jefferson,market_city
Park Pass Coffee,Golden Farmers Market,Golden,,,,2026,https://goldenfarmersmarket.org/our-merchants/,,Jefferson,market_city
Phenix Rose Designs,Golden Farmers Market,Golden,,,,2026,https://goldenfarmersmarket.org/our-merchants/,,Jefferson,market_city
Phun Bar,Golden Farmers Market,Golden,,,,2026,https://goldenfarmersmarket.org/our-merchants/,,Jefferson,market_city
Pretty Lit,Golden Farmers Market,Golden,,,,2026,https://goldenfarmersmarket.org/our-merchants/,,Jefferson,market_city
Ramon's Burritos,Golden Farmers Market,Golden,,,,2026,https://goldenfarmersmarket.org/our-merchants/,,Jefferson,market_city
Renewal By Andersen,Golden Farmers Market,Golden,,,,2026,https://goldenfarmersmarket.org/our-merchants/,,Jefferson,market_city
Sangha Juice,Golden Farmers Market,Golden,,,,2026,https://goldenfarmersmarket.org/our-merchants/,,Jefferson,market_city
Science at the Market!,Golden Farmers Market,Golden,,,,2026,https://goldenfarmersmarket.org/our-merchants/,,Jefferson,market_city
Scooty's,Golden Farmers Market,Golden,,,,2026,https://goldenfarmersmarket.org/our-merchants/,,Jefferson,market_city
Scully's Coffee Camper,Golden Farmers Market,Golden,,,,2026,https://goldenfarmersmarket.org/our-merchants/,,Jefferson,market_city
Seeker Sauce,Golden Farmers Market,Golden,,,,2026,https://goldenfarmersmarket.org/our-merchants/,,Jefferson,market_city
Snow Loaf Bakery,Golden Farmers Market,Golden,,,,2026,https://goldenfarmersmarket.org/our-merchants/,,Jefferson,market_city
SO VERY LOVELY,Golden Farmers Market,Golden,,,,2026,https://goldenfarmersmarket.org/our-merchants/,,Jefferson,market_city
Starry Sage,Golden Farmers Market,Golden,,,,2026,https://goldenfarmersmarket.org/our-merchants/,,Jefferson,market_city
Starwood Botanicals,Golden Farmers Market,Golden,,,,2026,https://goldenfarmersmarket.org/our-merchants/,,Jefferson,market_city
State 38 Distilling,Golden Farmers Market,Golden,,,,2026,https://goldenfarmersmarket.org/our-merchants/,,Jefferson,market_city
Sugar Boot Farm Co.,Golden Farmers Market,Golden,,,,2026,https://goldenfarmersmarket.org/our-merchants/,medium,Jefferson,market_city
Summit Pasta,Golden Farmers Market,Golden,,,,2026,https://goldenfarmersmarket.org/our-merchants/,,Jefferson,market_city
Sunflower Foods,Golden Farmers Market,Golden,,,,2026,https://goldenfarmersmarket.org/our-merchants/,,Jefferson,market_city
Superganix CBD,Golden Farmers Market,Golden,,,,2026,https://goldenfarmersmarket.org/our-merchants/,,Jefferson,market_city
Tarta Bakery,Golden Farmers Market,Golden,,,,2026,https://goldenfarmersmarket.org/our-merchants/,,Jefferson,market_city
Tart and Soul Bakery,Golden Farmers Market,Golden,,,,2026,https://goldenfarmersmarket.org/our-merchants/,,Jefferson,market_city
Taspens Organics,Golden Farmers Market,Golden,,,,2026,https://goldenfarmersmarket.org/our-merchants/,,Jefferson,market_city
The Bread Box,Golden Farmers Market,Golden,,,,2026,https://goldenfarmersmarket.org/our-merchants/,,Jefferson,market_city
The Flower Shack,Golden Farmers Market,Golden,,,,2026,https://goldenfarmersmarket.org/our-merchants/,medium,Jefferson,market_city
The Springs Bagel Company,Golden Farmers Market,Golden,,,,2026,https://goldenfarmersmarket.org/our-merchants/,,Jefferson,market_city
The Stone Fruit,Golden Farmers Market,Golden,,,,2026,https://goldenfarmersmarket.org/our-merchants/,,Jefferson,market_city
The Three Biscuiteers,Golden Farmers Market,Golden,,,,2026,https://goldenfarmersmarket.org/our-merchants/,,Jefferson,market_city
The Urban Orchard,Golden Farmers Market,Golden,,,,2026,https://goldenfarmersmarket.org/our-merchants/,medium,Jefferson,market_city
Tia Woven Goods,Golden Farmers Market,Golden,,,,2026,https://goldenfarmersmarket.org/our-merchants/,,Jefferson,market_city
Trish Delish Cookies,Golden Farmers Market,Golden,,,,2026,https://goldenfarmersmarket.org/our-merchants/,,Jefferson,market_city
Willsport Creatsion,Golden Farmers Market,Golden,,,,2026,https://goldenfarmersmarket.org/our-merchants/,,Jefferson,market_city
Yummy Yummy Products,Golden Farmers Market,Golden,,,,2026,https://goldenfarmersmarket.org/our-merchants/,,Jefferson,market_city
Aloe Goodbye/Stick to the Know,Granby Farmers Market,Granby,Market Vendors,,,2026,https://www.destinationgranby.com/events/music-market/,,Grand,market_city
ARTful Bible,Granby Farmers Market,Granby,Market Vendors,,,2026,https://www.destinationgranby.com/events/music-market/,,Grand,market_city
Baked by Riley,Granby Farmers Market,Granby,Market Vendors,,,2026,https://www.destinationgranby.com/events/music-market/,,Grand,market_city
Bald Man's Burritos Food Truck,Granby Farmers Market,Granby,Market Vendors,,,2026,https://www.destinationgranby.com/events/music-market/,,Grand,market_city
Big Country Kettle Corn,Granby Farmers Market,Granby,Market Vendors,,,2026,https://www.destinationgranby.com/events/music-market/,,Grand,market_city
Big Bird Ranch Farmstand,Granby Farmers Market,Granby,Market Vendors,,,2026,https://www.destinationgranby.com/events/music-market/,medium,Grand,market_city
Blue Hour Artisan,Granby Farmers Market,Granby,Market Vendors,,,2026,https://www.destinationgranby.com/events/music-market/,,Grand,market_city
Change in Altitude Creations,Granby Farmers Market,Granby,Market Vendors,,,2026,https://www.destinationgranby.com/events/music-market/,,Grand,market_city
Charlie's on the Go Food Truck,Granby Farmers Market,Granby,Market Vendors,,,2026,https://www.destinationgranby.com/events/music-market/,,Grand,market_city
Grand Massage + MVMT,Granby Farmers Market,Granby,Market Vendors,,,2026,https://www.destinationgranby.com/events/music-market/,,Grand,market_city
High Peak Hat Co,Granby Farmers Market,Granby,Market Vendors,,,2026,https://www.destinationgranby.com/events/music-market/,,Grand,market_city
Homestead-ISH,Granby Farmers Market,Granby,Market Vendors,,,2026,https://www.destinationgranby.com/events/music-market/,medium,Grand,market_city
Huntsberry Plants and Things,Granby Farmers Market,Granby,Market Vendors,,,2026,https://www.destinationgranby.com/events/music-market/,,Grand,market_city
Kim Shepton Creations,Granby Farmers Market,Granby,Market Vendors,,,2026,https://www.destinationgranby.com/events/music-market/,,Grand,market_city
KMP Provisions,Granby Farmers Market,Granby,Market Vendors,,,2026,https://www.destinationgranby.com/events/music-market/,,Grand,market_city
Kogler's Bakery,Granby Farmers Market,Granby,Market Vendors,,,2026,https://www.destinationgranby.com/events/music-market/,,Grand,market_city
Monini's Kitchen Food Truck,Granby Farmers Market,Granby,Market Vendors,,,2026,https://www.destinationgranby.com/events/music-market/,,Grand,market_city
Paella's Restaurant Food Truck,Granby Farmers Market,Granby,Market Vendors,,,2026,https://www.destinationgranby.com/events/music-market/,,Grand,market_city
Rhythm & Stone,Granby Farmers Market,Granby,Market Vendors,,,2026,https://www.destinationgranby.com/events/music-market/,,Grand,market_city
Rocky Mountain Mushrooms,Granby Farmers Market,Granby,Market Vendors,,,2026,https://www.destinationgranby.com/events/music-market/,medium,Grand,market_city
SISU Farms,Granby Farmers Market,Granby,Market Vendors,,,2026,https://www.destinationgranby.com/events/music-market/,medium,Grand,market_city
Sky Tacos & More Food Truck,Granby Farmers Market,Granby,Market Vendors,,,2026,https://www.destinationgranby.com/events/music-market/,,Grand,market_city
Soul Vibe Boutique,Granby Farmers Market,Granby,Market Vendors,,,2026,https://www.destinationgranby.com/events/music-market/,,Grand,market_city
Star Trail Woodworks,Granby Farmers Market,Granby,Market Vendors,,,2026,https://www.destinationgranby.com/events/music-market/,,Grand,market_city
Stormy Heights Homestead,Granby Farmers Market,Granby,Market Vendors,,,2026,https://www.destinationgranby.com/events/music-market/,medium,Grand,market_city
The Fizzy Fix,Granby Farmers Market,Granby,Market Vendors,,,2026,https://www.destinationgranby.com/events/music-market/,,Grand,market_city
Twisted Squids Designs LLC,Granby Farmers Market,Granby,Market Vendors,,,2026,https://www.destinationgranby.com/events/music-market/,,Grand,market_city
CSU Extension,Granby Farmers Market,Granby,Community Groups / Non-Profits,,,2026,https://www.destinationgranby.com/events/music-market/,,Grand,market_city
Cultural Care Au Pair,Granby Farmers Market,Granby,Community Groups / Non-Profits,,,2026,https://www.destinationgranby.com/events/music-market/,,Grand,market_city
Eternal Hills Christian Preschool,Granby Farmers Market,Granby,Community Groups / Non-Profits,,,2026,https://www.destinationgranby.com/events/music-market/,,Grand,market_city
Every Last One Dog Sanctuary,Granby Farmers Market,Granby,Community Groups / Non-Profits,,,2026,https://www.destinationgranby.com/events/music-market/,,Grand,market_city
Family Mountain Center,Granby Farmers Market,Granby,Community Groups / Non-Profits,,,2026,https://www.destinationgranby.com/events/music-market/,,Grand,market_city
Grand County Emergency Management,Granby Farmers Market,Granby,Community Groups / Non-Profits,,,2026,https://www.destinationgranby.com/events/music-market/,,Grand,market_city
Grand County Historical Association,Granby Farmers Market,Granby,Community Groups / Non-Profits,,,2026,https://www.destinationgranby.com/events/music-market/,,Grand,market_city
Grand County Library District,Granby Farmers Market,Granby,Community Groups / Non-Profits,,,2026,https://www.destinationgranby.com/events/music-market/,,Grand,market_city
Grand County Public Health,Granby Farmers Market,Granby,Community Groups / Non-Profits,,,2026,https://www.destinationgranby.com/events/music-market/,,Grand,market_city
Grand County Wildfire Council,Granby Farmers Market,Granby,Community Groups / Non-Profits,,,2026,https://www.destinationgranby.com/events/music-market/,,Grand,market_city
Learning By Doing,Granby Farmers Market,Granby,Community Groups / Non-Profits,,,2026,https://www.destinationgranby.com/events/music-market/,,Grand,market_city
Sustainable Grand,Granby Farmers Market,Granby,Community Groups / Non-Profits,,,2026,https://www.destinationgranby.com/events/music-market/,,Grand,market_city
Winter Park Film Festival,Granby Farmers Market,Granby,Community Groups / Non-Profits,,,2026,https://www.destinationgranby.com/events/music-market/,,Grand,market_city
Upper Colorado Watershed Environment Team,Granby Farmers Market,Granby,Community Groups / Non-Profits,,,2026,https://www.destinationgranby.com/events/music-market/,,Grand,market_city
Palisade Peach Shack,Green Vally Ranch NE Denver Farmers Market,Denver,,,Cherries and apricots harvest early June. Peaches will harvest early July!,2024,https://www.gratefulgardenllc.com/vendors,,Denver,market_city
Rocking HC Ranch,Green Vally Ranch NE Denver Farmers Market,Denver,,,Delicious farm fresh eggs from happy and healthy chickens!!,2024,https://www.gratefulgardenllc.com/vendors,medium,Denver,market_city
Big Day Farm,Harvey Park Farmers Market,Denver,"Farmers, Ranchers, & Dairy",,,2026,https://www.harveyparkfarmersmarket.com/vendors,strong,Denver,market_city
Black Gold Family Farm,Harvey Park Farmers Market,Denver,"Farmers, Ranchers, & Dairy",,,2026,https://www.harveyparkfarmersmarket.com/vendors,strong,Denver,market_city
Centennial Cuts,Harvey Park Farmers Market,Denver,"Farmers, Ranchers, & Dairy",,,2026,https://www.harveyparkfarmersmarket.com/vendors,strong,Denver,market_city
Ela Family Farms,Harvey Park Farmers Market,Denver,"Farmers, Ranchers, & Dairy",,,2026,https://www.harveyparkfarmersmarket.com/vendors,strong,Denver,market_city
Five Freedoms Dairy,Harvey Park Farmers Market,Denver,"Farmers, Ranchers, & Dairy",,,2026,https://www.harveyparkfarmersmarket.com/vendors,strong,Denver,market_city
Fox Fungi,Harvey Park Farmers Market,Denver,"Farmers, Ranchers, & Dairy",,,2026,https://www.harveyparkfarmersmarket.com/vendors,strong,Denver,market_city
Harvey Park Flowers,Harvey Park Farmers Market,Denver,"Farmers, Ranchers, & Dairy",,,2026,https://www.harveyparkfarmersmarket.com/vendors,strong,Denver,market_city
Homestead in the Hood,Harvey Park Farmers Market,Denver,"Farmers, Ranchers, & Dairy",,,2026,https://www.harveyparkfarmersmarket.com/vendors,strong,Denver,market_city
Peony Provisions Farm & Flower,Harvey Park Farmers Market,Denver,"Farmers, Ranchers, & Dairy",,,2026,https://www.harveyparkfarmersmarket.com/vendors,strong,Denver,market_city
Rebel Farm,Harvey Park Farmers Market,Denver,"Farmers, Ranchers, & Dairy",,,2026,https://www.harveyparkfarmersmarket.com/vendors,strong,Denver,market_city
Skinny P Ranch,Harvey Park Farmers Market,Denver,"Farmers, Ranchers, & Dairy",,,2026,https://www.harveyparkfarmersmarket.com/vendors,strong,Denver,market_city
The Fleischer Family Farm,Harvey Park Farmers Market,Denver,"Farmers, Ranchers, & Dairy",,,2026,https://www.harveyparkfarmersmarket.com/vendors,strong,Denver,market_city
Topp Fruits/Rancho Durazno,Harvey Park Farmers Market,Denver,"Farmers, Ranchers, & Dairy",,,2026,https://www.harveyparkfarmersmarket.com/vendors,strong,Denver,market_city
Boulder Olive Oil Company,Harvey Park Farmers Market,Denver,Specialty & Pre-Packaged Food,,,2026,https://www.harveyparkfarmersmarket.com/vendors,,Denver,market_city
Buck & Bloom Cheese Company,Harvey Park Farmers Market,Denver,Specialty & Pre-Packaged Food,,,2026,https://www.harveyparkfarmersmarket.com/vendors,,Denver,market_city
Casa Crobu,Harvey Park Farmers Market,Denver,Specialty & Pre-Packaged Food,,,2026,https://www.harveyparkfarmersmarket.com/vendors,,Denver,market_city
Cocinita Mexicana,Harvey Park Farmers Market,Denver,Specialty & Pre-Packaged Food,,,2026,https://www.harveyparkfarmersmarket.com/vendors,,Denver,market_city
Cultura Chocolate,Harvey Park Farmers Market,Denver,Specialty & Pre-Packaged Food,,,2026,https://www.harveyparkfarmersmarket.com/vendors,,Denver,market_city
Denver Pops,Harvey Park Farmers Market,Denver,Specialty & Pre-Packaged Food,,,2026,https://www.harveyparkfarmersmarket.com/vendors,,Denver,market_city
Doughology,Harvey Park Farmers Market,Denver,Specialty & Pre-Packaged Food,,,2026,https://www.harveyparkfarmersmarket.com/vendors,,Denver,market_city
Full Stop. Bakery,Harvey Park Farmers Market,Denver,Specialty & Pre-Packaged Food,,,2026,https://www.harveyparkfarmersmarket.com/vendors,,Denver,market_city
Get Right's Bakery,Harvey Park Farmers Market,Denver,Specialty & Pre-Packaged Food,,,2026,https://www.harveyparkfarmersmarket.com/vendors,,Denver,market_city
Hearth Bakery,Harvey Park Farmers Market,Denver,Specialty & Pre-Packaged Food,,,2026,https://www.harveyparkfarmersmarket.com/vendors,,Denver,market_city
Hummus Capara,Harvey Park Farmers Market,Denver,Specialty & Pre-Packaged Food,,,2026,https://www.harveyparkfarmersmarket.com/vendors,,Denver,market_city
Know Your Roots Pickles,Harvey Park Farmers Market,Denver,Specialty & Pre-Packaged Food,,,2026,https://www.harveyparkfarmersmarket.com/vendors,,Denver,market_city
KREAM Kimchi,Harvey Park Farmers Market,Denver,Specialty & Pre-Packaged Food,,,2026,https://www.harveyparkfarmersmarket.com/vendors,,Denver,market_city
Lemonade Daydream,Harvey Park Farmers Market,Denver,Specialty & Pre-Packaged Food,,,2026,https://www.harveyparkfarmersmarket.com/vendors,,Denver,market_city
Magia Botánica,Harvey Park Farmers Market,Denver,Specialty & Pre-Packaged Food,,,2026,https://www.harveyparkfarmersmarket.com/vendors,,Denver,market_city
Mamas Peri Peri,Harvey Park Farmers Market,Denver,Specialty & Pre-Packaged Food,,,2026,https://www.harveyparkfarmersmarket.com/vendors,,Denver,market_city
MisoHeat,Harvey Park Farmers Market,Denver,Specialty & Pre-Packaged Food,,,2026,https://www.harveyparkfarmersmarket.com/vendors,,Denver,market_city
MUNBUN,Harvey Park Farmers Market,Denver,Specialty & Pre-Packaged Food,,,2026,https://www.harveyparkfarmersmarket.com/vendors,,Denver,market_city
Nabo Bakehouse,Harvey Park Farmers Market,Denver,Specialty & Pre-Packaged Food,,,2026,https://www.harveyparkfarmersmarket.com/vendors,,Denver,market_city
not bad cooks,Harvey Park Farmers Market,Denver,Specialty & Pre-Packaged Food,,,2026,https://www.harveyparkfarmersmarket.com/vendors,,Denver,market_city
Ray Road Nut Butter,Harvey Park Farmers Market,Denver,Specialty & Pre-Packaged Food,,,2026,https://www.harveyparkfarmersmarket.com/vendors,,Denver,market_city
Send Flours Baking Co.,Harvey Park Farmers Market,Denver,Specialty & Pre-Packaged Food,,,2026,https://www.harveyparkfarmersmarket.com/vendors,,Denver,market_city
Sfoglina,Harvey Park Farmers Market,Denver,Specialty & Pre-Packaged Food,,,2026,https://www.harveyparkfarmersmarket.com/vendors,,Denver,market_city
Three Kings Non Alcoholic Beverages,Harvey Park Farmers Market,Denver,Specialty & Pre-Packaged Food,,,2026,https://www.harveyparkfarmersmarket.com/vendors,,Denver,market_city
WKND Bake,Harvey Park Farmers Market,Denver,Specialty & Pre-Packaged Food,,,2026,https://www.harveyparkfarmersmarket.com/vendors,,Denver,market_city
Yummy Lotus,Harvey Park Farmers Market,Denver,Specialty & Pre-Packaged Food,,,2026,https://www.harveyparkfarmersmarket.com/vendors,,Denver,market_city
Hopelands Coffee,Harvey Park Farmers Market,Denver,Ready-to-Eat Food,,,2026,https://www.harveyparkfarmersmarket.com/vendors,,Denver,market_city
Luhu's Kitchen,Harvey Park Farmers Market,Denver,Ready-to-Eat Food,,,2026,https://www.harveyparkfarmersmarket.com/vendors,,Denver,market_city
MAC MAC,Harvey Park Farmers Market,Denver,Ready-to-Eat Food,,,2026,https://www.harveyparkfarmersmarket.com/vendors,,Denver,market_city
Migas Coffee/Hollow Coffee,Harvey Park Farmers Market,Denver,Ready-to-Eat Food,,,2026,https://www.harveyparkfarmersmarket.com/vendors,,Denver,market_city
New Friends Breakfast Sandwiches,Harvey Park Farmers Market,Denver,Ready-to-Eat Food,,,2026,https://www.harveyparkfarmersmarket.com/vendors,,Denver,market_city
Paborito,Harvey Park Farmers Market,Denver,Ready-to-Eat Food,,,2026,https://www.harveyparkfarmersmarket.com/vendors,,Denver,market_city
Pupusas Familia,Harvey Park Farmers Market,Denver,Ready-to-Eat Food,,,2026,https://www.harveyparkfarmersmarket.com/vendors,,Denver,market_city
R&R's Texas Tacos & BBQ,Harvey Park Farmers Market,Denver,Ready-to-Eat Food,,,2026,https://www.harveyparkfarmersmarket.com/vendors,,Denver,market_city
Séllé Dibiterie,Harvey Park Farmers Market,Denver,Ready-to-Eat Food,,,2026,https://www.harveyparkfarmersmarket.com/vendors,,Denver,market_city
Taco Bella,Harvey Park Farmers Market,Denver,Ready-to-Eat Food,,,2026,https://www.harveyparkfarmersmarket.com/vendors,,Denver,market_city
The Crêpe Outdoors,Harvey Park Farmers Market,Denver,Ready-to-Eat Food,,,2026,https://www.harveyparkfarmersmarket.com/vendors,,Denver,market_city
Black Gold Family Farm,Lafayette Colorado Farmers Market,Lafayette,"Farmers, Ranchers, Dairy","Akron, CO","Family-owned, farrow-to-finish Berkshire pig farm in Akron, CO, specializing in pasture-raised pork that is 100% drug-free with no hormones, steroids, antibiotics, or vaccines.",2026,https://vendors.lafayettefm.com/2026_vendor_team,strong,Washington,location_stated
Buckner Family Ranch,Lafayette Colorado Farmers Market,Lafayette,"Farmers, Ranchers, Dairy","Longmont, CO","Family-run ranch specializing in locally-raised, 100% grass-fed lamb and beef, and pasture-raised heritage breed pork.",2026,https://vendors.lafayettefm.com/2026_vendor_team,strong,Boulder,location_stated
Common Name Farm,Lafayette Colorado Farmers Market,Lafayette,"Farmers, Ranchers, Dairy","Lafayette, CO","Community-focused vegetable farm practicing sustainable agriculture on a historic multi-generational property in Lafayette, CO.",2026,https://vendors.lafayettefm.com/2026_vendor_team,strong,Boulder,location_stated
Cottontail Farm,Lafayette Colorado Farmers Market,Lafayette,"Farmers, Ranchers, Dairy",,"Small-scale regenerative flower farm in Longmont, CO specializing in seasonal fresh and dried flowers",2026,https://vendors.lafayettefm.com/2026_vendor_team,strong,Boulder,market_city
Croft Family Farm,Lafayette Colorado Farmers Market,Lafayette,"Farmers, Ranchers, Dairy","Kersey, CO","Family-operated regenerative farm in Kersey, CO growing vegetables and raising free-range hens",2026,https://vendors.lafayettefm.com/2026_vendor_team,strong,Weld,location_stated
Crooked Roots Farm,Lafayette Colorado Farmers Market,Lafayette,"Farmers, Ranchers, Dairy","Longmont, CO","Small-scale regenerative farm in Longmont, CO - organically grown vegetables and humanely, sustainably raised lamb, pork, chicken, and eggs.",2026,https://vendors.lafayettefm.com/2026_vendor_team,strong,Boulder,location_stated
Ela Family Farms,Lafayette Colorado Farmers Market,Lafayette,"Farmers, Ranchers, Dairy","Hotchkiss, CO","Fourth-generation organic fruit farm in Hotchkiss, CO growing tree-ripe cherries, peaches, pears, plums, and apples, plus jams, syrups, and dried fruits.",2026,https://vendors.lafayettefm.com/2026_vendor_team,strong,Delta,location_stated
Five Freedoms Dairy,Lafayette Colorado Farmers Market,Lafayette,"Farmers, Ranchers, Dairy","Longmont, CO","Sustainable dairy farm founded by veterinarian Kevin McSweeney offering ethically sourced milk, yogurt, ricotta, and cheese curds from cows that live with their calves and have longer, healthier li...",2026,https://vendors.lafayettefm.com/2026_vendor_team,strong,Boulder,location_stated
Flower Street Farm,Lafayette Colorado Farmers Market,Lafayette,"Farmers, Ranchers, Dairy","Lakewood, CO","A small-scale urban farm in Lakewood, CO that raises rescued bees and produces local, raw, unfiltered honey, beeswax products, essential oils, and hydrosols from their own herbs.",2026,https://vendors.lafayettefm.com/2026_vendor_team,strong,Jefferson,location_stated
Folks Farm and Seed,Lafayette Colorado Farmers Market,Lafayette,"Farmers, Ranchers, Dairy","Fort Collins, CO","Regenerative farm on 2.5 acres in Fort Collins growing nutrient-dense vegetables, herbs, flowers, and regionally adapted seeds using soil-first practices.",2026,https://vendors.lafayettefm.com/2026_vendor_team,strong,Larimer,location_stated
Fox Fungi,Lafayette Colorado Farmers Market,Lafayette,"Farmers, Ranchers, Dairy","Denver, CO","An urban mushroom farm located in Denver providing specialty gourmet mushrooms (including oyster, lion's mane, shiitake, and enoki) and mushroom growing supplies.",2026,https://vendors.lafayettefm.com/2026_vendor_team,strong,Denver,location_stated
Foxtown Farm,Lafayette Colorado Farmers Market,Lafayette,"Farmers, Ranchers, Dairy","Denver, CO",Ginger and turmeric inspired products. Creating pourable honey syrups and traditional fire cider with organic ingredients and local honey.,2026,https://vendors.lafayettefm.com/2026_vendor_team,strong,Denver,location_stated
Furst Class Fungi,Lafayette Colorado Farmers Market,Lafayette,"Farmers, Ranchers, Dairy","Denver, CO","A Denver-based mushroom farm specializing in gourmet mushrooms including shiitake, lion's mane, king oysters, and blue oyster mushrooms.",2026,https://vendors.lafayettefm.com/2026_vendor_team,strong,Denver,location_stated
Jorbin Acres,Lafayette Colorado Farmers Market,Lafayette,"Farmers, Ranchers, Dairy","Lafayette, CO","Family farm providing locally grown produce and cut flowers, based in Lafayette with growing spaces in Arvada and Erie, Colorado.",2026,https://vendors.lafayettefm.com/2026_vendor_team,strong,Boulder,location_stated
Kiowa Valley Organics,Lafayette Colorado Farmers Market,Lafayette,"Farmers, Ranchers, Dairy","Roggen, CO","Family-owned USDA certified organic farm in Roggen, CO producing organic vegetables, grass-fed beef, and pasture-fed chicken eggs.",2026,https://vendors.lafayettefm.com/2026_vendor_team,strong,Weld,location_stated
Speedwell Farm & Gardens,Lafayette Colorado Farmers Market,Lafayette,"Farmers, Ranchers, Dairy","Longmont, CO",Longmont CO regenerative micro farm by Cody Jurbala and Melissa Ogilvie. Boulder County $40k grant 2024. Converting yards to farm plots. CSA Wed pickups May-October.,2026,https://vendors.lafayettefm.com/2026_vendor_team,strong,Boulder,location_stated
Star Acres Flower Farm,Lafayette Colorado Farmers Market,Lafayette,"Farmers, Ranchers, Dairy","Arvada, CO","Mother-daughter run flower farm in Arvada, Colorado offering fresh seasonal bouquets and unique single-variety blooms grown using organic practices.",2026,https://vendors.lafayettefm.com/2026_vendor_team,strong,Jefferson,location_stated
Switch Gears Farm,Lafayette Colorado Farmers Market,Lafayette,"Farmers, Ranchers, Dairy","Longmont, CO","Small-scale one-acre vegetable farm in Longmont operated by Brett Matson and Vanita Patel, growing 40+ different types of vegetables using organic and regenerative practices without synthetic ferti...",2026,https://vendors.lafayettefm.com/2026_vendor_team,strong,Boulder,location_stated
The Fresh Herb Co,Lafayette Colorado Farmers Market,Lafayette,"Farmers, Ranchers, Dairy","Longmont, CO","40-year-old family farm in Longmont, CO growing culinary herbs, cut flowers, and succulents",2026,https://vendors.lafayettefm.com/2026_vendor_team,strong,Boulder,location_stated
Three Leaf Farm,Lafayette Colorado Farmers Market,Lafayette,"Farmers, Ranchers, Dairy","Lafayette, CO","Urban organic farm in Lafayette growing herbs, flowers, vegetables, and fruits for their five family-owned restaurants.",2026,https://vendors.lafayettefm.com/2026_vendor_team,strong,Boulder,location_stated
Topp Fruits LLC,Lafayette Colorado Farmers Market,Lafayette,"Farmers, Ranchers, Dairy","Hotchkiss, CO","Family-owned and operated organic orchard located on Colorado's Western Slope producing tree-ripened organic peaches, apples, cherries, plums, and pears with certified organic practices.",2026,https://vendors.lafayettefm.com/2026_vendor_team,strong,Delta,location_stated
Unsung Family Farm,Lafayette Colorado Farmers Market,Lafayette,"Farmers, Ranchers, Dairy","Longmont, CO","Ecological culinary farm north of Longmont with half an acre of fresh produce farmed regeneratively, specialty microgreens, and unique preservations.",2026,https://vendors.lafayettefm.com/2026_vendor_team,strong,Boulder,location_stated
Wiley Farm & Co.,Lafayette Colorado Farmers Market,Lafayette,"Farmers, Ranchers, Dairy","Boulder, CO","Restorative, ecologically focused herb farm and tea company cultivating medicinal and culinary herbs in Boulder, CO - loose leaf blends, fresh herbs, and a quarterly tea membership.",2026,https://vendors.lafayettefm.com/2026_vendor_team,strong,Boulder,location_stated
Best French Cookies,Lafayette Colorado Farmers Market,Lafayette,Local Pantry,,French cookie and pastry vendor at Colorado farmers markets,2026,https://vendors.lafayettefm.com/2026_vendor_team,,Boulder,market_city
Best One Yet Vegan,Lafayette Colorado Farmers Market,Lafayette,Local Pantry,"Longmont, CO","Vegan and gluten-free ice cream sandwiches, small-batch with an organic coconut base, plus gluten-free baked goods. Find their truck at events between Denver and Boulder.",2026,https://vendors.lafayettefm.com/2026_vendor_team,,Boulder,location_stated
Bjorn's Colorado Honey,Lafayette Colorado Farmers Market,Lafayette,Local Pantry,"Boulder, CO","Small-batch, family-owned Colorado beekeeping operation producing raw, unfiltered local honey plus bee-based skincare products featuring beeswax, honey, and propolis.",2026,https://vendors.lafayettefm.com/2026_vendor_team,,Boulder,location_stated
Boulder Olive Oil,Lafayette Colorado Farmers Market,Lafayette,Local Pantry,"Boulder, CO","Boulder Olive Oil Company is based in Boulder, Colorado and supplies the highest quality, house infused balsamic vinegars and spices.",2026,https://vendors.lafayettefm.com/2026_vendor_team,,Boulder,location_stated
Bruna's Cheese Bread,Lafayette Colorado Farmers Market,Lafayette,Local Pantry,"Denver, CO","Women-owned Denver business crafting authentic Brazilian cheese bread (pao de queijo) that is naturally gluten, soy, and nut-free.",2026,https://vendors.lafayettefm.com/2026_vendor_team,,Denver,location_stated
Casa Crobu,Lafayette Colorado Farmers Market,Lafayette,Local Pantry,"Denver, CO","Small family-run Italian food business offering handmade fresh-frozen take-and-bake Italian specialties including Lasagna Bolognese, ravioli, eggplant parmigiana, and traditional Sardinian culurgio...",2026,https://vendors.lafayettefm.com/2026_vendor_team,,Denver,location_stated
Cassavaberry,Lafayette Colorado Farmers Market,Lafayette,Local Pantry,,"Clean, simple gluten-free, grain-free, plant-based baking mixes that deliver indulgent treats. Thornton, CO.",2026,https://vendors.lafayettefm.com/2026_vendor_team,,Boulder,market_city
Colorado Crackery,Lafayette Colorado Farmers Market,Lafayette,Local Pantry,,Artisan cracker vendor at Colorado farmers markets,2026,https://vendors.lafayettefm.com/2026_vendor_team,,Boulder,market_city
Crunchyology,Lafayette Colorado Farmers Market,Lafayette,Local Pantry,"Broomfield, CO","Made in a Broomfield mom's kitchen with high-quality ingredients and just the right crunch - small-batch granola to fuel your mornings, your 14er, and make your taste buds do a happy dance.",2026,https://vendors.lafayettefm.com/2026_vendor_team,,Broomfield,location_stated
Daily Grains Bakery,Lafayette Colorado Farmers Market,Lafayette,Local Pantry,"Lafayette, CO",Lafayette cottage bakery making naturally leavened sourdough breads and baked goods with freshly milled flour.,2026,https://vendors.lafayettefm.com/2026_vendor_team,,Boulder,location_stated
DAR Chocolate,Lafayette Colorado Farmers Market,Lafayette,Local Pantry,"Thornton, CO","Boutique artisan chocolate company in Denver, CO - organic, ethically traded cacao, with rotating artist packaging on the Art Bars line.",2026,https://vendors.lafayettefm.com/2026_vendor_team,,Adams,location_stated
Ema's Salsa,Lafayette Colorado Farmers Market,Lafayette,Local Pantry,,"Small-batch hot and medium salsa made with fresh Hatch Chile peppers, offering authentic New Mexican-style salsa products.",2026,https://vendors.lafayettefm.com/2026_vendor_team,,Boulder,market_city
Falafayette,Lafayette Colorado Farmers Market,Lafayette,Local Pantry,"Lafayette, CO","Authentic street food style falafel pitas and hummus bowls featuring hand-crafted falafels in pillowy pitas with fresh toppings and sauces, plus vegan options.",2026,https://vendors.lafayettefm.com/2026_vendor_team,,Boulder,location_stated
Feelin' Fresca,Lafayette Colorado Farmers Market,Lafayette,Local Pantry,"Lafayette, CO","Small family-owned business producing homemade aguas frescas (traditional Mexican fruit beverages) and fresh food products using simple, whole food ingredients.",2026,https://vendors.lafayettefm.com/2026_vendor_team,,Boulder,location_stated
Ferment Culture,Lafayette Colorado Farmers Market,Lafayette,Local Pantry,"Fort Collins, CO","Fort Collins-based producer of organic lacto-fermented foods including small-batch sauerkraut, kimchi, and other ferments made with local, organic produce from regenerative farms.",2026,https://vendors.lafayettefm.com/2026_vendor_team,,Larimer,location_stated
Flower Street Farm,Lafayette Colorado Farmers Market,Lafayette,Local Pantry,"Lakewood, CO","A small-scale urban farm in Lakewood, CO that raises rescued bees and produces local, raw, unfiltered honey, beeswax products, essential oils, and hydrosols from their own herbs.",2026,https://vendors.lafayettefm.com/2026_vendor_team,,Jefferson,location_stated
Foxtown Farm,Lafayette Colorado Farmers Market,Lafayette,Local Pantry,"Denver, CO",Ginger and turmeric inspired products. Creating pourable honey syrups and traditional fire cider with organic ingredients and local honey.,2026,https://vendors.lafayettefm.com/2026_vendor_team,,Denver,location_stated
Full Stop. Bakery,Lafayette Colorado Farmers Market,Lafayette,Local Pantry,"Boulder, CO","Full Stop. crafts slow-fermented sourdough crackers from simple, real ingredients - crackers that elevate everyday moments and encourage slowing down.",2026,https://vendors.lafayettefm.com/2026_vendor_team,,Boulder,location_stated
Gray's Misen Place,Lafayette Colorado Farmers Market,Lafayette,Local Pantry,"Lafayette, CO","Gray's Misen Place is a 501(c)(3) nonprofit raising food waste awareness and empowering youth through culinary education. A kitchen where kids get messy, have fun, and feed the family!",2026,https://vendors.lafayettefm.com/2026_vendor_team,,Boulder,location_stated
Green Belly Foods Inc.,Lafayette Colorado Farmers Market,Lafayette,Local Pantry,"Boulder, CO",Guatemalan-inspired hot sauces and salsas sold in major Colorado retailers,2026,https://vendors.lafayettefm.com/2026_vendor_team,,Boulder,location_stated
Jenerous Foods,Lafayette Colorado Farmers Market,Lafayette,Local Pantry,"Boulder, CO","Gluten-free bakery offering artisan breads, scones, and cookies, plus an inclusive meal delivery service supporting gluten-free, dairy-free, vegan, and other dietary needs.",2026,https://vendors.lafayettefm.com/2026_vendor_team,,Boulder,location_stated
Kettle Head Popcorn,Lafayette Colorado Farmers Market,Lafayette,Local Pantry,"Denver, CO",Denver-based artisan popcorn company offering 15+ gluten-free flavors,2026,https://vendors.lafayettefm.com/2026_vendor_team,,Denver,location_stated
Legacy Pie Co,Lafayette Colorado Farmers Market,Lafayette,Local Pantry,"Denver, CO","Fourth-generation family-owned pie business (established 1929) specializing in sweet and savory pies made from scratch with locally-sourced ingredients, with locations in Denver's Berkeley and Wash...",2026,https://vendors.lafayettefm.com/2026_vendor_team,,Denver,location_stated
Little House of Tempeh,Lafayette Colorado Farmers Market,Lafayette,Local Pantry,"Fort Collins, CO","Small-batch, soy-free, organic, unpasteurized tempeh producer in Fort Collins, CO",2026,https://vendors.lafayettefm.com/2026_vendor_team,,Larimer,location_stated
Marlene's Garden,Lafayette Colorado Farmers Market,Lafayette,Local Pantry,"Lafayette, CO",Garden produce vendor at Lafayette-area farmers markets in Colorado,2026,https://vendors.lafayettefm.com/2026_vendor_team,,Boulder,location_stated
Moon Raccoon Baking,Lafayette Colorado Farmers Market,Lafayette,Local Pantry,"Denver, CO","A Denver-based micro-bakery specializing in small-batch, scratch-made pastries and laminated doughs (croissants, danishes, etc.",2026,https://vendors.lafayettefm.com/2026_vendor_team,,Denver,location_stated
Moringa Infusions,Lafayette Colorado Farmers Market,Lafayette,Local Pantry,,Adaptogen-powered superfood moringa infusions with organic herbs and raw Colorado honey,2026,https://vendors.lafayettefm.com/2026_vendor_team,,Boulder,market_city
Mountain Girl Pickles,Lafayette Colorado Farmers Market,Lafayette,Local Pantry,"Boulder, CO","A Boulder-based artisan pickle company founded by fourth-generation canner Laraina James, specializing in Colorado's finest pickled products made from seasonal, locally-sourced produce.",2026,https://vendors.lafayettefm.com/2026_vendor_team,,Boulder,location_stated
Mungfu,Lafayette Colorado Farmers Market,Lafayette,Local Pantry,"Lafayette, CO","Mungfu reimagines lentils into clean modern foods - soy-free tofu, lentil snacks, quick omelette mix. High-protein, high-fiber, plant-based eating that is simple, delicious, and better for the planet.",2026,https://vendors.lafayettefm.com/2026_vendor_team,,Boulder,location_stated
Naomi's Sprouted Seed Truffles,Lafayette Colorado Farmers Market,Lafayette,Local Pantry,,"Organic sprouted seed truffles sweetened only with fruit, in compostable packaging",2026,https://vendors.lafayettefm.com/2026_vendor_team,,Boulder,market_city
NOCO Chocolates,Lafayette Colorado Farmers Market,Lafayette,Local Pantry,"Erie, CO","All-natural handcrafted chocolates and caramels made in Colorado with no soy, no corn, gluten-free, and vegan-friendly options using organic ingredients.",2026,https://vendors.lafayettefm.com/2026_vendor_team,,Weld,location_stated
Onyx HeartBeets,Lafayette Colorado Farmers Market,Lafayette,Local Pantry,"Boulder, CO",Organic plant-based food company specializing in beet veggie burgers and lavender lemonade,2026,https://vendors.lafayettefm.com/2026_vendor_team,,Boulder,location_stated
Patter Bar,Lafayette Colorado Farmers Market,Lafayette,Local Pantry,"Denver, CO","Denver-based female-owned company making 100% whole food energy bars with no added sugar, natural flavors, preservatives, or lab-created ingredients; gluten-free, dairy-free, and vegan options avai...",2026,https://vendors.lafayettefm.com/2026_vendor_team,,Denver,location_stated
Penny's Pie Shop,Lafayette Colorado Farmers Market,Lafayette,Local Pantry,"Lafayette, CO","Home bakery specializing in laminated flaky pastries and fruit pies, run by Jocelyn, a medical speech language pathologist and baker who creates handmade pies for local markets.",2026,https://vendors.lafayettefm.com/2026_vendor_team,,Boulder,location_stated
Pies In Bloom,Lafayette Colorado Farmers Market,Lafayette,Local Pantry,,Handcrafted pie bakery using locally sourced Colorado ingredients and seasonal flowers,2026,https://vendors.lafayettefm.com/2026_vendor_team,,Boulder,market_city
Ray Road Nut Butter,Lafayette Colorado Farmers Market,Lafayette,Local Pantry,,"Small-batch organic nut butter producer stone-ground in Longmont, CO",2026,https://vendors.lafayettefm.com/2026_vendor_team,,Boulder,market_city
Sweet Gold Juice Co,Lafayette Colorado Farmers Market,Lafayette,Local Pantry,"Denver, CO","Denver-based mobile juice bar offering organic cold-pressed juices and nut milks made from 100% organic fruits and vegetables in small batches, plus smoothies and gluten-free, vegan snacks.",2026,https://vendors.lafayettefm.com/2026_vendor_team,,Denver,location_stated
Taeko-san Takeout,Lafayette Colorado Farmers Market,Lafayette,Local Pantry,"Denver, CO","Authentic Japanese food vendor offering gourmet mochi (traditional rice cakes with creative flavors), onigiri (rice balls), and curry, all vegan and gluten-free, using recipes from owner's Japanese...",2026,https://vendors.lafayettefm.com/2026_vendor_team,,Denver,location_stated
Three Kings,Lafayette Colorado Farmers Market,Lafayette,Local Pantry,"Denver, CO","Denver-based medicinal kombucha, sparkling tea, and non-alcoholic beer brewery creating probiotic beverages with adaptogenic herbs (ashwagandha, maca, shilajit) using organic ingredients sourced fr...",2026,https://vendors.lafayettefm.com/2026_vendor_team,,Denver,location_stated
Yummy Lotus,Lafayette Colorado Farmers Market,Lafayette,Local Pantry,"Golden, CO","Colorado-based artisanal jam maker specializing in vegan and gluten-free gourmet pepper jams crafted in small batches using fresh, simple ingredients and unique flavor combinations.",2026,https://vendors.lafayettefm.com/2026_vendor_team,,Jefferson,location_stated
Best One Yet Vegan,Lafayette Colorado Farmers Market,Lafayette,Prepared Food,"Longmont, CO","Vegan and gluten-free ice cream sandwiches, small-batch with an organic coconut base, plus gluten-free baked goods. Find their truck at events between Denver and Boulder.",2026,https://vendors.lafayettefm.com/2026_vendor_team,,Boulder,location_stated
Bonfire Burritos,Lafayette Colorado Farmers Market,Lafayette,Prepared Food,"Golden, CO","From-scratch Southwestern cuisine featuring burritos, breakfast tacos, and lunch items, established in Golden, CO in 2013 using pasture-raised eggs and nitrate-free meats.",2026,https://vendors.lafayettefm.com/2026_vendor_team,,Jefferson,location_stated
Cafe Tres,Lafayette Colorado Farmers Market,Lafayette,Prepared Food,"Denver, CO","Cuban bakery specializing in pastelitos (sweet and savory filled Cuban puff pastries) and Cuban espresso, rooted in a family history of bakers dating back to the early 1900s in Cuba.",2026,https://vendors.lafayettefm.com/2026_vendor_team,,Denver,location_stated
Cherry Eyes Frybread,Lafayette Colorado Farmers Market,Lafayette,Prepared Food,,"Traditional Native American frybread vendor bringing authentic, handmade frybread to Colorado farmers markets and events.",2026,https://vendors.lafayettefm.com/2026_vendor_team,,Boulder,market_city
Chilaquilli,Lafayette Colorado Farmers Market,Lafayette,Prepared Food,"Louisville, CO",Mexican food vendor serving chilaquiles (crispy tortilla chips drenched in specialty salsas and topped with choice of protein and fresh toppings).,2026,https://vendors.lafayettefm.com/2026_vendor_team,,Boulder,location_stated
Chocolaterie Stam,Lafayette Colorado Farmers Market,Lafayette,Prepared Food,"Lafayette, CO","A specialty chocolate, gelato, coffee, and tea shop offering artisanal confections and custom branding services for corporate gifting.",2026,https://vendors.lafayettefm.com/2026_vendor_team,,Boulder,location_stated
De Los Andes Empanadas,Lafayette Colorado Farmers Market,Lafayette,Prepared Food,"Lafayette, CO","Hand-crafted Argentine empanada business in Lafayette, CO serving farmers markets and events",2026,https://vendors.lafayettefm.com/2026_vendor_team,,Boulder,location_stated
Denver Pops,Lafayette Colorado Farmers Market,Lafayette,Prepared Food,"Boulder, CO",Handmade gourmet popsicles made with mostly organic and locally sourced ingredients without any additives or artificial dyes.,2026,https://vendors.lafayettefm.com/2026_vendor_team,,Boulder,location_stated
Dos Caras,Lafayette Colorado Farmers Market,Lafayette,Prepared Food,"Denver, CO","Brothers Alejandro and Alberto Rodriguez produce plant-based Mexican dishes and pantry staples (salsas, tortillas, tostadas) using pre-colonial Mexican cooking techniques that honor their P'urhépec...",2026,https://vendors.lafayettefm.com/2026_vendor_team,,Denver,location_stated
Feelin' Fresca,Lafayette Colorado Farmers Market,Lafayette,Prepared Food,"Lafayette, CO","Small family-owned business producing homemade aguas frescas (traditional Mexican fruit beverages) and fresh food products using simple, whole food ingredients.",2026,https://vendors.lafayettefm.com/2026_vendor_team,,Boulder,location_stated
Folk Eats,Lafayette Colorado Farmers Market,Lafayette,Prepared Food,"Broomfield, CO","Regionally and traditionally inspired soups & stews crafted from seasonally fresh ingredients. Home of the original Stewboy Sandwich. Broomfield, CO",2026,https://vendors.lafayettefm.com/2026_vendor_team,,Broomfield,location_stated
Freshly Laid Food Truck,Lafayette Colorado Farmers Market,Lafayette,Prepared Food,"Lafayette, CO","A Lafayette-based food truck specializing in farm-fresh chicken and egg dishes, featuring creative breakfast sandwiches with locally sourced eggs.",2026,https://vendors.lafayettefm.com/2026_vendor_team,,Boulder,location_stated
GetRight's Bakery,Lafayette Colorado Farmers Market,Lafayette,Prepared Food,"Wheat Ridge, CO","A naturally leavened bakery specializing in sourdough breads, pastries (including maritozzi and Basque cheesecake), sandwiches, and pizza.",2026,https://vendors.lafayettefm.com/2026_vendor_team,,Jefferson,location_stated
Kismet Cafe,Lafayette Colorado Farmers Market,Lafayette,Prepared Food,"Lafayette, CO","Mediterranean cafe in Lafayette, CO specializing in Turkish coffee, baklava, and Greek/Turkish delights",2026,https://vendors.lafayettefm.com/2026_vendor_team,,Boulder,location_stated
Moon Raccoon Baking,Lafayette Colorado Farmers Market,Lafayette,Prepared Food,"Denver, CO","A Denver-based micro-bakery specializing in small-batch, scratch-made pastries and laminated doughs (croissants, danishes, etc.",2026,https://vendors.lafayettefm.com/2026_vendor_team,,Denver,location_stated
Park Pass Coffee,Lafayette Colorado Farmers Market,Lafayette,Prepared Food,"Denver, CO","Specialty coffee company that donates 10% of proceeds back to National Parks and Forests, featuring coffee blends named after parks like Rocky Mountain, Bryce Canyon, and Arches.",2026,https://vendors.lafayettefm.com/2026_vendor_team,,Denver,location_stated
Rang Tang Craft Barbecue,Lafayette Colorado Farmers Market,Lafayette,Prepared Food,"Boulder, CO","True wood-fired barbecue meets kind food at Rang Tang. All meats local & regeneratively-raised, produce & spices organic and seasonally local. No seed oils, no GMOs.",2026,https://vendors.lafayettefm.com/2026_vendor_team,,Boulder,location_stated
Rising Tiger,Lafayette Colorado Farmers Market,Lafayette,Prepared Food,"Longmont, CO","Asian-ish diner and food truck with Lao, Chinese, and American diner influences in Longmont, CO",2026,https://vendors.lafayettefm.com/2026_vendor_team,,Boulder,location_stated
SouperStar,Lafayette Colorado Farmers Market,Lafayette,Prepared Food,"Boulder, CO","A Boulder-based business offering made-from-scratch, nutrient-dense soups, stews, cookies, and breads using premium locally-sourced and organic ingredients, with vegan, gluten-free, and dairy-free ...",2026,https://vendors.lafayettefm.com/2026_vendor_team,,Boulder,location_stated
Susan's Samosas,Lafayette Colorado Farmers Market,Lafayette,Prepared Food,"Longmont, CO","South Sudanese samosas made with local organic ingredients, offering handmade beef, chicken, veggie, mushroom samosas, and lentil soup, created by Susan Loriho who started the business in 2020.",2026,https://vendors.lafayettefm.com/2026_vendor_team,,Boulder,location_stated
Weedhart Pies,Lafayette Colorado Farmers Market,Lafayette,Prepared Food,"Erie, CO","Pizza pop-up vendor specializing in Detroit-inspired and grandma-style pizza, fresh salads, and tomato pie.",2026,https://vendors.lafayettefm.com/2026_vendor_team,,Weld,location_stated
Wee Woo Coffee,Lafayette Colorado Farmers Market,Lafayette,Prepared Food,"Lafayette, CO",Mobile coffee shop built on a converted 1998 Honda Acty fire truck retired from Japan.,2026,https://vendors.lafayettefm.com/2026_vendor_team,,Boulder,location_stated
Colorado Master Gardeners CSU Extension Boulder County,Lafayette Colorado Farmers Market,Lafayette,Other,"Longmont, CO",CSU Extension volunteer program providing gardening education in Boulder County,2026,https://vendors.lafayettefm.com/2026_vendor_team,,Boulder,location_stated
Hello Sharpness Co,Lafayette Colorado Farmers Market,Lafayette,Other,"Golden, CO",Mobile knife and tool sharpening service at Colorado farmers markets,2026,https://vendors.lafayettefm.com/2026_vendor_team,,Jefferson,location_stated
Purple Fence Farm & Apothecary,Lafayette Colorado Farmers Market,Lafayette,Other,"Frederick, CO","A Colorado lavender farm producing handmade, small-batch natural bath and body products including soaps, balms, salves, facial serums, and culinary lavender products using sustainably grown lavender.",2026,https://vendors.lafayettefm.com/2026_vendor_team,medium,Weld,location_stated
@annabop,Larimer County Farmers' Market,Fort Collins,,,,2026,https://www.larimer.gov/extension/larimer-county-farmers-market/Shop,,Larimer,market_city
Agustina's Mexican Foods LLC,Larimer County Farmers' Market,Fort Collins,,,,2026,https://www.larimer.gov/extension/larimer-county-farmers-market/Shop,,Larimer,market_city
Akasha Coffee,Larimer County Farmers' Market,Fort Collins,,,,2026,https://www.larimer.gov/extension/larimer-county-farmers-market/Shop,,Larimer,market_city
Alchemy Designs,Larimer County Farmers' Market,Fort Collins,,,,2026,https://www.larimer.gov/extension/larimer-county-farmers-market/Shop,,Larimer,market_city
Alpenglow Flowers,Larimer County Farmers' Market,Fort Collins,,,,2026,https://www.larimer.gov/extension/larimer-county-farmers-market/Shop,medium,Larimer,market_city
Aster and Ash,Larimer County Farmers' Market,Fort Collins,,,,2026,https://www.larimer.gov/extension/larimer-county-farmers-market/Shop,,Larimer,market_city
Audacious Truffles,Larimer County Farmers' Market,Fort Collins,,,,2026,https://www.larimer.gov/extension/larimer-county-farmers-market/Shop,,Larimer,market_city
Belafonte Farm,Larimer County Farmers' Market,Fort Collins,,,,2026,https://www.larimer.gov/extension/larimer-county-farmers-market/Shop,medium,Larimer,market_city
Big Leap Ranch,Larimer County Farmers' Market,Fort Collins,,,,2026,https://www.larimer.gov/extension/larimer-county-farmers-market/Shop,medium,Larimer,market_city
Bloomin' Pots Boutique,Larimer County Farmers' Market,Fort Collins,,,,2026,https://www.larimer.gov/extension/larimer-county-farmers-market/Shop,,Larimer,market_city
Blooming Kitchen Co,Larimer County Farmers' Market,Fort Collins,,,,2026,https://www.larimer.gov/extension/larimer-county-farmers-market/Shop,,Larimer,market_city
Bridger Creek Coffee,Larimer County Farmers' Market,Fort Collins,,,,2026,https://www.larimer.gov/extension/larimer-county-farmers-market/Shop,,Larimer,market_city
C & R Farms LLC,Larimer County Farmers' Market,Fort Collins,,,,2026,https://www.larimer.gov/extension/larimer-county-farmers-market/Shop,medium,Larimer,market_city
Cafe Richesse,Larimer County Farmers' Market,Fort Collins,,,,2026,https://www.larimer.gov/extension/larimer-county-farmers-market/Shop,,Larimer,market_city
Casa Crobu,Larimer County Farmers' Market,Fort Collins,,,,2026,https://www.larimer.gov/extension/larimer-county-farmers-market/Shop,,Larimer,market_city
Charlotte's Lil Kitchen,Larimer County Farmers' Market,Fort Collins,,,,2026,https://www.larimer.gov/extension/larimer-county-farmers-market/Shop,,Larimer,market_city
Chef Bonjour/PretzelCraft,Larimer County Farmers' Market,Fort Collins,,,,2026,https://www.larimer.gov/extension/larimer-county-farmers-market/Shop,,Larimer,market_city
Chef Sarah's Family Favorites,Larimer County Farmers' Market,Fort Collins,,,,2026,https://www.larimer.gov/extension/larimer-county-farmers-market/Shop,,Larimer,market_city
Chez Flora,Larimer County Farmers' Market,Fort Collins,,,,2026,https://www.larimer.gov/extension/larimer-county-farmers-market/Shop,,Larimer,market_city
Choose the Taste LLC,Larimer County Farmers' Market,Fort Collins,,,,2026,https://www.larimer.gov/extension/larimer-county-farmers-market/Shop,,Larimer,market_city
Christie Leighton Jewelry,Larimer County Farmers' Market,Fort Collins,,,,2026,https://www.larimer.gov/extension/larimer-county-farmers-market/Shop,,Larimer,market_city
Colorful Colorado Creations,Larimer County Farmers' Market,Fort Collins,,,,2026,https://www.larimer.gov/extension/larimer-county-farmers-market/Shop,,Larimer,market_city
Compost Queen,Larimer County Farmers' Market,Fort Collins,,,,2026,https://www.larimer.gov/extension/larimer-county-farmers-market/Shop,,Larimer,market_city
Cosmic Heart Arts,Larimer County Farmers' Market,Fort Collins,,,,2026,https://www.larimer.gov/extension/larimer-county-farmers-market/Shop,,Larimer,market_city
Craig Angus Ranch,Larimer County Farmers' Market,Fort Collins,,,,2026,https://www.larimer.gov/extension/larimer-county-farmers-market/Shop,medium,Larimer,market_city
Crawford's Cottage,Larimer County Farmers' Market,Fort Collins,,,,2026,https://www.larimer.gov/extension/larimer-county-farmers-market/Shop,,Larimer,market_city
"Crummies, SWN LLC",Larimer County Farmers' Market,Fort Collins,,,,2026,https://www.larimer.gov/extension/larimer-county-farmers-market/Shop,,Larimer,market_city
Dad's Wooden Spoon,Larimer County Farmers' Market,Fort Collins,,,,2026,https://www.larimer.gov/extension/larimer-county-farmers-market/Shop,,Larimer,market_city
Dandelion Farms,Larimer County Farmers' Market,Fort Collins,,,,2026,https://www.larimer.gov/extension/larimer-county-farmers-market/Shop,medium,Larimer,market_city
Dirt and Bloom llc,Larimer County Farmers' Market,Fort Collins,,,,2026,https://www.larimer.gov/extension/larimer-county-farmers-market/Shop,,Larimer,market_city
Doodlebug Cookies,Larimer County Farmers' Market,Fort Collins,,,,2026,https://www.larimer.gov/extension/larimer-county-farmers-market/Shop,,Larimer,market_city
Doughology,Larimer County Farmers' Market,Fort Collins,,,,2026,https://www.larimer.gov/extension/larimer-county-farmers-market/Shop,,Larimer,market_city
Dr T Pottery,Larimer County Farmers' Market,Fort Collins,,,,2026,https://www.larimer.gov/extension/larimer-county-farmers-market/Shop,,Larimer,market_city
Ela Family Farms,Larimer County Farmers' Market,Fort Collins,,,,2026,https://www.larimer.gov/extension/larimer-county-farmers-market/Shop,medium,Larimer,market_city
Elevated Elderberry,Larimer County Farmers' Market,Fort Collins,,,,2026,https://www.larimer.gov/extension/larimer-county-farmers-market/Shop,,Larimer,market_city
Emma's Homemade,Larimer County Farmers' Market,Fort Collins,,,,2026,https://www.larimer.gov/extension/larimer-county-farmers-market/Shop,,Larimer,market_city
Esmeralda's Tamale House,Larimer County Farmers' Market,Fort Collins,,,,2026,https://www.larimer.gov/extension/larimer-county-farmers-market/Shop,,Larimer,market_city
Fat Donkey Farm,Larimer County Farmers' Market,Fort Collins,,,,2026,https://www.larimer.gov/extension/larimer-county-farmers-market/Shop,medium,Larimer,market_city
Ferment Culture,Larimer County Farmers' Market,Fort Collins,,,,2026,https://www.larimer.gov/extension/larimer-county-farmers-market/Shop,,Larimer,market_city
Folks Farm and Seed,Larimer County Farmers' Market,Fort Collins,,,,2026,https://www.larimer.gov/extension/larimer-county-farmers-market/Shop,medium,Larimer,market_city
Full Stop Bakery,Larimer County Farmers' Market,Fort Collins,,,,2026,https://www.larimer.gov/extension/larimer-county-farmers-market/Shop,,Larimer,market_city
Garden of Oz,Larimer County Farmers' Market,Fort Collins,,,,2026,https://www.larimer.gov/extension/larimer-county-farmers-market/Shop,medium,Larimer,market_city
Genesis Baking Co LLC,Larimer County Farmers' Market,Fort Collins,,,,2026,https://www.larimer.gov/extension/larimer-county-farmers-market/Shop,,Larimer,market_city
Golden Hollow Farms,Larimer County Farmers' Market,Fort Collins,,,,2026,https://www.larimer.gov/extension/larimer-county-farmers-market/Shop,medium,Larimer,market_city
Green Smoothie Co.,Larimer County Farmers' Market,Fort Collins,,,,2026,https://www.larimer.gov/extension/larimer-county-farmers-market/Shop,,Larimer,market_city
Grey Hawk Greenhouse and Farm Inc,Larimer County Farmers' Market,Fort Collins,,,,2026,https://www.larimer.gov/extension/larimer-county-farmers-market/Shop,medium,Larimer,market_city
Happy Pupperz,Larimer County Farmers' Market,Fort Collins,,,,2026,https://www.larimer.gov/extension/larimer-county-farmers-market/Shop,,Larimer,market_city
Hazel Dell Mushrooms LLC,Larimer County Farmers' Market,Fort Collins,,,,2026,https://www.larimer.gov/extension/larimer-county-farmers-market/Shop,medium,Larimer,market_city
Heirloom Foods,Larimer County Farmers' Market,Fort Collins,,,,2026,https://www.larimer.gov/extension/larimer-county-farmers-market/Shop,,Larimer,market_city
Herbal Mocktails,Larimer County Farmers' Market,Fort Collins,,,,2026,https://www.larimer.gov/extension/larimer-county-farmers-market/Shop,,Larimer,market_city
High Point Bison LLC,Larimer County Farmers' Market,Fort Collins,,,,2026,https://www.larimer.gov/extension/larimer-county-farmers-market/Shop,,Larimer,market_city
Hippy HeART,Larimer County Farmers' Market,Fort Collins,,,,2026,https://www.larimer.gov/extension/larimer-county-farmers-market/Shop,,Larimer,market_city
Homestead Ranch,Larimer County Farmers' Market,Fort Collins,,,,2026,https://www.larimer.gov/extension/larimer-county-farmers-market/Shop,medium,Larimer,market_city
Hot Pink Flamingo LLC,Larimer County Farmers' Market,Fort Collins,,,,2026,https://www.larimer.gov/extension/larimer-county-farmers-market/Shop,,Larimer,market_city
Hu Baozi,Larimer County Farmers' Market,Fort Collins,,,,2026,https://www.larimer.gov/extension/larimer-county-farmers-market/Shop,,Larimer,market_city
In a Pickle,Larimer County Farmers' Market,Fort Collins,,,,2026,https://www.larimer.gov/extension/larimer-county-farmers-market/Shop,,Larimer,market_city
JCO Woodworking,Larimer County Farmers' Market,Fort Collins,,,,2026,https://www.larimer.gov/extension/larimer-county-farmers-market/Shop,,Larimer,market_city
Jersey Cowboy,Larimer County Farmers' Market,Fort Collins,,,,2026,https://www.larimer.gov/extension/larimer-county-farmers-market/Shop,,Larimer,market_city
Joan Kinney Flowers,Larimer County Farmers' Market,Fort Collins,,,,2026,https://www.larimer.gov/extension/larimer-county-farmers-market/Shop,medium,Larimer,market_city
Joseph Miranda Pottery,Larimer County Farmers' Market,Fort Collins,,,,2026,https://www.larimer.gov/extension/larimer-county-farmers-market/Shop,,Larimer,market_city
Katherine's Kreations,Larimer County Farmers' Market,Fort Collins,,,,2026,https://www.larimer.gov/extension/larimer-county-farmers-market/Shop,,Larimer,market_city
KREAM Kimchi,Larimer County Farmers' Market,Fort Collins,,,,2026,https://www.larimer.gov/extension/larimer-county-farmers-market/Shop,,Larimer,market_city
Lehi Ranch,Larimer County Farmers' Market,Fort Collins,,,,2026,https://www.larimer.gov/extension/larimer-county-farmers-market/Shop,medium,Larimer,market_city
"Little Greenhouse by the Shoreline, LLC",Larimer County Farmers' Market,Fort Collins,,,,2026,https://www.larimer.gov/extension/larimer-county-farmers-market/Shop,medium,Larimer,market_city
Little House of Tempeh,Larimer County Farmers' Market,Fort Collins,,,,2026,https://www.larimer.gov/extension/larimer-county-farmers-market/Shop,,Larimer,market_city
Little Laz Artisan Goods,Larimer County Farmers' Market,Fort Collins,,,,2026,https://www.larimer.gov/extension/larimer-county-farmers-market/Shop,,Larimer,market_city
Little Petals Flower Farm,Larimer County Farmers' Market,Fort Collins,,,,2026,https://www.larimer.gov/extension/larimer-county-farmers-market/Shop,medium,Larimer,market_city
Little Sun Farm,Larimer County Farmers' Market,Fort Collins,,,,2026,https://www.larimer.gov/extension/larimer-county-farmers-market/Shop,medium,Larimer,market_city
lovelevel,Larimer County Farmers' Market,Fort Collins,,,,2026,https://www.larimer.gov/extension/larimer-county-farmers-market/Shop,,Larimer,market_city
Lua + Lane,Larimer County Farmers' Market,Fort Collins,,,,2026,https://www.larimer.gov/extension/larimer-county-farmers-market/Shop,,Larimer,market_city
Meltid Candle Co,Larimer County Farmers' Market,Fort Collins,,,,2026,https://www.larimer.gov/extension/larimer-county-farmers-market/Shop,,Larimer,market_city
MF Metals,Larimer County Farmers' Market,Fort Collins,,,,2026,https://www.larimer.gov/extension/larimer-county-farmers-market/Shop,,Larimer,market_city
Mi Cultura Coffee,Larimer County Farmers' Market,Fort Collins,,,,2026,https://www.larimer.gov/extension/larimer-county-farmers-market/Shop,,Larimer,market_city
Miller Farms,Larimer County Farmers' Market,Fort Collins,,,,2026,https://www.larimer.gov/extension/larimer-county-farmers-market/Shop,medium,Larimer,market_city
Mitzi's Flowers,Larimer County Farmers' Market,Fort Collins,,,,2026,https://www.larimer.gov/extension/larimer-county-farmers-market/Shop,medium,Larimer,market_city
Morning Fresh Dairy,Larimer County Farmers' Market,Fort Collins,,,,2026,https://www.larimer.gov/extension/larimer-county-farmers-market/Shop,medium,Larimer,market_city
MouCo Cheese Company,Larimer County Farmers' Market,Fort Collins,,,,2026,https://www.larimer.gov/extension/larimer-county-farmers-market/Shop,,Larimer,market_city
Moxie Bread Co,Larimer County Farmers' Market,Fort Collins,,,,2026,https://www.larimer.gov/extension/larimer-county-farmers-market/Shop,,Larimer,market_city
Native Hill Farm,Larimer County Farmers' Market,Fort Collins,,,,2026,https://www.larimer.gov/extension/larimer-county-farmers-market/Shop,medium,Larimer,market_city
NOCO Chocolate,Larimer County Farmers' Market,Fort Collins,,,,2026,https://www.larimer.gov/extension/larimer-county-farmers-market/Shop,,Larimer,market_city
Nonas Cheesecakes LLC,Larimer County Farmers' Market,Fort Collins,,,,2026,https://www.larimer.gov/extension/larimer-county-farmers-market/Shop,,Larimer,market_city
Old Town Urban Farms,Larimer County Farmers' Market,Fort Collins,,,,2026,https://www.larimer.gov/extension/larimer-county-farmers-market/Shop,medium,Larimer,market_city
Olde World Breads,Larimer County Farmers' Market,Fort Collins,,,,2026,https://www.larimer.gov/extension/larimer-county-farmers-market/Shop,,Larimer,market_city
Pasta Press,Larimer County Farmers' Market,Fort Collins,,,,2026,https://www.larimer.gov/extension/larimer-county-farmers-market/Shop,,Larimer,market_city
Pedal and Paws LLC,Larimer County Farmers' Market,Fort Collins,,,,2026,https://www.larimer.gov/extension/larimer-county-farmers-market/Shop,,Larimer,market_city
"Petal & Twigs Organics, LLC",Larimer County Farmers' Market,Fort Collins,,,,2026,https://www.larimer.gov/extension/larimer-county-farmers-market/Shop,,Larimer,market_city
Plantiness,Larimer County Farmers' Market,Fort Collins,,,,2026,https://www.larimer.gov/extension/larimer-county-farmers-market/Shop,,Larimer,market_city
Pope Farm's Produce,Larimer County Farmers' Market,Fort Collins,,,,2026,https://www.larimer.gov/extension/larimer-county-farmers-market/Shop,medium,Larimer,market_city
Press Love Wildflowers,Larimer County Farmers' Market,Fort Collins,,,,2026,https://www.larimer.gov/extension/larimer-county-farmers-market/Shop,,Larimer,market_city
Purple Turtle Fiber Arts,Larimer County Farmers' Market,Fort Collins,,,,2026,https://www.larimer.gov/extension/larimer-county-farmers-market/Shop,,Larimer,market_city
PXL Woodwork LLC,Larimer County Farmers' Market,Fort Collins,,,,2026,https://www.larimer.gov/extension/larimer-county-farmers-market/Shop,,Larimer,market_city
R&S Plants,Larimer County Farmers' Market,Fort Collins,,,,2026,https://www.larimer.gov/extension/larimer-county-farmers-market/Shop,,Larimer,market_city
Rancho Durazno,Larimer County Farmers' Market,Fort Collins,,,,2026,https://www.larimer.gov/extension/larimer-county-farmers-market/Shop,,Larimer,market_city
Red Dog Expressions & Lavender Farm,Larimer County Farmers' Market,Fort Collins,,,,2026,https://www.larimer.gov/extension/larimer-county-farmers-market/Shop,medium,Larimer,market_city
Red Robots LLC (DBA Santa Elena's),Larimer County Farmers' Market,Fort Collins,,,,2026,https://www.larimer.gov/extension/larimer-county-farmers-market/Shop,,Larimer,market_city
Renee The Baker,Larimer County Farmers' Market,Fort Collins,,,,2026,https://www.larimer.gov/extension/larimer-county-farmers-market/Shop,,Larimer,market_city
Retrospect Repairs & Restorations,Larimer County Farmers' Market,Fort Collins,,,,2026,https://www.larimer.gov/extension/larimer-county-farmers-market/Shop,,Larimer,market_city
Rise and Pies,Larimer County Farmers' Market,Fort Collins,,,,2026,https://www.larimer.gov/extension/larimer-county-farmers-market/Shop,,Larimer,market_city
Saint & Company (DBA Saint Tattoos),Larimer County Farmers' Market,Fort Collins,,,,2026,https://www.larimer.gov/extension/larimer-county-farmers-market/Shop,,Larimer,market_city
Schnitzel Wagon,Larimer County Farmers' Market,Fort Collins,,,,2026,https://www.larimer.gov/extension/larimer-county-farmers-market/Shop,,Larimer,market_city
Shak-Shouka,Larimer County Farmers' Market,Fort Collins,,,,2026,https://www.larimer.gov/extension/larimer-county-farmers-market/Shop,,Larimer,market_city
Sowing Seeds of Hope,Larimer County Farmers' Market,Fort Collins,,,,2026,https://www.larimer.gov/extension/larimer-county-farmers-market/Shop,,Larimer,market_city
SPLASH Youth of Northern Colorado,Larimer County Farmers' Market,Fort Collins,,,,2026,https://www.larimer.gov/extension/larimer-county-farmers-market/Shop,,Larimer,market_city
St. Michael's Farms LLC,Larimer County Farmers' Market,Fort Collins,,,,2026,https://www.larimer.gov/extension/larimer-county-farmers-market/Shop,medium,Larimer,market_city
Sub Zero Ice Cream,Larimer County Farmers' Market,Fort Collins,,,,2026,https://www.larimer.gov/extension/larimer-county-farmers-market/Shop,,Larimer,market_city
Sunny Sky Pies,Larimer County Farmers' Market,Fort Collins,,,,2026,https://www.larimer.gov/extension/larimer-county-farmers-market/Shop,,Larimer,market_city
Sunny Stacks Pancakes,Larimer County Farmers' Market,Fort Collins,,,,2026,https://www.larimer.gov/extension/larimer-county-farmers-market/Shop,,Larimer,market_city
Sweet European Treats,Larimer County Farmers' Market,Fort Collins,,,,2026,https://www.larimer.gov/extension/larimer-county-farmers-market/Shop,,Larimer,market_city
Tamburi Winery,Larimer County Farmers' Market,Fort Collins,,,,2026,https://www.larimer.gov/extension/larimer-county-farmers-market/Shop,,Larimer,market_city
Tams Jams,Larimer County Farmers' Market,Fort Collins,,,,2026,https://www.larimer.gov/extension/larimer-county-farmers-market/Shop,,Larimer,market_city
The Bagel Cache,Larimer County Farmers' Market,Fort Collins,,,,2026,https://www.larimer.gov/extension/larimer-county-farmers-market/Shop,,Larimer,market_city
The Bread Chic,Larimer County Farmers' Market,Fort Collins,,,,2026,https://www.larimer.gov/extension/larimer-county-farmers-market/Shop,,Larimer,market_city
The Good Stuff,Larimer County Farmers' Market,Fort Collins,,,,2026,https://www.larimer.gov/extension/larimer-county-farmers-market/Shop,,Larimer,market_city
The Grazing Goat CO,Larimer County Farmers' Market,Fort Collins,,,,2026,https://www.larimer.gov/extension/larimer-county-farmers-market/Shop,,Larimer,market_city
The Jelly Lady,Larimer County Farmers' Market,Fort Collins,,,,2026,https://www.larimer.gov/extension/larimer-county-farmers-market/Shop,,Larimer,market_city
The Pig and the Plow: Farmstead Baked Goods,Larimer County Farmers' Market,Fort Collins,,,,2026,https://www.larimer.gov/extension/larimer-county-farmers-market/Shop,,Larimer,market_city
The Source Zero NoCo,Larimer County Farmers' Market,Fort Collins,,,,2026,https://www.larimer.gov/extension/larimer-county-farmers-market/Shop,,Larimer,market_city
Three Kings Non Alcoholic Beverages,Larimer County Farmers' Market,Fort Collins,,,,2026,https://www.larimer.gov/extension/larimer-county-farmers-market/Shop,,Larimer,market_city
Trailhead Cookie Company,Larimer County Farmers' Market,Fort Collins,,,,2026,https://www.larimer.gov/extension/larimer-county-farmers-market/Shop,,Larimer,market_city
Turo Filipino,Larimer County Farmers' Market,Fort Collins,,,,2026,https://www.larimer.gov/extension/larimer-county-farmers-market/Shop,,Larimer,market_city
Unity Butter,Larimer County Farmers' Market,Fort Collins,,,,2026,https://www.larimer.gov/extension/larimer-county-farmers-market/Shop,,Larimer,market_city
Urban Farmer LLC,Larimer County Farmers' Market,Fort Collins,,,,2026,https://www.larimer.gov/extension/larimer-county-farmers-market/Shop,,Larimer,market_city
Well Fed Farmstead,Larimer County Farmers' Market,Fort Collins,,,,2026,https://www.larimer.gov/extension/larimer-county-farmers-market/Shop,,Larimer,market_city
Whitney Cranshaw,Larimer County Farmers' Market,Fort Collins,,,,2026,https://www.larimer.gov/extension/larimer-county-farmers-market/Shop,,Larimer,market_city
wild melts LLC,Larimer County Farmers' Market,Fort Collins,,,,2026,https://www.larimer.gov/extension/larimer-county-farmers-market/Shop,,Larimer,market_city
Willow Creek Mushrooms,Larimer County Farmers' Market,Fort Collins,,,,2026,https://www.larimer.gov/extension/larimer-county-farmers-market/Shop,medium,Larimer,market_city
Yummy Yummy Products LLC,Larimer County Farmers' Market,Fort Collins,,,,2026,https://www.larimer.gov/extension/larimer-county-farmers-market/Shop,,Larimer,market_city
Aspen Moon Farm,Longmont Farmers Market,Longmont,"Produce Farms, Flowers, and Plants","Hygiene, CO, Longmont, CO",,2025,https://bcfm.org/vendors/meet-our-vendors/,strong,Boulder,location_stated
Black Cat Farm,Longmont Farmers Market,Longmont,"Produce Farms, Flowers, and Plants","Longmont, CO",,2025,https://bcfm.org/vendors/meet-our-vendors/,strong,Boulder,location_stated
Blue Ribbon Farm,Longmont Farmers Market,Longmont,"Produce Farms, Flowers, and Plants","Longmont, CO",,2025,https://bcfm.org/vendors/meet-our-vendors/,strong,Boulder,location_stated
Calkins Greens,Longmont Farmers Market,Longmont,"Produce Farms, Flowers, and Plants","Mead, CO",,2025,https://bcfm.org/vendors/meet-our-vendors/,strong,Weld,location_stated
Cottontail Farm,Longmont Farmers Market,Longmont,"Produce Farms, Flowers, and Plants","Longmont, CO",,2025,https://bcfm.org/vendors/meet-our-vendors/,strong,Boulder,location_stated
Crooked Roots,Longmont Farmers Market,Longmont,"Produce Farms, Flowers, and Plants","Longmont, CO",,2025,https://bcfm.org/vendors/meet-our-vendors/,strong,Boulder,location_stated
Ela Family Farms,Longmont Farmers Market,Longmont,"Produce Farms, Flowers, and Plants","Hotchkiss, CO",,2025,https://bcfm.org/vendors/meet-our-vendors/,strong,Delta,location_stated
First Fruits Organic Farm,Longmont Farmers Market,Longmont,"Produce Farms, Flowers, and Plants","Paonia, CO",,2025,https://bcfm.org/vendors/meet-our-vendors/,strong,Delta,location_stated
Front Range Flower Farm,Longmont Farmers Market,Longmont,"Produce Farms, Flowers, and Plants","Berthoud, CO",,2025,https://bcfm.org/vendors/meet-our-vendors/,strong,Larimer,location_stated
Hazel Dell Mushrooms,Longmont Farmers Market,Longmont,"Produce Farms, Flowers, and Plants","Fort Collins, CO",,2025,https://bcfm.org/vendors/meet-our-vendors/,strong,Larimer,location_stated
Kelly Jean's Microgreens,Longmont Farmers Market,Longmont,"Produce Farms, Flowers, and Plants","Longmont, CO",,2025,https://bcfm.org/vendors/meet-our-vendors/,strong,Boulder,location_stated
Kiowa Valley Organics,Longmont Farmers Market,Longmont,"Produce Farms, Flowers, and Plants","Roggen, CO",,2025,https://bcfm.org/vendors/meet-our-vendors/,strong,Weld,location_stated
McConnell and Sons,Longmont Farmers Market,Longmont,"Produce Farms, Flowers, and Plants","Lafayette, CO",,2025,https://bcfm.org/vendors/meet-our-vendors/,strong,Boulder,location_stated
Miller Farms,Longmont Farmers Market,Longmont,"Produce Farms, Flowers, and Plants","Platteville, CO",,2025,https://bcfm.org/vendors/meet-our-vendors/,strong,Weld,location_stated
Morton's Organic Orchards,Longmont Farmers Market,Longmont,"Produce Farms, Flowers, and Plants","Palisade, CO",,2025,https://bcfm.org/vendors/meet-our-vendors/,strong,Mesa,location_stated
Mother Mycelium,Longmont Farmers Market,Longmont,"Produce Farms, Flowers, and Plants","Broomfield, CO",,2025,https://bcfm.org/vendors/meet-our-vendors/,strong,Broomfield,location_stated
MycoCosm Mushroom Company,Longmont Farmers Market,Longmont,"Produce Farms, Flowers, and Plants","Broomfield, CO",,2025,https://bcfm.org/vendors/meet-our-vendors/,strong,Broomfield,location_stated
Rancho Durazno,Longmont Farmers Market,Longmont,"Produce Farms, Flowers, and Plants","Palisade, CO",,2025,https://bcfm.org/vendors/meet-our-vendors/,strong,Mesa,location_stated
Rocky Mountain Fresh,Longmont Farmers Market,Longmont,"Produce Farms, Flowers, and Plants","Longmont, CO",,2025,https://bcfm.org/vendors/meet-our-vendors/,strong,Boulder,location_stated
Rocky Mountain Superfoods,Longmont Farmers Market,Longmont,"Produce Farms, Flowers, and Plants","Longmont, CO",,2025,https://bcfm.org/vendors/meet-our-vendors/,strong,Boulder,location_stated
Rough and Ready Farm,Longmont Farmers Market,Longmont,"Produce Farms, Flowers, and Plants","Longmont, CO",,2025,https://bcfm.org/vendors/meet-our-vendors/,strong,Boulder,location_stated
Topp Fruits,Longmont Farmers Market,Longmont,"Produce Farms, Flowers, and Plants","Hotchkiss, CO",,2025,https://bcfm.org/vendors/meet-our-vendors/,strong,Delta,location_stated
Yellow Fellow Farms,Longmont Farmers Market,Longmont,"Produce Farms, Flowers, and Plants","Longmont, CO",,2025,https://bcfm.org/vendors/meet-our-vendors/,strong,Boulder,location_stated
Boulder Beef,Longmont Farmers Market,Longmont,"Meat, Dairy, Eggs","Longmont, CO",,2025,https://bcfm.org/vendors/meet-our-vendors/,strong,Boulder,location_stated
Boulder Better Wagyu,Longmont Farmers Market,Longmont,"Meat, Dairy, Eggs","Longmont, CO",,2025,https://bcfm.org/vendors/meet-our-vendors/,strong,Boulder,location_stated
Buck and Bloom Cheese Co.,Longmont Farmers Market,Longmont,"Meat, Dairy, Eggs","Buena Vista, CO",,2025,https://bcfm.org/vendors/meet-our-vendors/,strong,Chaffee,location_stated
47 Bakery,Longmont Farmers Market,Longmont,Prepared Food & Drink,"Thornton, CO",,2025,https://bcfm.org/vendors/meet-our-vendors/,,Adams,location_stated
Amaizing Corn Tamales,Longmont Farmers Market,Longmont,Prepared Food & Drink,"Boulder, CO",,2025,https://bcfm.org/vendors/meet-our-vendors/,,Boulder,location_stated
Best French Cookies,Longmont Farmers Market,Longmont,Prepared Food & Drink,"Boulder, CO",,2025,https://bcfm.org/vendors/meet-our-vendors/,,Boulder,location_stated
De Los Andes Empanadas,Longmont Farmers Market,Longmont,Prepared Food & Drink,"Boulder, CO",,2025,https://bcfm.org/vendors/meet-our-vendors/,,Boulder,location_stated
Denver Pops,Longmont Farmers Market,Longmont,Prepared Food & Drink,"Denver, CO",,2025,https://bcfm.org/vendors/meet-our-vendors/,,Denver,location_stated
Fair Isle Coffee,Longmont Farmers Market,Longmont,Prepared Food & Drink,"Longmont, CO",,2025,https://bcfm.org/vendors/meet-our-vendors/,,Boulder,location_stated
Feelin' Fresca,Longmont Farmers Market,Longmont,Prepared Food & Drink,"Denver, CO",,2025,https://bcfm.org/vendors/meet-our-vendors/,,Denver,location_stated
Good Smile,Longmont Farmers Market,Longmont,Prepared Food & Drink,"Frederick, CO",,2025,https://bcfm.org/vendors/meet-our-vendors/,,Weld,location_stated
Hearth,Longmont Farmers Market,Longmont,Prepared Food & Drink,"Denver, CO",,2025,https://bcfm.org/vendors/meet-our-vendors/,,Denver,location_stated
Izzio Artisan Bakery,Longmont Farmers Market,Longmont,Prepared Food & Drink,"Louisville, CO",,2025,https://bcfm.org/vendors/meet-our-vendors/,,Boulder,location_stated
Pebbledash Bake Shoppe,Longmont Farmers Market,Longmont,Prepared Food & Drink,"Longmont, CO",,2025,https://bcfm.org/vendors/meet-our-vendors/,,Boulder,location_stated
Pupusas Familia,Longmont Farmers Market,Longmont,Prepared Food & Drink,"Boulder, CO",,2025,https://bcfm.org/vendors/meet-our-vendors/,,Boulder,location_stated
Rev's Ribs,Longmont Farmers Market,Longmont,Prepared Food & Drink,"Boulder, CO",,2025,https://bcfm.org/vendors/meet-our-vendors/,,Boulder,location_stated
Rising Tiger,Longmont Farmers Market,Longmont,Prepared Food & Drink,"Longmont, CO",,2025,https://bcfm.org/vendors/meet-our-vendors/,,Boulder,location_stated
Schlop Stop,Longmont Farmers Market,Longmont,Prepared Food & Drink,"Boulder, CO",,2025,https://bcfm.org/vendors/meet-our-vendors/,,Boulder,location_stated
Styria Bakery,Longmont Farmers Market,Longmont,Prepared Food & Drink,"Denver, CO",,2025,https://bcfm.org/vendors/meet-our-vendors/,,Denver,location_stated
Weedhart Pies,Longmont Farmers Market,Longmont,Prepared Food & Drink,"Longmont, CO",,2025,https://bcfm.org/vendors/meet-our-vendors/,,Boulder,location_stated
Colorado Aromatics,Longmont Farmers Market,Longmont,"Specialty, Services, and Subscriptions","Longmont, CO",,2025,https://bcfm.org/vendors/meet-our-vendors/,,Boulder,location_stated
Eldorado Springs Water,Longmont Farmers Market,Longmont,"Specialty, Services, and Subscriptions","Louisville, CO",,2025,https://bcfm.org/vendors/meet-our-vendors/,,Boulder,location_stated
Longmont Dairy,Longmont Farmers Market,Longmont,"Specialty, Services, and Subscriptions","Longmont, CO",,2025,https://bcfm.org/vendors/meet-our-vendors/,,Boulder,location_stated
Peak Sharpening,Longmont Farmers Market,Longmont,"Specialty, Services, and Subscriptions","Longmont, CO",,2025,https://bcfm.org/vendors/meet-our-vendors/,,Boulder,location_stated
Red Cedar Sheep & Wool,Longmont Farmers Market,Longmont,"Specialty, Services, and Subscriptions","Niwot, CO",,2025,https://bcfm.org/vendors/meet-our-vendors/,,Boulder,location_stated
3rd Bird Kombucha,Longmont Farmers Market,Longmont,"Packaged Food, Drink, and Honey","Denver, CO",,2025,https://bcfm.org/vendors/meet-our-vendors/,,Denver,location_stated
Bjorn's Colorado Honey,Longmont Farmers Market,Longmont,"Packaged Food, Drink, and Honey","Boulder, CO",,2025,https://bcfm.org/vendors/meet-our-vendors/,medium,Boulder,location_stated
Casa Crobu,Longmont Farmers Market,Longmont,"Packaged Food, Drink, and Honey","Denver, CO",,2025,https://bcfm.org/vendors/meet-our-vendors/,,Denver,location_stated
Cocktail Caravan,Longmont Farmers Market,Longmont,"Packaged Food, Drink, and Honey","Boulder, CO",,2025,https://bcfm.org/vendors/meet-our-vendors/,,Boulder,location_stated
Dar Chocolate,Longmont Farmers Market,Longmont,"Packaged Food, Drink, and Honey","Thornton, CO",,2025,https://bcfm.org/vendors/meet-our-vendors/,,Adams,location_stated
Ferment Culture,Longmont Farmers Market,Longmont,"Packaged Food, Drink, and Honey","Fort Collins, CO",,2025,https://bcfm.org/vendors/meet-our-vendors/,,Larimer,location_stated
Green Belly Foods,Longmont Farmers Market,Longmont,"Packaged Food, Drink, and Honey","Boulder, CO",,2025,https://bcfm.org/vendors/meet-our-vendors/,,Boulder,location_stated
Haykin Family Cider,Longmont Farmers Market,Longmont,"Packaged Food, Drink, and Honey","Aurora, CO",,2025,https://bcfm.org/vendors/meet-our-vendors/,,Arapahoe,location_stated
Healthy Harvest,Longmont Farmers Market,Longmont,"Packaged Food, Drink, and Honey","Golden, CO",,2025,https://bcfm.org/vendors/meet-our-vendors/,,Jefferson,location_stated
I Love HeartBeets,Longmont Farmers Market,Longmont,"Packaged Food, Drink, and Honey","Boulder, CO",,2025,https://bcfm.org/vendors/meet-our-vendors/,,Boulder,location_stated
Izzio Artisan Bakery,Longmont Farmers Market,Longmont,"Packaged Food, Drink, and Honey","Louisville, CO",,2025,https://bcfm.org/vendors/meet-our-vendors/,,Boulder,location_stated
Know Your Roots,Longmont Farmers Market,Longmont,"Packaged Food, Drink, and Honey","Longmont, CO",,2025,https://bcfm.org/vendors/meet-our-vendors/,,Boulder,location_stated
La Esmeralda's,Longmont Farmers Market,Longmont,"Packaged Food, Drink, and Honey","Greeley, CO",,2025,https://bcfm.org/vendors/meet-our-vendors/,,Weld,location_stated
Little House of Tempeh,Longmont Farmers Market,Longmont,"Packaged Food, Drink, and Honey","Fort Collins, CO",,2025,https://bcfm.org/vendors/meet-our-vendors/,,Larimer,location_stated
Mountain Girl Pickles,Longmont Farmers Market,Longmont,"Packaged Food, Drink, and Honey","Boulder, CO",,2025,https://bcfm.org/vendors/meet-our-vendors/,,Boulder,location_stated
not bad cooks,Longmont Farmers Market,Longmont,"Packaged Food, Drink, and Honey","Denver, CO",,2025,https://bcfm.org/vendors/meet-our-vendors/,,Denver,location_stated
Outrageous Baking,Longmont Farmers Market,Longmont,"Packaged Food, Drink, and Honey","Longmont, CO",,2025,https://bcfm.org/vendors/meet-our-vendors/,,Boulder,location_stated
OverAchieving Tea,Longmont Farmers Market,Longmont,"Packaged Food, Drink, and Honey","Boulder, CO",,2025,https://bcfm.org/vendors/meet-our-vendors/,,Boulder,location_stated
Pappardelle's Pasta,Longmont Farmers Market,Longmont,"Packaged Food, Drink, and Honey","Denver, CO",,2025,https://bcfm.org/vendors/meet-our-vendors/,,Denver,location_stated
Pasta Press,Longmont Farmers Market,Longmont,"Packaged Food, Drink, and Honey","Boulder, CO",,2025,https://bcfm.org/vendors/meet-our-vendors/,,Boulder,location_stated
Peak Press Juicery,Longmont Farmers Market,Longmont,"Packaged Food, Drink, and Honey","Longmont, CO",,2025,https://bcfm.org/vendors/meet-our-vendors/,,Boulder,location_stated
Porcellino Artisanal Meats,Longmont Farmers Market,Longmont,"Packaged Food, Drink, and Honey","Denver, CO",,2025,https://bcfm.org/vendors/meet-our-vendors/,medium,Denver,location_stated
Ray Road Nut Butter,Longmont Farmers Market,Longmont,"Packaged Food, Drink, and Honey","Longmont, CO",,2025,https://bcfm.org/vendors/meet-our-vendors/,,Boulder,location_stated
Silver Canyon Coffee,Longmont Farmers Market,Longmont,"Packaged Food, Drink, and Honey","Boulder, CO",,2025,https://bcfm.org/vendors/meet-our-vendors/,,Boulder,location_stated
Spark and Honey,Longmont Farmers Market,Longmont,"Packaged Food, Drink, and Honey","Boulder, CO",,2025,https://bcfm.org/vendors/meet-our-vendors/,medium,Boulder,location_stated
Yummy Yummy Products,Longmont Farmers Market,Longmont,"Packaged Food, Drink, and Honey","Denver, CO, Thornton, CO",,2025,https://bcfm.org/vendors/meet-our-vendors/,,Denver; Adams,location_stated
Aspen Moon Farm,Longmont Farmers Market,Longmont,Food Hub Vendors,"Hygiene, CO, Longmont, CO",,2025,https://bcfm.org/vendors/meet-our-vendors/,medium,Boulder,location_stated
Buck and Bloom Cheese Co.,Longmont Farmers Market,Longmont,Food Hub Vendors,"Buena Vista, CO",,2025,https://bcfm.org/vendors/meet-our-vendors/,,Chaffee,location_stated
Calkins Greens,Longmont Farmers Market,Longmont,Food Hub Vendors,"Mead, CO",,2025,https://bcfm.org/vendors/meet-our-vendors/,,Weld,location_stated
Casa Crobu,Longmont Farmers Market,Longmont,Food Hub Vendors,"Denver, CO",,2025,https://bcfm.org/vendors/meet-our-vendors/,,Denver,location_stated
Ela Family Farms,Longmont Farmers Market,Longmont,Food Hub Vendors,"Hotchkiss, CO",,2025,https://bcfm.org/vendors/meet-our-vendors/,medium,Delta,location_stated
Green Belly Foods,Longmont Farmers Market,Longmont,Food Hub Vendors,"Boulder, CO",,2025,https://bcfm.org/vendors/meet-our-vendors/,,Boulder,location_stated
Hazel Dell Mushrooms,Longmont Farmers Market,Longmont,Food Hub Vendors,"Fort Collins, CO",,2025,https://bcfm.org/vendors/meet-our-vendors/,medium,Larimer,location_stated
Healthy Harvest,Longmont Farmers Market,Longmont,Food Hub Vendors,"Golden, CO",,2025,https://bcfm.org/vendors/meet-our-vendors/,,Jefferson,location_stated
Know Your Roots,Longmont Farmers Market,Longmont,Food Hub Vendors,"Longmont, CO",,2025,https://bcfm.org/vendors/meet-our-vendors/,,Boulder,location_stated
Little House of Tempeh,Longmont Farmers Market,Longmont,Food Hub Vendors,"Fort Collins, CO",,2025,https://bcfm.org/vendors/meet-our-vendors/,,Larimer,location_stated
Morton's Organic Orchards,Longmont Farmers Market,Longmont,Food Hub Vendors,"Palisade, CO",,2025,https://bcfm.org/vendors/meet-our-vendors/,medium,Mesa,location_stated
Mother Mycelium,Longmont Farmers Market,Longmont,Food Hub Vendors,"Broomfield, CO",,2025,https://bcfm.org/vendors/meet-our-vendors/,,Broomfield,location_stated
Mountain Girl Pickles,Longmont Farmers Market,Longmont,Food Hub Vendors,"Boulder, CO",,2025,https://bcfm.org/vendors/meet-our-vendors/,,Boulder,location_stated
Outrageous Baking,Longmont Farmers Market,Longmont,Food Hub Vendors,"Longmont, CO",,2025,https://bcfm.org/vendors/meet-our-vendors/,,Boulder,location_stated
Pupusas Familia,Longmont Farmers Market,Longmont,Food Hub Vendors,"Boulder, CO",,2025,https://bcfm.org/vendors/meet-our-vendors/,,Boulder,location_stated
Rancho Durazno,Longmont Farmers Market,Longmont,Food Hub Vendors,"Palisade, CO",,2025,https://bcfm.org/vendors/meet-our-vendors/,,Mesa,location_stated
Ray Road Nut Butter,Longmont Farmers Market,Longmont,Food Hub Vendors,"Longmont, CO",,2025,https://bcfm.org/vendors/meet-our-vendors/,,Boulder,location_stated
Rocky Mountain Fresh,Longmont Farmers Market,Longmont,Food Hub Vendors,"Longmont, CO",,2025,https://bcfm.org/vendors/meet-our-vendors/,,Boulder,location_stated
Topp Fruits,Longmont Farmers Market,Longmont,Food Hub Vendors,"Hotchkiss, CO",,2025,https://bcfm.org/vendors/meet-our-vendors/,,Delta,location_stated
Yummy Yummy Products,Longmont Farmers Market,Longmont,Food Hub Vendors,"Denver, CO, Thornton, CO",,2025,https://bcfm.org/vendors/meet-our-vendors/,,Denver; Adams,location_stated
C R Farms,Louisville Farmers Market,Louisville,Farms • Orchards • Flowers • Plants,,Palisade Peaches and Fruit,2026,https://realfarmersmarketco.com/louisville-farmers-market/2026/,strong,Boulder,market_city
Downhome Flowers,Louisville Farmers Market,Louisville,Farms • Orchards • Flowers • Plants,,"100% Colorado grown fresh flower bouquets, dried flowers, body products.",2026,https://realfarmersmarketco.com/louisville-farmers-market/2026/,strong,Boulder,market_city
Dragonfly Farms,Louisville Farmers Market,Louisville,Farms • Orchards • Flowers • Plants,,"Veggie Plants, Crafts, Herbs, Produce, eggs",2026,https://realfarmersmarketco.com/louisville-farmers-market/2026/,strong,Boulder,market_city
Eat A Peach Farms,Louisville Farmers Market,Louisville,Farms • Orchards • Flowers • Plants,,Fruits and vegetables. Lavender,2026,https://realfarmersmarketco.com/louisville-farmers-market/2026/,strong,Boulder,market_city
Father Earth Organic Farm,Louisville Farmers Market,Louisville,Farms • Orchards • Flowers • Plants,,"Fruits, vegetables, flowers, and herbs grown using organic practices. (non-certified organic) Raw honey when available. Also starter plants from May and June.",2026,https://realfarmersmarketco.com/louisville-farmers-market/2026/,strong,Boulder,market_city
Forte fruits inc,Louisville Farmers Market,Louisville,Farms • Orchards • Flowers • Plants,,Fresh palisade fruit!,2026,https://realfarmersmarketco.com/louisville-farmers-market/2026/,strong,Boulder,market_city
Fox Fungi,Louisville Farmers Market,Louisville,Farms • Orchards • Flowers • Plants,,We are a urban mushroom farm.,2026,https://realfarmersmarketco.com/louisville-farmers-market/2026/,strong,Boulder,market_city
Friends Farm,Louisville Farmers Market,Louisville,Farms • Orchards • Flowers • Plants,,"Growing No-Till Produce, Eggs, Bread, Fixins' & Community",2026,https://realfarmersmarketco.com/louisville-farmers-market/2026/,strong,Boulder,market_city
Green Yams LLC,Louisville Farmers Market,Louisville,Farms • Orchards • Flowers • Plants,,,2026,https://realfarmersmarketco.com/louisville-farmers-market/2026/,strong,Boulder,market_city
Grow Queen,Louisville Farmers Market,Louisville,Farms • Orchards • Flowers • Plants,,Annuals (floral and veg) and a wide variety of houseplants both common and exotic,2026,https://realfarmersmarketco.com/louisville-farmers-market/2026/,strong,Boulder,market_city
Miller Farms,Louisville Farmers Market,Louisville,Farms • Orchards • Flowers • Plants,,"Fresh local colorado vegetables. Farm raised beef, pork, lamb, and goat. As well as farm fresh eggs.",2026,https://realfarmersmarketco.com/louisville-farmers-market/2026/,strong,Boulder,market_city
Mortons Organic Orchards,Louisville Farmers Market,Louisville,Farms • Orchards • Flowers • Plants,,"Family-farmed. Tree-ripened. Certified Organic: Apples, Apricots, Apriums, Asian Pears, Cherries (sweet & tart), Nectarines, peaches, Pears, Plums, Pluots. YUM! Also Organic: Blackberries, Garden H...",2026,https://realfarmersmarketco.com/louisville-farmers-market/2026/,strong,Boulder,market_city
Natural Homestead Beef,Louisville Farmers Market,Louisville,Farms • Orchards • Flowers • Plants,,Hi there! We are your local Grass-fed beef and pork products.,2026,https://realfarmersmarketco.com/louisville-farmers-market/2026/,strong,Boulder,market_city
Patchwork Farms,Louisville Farmers Market,Louisville,Farms • Orchards • Flowers • Plants,,"Patchwork Farms - unique produce, herbs, spices and garlic",2026,https://realfarmersmarketco.com/louisville-farmers-market/2026/,strong,Boulder,market_city
Rockart Guerreros Chile,Louisville Farmers Market,Louisville,Farms • Orchards • Flowers • Plants,,"Fresh Roasted Chile's, Hatch and Colorado , Chile spices, Rock Art , Sculptures , Hand made ART",2026,https://realfarmersmarketco.com/louisville-farmers-market/2026/,strong,Boulder,market_city
The Neighborhood Plant Plug,Louisville Farmers Market,Louisville,Farms • Orchards • Flowers • Plants,,,2026,https://realfarmersmarketco.com/louisville-farmers-market/2026/,strong,Boulder,market_city
Wild Wiggins Homestead,Louisville Farmers Market,Louisville,Farms • Orchards • Flowers • Plants,,Farm-to-Table Microgreen Bar,2026,https://realfarmersmarketco.com/louisville-farmers-market/2026/,strong,Boulder,market_city
Discover Chiropractic Broomfield,Louisville Farmers Market,Louisville,Health • Wellness • Beauty,,Chiropractic services,2026,https://realfarmersmarketco.com/louisville-farmers-market/2026/,,Boulder,market_city
Elevated Elderberry,Louisville Farmers Market,Louisville,Health • Wellness • Beauty,,"We are serving families with a basic goal in mind of providing efficient nourishment. We are taking you back to your roots of nutrition, using elderberry syrup, which has been used for centuries to...",2026,https://realfarmersmarketco.com/louisville-farmers-market/2026/,,Boulder,market_city
Leanna Organics,Louisville Farmers Market,Louisville,Health • Wellness • Beauty,,,2026,https://realfarmersmarketco.com/louisville-farmers-market/2026/,,Boulder,market_city
NOCO CBD CO,Louisville Farmers Market,Louisville,Health • Wellness • Beauty,,,2026,https://realfarmersmarketco.com/louisville-farmers-market/2026/,,Boulder,market_city
ROOTS.,Louisville Farmers Market,Louisville,Health • Wellness • Beauty,,Guided wellness planners to support intentional daily habits.,2026,https://realfarmersmarketco.com/louisville-farmers-market/2026/,,Boulder,market_city
Silver Fox Apothecary LLC,Louisville Farmers Market,Louisville,Health • Wellness • Beauty,,"Soaps, Lotions & Potions. I formulate & make clean ingredient bodycare products for the whole family, including paw salve for man's best friend the ""dog"".",2026,https://realfarmersmarketco.com/louisville-farmers-market/2026/,,Boulder,market_city
Taspens's Organics,Louisville Farmers Market,Louisville,Health • Wellness • Beauty,,Organic healing and wellness products,2026,https://realfarmersmarketco.com/louisville-farmers-market/2026/,,Boulder,market_city
Tudor Merchants,Louisville Farmers Market,Louisville,Health • Wellness • Beauty,,"Candles from The Bard's Flame, soaps from The Queen's Bath, and other Tudor-themed treasures!",2026,https://realfarmersmarketco.com/louisville-farmers-market/2026/,,Boulder,market_city
1 Simple Seed,Louisville Farmers Market,Louisville,Jewelry • Art • Clothing,,Plantable Greeting Cards,2026,https://realfarmersmarketco.com/louisville-farmers-market/2026/,,Boulder,market_city
Adam Sky Glass,Louisville Farmers Market,Louisville,Jewelry • Art • Clothing,,Stained Glass goodies,2026,https://realfarmersmarketco.com/louisville-farmers-market/2026/,,Boulder,market_city
Amanda Stringer Jewelry,Louisville Farmers Market,Louisville,Jewelry • Art • Clothing,,Handcrafted jewelry featuring 24k gold fill and semiprecious gemstones.,2026,https://realfarmersmarketco.com/louisville-farmers-market/2026/,,Boulder,market_city
Andres Poterry,Louisville Farmers Market,Louisville,Jewelry • Art • Clothing,,"Andre's Pottery creates handcrafted functional and decorative pieces made using traditional hand-thrown techniques. Working with both high-fire and low-fire processes, I blend craftsmanship with ar...",2026,https://realfarmersmarketco.com/louisville-farmers-market/2026/,,Boulder,market_city
Beijos Brasil,Louisville Farmers Market,Louisville,Jewelry • Art • Clothing,,Jewelry made with Brazilian grass,2026,https://realfarmersmarketco.com/louisville-farmers-market/2026/,,Boulder,market_city
Centered in Clay,Louisville Farmers Market,Louisville,Jewelry • Art • Clothing,,"Functional pottery/ ceramics, focusing on kitchenware and tableware. Also featuring refillable ceramic soap/lotion dispensers for sustainablility.",2026,https://realfarmersmarketco.com/louisville-farmers-market/2026/,,Boulder,market_city
Colorado Hammock,Louisville Farmers Market,Louisville,Jewelry • Art • Clothing,,Our hammocks are eco-friendly because we use up-cycled fibers in the rope-making process.,2026,https://realfarmersmarketco.com/louisville-farmers-market/2026/,,Boulder,market_city
CREATIVE WOODWWORKING BY STAN,Louisville Farmers Market,Louisville,Jewelry • Art • Clothing,,hand made charcuterie boards,2026,https://realfarmersmarketco.com/louisville-farmers-market/2026/,,Boulder,market_city
CrochetCraftsbyAlli,Louisville Farmers Market,Louisville,Jewelry • Art • Clothing,,I make crochet animal plushies using soft chunky yarn!,2026,https://realfarmersmarketco.com/louisville-farmers-market/2026/,,Boulder,market_city
Don's Handcrafted Gifts,Louisville Farmers Market,Louisville,Jewelry • Art • Clothing,,exotic wood products for cooking and entertaining,2026,https://realfarmersmarketco.com/louisville-farmers-market/2026/,,Boulder,market_city
Dry Creek Design LLC,Louisville Farmers Market,Louisville,Jewelry • Art • Clothing,,,2026,https://realfarmersmarketco.com/louisville-farmers-market/2026/,,Boulder,market_city
Five Petals Design LLC,Louisville Farmers Market,Louisville,Jewelry • Art • Clothing,,"Handmade crochet plushies, bag charms, and more, plus handmade jewelry!",2026,https://realfarmersmarketco.com/louisville-farmers-market/2026/,,Boulder,market_city
Goddess Gear Natural Fibers,Louisville Farmers Market,Louisville,Jewelry • Art • Clothing,,Locally handcrafted women's organic and natural fiber clothing.,2026,https://realfarmersmarketco.com/louisville-farmers-market/2026/,,Boulder,market_city
Graphink Fusion,Louisville Farmers Market,Louisville,Jewelry • Art • Clothing,,"Not Your Average Custom. Graphink Fusion creates premium apparel, tea towels, gifts, and small-batch accessories with personality, humor, and high-quality craftsmanship.",2026,https://realfarmersmarketco.com/louisville-farmers-market/2026/,,Boulder,market_city
Just Like Lauras Jewelry,Louisville Farmers Market,Louisville,Jewelry • Art • Clothing,,Beautiful handcrafted jewelry for men women& children!,2026,https://realfarmersmarketco.com/louisville-farmers-market/2026/,,Boulder,market_city
Katie Moore,Louisville Farmers Market,Louisville,Jewelry • Art • Clothing,,,2026,https://realfarmersmarketco.com/louisville-farmers-market/2026/,,Boulder,market_city
Love Letter Co.,Louisville Farmers Market,Louisville,Jewelry • Art • Clothing,,"Love Letter Co. creates unique, intentional keepsakes that preserve life's special moments. From floral preservation in resin to personalized gifts, each piece is handcrafted with care. At markets,...",2026,https://realfarmersmarketco.com/louisville-farmers-market/2026/,,Boulder,market_city
Marthas Closet LLC,Louisville Farmers Market,Louisville,Jewelry • Art • Clothing,,Imported Italian Clothing,2026,https://realfarmersmarketco.com/louisville-farmers-market/2026/,,Boulder,market_city
Mineral Oasis,Louisville Farmers Market,Louisville,Jewelry • Art • Clothing,,Rocks and gems,2026,https://realfarmersmarketco.com/louisville-farmers-market/2026/,,Boulder,market_city
Mongoose Design,Louisville Farmers Market,Louisville,Jewelry • Art • Clothing,,Custom 3D Maps and Laser Art,2026,https://realfarmersmarketco.com/louisville-farmers-market/2026/,,Boulder,market_city
"Nataliia Kaelin Art, LLC",Louisville Farmers Market,Louisville,Jewelry • Art • Clothing,,"cards, prints, and stickers of our original watercolor and graphite artwork.",2026,https://realfarmersmarketco.com/louisville-farmers-market/2026/,,Boulder,market_city
PAMELA DUPLAT @iloveamano,Louisville Farmers Market,Louisville,Jewelry • Art • Clothing,,,2026,https://realfarmersmarketco.com/louisville-farmers-market/2026/,,Boulder,market_city
Purple Press Publishing LLC dba The Vegan Artist,Louisville Farmers Market,Louisville,Jewelry • Art • Clothing,,"Art, prints, greeting cards, tote bags, and books.",2026,https://realfarmersmarketco.com/louisville-farmers-market/2026/,,Boulder,market_city
Ruth Evelyn Paints,Louisville Farmers Market,Louisville,Jewelry • Art • Clothing,,Original landscape paintings and high-quality prints.,2026,https://realfarmersmarketco.com/louisville-farmers-market/2026/,,Boulder,market_city
SaiKaART LLC,Louisville Farmers Market,Louisville,Jewelry • Art • Clothing,,Hand made cotton bags and home decor,2026,https://realfarmersmarketco.com/louisville-farmers-market/2026/,,Boulder,market_city
Samantha Cauchy Art,Louisville Farmers Market,Louisville,Jewelry • Art • Clothing,,"Original oil paintings, vinyl stickers, art prints, and more!",2026,https://realfarmersmarketco.com/louisville-farmers-market/2026/,,Boulder,market_city
Sancho's Woodworking,Louisville Farmers Market,Louisville,Jewelry • Art • Clothing,,These Stunning Handmade Bird & Squirrel Feeders Are a Backyard Game-Changer! Looking to elevate your backyard into a wildlife paradise? These artisanal bird and squirrel feeders are a must-have!,2026,https://realfarmersmarketco.com/louisville-farmers-market/2026/,,Boulder,market_city
Sundial Dog Gear,Louisville Farmers Market,Louisville,Jewelry • Art • Clothing,,"Performance-driven gear for dogs (outerwear, beds, bowls, and accessories).",2026,https://realfarmersmarketco.com/louisville-farmers-market/2026/,,Boulder,market_city
Tibetan Souvenirs,Louisville Farmers Market,Louisville,Jewelry • Art • Clothing,,,2026,https://realfarmersmarketco.com/louisville-farmers-market/2026/,,Boulder,market_city
Tyrannosaurus Dyes,Louisville Farmers Market,Louisville,Jewelry • Art • Clothing,,Dino-mite tie dye - something fun for everyone!,2026,https://realfarmersmarketco.com/louisville-farmers-market/2026/,,Boulder,market_city
BoCo Puzzlers,Louisville Farmers Market,Louisville,Non-Profit,,Jigsaw Puzzle Exchange - swap your old puzzles for new-to-you puzzles!,2026,https://realfarmersmarketco.com/louisville-farmers-market/2026/,,Boulder,market_city
Boulder Vet Center-Department of Veterans Affairs,Louisville Farmers Market,Louisville,Non-Profit,,,2026,https://realfarmersmarketco.com/louisville-farmers-market/2026/,,Boulder,market_city
Community Roots Midwife Collective,Louisville Farmers Market,Louisville,Non-Profit,,"We're a midwifery collective supporting the community by providing access to midwife services, educational classes, infant care supplies, and support groups.",2026,https://realfarmersmarketco.com/louisville-farmers-market/2026/,,Boulder,market_city
CSU Extension Master Gardeners,Louisville Farmers Market,Louisville,Non-Profit,,Free unbiased and science backed information for home gardeners.,2026,https://realfarmersmarketco.com/louisville-farmers-market/2026/,,Boulder,market_city
Living With Harmony,Louisville Farmers Market,Louisville,Non-Profit,,"A local 501c3 nonprofit that is dedicated to educate, motivate and inspire people to live more gently on the planet through the education and demonstration of PLANET-Based Living.",2026,https://realfarmersmarketco.com/louisville-farmers-market/2026/,,Boulder,market_city
Mindful Works,Louisville Farmers Market,Louisville,Non-Profit,,"Mindful Works sells poufs, meditation cushions, bolsters, and smaller items such as eye pillows, neck wraps, and even fidget toys.",2026,https://realfarmersmarketco.com/louisville-farmers-market/2026/,,Boulder,market_city
Albinelli Blends,Louisville Farmers Market,Louisville,Packaged & Prepared Goods,,"Albinelli Blends produces uniquely flavored, individually designed, Balsamic Vinegars in our Colorado Springs kitchen. Each flavor holds a proprietary recipe and is made in small batches to ensure ...",2026,https://realfarmersmarketco.com/louisville-farmers-market/2026/,,Boulder,market_city
AlcheMeats,Louisville Farmers Market,Louisville,Packaged & Prepared Goods,,Seasonings and BBQ Rubs,2026,https://realfarmersmarketco.com/louisville-farmers-market/2026/,,Boulder,market_city
Anthracite Spirits,Louisville Farmers Market,Louisville,Packaged & Prepared Goods,,,2026,https://realfarmersmarketco.com/louisville-farmers-market/2026/,,Boulder,market_city
Beezy's Granola,Louisville Farmers Market,Louisville,Packaged & Prepared Goods,,"At Beezy's Granola, we believe good food should fuel great adventures. Born in Louisville, Colorado, our family-owned company handcrafts small-batch granola with simple, wholesome ingredients and a...",2026,https://realfarmersmarketco.com/louisville-farmers-market/2026/,,Boulder,market_city
Bjorn's Colorado Honey,Louisville Farmers Market,Louisville,Packaged & Prepared Goods,,"Björn's Colorado Honey offers local Colorado honey and bee-pollen plus hive-based skincare featuring beeswax, honey, and propolis. We are small-batch, local, honey producers based in Brighton with ...",2026,https://realfarmersmarketco.com/louisville-farmers-market/2026/,,Boulder,market_city
BLISSTIX,Louisville Farmers Market,Louisville,Packaged & Prepared Goods,,BLISSTIX provides a premier jerky experience in every taste. Our dedication to quality and health can be experienced in every bite. Each time you bite in to one of our beef sticks you will enjoy th...,2026,https://realfarmersmarketco.com/louisville-farmers-market/2026/,,Boulder,market_city
Bork Dog Treats,Louisville Farmers Market,Louisville,Packaged & Prepared Goods,,"Human-grade, all natural dog treats.",2026,https://realfarmersmarketco.com/louisville-farmers-market/2026/,,Boulder,market_city
Bruna's Cheese Bread,Louisville Farmers Market,Louisville,Packaged & Prepared Goods,,"Bruna's Cheese Bread brings you delicious, gluten-free, grain-free, and soy-free cheese bread balls - golden, cheesy, and ready to bake! Perfect for breakfast, a quick snack, appetizers, or dinner ...",2026,https://realfarmersmarketco.com/louisville-farmers-market/2026/,,Boulder,market_city
Buffy Belladonna's Botanicals,Louisville Farmers Market,Louisville,Packaged & Prepared Goods,,"Seasonal botanicals infused into balms, candles, tinctures, honeys, and tisanes-lovingly woven with folkloric story tales and ancestral root connection.",2026,https://realfarmersmarketco.com/louisville-farmers-market/2026/,,Boulder,market_city
Casa Crobu,Louisville Farmers Market,Louisville,Packaged & Prepared Goods,,"We are a small family owned business. We make Take & Bake Lasagna and we make everything from scratch. We believe there is no better way to spend time with family, get to know a new culture, or to ...",2026,https://realfarmersmarketco.com/louisville-farmers-market/2026/,,Boulder,market_city
Cheez Me LLC,Louisville Farmers Market,Louisville,Packaged & Prepared Goods,,"We are a small, local cheese producer specializing in handcrafted fresh cheeses, with a focus on soft styles and cream cheeses made from locally sourced milk. All of our cheeses are produced in sma...",2026,https://realfarmersmarketco.com/louisville-farmers-market/2026/,,Boulder,market_city
Cream City Market,Louisville Farmers Market,Louisville,Packaged & Prepared Goods,,"Wisconsin-made Cheddar Cheese curds, Mozarella String Cheese, Genuine WI Brick Cheese and flavored butters",2026,https://realfarmersmarketco.com/louisville-farmers-market/2026/,,Boulder,market_city
Curious Box,Louisville Farmers Market,Louisville,Packaged & Prepared Goods,,Curious Box offers the best Japanese baked goods.,2026,https://realfarmersmarketco.com/louisville-farmers-market/2026/,,Boulder,market_city
Cync nutrition,Louisville Farmers Market,Louisville,Packaged & Prepared Goods,,Women's health company that makes targeted hormone support blends for women in the form of bevarage mixes (and soon to be snacks too!),2026,https://realfarmersmarketco.com/louisville-farmers-market/2026/,,Boulder,market_city
Denver Sea Moss,Louisville Farmers Market,Louisville,Packaged & Prepared Goods,,"Sea moss, prepared simply.",2026,https://realfarmersmarketco.com/louisville-farmers-market/2026/,,Boulder,market_city
Doughology,Louisville Farmers Market,Louisville,Packaged & Prepared Goods,,"Gluten free, dairy free, and more allergen friendly baked goods!",2026,https://realfarmersmarketco.com/louisville-farmers-market/2026/,,Boulder,market_city
Esmeraldas tamale house,Louisville Farmers Market,Louisville,Packaged & Prepared Goods,,,2026,https://realfarmersmarketco.com/louisville-farmers-market/2026/,,Boulder,market_city
Fisherman's Pride Wild Alaskan Seafood LLc,Louisville Farmers Market,Louisville,Packaged & Prepared Goods,,"Fresh wild caught, sustainable seafood direct from the icy waters of Alaska",2026,https://realfarmersmarketco.com/louisville-farmers-market/2026/,,Boulder,market_city
Floreo,Louisville Farmers Market,Louisville,Packaged & Prepared Goods,,Chocolate made in Belize,2026,https://realfarmersmarketco.com/louisville-farmers-market/2026/,,Boulder,market_city
Forever Spicy LLC,Louisville Farmers Market,Louisville,Packaged & Prepared Goods,,We make and produce small batch hot sauce and chili oils with organic and as local to Colorado ingredients as possible.,2026,https://realfarmersmarketco.com/louisville-farmers-market/2026/,,Boulder,market_city
Foxtown Farm,Louisville Farmers Market,Louisville,Packaged & Prepared Goods,,"Honey, Reimagined. Pourable honey syrups made with fresh organic ginger, turmeric, and elderberry-crafted for bold flavor and effortless use in drinks, cooking, and everyday rituals.",2026,https://realfarmersmarketco.com/louisville-farmers-market/2026/,,Boulder,market_city
Garden Fusion Innovations,Louisville Farmers Market,Louisville,Packaged & Prepared Goods,,Refreshing and unique jams/jelly. Even offer a low sugar type. All vegan. Unique pickle flavors 3d printed items mostly garden related or custom requests Plant vegetables such as tomatoes and peppe...,2026,https://realfarmersmarketco.com/louisville-farmers-market/2026/,,Boulder,market_city
Great Harvest,Louisville Farmers Market,Louisville,Packaged & Prepared Goods,,"Bread, Sweets, cookies, soup mixes, Jams, Jellies, Baking mixes, etc.",2026,https://realfarmersmarketco.com/louisville-farmers-market/2026/,,Boulder,market_city
Great Harvest Bread Co,Louisville Farmers Market,Louisville,Packaged & Prepared Goods,,"Great Harvest provides fresh, locally baked, artisan breads, sweets, and baking mixes. We also carry soup mixes, jams, jellies, honey spreads, oils and vinegars. We always have glutenless options.",2026,https://realfarmersmarketco.com/louisville-farmers-market/2026/,,Boulder,market_city
HOPELANDS COFFEE,Louisville Farmers Market,Louisville,Packaged & Prepared Goods,,"Specialty Honduran coffee - whole bean, ground, and fresh-brewed.",2026,https://realfarmersmarketco.com/louisville-farmers-market/2026/,,Boulder,market_city
In A Pickle,Louisville Farmers Market,Louisville,Packaged & Prepared Goods,,Cold packed Pickles! different flavors,2026,https://realfarmersmarketco.com/louisville-farmers-market/2026/,,Boulder,market_city
Ironton Distillery,Louisville Farmers Market,Louisville,Packaged & Prepared Goods,,Handcrafted Colorado Spirits,2026,https://realfarmersmarketco.com/louisville-farmers-market/2026/,,Boulder,market_city
King Pappy's BBQ Sauce,Louisville Farmers Market,Louisville,Packaged & Prepared Goods,,"Local and specialty food - authentic family recipe BBQ sauce, dry rub and seasoning salt.",2026,https://realfarmersmarketco.com/louisville-farmers-market/2026/,,Boulder,market_city
Kismet Cafe,Louisville Farmers Market,Louisville,Packaged & Prepared Goods,,"Walnut/Pistachio/Pecan Baklava made with herb-infused simple syrups, Greek butter cookies & traditional Turkish coffee with cardamom",2026,https://realfarmersmarketco.com/louisville-farmers-market/2026/,,Boulder,market_city
KREAM Kimchi,Louisville Farmers Market,Louisville,Packaged & Prepared Goods,,we make kimchi. It's my mom's recipe. We make a bunch of other products in the kimchi universe.,2026,https://realfarmersmarketco.com/louisville-farmers-market/2026/,,Boulder,market_city
La Montagne Des Saveurs,Louisville Farmers Market,Louisville,Packaged & Prepared Goods,,We are cheeses agers in France and we import the finest European cheeses and sale them at our local markets.,2026,https://realfarmersmarketco.com/louisville-farmers-market/2026/,,Boulder,market_city
Lavender Fields,Louisville Farmers Market,Louisville,Packaged & Prepared Goods,,Lavender Blueberry Lemonade,2026,https://realfarmersmarketco.com/louisville-farmers-market/2026/,,Boulder,market_city
Mary's Wholesome Living,Louisville Farmers Market,Louisville,Packaged & Prepared Goods,,"Artisanal jams, pickles, raw fermented sauerkrauts, fermented garlic honey, elixirs",2026,https://realfarmersmarketco.com/louisville-farmers-market/2026/,,Boulder,market_city
Mungfu,Louisville Farmers Market,Louisville,Packaged & Prepared Goods,,,2026,https://realfarmersmarketco.com/louisville-farmers-market/2026/,,Boulder,market_city
Ortegas Jerky,Louisville Farmers Market,Louisville,Packaged & Prepared Goods,,New Mexico Style Beef Jerky,2026,https://realfarmersmarketco.com/louisville-farmers-market/2026/,,Boulder,market_city
Pet Wants Boulder/Arvada,Louisville Farmers Market,Louisville,Packaged & Prepared Goods,,,2026,https://realfarmersmarketco.com/louisville-farmers-market/2026/,,Boulder,market_city
Pies in Bloom,Louisville Farmers Market,Louisville,Packaged & Prepared Goods,,"Fresh homemade pies and vibrant annuals: including hanging baskets, starters, and flowers, grown and baked with care for your home and garden.",2026,https://realfarmersmarketco.com/louisville-farmers-market/2026/,,Boulder,market_city
Prehistoric Pedal Frozen Treats,Louisville Farmers Market,Louisville,Packaged & Prepared Goods,,"Pre-packaged, handcrafted cookie ice cream sandwiches, popsicles and popcorn!",2026,https://realfarmersmarketco.com/louisville-farmers-market/2026/,,Boulder,market_city
Rollin In Daisies,Louisville Farmers Market,Louisville,Packaged & Prepared Goods,,,2026,https://realfarmersmarketco.com/louisville-farmers-market/2026/,,Boulder,market_city
Roxys Remixes,Louisville Farmers Market,Louisville,Packaged & Prepared Goods,,,2026,https://realfarmersmarketco.com/louisville-farmers-market/2026/,,Boulder,market_city
Send Bars,Louisville Farmers Market,Louisville,Packaged & Prepared Goods,,"We're a team of athletes who were convinced there was a better solution to healthy on-the-go. When we couldn't find adventure food that met our standards, we created SEND Bars. Chock full of superf...",2026,https://realfarmersmarketco.com/louisville-farmers-market/2026/,,Boulder,market_city
Shine / Martys Meals Organic Pet Food,Louisville Farmers Market,Louisville,Packaged & Prepared Goods,,Frozen fresh organic pet foods and treats,2026,https://realfarmersmarketco.com/louisville-farmers-market/2026/,,Boulder,market_city
Styria Catering,Louisville Farmers Market,Louisville,Packaged & Prepared Goods,,,2026,https://realfarmersmarketco.com/louisville-farmers-market/2026/,,Boulder,market_city
Sun With Some Shine Bakery LLC,Louisville Farmers Market,Louisville,Packaged & Prepared Goods,,"Gluten free, processed sugar free sourdough, cookies and other baked goods.",2026,https://realfarmersmarketco.com/louisville-farmers-market/2026/,,Boulder,market_city
Tarta Bakery LLC,Louisville Farmers Market,Louisville,Packaged & Prepared Goods,,"Inspired by the iconic cheesecakes of San Sebastián, our small-batch Basque cheesecakes are crustless, caramelized and ultra-creamy.",2026,https://realfarmersmarketco.com/louisville-farmers-market/2026/,,Boulder,market_city
The 5280 Mermaid,Louisville Farmers Market,Louisville,Packaged & Prepared Goods,,"The 5280 Mermaid creates all-natural handcrafted goods including dried fruit and herb beverage infusion kits (for cocktails and mocktails), small-batch soup kits, dip mixes, humorous soy candles, a...",2026,https://realfarmersmarketco.com/louisville-farmers-market/2026/,,Boulder,market_city
The Broke Vagabonds,Louisville Farmers Market,Louisville,Packaged & Prepared Goods,,Artisan Nuts and gourmet goodies,2026,https://realfarmersmarketco.com/louisville-farmers-market/2026/,,Boulder,market_city
The Family Jones Distillery,Louisville Farmers Market,Louisville,Packaged & Prepared Goods,,,2026,https://realfarmersmarketco.com/louisville-farmers-market/2026/,,Boulder,market_city
Tlaquesalsa,Louisville Farmers Market,Louisville,Packaged & Prepared Goods,,,2026,https://realfarmersmarketco.com/louisville-farmers-market/2026/,,Boulder,market_city
Yummy Yummy Products LLC,Louisville Farmers Market,Louisville,Packaged & Prepared Goods,,"Fresh, small-batch dips made weekly using quality ingredients. Yummy Yummy Products delivers flavorful, locally made dips with a focus on freshness, simple recipes, and great taste, perfect for sha...",2026,https://realfarmersmarketco.com/louisville-farmers-market/2026/,,Boulder,market_city
Zuna's Bakery,Louisville Farmers Market,Louisville,Packaged & Prepared Goods,,,2026,https://realfarmersmarketco.com/louisville-farmers-market/2026/,,Boulder,market_city
47 Bakery,Louisville Farmers Market,Louisville,Ready to Consume,,handmade pretzels with love - real ingredients. real local. real good.,2026,https://realfarmersmarketco.com/louisville-farmers-market/2026/,,Boulder,market_city
A Bite Above,Louisville Farmers Market,Louisville,Ready to Consume,,,2026,https://realfarmersmarketco.com/louisville-farmers-market/2026/,,Boulder,market_city
Baked by Joe,Louisville Farmers Market,Louisville,Ready to Consume,,Chef quality baked goods elevating what you know and love.,2026,https://realfarmersmarketco.com/louisville-farmers-market/2026/,,Boulder,market_city
Captain Crepes,Louisville Farmers Market,Louisville,Ready to Consume,,Sweet and Savory Crepes,2026,https://realfarmersmarketco.com/louisville-farmers-market/2026/,,Boulder,market_city
Chilaquilli LLC,Louisville Farmers Market,Louisville,Ready to Consume,,"Chilaquilli began as our Sunday ritual in a tiny camper kitchen during COVID. Richie spent years perfecting our salsas, inspired by Tijuana's bold flavors and the recipes we grew up with. When we m...",2026,https://realfarmersmarketco.com/louisville-farmers-market/2026/,,Boulder,market_city
Cocina Salvadoreña,Louisville Farmers Market,Louisville,Ready to Consume,,"Salvadoran food consisting of pupusas, tamales, and breakfast burritos.",2026,https://realfarmersmarketco.com/louisville-farmers-market/2026/,,Boulder,market_city
Fair Lady Pastries,Louisville Farmers Market,Louisville,Ready to Consume,,American pastries made with organic flour and organic eggs.,2026,https://realfarmersmarketco.com/louisville-farmers-market/2026/,,Boulder,market_city
Feelin Fresca,Louisville Farmers Market,Louisville,Ready to Consume,,Agua Frescas,2026,https://realfarmersmarketco.com/louisville-farmers-market/2026/,,Boulder,market_city
Fioranto Group Solutions Llc,Louisville Farmers Market,Louisville,Ready to Consume,,Acai Bowls and freshly squeezed lemonade,2026,https://realfarmersmarketco.com/louisville-farmers-market/2026/,,Boulder,market_city
Folk Eats,Louisville Farmers Market,Louisville,Ready to Consume,,,2026,https://realfarmersmarketco.com/louisville-farmers-market/2026/,,Boulder,market_city
Goldies Mini Donuts,Louisville Farmers Market,Louisville,Ready to Consume,,Small-batch donuts fried in avocado oil and dusted with cinnamon sugar.,2026,https://realfarmersmarketco.com/louisville-farmers-market/2026/,,Boulder,market_city
Good Smile LLC,Louisville Farmers Market,Louisville,Ready to Consume,,Good Smile has been bringing our fun take on Homemade European Foods since 2024 and we are excited to make our way to your market!,2026,https://realfarmersmarketco.com/louisville-farmers-market/2026/,,Boulder,market_city
Hundy's Biryanis and bowls,Louisville Farmers Market,Louisville,Ready to Consume,,The Indian Grab-n-Go made with slow cooking techniques and family recipes from Kolkata- The city of Joy,2026,https://realfarmersmarketco.com/louisville-farmers-market/2026/,,Boulder,market_city
Kogler's Bakery,Louisville Farmers Market,Louisville,Ready to Consume,,"European Breads, pastries, quiches, croissants, strudels",2026,https://realfarmersmarketco.com/louisville-farmers-market/2026/,,Boulder,market_city
Papa's Original Gourmet Caramel Corn,Louisville Farmers Market,Louisville,Ready to Consume,,Simply the finest Caramel Corn you'll ever taste.,2026,https://realfarmersmarketco.com/louisville-farmers-market/2026/,,Boulder,market_city
Polish Pantry,Louisville Farmers Market,Louisville,Ready to Consume,,Traditional and Handmade Polish Pączki (brioche donuts) and European pastries.,2026,https://realfarmersmarketco.com/louisville-farmers-market/2026/,,Boulder,market_city
Redemption Road Coffee,Louisville Farmers Market,Louisville,Ready to Consume,,"Redemption Road Coffee is a single origin coffee roaster out of Mead, Colorado that is funding good in the world through our amazing coffee products and drinks!",2026,https://realfarmersmarketco.com/louisville-farmers-market/2026/,,Boulder,market_city
Sabor y Salsa,Louisville Farmers Market,Louisville,Ready to Consume,,"Homemade, ready-to-eat Mexican food made fresh with traditional recipes.",2026,https://realfarmersmarketco.com/louisville-farmers-market/2026/,,Boulder,market_city
Sweet Serenity,Louisville Farmers Market,Louisville,Ready to Consume,,,2026,https://realfarmersmarketco.com/louisville-farmers-market/2026/,,Boulder,market_city
The Argentos Empanadas,Louisville Farmers Market,Louisville,Ready to Consume,,,2026,https://realfarmersmarketco.com/louisville-farmers-market/2026/,,Boulder,market_city
Art Major Studio,Louisville Farmers Market,Louisville,Services,,Marketing for Art Major Studio!,2026,https://realfarmersmarketco.com/louisville-farmers-market/2026/,,Boulder,market_city
Colorado Pet Companion,Louisville Farmers Market,Louisville,Services,,,2026,https://realfarmersmarketco.com/louisville-farmers-market/2026/,,Boulder,market_city
Denver Sky Yoga,Louisville Farmers Market,Louisville,Services,,Offering all-levels yoga classes at the farmers market,2026,https://realfarmersmarketco.com/louisville-farmers-market/2026/,,Boulder,market_city
Longmont Dairy Farm,Louisville Farmers Market,Louisville,Services,,"Delivering fresh milk and more to homes along the Front Range. We are a family owned and operated business dedicated to providing great milk, from our cows to our customers' doorsteps.",2026,https://realfarmersmarketco.com/louisville-farmers-market/2026/,,Boulder,market_city
Manka Movement,Louisville Farmers Market,Louisville,Services,,"Manka Movement is a locally-owned reformer Pilates studio in the heart of Downtown Louisville. Led by professional ballet dancer and comprehensively certified Pilates instructor Sterling Manka, the...",2026,https://realfarmersmarketco.com/louisville-farmers-market/2026/,,Boulder,market_city
Sparkle,Louisville Farmers Market,Louisville,Services,,"At Sparkle, we offer wellness-focused hygiene and salon style grooming makes it easy to have a clean, healthy, and happy dog - for less.",2026,https://realfarmersmarketco.com/louisville-farmers-market/2026/,,Boulder,market_city
Tastefully Simple,Louisville Farmers Market,Louisville,Services,,Tastefully Simple cakes and spices,2026,https://realfarmersmarketco.com/louisville-farmers-market/2026/,,Boulder,market_city
The In-Between Groom,Louisville Farmers Market,Louisville,Services,,On Site Dog Grooming Service,2026,https://realfarmersmarketco.com/louisville-farmers-market/2026/,,Boulder,market_city
Where the Wild Things Art,Louisville Farmers Market,Louisville,Services,,Face painting fun for kids (and adults)!,2026,https://realfarmersmarketco.com/louisville-farmers-market/2026/,,Boulder,market_city
Simple Things Farm,Lyons Farmers Market,Lyons,Farms & Growers,,,2026,https://www.fosterabundantspaces.com/visit,strong,Boulder,market_city
Common Name Farm,Lyons Farmers Market,Lyons,Farms & Growers,,,2026,https://www.fosterabundantspaces.com/visit,strong,Boulder,market_city
Willow Farm Blooms,Lyons Farmers Market,Lyons,Farms & Growers,,,2026,https://www.fosterabundantspaces.com/visit,strong,Boulder,market_city
Rabbit Mountain Lavender,Lyons Farmers Market,Lyons,Farms & Growers,,,2026,https://www.fosterabundantspaces.com/visit,strong,Boulder,market_city
Mathew Davis Landscape Architect,Lyons Farmers Market,Lyons,Farms & Growers,,,2026,https://www.fosterabundantspaces.com/visit,strong,Boulder,market_city
Sun Circle Intentions,Lyons Farmers Market,Lyons,Farms & Growers,,,2026,https://www.fosterabundantspaces.com/visit,strong,Boulder,market_city
Longmont Dairy,Lyons Farmers Market,Lyons,Farms & Growers,,,2026,https://www.fosterabundantspaces.com/visit,strong,Boulder,market_city
West Wolf Medicinals,Lyons Farmers Market,Lyons,Wellness & Beauty,,,2026,https://www.fosterabundantspaces.com/visit,,Boulder,market_city
Embodied Ambrosia,Lyons Farmers Market,Lyons,Wellness & Beauty,,,2026,https://www.fosterabundantspaces.com/visit,,Boulder,market_city
Cypress Apothecary,Lyons Farmers Market,Lyons,Wellness & Beauty,,,2026,https://www.fosterabundantspaces.com/visit,,Boulder,market_city
Plant Healing Woman Apothecary,Lyons Farmers Market,Lyons,Wellness & Beauty,,,2026,https://www.fosterabundantspaces.com/visit,,Boulder,market_city
Author Catherine Ann Russell,Lyons Farmers Market,Lyons,Artisans & Makers,,,2026,https://www.fosterabundantspaces.com/visit,,Boulder,market_city
ZiegZag Crochet,Lyons Farmers Market,Lyons,Artisans & Makers,,,2026,https://www.fosterabundantspaces.com/visit,,Boulder,market_city
Dr Odd Drawings,Lyons Farmers Market,Lyons,Artisans & Makers,,,2026,https://www.fosterabundantspaces.com/visit,,Boulder,market_city
Plato's Coffee,Lyons Farmers Market,Lyons,Packaged & Prepared Goods,,,2026,https://www.fosterabundantspaces.com/visit,,Boulder,market_city
Heaven's Popcorn,Lyons Farmers Market,Lyons,Packaged & Prepared Goods,,,2026,https://www.fosterabundantspaces.com/visit,,Boulder,market_city
Naomi's Sprouted Seed Truffles,Lyons Farmers Market,Lyons,Packaged & Prepared Goods,,,2026,https://www.fosterabundantspaces.com/visit,,Boulder,market_city
St Vrain Coffee,Lyons Farmers Market,Lyons,Packaged & Prepared Goods,,,2026,https://www.fosterabundantspaces.com/visit,,Boulder,market_city
Renee the Baker,Lyons Farmers Market,Lyons,Packaged & Prepared Goods,,,2026,https://www.fosterabundantspaces.com/visit,,Boulder,market_city
Simply Bee Organics,Lyons Farmers Market,Lyons,Packaged & Prepared Goods,,,2026,https://www.fosterabundantspaces.com/visit,,Boulder,market_city
Farm to Pup,Lyons Farmers Market,Lyons,Packaged & Prepared Goods,,,2026,https://www.fosterabundantspaces.com/visit,,Boulder,market_city
King Pappy's BBQ Sauce,Lyons Farmers Market,Lyons,Packaged & Prepared Goods,,,2026,https://www.fosterabundantspaces.com/visit,,Boulder,market_city
Heart & Soul Bakery,Lyons Farmers Market,Lyons,Packaged & Prepared Goods,,,2026,https://www.fosterabundantspaces.com/visit,,Boulder,market_city
Artesania original wixarika LLC,Market on the Plaza,Mountain Village,,Mountain Village,Artesanía huichol hechos a mano,2026,https://townofmountainvillage.com/explore/market-on-the-plaza/,,San Miguel,location_stated
Botanical Companions,Market on the Plaza,Mountain Village,,,Delicious & Powerfully Nutritious Microgreen Goods!,2026,https://townofmountainvillage.com/explore/market-on-the-plaza/,,San Miguel,market_city
Canyon Sewing,Market on the Plaza,Mountain Village,,,"We design and sew a variety of outdoor products in Dolores, Colorado.",2026,https://townofmountainvillage.com/explore/market-on-the-plaza/,,San Miguel,market_city
Captain Nowhere Photography LLC,Market on the Plaza,Mountain Village,,Mountain Village,,2026,https://townofmountainvillage.com/explore/market-on-the-plaza/,,San Miguel,location_stated
Cimarron Creek Essentials,Market on the Plaza,Mountain Village,,Mountain Village,Bath and beauty products and accessories,2026,https://townofmountainvillage.com/explore/market-on-the-plaza/,,San Miguel,location_stated
Cone on the Go by Jakes Farm,Market on the Plaza,Mountain Village,,,"Crispy chicken, refreshing drinks, sweet treats, and family fun",2026,https://townofmountainvillage.com/explore/market-on-the-plaza/,medium,San Miguel,market_city
Copper Jewelry,Market on the Plaza,Mountain Village,,Mountain Village,Craft copper jewelry,2026,https://townofmountainvillage.com/explore/market-on-the-plaza/,,San Miguel,location_stated
Cowboy Cookies and Sweets,Market on the Plaza,Mountain Village,,,,2026,https://townofmountainvillage.com/explore/market-on-the-plaza/,,San Miguel,market_city
Damselfly Organic Clothing,Market on the Plaza,Mountain Village,,Mountain Village,Eco Friendly apparel made in Colorado,2026,https://townofmountainvillage.com/explore/market-on-the-plaza/,,San Miguel,location_stated
Desert Moon Jewelry Co,Market on the Plaza,Mountain Village,,Mountain Village,,2026,https://townofmountainvillage.com/explore/market-on-the-plaza/,,San Miguel,location_stated
Dolce Telluride,Market on the Plaza,Mountain Village,,Mountain Village,"Handcrafted Italy-inspired focaccia, panini, desserts & more",2026,https://townofmountainvillage.com/explore/market-on-the-plaza/,,San Miguel,location_stated
Down Valley Flowers,Market on the Plaza,Mountain Village,,Mountain Village,Fresh cut flowers,2026,https://townofmountainvillage.com/explore/market-on-the-plaza/,medium,San Miguel,location_stated
Dunton Kitchen,Market on the Plaza,Mountain Village,,Mountain Village,Restaurant & Bar located inside Lumiere by Dunton,2026,https://townofmountainvillage.com/explore/market-on-the-plaza/,,San Miguel,location_stated
Effervescent Botanicals,Market on the Plaza,Mountain Village,,Mountain Village,We offer consciously sourced topicals body products.,2026,https://townofmountainvillage.com/explore/market-on-the-plaza/,,San Miguel,location_stated
Forever Rock Candles,Market on the Plaza,Mountain Village,,,Rocks fossils and crystals upcycled into lamp oil candles.,2026,https://townofmountainvillage.com/explore/market-on-the-plaza/,,San Miguel,market_city
Fox Den Printing,Market on the Plaza,Mountain Village,,,,2026,https://townofmountainvillage.com/explore/market-on-the-plaza/,,San Miguel,market_city
FRESH Food Hub,Market on the Plaza,Mountain Village,,Mountain Village,A community food cooperative bringing together farmers and producers,2026,https://townofmountainvillage.com/explore/market-on-the-plaza/,,San Miguel,location_stated
Get Zingy,Market on the Plaza,Mountain Village,,,Jarred Hungarian wax pepper relishes,2026,https://townofmountainvillage.com/explore/market-on-the-plaza/,,San Miguel,market_city
Graze Colorado,Market on the Plaza,Mountain Village,,,,2026,https://townofmountainvillage.com/explore/market-on-the-plaza/,,San Miguel,market_city
Grim Whimsy Crafts,Market on the Plaza,Mountain Village,,Mountain Village,Whimsical and strange handmade crochet and jewelry made in Telluride.,2026,https://townofmountainvillage.com/explore/market-on-the-plaza/,,San Miguel,location_stated
Gypsy Miriah Botanicals,Market on the Plaza,Mountain Village,,,,2026,https://townofmountainvillage.com/explore/market-on-the-plaza/,,San Miguel,market_city
Hank's Hens,Market on the Plaza,Mountain Village,,,,2026,https://townofmountainvillage.com/explore/market-on-the-plaza/,,San Miguel,market_city
Joyelia Jewelry,Market on the Plaza,Mountain Village,,,,2026,https://townofmountainvillage.com/explore/market-on-the-plaza/,,San Miguel,market_city
JurniWell,Market on the Plaza,Mountain Village,,,"Locally rooted, adventure-driven wellness experience",2026,https://townofmountainvillage.com/explore/market-on-the-plaza/,,San Miguel,market_city
KH Creative,Market on the Plaza,Mountain Village,,,,2026,https://townofmountainvillage.com/explore/market-on-the-plaza/,,San Miguel,market_city
"KNOLA Co., LLC",Market on the Plaza,Mountain Village,,,"KNOLA Clean Fuel, Real Results",2026,https://townofmountainvillage.com/explore/market-on-the-plaza/,,San Miguel,market_city
La Colombiana,Market on the Plaza,Mountain Village,,Mountain Village,Delicious Colombian food,2026,https://townofmountainvillage.com/explore/market-on-the-plaza/,,San Miguel,location_stated
Latin Creations,Market on the Plaza,Mountain Village,,Mountain Village,"Variety of delicious Latin food, from grandma's recipes to high end classic dishes.",2026,https://townofmountainvillage.com/explore/market-on-the-plaza/,,San Miguel,location_stated
LeGrande Jewelry,Market on the Plaza,Mountain Village,,Mountain Village,A line of handmade jewelry made with attention to detail,2026,https://townofmountainvillage.com/explore/market-on-the-plaza/,,San Miguel,location_stated
Little Bird,Market on the Plaza,Mountain Village,,,Custom Embroidery Services,2026,https://townofmountainvillage.com/explore/market-on-the-plaza/,,San Miguel,market_city
Madeline at the Market,Market on the Plaza,Mountain Village,,,"Each Wednesday during the Market on the Plaza, the Madeline offers award winning cookies and ice cream sandwiches",2026,https://townofmountainvillage.com/explore/market-on-the-plaza/,,San Miguel,market_city
Mesa Verde Lavender,Market on the Plaza,Mountain Village,,,,2026,https://townofmountainvillage.com/explore/market-on-the-plaza/,,San Miguel,market_city
MetalRock Designs,Market on the Plaza,Mountain Village,,Mountain Village,Handcrafted mountain lifestyle jewelry designed for the free-spirited by the free-spirited,2026,https://townofmountainvillage.com/explore/market-on-the-plaza/,,San Miguel,location_stated
Moon Bear Jewels,Market on the Plaza,Mountain Village,,Mountain Village,Jewelry inspired by the spirit of the San Juans.,2026,https://townofmountainvillage.com/explore/market-on-the-plaza/,,San Miguel,location_stated
More's Jewelry,Market on the Plaza,Mountain Village,,Mountain Village,,2026,https://townofmountainvillage.com/explore/market-on-the-plaza/,,San Miguel,location_stated
Mountain Girl Face Painting,Market on the Plaza,Mountain Village,,Mountain Village,,2026,https://townofmountainvillage.com/explore/market-on-the-plaza/,,San Miguel,location_stated
Mountain Hedgewitch,Market on the Plaza,Mountain Village,,Mountain Village,"Wildcrafted pagan lifestyle goods, traditional handmade brooms",2026,https://townofmountainvillage.com/explore/market-on-the-plaza/,,San Miguel,location_stated
Mr. Churro Co,Market on the Plaza,Mountain Village,,Mountain Village,Tasty churros with assorted toppings,2026,https://townofmountainvillage.com/explore/market-on-the-plaza/,,San Miguel,location_stated
Munel Studio,Market on the Plaza,Mountain Village,,,"Slow living, heirloom objects to treasure for generations. Whimsy and nature inspire us, if we can imagine it, we will create it.",2026,https://townofmountainvillage.com/explore/market-on-the-plaza/,,San Miguel,market_city
Nina Design,Market on the Plaza,Mountain Village,,Mountain Village,,2026,https://townofmountainvillage.com/explore/market-on-the-plaza/,,San Miguel,location_stated
Rebecca Bourke Jewelry,Market on the Plaza,Mountain Village,,Mountain Village,"Handmade with precious and semiprecious stones, 14kt gold and sterling silver",2026,https://townofmountainvillage.com/explore/market-on-the-plaza/,,San Miguel,location_stated
Roaming Rock Creative,Market on the Plaza,Mountain Village,,,"Nature-inspired handmade jewelry with a funky, artistic mountain spirit.",2026,https://townofmountainvillage.com/explore/market-on-the-plaza/,,San Miguel,market_city
Sawpit Mercantile,Market on the Plaza,Mountain Village,,,BBQ and community,2026,https://townofmountainvillage.com/explore/market-on-the-plaza/,,San Miguel,market_city
Simply Magnetic,Market on the Plaza,Mountain Village,,Mountain Village,Magnetic jewelry for real-life pain,2026,https://townofmountainvillage.com/explore/market-on-the-plaza/,,San Miguel,location_stated
Southwest Designs,Market on the Plaza,Mountain Village,,Mountain Village,"Copper, brass and silver earrings, bracelets, pendants, pins, hair ornaments, necklaces, money clips, key rings and bola ties",2026,https://townofmountainvillage.com/explore/market-on-the-plaza/,,San Miguel,location_stated
Steel Fire Studio LLC,Market on the Plaza,Mountain Village,,,Artistic and Functional Steel Logs,2026,https://townofmountainvillage.com/explore/market-on-the-plaza/,,San Miguel,market_city
The Cheeze Cart,Market on the Plaza,Mountain Village,,Mountain Village,Variety of cheeze sandwiches,2026,https://townofmountainvillage.com/explore/market-on-the-plaza/,,San Miguel,location_stated
The Farmstead,Market on the Plaza,Mountain Village,,,Small family owned and operated farm,2026,https://townofmountainvillage.com/explore/market-on-the-plaza/,,San Miguel,market_city
The Flying Hatter,Market on the Plaza,Mountain Village,,Mountain Village,Custom Designed Hats > Hand-Made Southwest Colorado,2026,https://townofmountainvillage.com/explore/market-on-the-plaza/,,San Miguel,location_stated
The Wok of Joy,Market on the Plaza,Mountain Village,,Mountain Village,"Joy's authentic Thai street food, snacks, and drinks",2026,https://townofmountainvillage.com/explore/market-on-the-plaza/,,San Miguel,location_stated
Trevor & Leslie Browning,Market on the Plaza,Mountain Village,,,Massage: Out Call / In Home,2026,https://townofmountainvillage.com/explore/market-on-the-plaza/,,San Miguel,market_city
Uncompahgre Farms,Market on the Plaza,Mountain Village,,Mountain Village,"A better way to buy beef, one which is healthier for the cows, the consumers, and the community",2026,https://townofmountainvillage.com/explore/market-on-the-plaza/,medium,San Miguel,location_stated
Watercolors by Jeff,Market on the Plaza,Mountain Village,,,,2026,https://townofmountainvillage.com/explore/market-on-the-plaza/,,San Miguel,market_city
Wilkinson Public Library,Market on the Plaza,Mountain Village,,Mountain Village,,2026,https://townofmountainvillage.com/explore/market-on-the-plaza/,,San Miguel,location_stated
Winding Drive Farm,Market on the Plaza,Mountain Village,,Mountain Village,Bringing you fresh Colorado produce grown on the Western Slope,2026,https://townofmountainvillage.com/explore/market-on-the-plaza/,medium,San Miguel,location_stated
Ant D's Fine Foods Produce,Metro Denver Farmers' Market (all locations),Denver metro,,,Produce,,https://denverfarmersmarket.com/mdfm-legends/,medium,,unresolved
Avanti Winery,Metro Denver Farmers' Market (all locations),Denver metro,,,Colorado Wine,,https://denverfarmersmarket.com/mdfm-legends/,,,unresolved
Baba & Pop's Handmade Pierogi,Metro Denver Farmers' Market (all locations),Denver metro,,,Pierogi,,https://denverfarmersmarket.com/mdfm-legends/,,,unresolved
Bavarian Sausage Express,Metro Denver Farmers' Market (all locations),Denver metro,,,Sausages,,https://denverfarmersmarket.com/mdfm-legends/,,,unresolved
Brad B Jammin,Metro Denver Farmers' Market (all locations),Denver metro,,,Jams,,https://denverfarmersmarket.com/mdfm-legends/,,,unresolved
Cream City Market Cheese Curds,Metro Denver Farmers' Market (all locations),Denver metro,,,Wisconsin Cheese Curds,,https://denverfarmersmarket.com/mdfm-legends/,,,unresolved
Dippies.com,Metro Denver Farmers' Market (all locations),Denver metro,,,Dips,,https://denverfarmersmarket.com/mdfm-legends/,,,unresolved
DiRenzo Creations and Gallery,Metro Denver Farmers' Market (all locations),Denver metro,,,Nuwati Herbals,,https://denverfarmersmarket.com/mdfm-legends/,,,unresolved
Domenico Farms,Metro Denver Farmers' Market (all locations),Denver metro,,,Organic Farmer,,https://denverfarmersmarket.com/mdfm-legends/,medium,,unresolved
Forte Farms,Metro Denver Farmers' Market (all locations),Denver metro,,,Produce,,https://denverfarmersmarket.com/mdfm-legends/,medium,,unresolved
"High Country Products, Inc.",Metro Denver Farmers' Market (all locations),Denver metro,,,Water Bottles & Socks,,https://denverfarmersmarket.com/mdfm-legends/,,,unresolved
"Hungry Gene, LLC.",Metro Denver Farmers' Market (all locations),Denver metro,,,Spices,,https://denverfarmersmarket.com/mdfm-legends/,,,unresolved
J & J Salsa,Metro Denver Farmers' Market (all locations),Denver metro,,,Salsa,,https://denverfarmersmarket.com/mdfm-legends/,,,unresolved
Juice Plus Susan,Metro Denver Farmers' Market (all locations),Denver metro,,,Supplements,,https://denverfarmersmarket.com/mdfm-legends/,,,unresolved
Justin Matott Childrens Books,Metro Denver Farmers' Market (all locations),Denver metro,,,Children's Books,,https://denverfarmersmarket.com/mdfm-legends/,,,unresolved
Koglers Bakery,Metro Denver Farmers' Market (all locations),Denver metro,,,Quiches,,https://denverfarmersmarket.com/mdfm-legends/,,,unresolved
Little Kettle Popcorn,Metro Denver Farmers' Market (all locations),Denver metro,,,Popcorn,,https://denverfarmersmarket.com/mdfm-legends/,,,unresolved
LuLaRoe,Metro Denver Farmers' Market (all locations),Denver metro,,,Clothing,,https://denverfarmersmarket.com/mdfm-legends/,,,unresolved
Mama Montoya,Metro Denver Farmers' Market (all locations),Denver metro,,,Chili Sauce,,https://denverfarmersmarket.com/mdfm-legends/,,,unresolved
Martindale Farms,Metro Denver Farmers' Market (all locations),Denver metro,,,Farmer,,https://denverfarmersmarket.com/mdfm-legends/,medium,,unresolved
Mazzotti Farms,Metro Denver Farmers' Market (all locations),Denver metro,,,Farmer,,https://denverfarmersmarket.com/mdfm-legends/,medium,,unresolved
Mikel's Sharpening,Metro Denver Farmers' Market (all locations),Denver metro,,,Sharpening,,https://denverfarmersmarket.com/mdfm-legends/,,,unresolved
Mumm Farms,Metro Denver Farmers' Market (all locations),Denver metro,,,Farmer,,https://denverfarmersmarket.com/mdfm-legends/,medium,,unresolved
New Era Distributing,Metro Denver Farmers' Market (all locations),Denver metro,,,Baskets & Scarf's,,https://denverfarmersmarket.com/mdfm-legends/,,,unresolved
Pawfee Pups,Metro Denver Farmers' Market (all locations),Denver metro,,,Dog Treats,,https://denverfarmersmarket.com/mdfm-legends/,,,unresolved
Royal Crest Dairy 2020,Metro Denver Farmers' Market (all locations),Denver metro,,,Milk Delivery,,https://denverfarmersmarket.com/mdfm-legends/,medium,,unresolved
Shinkle Chic Boutique LuLaRoe,Metro Denver Farmers' Market (all locations),Denver metro,,,Clothing,,https://denverfarmersmarket.com/mdfm-legends/,,,unresolved
Snow Creek Ranch,Metro Denver Farmers' Market (all locations),Denver metro,,,Beef,,https://denverfarmersmarket.com/mdfm-legends/,medium,,unresolved
Styria Bakery II,Metro Denver Farmers' Market (all locations),Denver metro,,,Bakery,,https://denverfarmersmarket.com/mdfm-legends/,,,unresolved
Sweet Almande,Metro Denver Farmers' Market (all locations),Denver metro,,,Nuts,,https://denverfarmersmarket.com/mdfm-legends/,,,unresolved
Tales & Legends for Reluctant Readers,Metro Denver Farmers' Market (all locations),Denver metro,,,Books,,https://denverfarmersmarket.com/mdfm-legends/,,,unresolved
Taspen Organics,Metro Denver Farmers' Market (all locations),Denver metro,,,Skin Care,,https://denverfarmersmarket.com/mdfm-legends/,,,unresolved
TruBucha Kombucha,Metro Denver Farmers' Market (all locations),Denver metro,,,Tea,,https://denverfarmersmarket.com/mdfm-legends/,,,unresolved
Wild Alaskan Seafood,Metro Denver Farmers' Market (all locations),Denver metro,,,Seafood & Pasta,,https://denverfarmersmarket.com/mdfm-legends/,,,unresolved
DGFF LLC (dba Decadence Gourmet),Montrose Farmers Market,Montrose,Prepared-Food Vendor,,"Gourmet Fermented Pepper Salts & Sauces, 'Colorado-Style' Southern Chow Chow and Pimento Cheese Spread",2026,https://montrosefarmersmarket.mymarket.org/profiles,,Montrose,market_city
Dad's Patchwork Farm,Montrose Farmers Market,Montrose,Prepared-Food Vendor,,"muffins, cookies, biscotti,sourdough breads, fruit leather, granola, premade hot food",2026,https://montrosefarmersmarket.mymarket.org/profiles,,Montrose,market_city
The Crystal River Valley Nonprofit Food Co-op,Montrose Farmers Market,Montrose,Prepared-Food Vendor,,Organic Artisanal Sourdough Bread,2026,https://montrosefarmersmarket.mymarket.org/profiles,,Montrose,market_city
Power Greens,Montrose Farmers Market,Montrose,Farmer/ Rancher,,"Mushrooms, Microgreens",2026,https://montrosefarmersmarket.mymarket.org/profiles,strong,Montrose,market_city
Wag's World Inc. DBA Wag's World Orchards,Montrose Farmers Market,Montrose,Farmer/ Rancher,,"Depending on the year, weather and water -- apricots, cherries, peaches, plums, nectarines, pears, apples, fresh fruit juices, honey, fruit wood, berries, strawberries, grapes, cabbage, garlic, onions",2026,https://montrosefarmersmarket.mymarket.org/profiles,strong,Montrose,market_city
Chamberlain Farms,Montrose Farmers Market,Montrose,Farmer/ Rancher,,"Produce, Eggs, Arts/Crafts, cucumbers, squash, tomatoes, onions, garlic, herbs, greens, lettuce, peppers, spinach, chard",2026,https://montrosefarmersmarket.mymarket.org/profiles,strong,Montrose,market_city
Uncompahgre Farms,Montrose Farmers Market,Montrose,Farmer/ Rancher,,"Regneratively raised beef, lamb, and sliders",2026,https://montrosefarmersmarket.mymarket.org/profiles,strong,Montrose,market_city
Suck It Fruity,Montrose Farmers Market,Montrose,Prepared-Food Vendor,,"We sell fermented fruite ades (applecinnamon, cherry, grapefruit, kiwi, lemonginger, mango, peach, pomegranate, strawberry) and kimchi (cabbage, cucumber, radish, bok choy).",2026,https://montrosefarmersmarket.mymarket.org/profiles,,Montrose,market_city
"Radiant Render LLC DBA ""Radiant Render Tallow""",Montrose Farmers Market,Montrose,Artisan/ Crafter,,"Tallow Lip Balm, Tallow Hand Salve, Whipped Tallow Body Butter, Rose Body Butter, Whipped Tallow Balm, Rose Face Moisturizer, All Purpose Skin Conditioner, Tallow Soap, Unscented Tallow Soap, Calendul",2026,https://montrosefarmersmarket.mymarket.org/profiles,,Montrose,market_city
Colorado Wild Botanicals,Montrose Farmers Market,Montrose,Artisan/ Crafter,,"Goat Milk Soap and lotion Bars, pinon salve, beard balms, hand thrown soap dishes, and select other items, essential oil blends and candles, fresh goat chevre, local honey",2026,https://montrosefarmersmarket.mymarket.org/profiles,,Montrose,market_city
A-Ware Collaborative,Montrose Farmers Market,Montrose,Artisan/ Crafter,,"Ceramic mugs, bowls, spoon rests, earrings and pendents.",2026,https://montrosefarmersmarket.mymarket.org/profiles,,Montrose,market_city
Peaks to Plateau LLC,Montrose Farmers Market,Montrose,Prepared-Food Vendor,,Artisan Sourdough Bread Loaves Artisan Sourdough baguettes Artisan Sourdough Ciabatta Rolls Artisan Sourdough Croissants Artisan Sourdough Bear claws pastries Artisan Sourdough Morning buns Arti,2026,https://montrosefarmersmarket.mymarket.org/profiles,,Montrose,market_city
Dutch Girl Kitchen,Montrose Farmers Market,Montrose,Prepared-Food Vendor,,baked goods artisan breads frittata pot pies and quiche salads soup paninis coffee,2026,https://montrosefarmersmarket.mymarket.org/profiles,,Montrose,market_city
Super Fast Kitchen and Bath,Montrose Farmers Market,Montrose,Sponsor,,Kitchen and Bathroom remodeling promotions,2026,https://montrosefarmersmarket.mymarket.org/profiles,,Montrose,market_city
Happy Hive Farmstead,Montrose Farmers Market,Montrose,Farmer/ Rancher,,"Pasture Raised Poultry (variety of cuts, whole bird, organ + backs/feet for bone stock - all pre-packaged and frozen) + Eggs (when available).",2026,https://montrosefarmersmarket.mymarket.org/profiles,strong,Montrose,market_city
The Crunchy Kitchen,Montrose Farmers Market,Montrose,Farmer/ Rancher,,"Dried Pasta, Pantry Staples, Baked Goods",2026,https://montrosefarmersmarket.mymarket.org/profiles,strong,Montrose,market_city
Happy Hogs,Montrose Farmers Market,Montrose,Farmer/ Rancher,,"meat, poultry, eggs",2026,https://montrosefarmersmarket.mymarket.org/profiles,strong,Montrose,market_city
Teas 2 Please,Montrose Farmers Market,Montrose,Farmer/ Rancher,,"Loose Leaf Teas, Spice Mixes, Granola, Lemon Curd, Baked Goods, Some Tea Accessories",2026,https://montrosefarmersmarket.mymarket.org/profiles,strong,Montrose,market_city
Rocky Mountain Leashes,Montrose Farmers Market,Montrose,Artisan/ Crafter,,"Dog leashes, traffic and training leashes, hands-free leashes, companion leashes, buddy handles, vehicle safety belts & dog collars. I also make lanyards, binocular straps, phone straps and phone har",2026,https://montrosefarmersmarket.mymarket.org/profiles,,Montrose,market_city
Opus Lingum,Montrose Farmers Market,Montrose,Artisan/ Crafter,,"woodwork, mugs, cutting boards, wine glasses, etc.",2026,https://montrosefarmersmarket.mymarket.org/profiles,,Montrose,market_city
Gigi Ann's LLC,Montrose Farmers Market,Montrose,Prepared-Food Vendor,,"Gourmet Soup and Dip Mixes, Jellies, Pickles and Textiles as available",2026,https://montrosefarmersmarket.mymarket.org/profiles,,Montrose,market_city
Holy Grounds Coffee LLC,Montrose Farmers Market,Montrose,Artisan/ Crafter,,Coffee+ hot tea,2026,https://montrosefarmersmarket.mymarket.org/profiles,,Montrose,market_city
Sandy Seed Farm LLC,Montrose Farmers Market,Montrose,Farmer/ Rancher,,"Plant Starts (Spring) Produce - Vegetables Flowers Carrots, radishes, lettuce, greens, garlic, beets, flowers, herbs",2026,https://montrosefarmersmarket.mymarket.org/profiles,strong,Montrose,market_city
Rockyz,Montrose Farmers Market,Montrose,Other,,"One of a kind street tacos! Carefully crafted, scratched made with local ingredients.",2026,https://montrosefarmersmarket.mymarket.org/profiles,,Montrose,market_city
Italian Food Emporium llc,Montrose Farmers Market,Montrose,Prepared-Food Vendor,,"dry pasta : radiatori,ballerine,casarecce ,linguine,pappardelle frozen ravioli : caprese,spinach ricotta, mushrooms ,spicy provolone etc.. sauces: tomato , bolognese ,pesto etc",2026,https://montrosefarmersmarket.mymarket.org/profiles,,Montrose,market_city
Suarez Orchards,Montrose Farmers Market,Montrose,Farmer/ Rancher,,produce Peaches apples pears grapes watermelon cantaloupe plums tomatoes squash zucchini cabbage beans green beans chile corn,2026,https://montrosefarmersmarket.mymarket.org/profiles,strong,Montrose,market_city
YaYas Empanadas,Montrose Farmers Market,Montrose,Prepared-Food Vendor,,"Authentic Spanish Empanadas, bread, desserts, tortillas. Nut free and non-glutten desserts as well.",2026,https://montrosefarmersmarket.mymarket.org/profiles,,Montrose,market_city
JML Food Truck LLC DBA Sunny Thai Food Truck,Montrose Farmers Market,Montrose,Prepared-Food Vendor,,Thai food,2026,https://montrosefarmersmarket.mymarket.org/profiles,,Montrose,market_city
Hartman Gardens of Colorado,Montrose Farmers Market,Montrose,Farmer/ Rancher,,"jams, fruit syrups, pies, apples, pears, grapes, eggs",2026,https://montrosefarmersmarket.mymarket.org/profiles,strong,Montrose,market_city
Abundant Grace Bakery,Montrose Farmers Market,Montrose,Prepared-Food Vendor,,Baked Goods,2026,https://montrosefarmersmarket.mymarket.org/profiles,,Montrose,market_city
Palisade Peach Shack,Montrose Farmers Market,Montrose,Farmer/ Rancher,,"Peaches, Cherries, Apricots, Nectarines, Plums, and Pears",2026,https://montrosefarmersmarket.mymarket.org/profiles,strong,Montrose,market_city
Linda Mackowiak,Montrose Farmers Market,Montrose,Artisan/ Crafter,,"handmade hats, mittens, scarves, purses, etc.. All made by me.",2026,https://montrosefarmersmarket.mymarket.org/profiles,,Montrose,market_city
Faith & Strength Designs,Montrose Farmers Market,Montrose,Artisan/ Crafter,,"Necklaces, earrings, car charms, keychains, hair clips, claw clips, car coasters, home coasters, candles, bookmarks, pocket blessings, faith based items. Everything handmade.",2026,https://montrosefarmersmarket.mymarket.org/profiles,,Montrose,market_city
Nom Nom Shark,Montrose Farmers Market,Montrose,Prepared-Food Vendor,,"Guotie, Baozi, Strawberry Soda Water, Milk Tea, Fried Rice",2026,https://montrosefarmersmarket.mymarket.org/profiles,,Montrose,market_city
Ladybird Bakery,Montrose Farmers Market,Montrose,Prepared-Food Vendor,,"Cookies, scones, brownies, bread, quiche, deli items, breakfast burritos",2026,https://montrosefarmersmarket.mymarket.org/profiles,,Montrose,market_city
You Dessert This,Montrose Farmers Market,Montrose,Farmer/ Rancher,,Soft Serve ice cream and frozen lemonade,2026,https://montrosefarmersmarket.mymarket.org/profiles,strong,Montrose,market_city
Colorado Pet Pantry,Montrose Farmers Market,Montrose,Non Profit,,Nothing to be sold. Signage with information about upcoming pet pantries and info about donating and volunteering for the Montrose monthly pantries.,2026,https://montrosefarmersmarket.mymarket.org/profiles,,Montrose,market_city
VoiceSign,Montrose Farmers Market,Montrose,Artisan/ Crafter,,"3D-Prints, Magnets, Bowls, Bookmarks, Pencil Holders, Cups, Containers, Refrigerator Magnets, Sign Language Books, Stickers, Sign Language Classes",2026,https://montrosefarmersmarket.mymarket.org/profiles,,Montrose,market_city
Atlasta Solar Center,Montrose Farmers Market,Montrose,Sponsor,,N/A,2026,https://montrosefarmersmarket.mymarket.org/profiles,,Montrose,market_city
"Letty's Creations, LLC",Montrose Farmers Market,Montrose,Artisan/ Crafter,,"Earrings, bracelets, phone charms, keychains, beaded spiders , painted canvas bags",2026,https://montrosefarmersmarket.mymarket.org/profiles,,Montrose,market_city
The Makers' Space,Montrose Farmers Market,Montrose,Artisan/ Crafter,,"Handmade pottery, ceramic mugs, ceramic bowls, ceramic planters, handmade jewelry, pressed flower jewelry, handmade earrings, handmade necklaces, sewn goods, quilted hats, quilted hoodies, quilted jac",2026,https://montrosefarmersmarket.mymarket.org/profiles,,Montrose,market_city
Nomad cuisines,Montrose Farmers Market,Montrose,Prepared-Food Vendor,,"Biriyani, lentil y okra potato masala, kebabs, dosa, vegan food, tamarind shrimp",2026,https://montrosefarmersmarket.mymarket.org/profiles,,Montrose,market_city
New Leaf Mindfulness,Montrose Farmers Market,Montrose,Artisan/ Crafter,,"earrings, hair pieces, and book marks (made of dried/pressed flowers), paintings, prints, and cards, and my self-published books.",2026,https://montrosefarmersmarket.mymarket.org/profiles,,Montrose,market_city
Ridgway State Park,Montrose Farmers Market,Montrose,Non Profit,,We will promoting our Accessibility and Adaptive equipment which is available for use for free of charge.,2026,https://montrosefarmersmarket.mymarket.org/profiles,,Montrose,market_city
Simply Magnetic,Montrose Farmers Market,Montrose,Artisan/ Crafter,,Magnetic Jewelry,2026,https://montrosefarmersmarket.mymarket.org/profiles,,Montrose,market_city
Macario's Produce,Montrose Farmers Market,Montrose,Farmer/ Rancher,,"Produce, Olathe Sweet Corn, chillies, peaches, tomatoes, peppers, onions, garlic, tomatillos, squash, green beans, cabbage, herbs, melons, and more!",2026,https://montrosefarmersmarket.mymarket.org/profiles,strong,Montrose,market_city
ALZHEIMER'S ASSOCIATION,Montrose Farmers Market,Montrose,Non Profit,,N/A,2026,https://montrosefarmersmarket.mymarket.org/profiles,,Montrose,market_city
Renewal by Anderson,Montrose Farmers Market,Montrose,Sponsor,,N/A,2026,https://montrosefarmersmarket.mymarket.org/profiles,,Montrose,market_city
Bearfoot Fine Gardening,Montrose Farmers Market,Montrose,Non Profit,,Nothing- donations appreciated,2026,https://montrosefarmersmarket.mymarket.org/profiles,,Montrose,market_city
Citizens Climate Lobby Montrose CO Chapter,Montrose Farmers Market,Montrose,Non Profit,,We sell no product(s),2026,https://montrosefarmersmarket.mymarket.org/profiles,,Montrose,market_city
The Defiant Garden,Montrose Farmers Market,Montrose,Farmer/ Rancher,,"Tomato starts, pepper starts, basil starts, eggplant starts, flower starts, tomato plants, pepper plants, basil plants, flower plants, garden starts, veggie starts",2026,https://montrosefarmersmarket.mymarket.org/profiles,strong,Montrose,market_city
Blades By Bruce,Montrose Farmers Market,Montrose,Artisan/ Crafter,,Sharpen Knives and Tools,2026,https://montrosefarmersmarket.mymarket.org/profiles,,Montrose,market_city
Matthews Alpines,Montrose Farmers Market,Montrose,Farmer/ Rancher,,"goat milk soap, lotions, bath items, crochet and knitted items, resin crafts, eggs and goat milk candies",2026,https://montrosefarmersmarket.mymarket.org/profiles,strong,Montrose,market_city
MFM Manager Booth,Montrose Farmers Market,Montrose,Non Profit,,"SNAP, DUFB, Loyalty Cards, Information",2026,https://montrosefarmersmarket.mymarket.org/profiles,,Montrose,market_city
Repurposebazaar,Montrose Farmers Market,Montrose,Artisan/ Crafter,,"Beeswax wraps and bread bags, Aprons, Cloth napkins, Bowl cozies, Kitchen accessories, Etc",2026,https://montrosefarmersmarket.mymarket.org/profiles,,Montrose,market_city
CO 150/US 250 Local Organization Committee,Montrose Farmers Market,Montrose,Non Profit,,Kids' activities and celebration merch to celebrate Colorado's 150 anniversary as a state.,2026,https://montrosefarmersmarket.mymarket.org/profiles,,Montrose,market_city
Mountain River Mist LLC,Montrose Farmers Market,Montrose,Artisan/ Crafter,,"Naturally Derived Multi-Purpose Cleaner 16 oz. Spray bottles, Lavender or Citrus scents!",2026,https://montrosefarmersmarket.mymarket.org/profiles,,Montrose,market_city
Uncompahgre Valley Alliance (aka Western Colorado Alliance),Montrose Farmers Market,Montrose,Farmer/ Rancher,,"Non-Profit, community organizing information",2026,https://montrosefarmersmarket.mymarket.org/profiles,strong,Montrose,market_city
Montrose County Historical Museum and Society,Montrose Farmers Market,Montrose,Non Profit,,Books and information on local history.,2026,https://montrosefarmersmarket.mymarket.org/profiles,,Montrose,market_city
Montrose Classical Academy,Montrose Farmers Market,Montrose,Non Profit,,We want to have an informational booth about the school and engage children in educational material.,2026,https://montrosefarmersmarket.mymarket.org/profiles,,Montrose,market_city
San Juan Landing,Montrose Farmers Market,Montrose,Non Profit,,Not selling anything just gving out brochures and spreading information on what we're trying to accomplish,2026,https://montrosefarmersmarket.mymarket.org/profiles,,Montrose,market_city
Roaming Rock Creative,Montrose Farmers Market,Montrose,Artisan/ Crafter,,"earrings, necklaces, bookmarks, rings, glasses chains, block printed shirts",2026,https://montrosefarmersmarket.mymarket.org/profiles,,Montrose,market_city
MooseTrack Boutique,Nederland Farmers Market,Nederland,"Artisan (Arts, Crafts, Health, Beauty)",,"Wildlife & custom pet portrait artwork & engravings on wood (plaques, ornaments, coasters, magnets, etc.). Sublimated wildlife on stainless steel drinkware. Leather bracelets, keychains & drinkware st",2026,https://nederlandfarmersmarket.mymarket.org/profiles,,Boulder,market_city
Peak State Coffee,Nederland Farmers Market,Nederland,Ready to Eat Food and Beverage,,Mushroom coffee by the bag of beans or the cup,2026,https://nederlandfarmersmarket.mymarket.org/profiles,,Boulder,market_city
Traveling tintype portrait Studio,Nederland Farmers Market,Nederland,"Artisan (Arts, Crafts, Health, Beauty)",,"Artisan (Arts, Crafts, Health, Beauty)",2026,https://nederlandfarmersmarket.mymarket.org/profiles,,Boulder,market_city
"evi3lution jewelry design, LLC",Nederland Farmers Market,Nederland,"Artisan (Arts, Crafts, Health, Beauty)",,"Artisan (Arts, Crafts, Health, Beauty)",2026,https://nederlandfarmersmarket.mymarket.org/profiles,,Boulder,market_city
The Mountain-Ear,Nederland Farmers Market,Nederland,Information/Community,,"subscription sales online, merch to be give to subscribers, newspapers, guides, monthly music magazine, return of the ""Pup Tent""",2026,https://nederlandfarmersmarket.mymarket.org/profiles,,Boulder,market_city
Mountain Goat Tees,Nederland Farmers Market,Nederland,"Artisan (Arts, Crafts, Health, Beauty)",,Beautiful hand screened t-shirts made in our mountains!,2026,https://nederlandfarmersmarket.mymarket.org/profiles,,Boulder,market_city
Artemisia Atara Apothecary,Nederland Farmers Market,Nederland,"Artisan (Arts, Crafts, Health, Beauty)",,"Herbal goods, flower essences, teas, and elixirs.",2026,https://nederlandfarmersmarket.mymarket.org/profiles,,Boulder,market_city
Purple Turtle Fiber Arts,Nederland Farmers Market,Nederland,"Artisan (Arts, Crafts, Health, Beauty)",,"Ice dyed clothing and accessories for all ages. Batik clothing, original paintings, and prints of paintings. (Maybe stickers too?) Macrame plant hangers and wall pieces.",2026,https://nederlandfarmersmarket.mymarket.org/profiles,,Boulder,market_city
Magic Bar Coffee,Nederland Farmers Market,Nederland,Ready to Eat Food and Beverage,,"Magic Bar Coffee provides a full service espresso, coffee and tea experience for attendees and vendors at Nederland Farmers Market. For coffee I feature Sweet Bloom Coffee Roasters, based in Lakewood,",2026,https://nederlandfarmersmarket.mymarket.org/profiles,,Boulder,market_city
Hare Family Farm,Nederland Farmers Market,Nederland,"Artisan (Arts, Crafts, Health, Beauty)",,HARE HEMP CBG-1000 Liquid Drops HARE HEMP CBG Hardworking Hands Balm HARE HEMP CBG Joint & Muscle Balm HARE HEMP CBG Sensitive Skin Balm Custom Willow Wreaths,2026,https://nederlandfarmersmarket.mymarket.org/profiles,,Boulder,market_city
DMC Art Work,Nederland Farmers Market,Nederland,"Artisan (Arts, Crafts, Health, Beauty)",,"original paintings, prints, greeting cards and community projects",2026,https://nederlandfarmersmarket.mymarket.org/profiles,,Boulder,market_city
Healthy Harvest Gardens LLC,Nederland Farmers Market,Nederland,"Artisan (Arts, Crafts, Health, Beauty)",,"Organic Extra virgin olive oil, organic olives, organic balsamic, and infused olive oils.",2026,https://nederlandfarmersmarket.mymarket.org/profiles,,Boulder,market_city
PeeCloths.COM (soon to dba Edon Toilet Linens),Nederland Farmers Market,Nederland,"Artisan (Arts, Crafts, Health, Beauty)",,"Home toilet linens, paperless towels made exclusively of upcycled/remnant fabric, hiking/trail/wilderness pee cloths for women.",2026,https://nederlandfarmersmarket.mymarket.org/profiles,,Boulder,market_city
Three Kings Non Alcoholic Beverages,Nederland Farmers Market,Nederland,Ready to Eat Food and Beverage,,Kombucha / na beer / sparkling tea and hop water,2026,https://nederlandfarmersmarket.mymarket.org/profiles,,Boulder,market_city
Burning Bridges LLC,Nederland Farmers Market,Nederland,Ready to Eat Food and Beverage,,Hot Sauce,2026,https://nederlandfarmersmarket.mymarket.org/profiles,,Boulder,market_city
Honeybee Herbals,Nederland Farmers Market,Nederland,"Artisan (Arts, Crafts, Health, Beauty)",,"Herbal products, skincare, teas, tinctures, candles",2026,https://nederlandfarmersmarket.mymarket.org/profiles,,Boulder,market_city
MycoMindful Mushrooms,Nederland Farmers Market,Nederland,Agriculture,,"Gourmet fresh mushrooms, dried mushrooms, mushroom spice powder, mushroom jerky. Tinctures and extract capsules of reishi, lions mane and cordyceps",2026,https://nederlandfarmersmarket.mymarket.org/profiles,strong,Boulder,market_city
Capture the Sun LLC,Nederland Farmers Market,Nederland,"Artisan (Arts, Crafts, Health, Beauty)",,crystal bead suncatchers and crystal bead bracelets,2026,https://nederlandfarmersmarket.mymarket.org/profiles,,Boulder,market_city
Wandering Blue Studio,Nederland Farmers Market,Nederland,"Artisan (Arts, Crafts, Health, Beauty)",,I'll be bringing my functional pottery,2026,https://nederlandfarmersmarket.mymarket.org/profiles,,Boulder,market_city
Wild Moon Medicine,Nederland Farmers Market,Nederland,"Artisan (Arts, Crafts, Health, Beauty)",,"Homemade herbal teas and remedies (tinctures, salves, elixirs, etc.), soaps and bath and body products (bath salts, body scrubs, etc.). All made with organic ingredients.",2026,https://nederlandfarmersmarket.mymarket.org/profiles,,Boulder,market_city
Kompass Apparel,Nederland Farmers Market,Nederland,"Artisan (Arts, Crafts, Health, Beauty)",,"modern outdoor-inspired lifestyle apparel including tees, tanks, hoodies, and baby onesies",2026,https://nederlandfarmersmarket.mymarket.org/profiles,,Boulder,market_city
Kalali,Nederland Farmers Market,Nederland,"Artisan (Arts, Crafts, Health, Beauty)",,Seed beaded jewelry and hat bands.,2026,https://nederlandfarmersmarket.mymarket.org/profiles,,Boulder,market_city
Overachieving Tea,Nederland Farmers Market,Nederland,Ready to Eat Food and Beverage,,"""Yerba mate tea - loose leaf and fresh brewed. Elderberry syrup wellness shot Turmeric probiotic wellness shot """,2026,https://nederlandfarmersmarket.mymarket.org/profiles,,Boulder,market_city
Sol.flo.klay,Nederland Farmers Market,Nederland,"Artisan (Arts, Crafts, Health, Beauty)",,One of a kind handmade functional art pottery,2026,https://nederlandfarmersmarket.mymarket.org/profiles,,Boulder,market_city
Elevated Elderberry LLC,Nederland Farmers Market,Nederland,"Artisan (Arts, Crafts, Health, Beauty)",,We attended this market last year as a drop in and would love the opportunity to be full time. Thank you so much,2026,https://nederlandfarmersmarket.mymarket.org/profiles,,Boulder,market_city
Susan's Samosas,Nederland Farmers Market,Nederland,Ready to Eat Food and Beverage,,"Samosas, Stew and Rice",2026,https://nederlandfarmersmarket.mymarket.org/profiles,,Boulder,market_city
Mycolove,Nederland Farmers Market,Nederland,Agriculture,,Functional Mushroom Lineup: Lion's Mane NA Tincture Reishi NA Tincture Cordyceps NA Tincture Turkey Tail NA Tincture Lion's Mane Concentrate Lion's Mane Probiotic Extract Powder,2026,https://nederlandfarmersmarket.mymarket.org/profiles,strong,Boulder,market_city
Big Day Farm LLC,Nederland Farmers Market,Nederland,Agriculture,,"Mixed produce! I can provide a complete list, but you can expect standard market garden offerings that can be easily used in a home kitchen. We'll also bring a limited quantity of flower bouquets and",2026,https://nederlandfarmersmarket.mymarket.org/profiles,strong,Boulder,market_city
GRILL YOUR FACE,Nederland Farmers Market,Nederland,Ready to Eat Food and Beverage,,"High-Quality southwestern and american cuisine and smoothies. Vegetarian, Vegan, and GF options available.",2026,https://nederlandfarmersmarket.mymarket.org/profiles,,Boulder,market_city
Xerces Society for Invertebrate Conservation,Nederland Farmers Market,Nederland,Non Profit,,"Xerces doesn't sell anything. We provide information on pollinators and how to enhance or develop pollinator habitat with native plants around gardens, farms, and homes. As a mountain resident (Gold H",2026,https://nederlandfarmersmarket.mymarket.org/profiles,,Boulder,market_city
Uproot,Nederland Farmers Market,Nederland,Agriculture,,"Flowers, Vaseware, Plants",2026,https://nederlandfarmersmarket.mymarket.org/profiles,strong,Boulder,market_city
Common Sense Healthcare,Nederland Farmers Market,Nederland,Non Profit,,Information about a coalition for single payor healthcare for Colorado.,2026,https://nederlandfarmersmarket.mymarket.org/profiles,,Boulder,market_city
Trailhead Cookie Company,Nederland Farmers Market,Nederland,Ready to Eat Food and Beverage,,"Trailhead Cookie's Signature Half-Pound Cookies - $7 each Rotating selection of mountain-inspired flavors, all individually wrapped including: Copper Chocolate Chip Vail Sea Salt Caramel Chocolate Chi",2026,https://nederlandfarmersmarket.mymarket.org/profiles,,Boulder,market_city
James DeWalt Photography/8500 Light Lab,Nederland Farmers Market,Nederland,"Artisan (Arts, Crafts, Health, Beauty)",,"Photo Prints, photo gifts",2026,https://nederlandfarmersmarket.mymarket.org/profiles,,Boulder,market_city
The Good Juice Company,Nederland Farmers Market,Nederland,Ready to Eat Food and Beverage,,Cold-pressed juice (pre-bottled) Smoothies (made on-site),2026,https://nederlandfarmersmarket.mymarket.org/profiles,,Boulder,market_city
Coloradough Bakery,Nederland Farmers Market,Nederland,"Artisan (Arts, Crafts, Health, Beauty)",,"Quiche bread, pastries, and all our stuff",2026,https://nederlandfarmersmarket.mymarket.org/profiles,,Boulder,market_city
Moose Works Colorado,Nederland Farmers Market,Nederland,"Artisan (Arts, Crafts, Health, Beauty)",,Finely Hand-Crafted Wooden Toys for all Ages. All with non-toxic finishes.,2026,https://nederlandfarmersmarket.mymarket.org/profiles,,Boulder,market_city
Fairytale Face Painting,Nederland Farmers Market,Nederland,"Artisan (Arts, Crafts, Health, Beauty)",,I provide face painting services for all ages. I use high quality non allergen products that are also vegan. I use biodegradable glitter. I also will be selling small handmade clay trinkets and mini f,2026,https://nederlandfarmersmarket.mymarket.org/profiles,,Boulder,market_city
Green Collar Guy Designs,Nederland Farmers Market,Nederland,Agriculture,,"Hand made planters, plants and rhubarb in season",2026,https://nederlandfarmersmarket.mymarket.org/profiles,strong,Boulder,market_city
Esmeralda tamale house,Nederland Farmers Market,Nederland,Ready to Eat Food and Beverage,,n/a,2026,https://nederlandfarmersmarket.mymarket.org/profiles,,Boulder,market_city
Ikaro,Nederland Farmers Market,Nederland,Ready to Eat Food and Beverage,,Hot Chocolate Mix!,2026,https://nederlandfarmersmarket.mymarket.org/profiles,,Boulder,market_city
Moussa Hamoosa and Ellie's Organic Za'atar,Nederland Farmers Market,Nederland,Ready to Eat Food and Beverage,,"Organic za'atar (3 sizes), organic maple-za'atar pecans and cashews (2 sizes), za'atar pita chips, sea salt pita chips, za'atar olive oil dip, za'atar olive oil flat breads.",2026,https://nederlandfarmersmarket.mymarket.org/profiles,,Boulder,market_city
Mc2 Ice Cream,Nederland Farmers Market,Nederland,Ready to Eat Food and Beverage,,"Ice cream, cones, soft drinks, floats",2026,https://nederlandfarmersmarket.mymarket.org/profiles,,Boulder,market_city
Jennifer Sharp Art,Nederland Farmers Market,Nederland,"Artisan (Arts, Crafts, Health, Beauty)",,Art,2026,https://nederlandfarmersmarket.mymarket.org/profiles,,Boulder,market_city
Sevdough Bakery,Nederland Farmers Market,Nederland,Ready to Eat Food and Beverage,,Bread,2026,https://nederlandfarmersmarket.mymarket.org/profiles,,Boulder,market_city
Knotted Root Brewing Company LLC,Nederland Farmers Market,Nederland,Alcohol (Festival Markets ONLY),,Beer,2026,https://nederlandfarmersmarket.mymarket.org/profiles,,Boulder,market_city
SOBER DADS/Foxtails,Nederland Farmers Market,Nederland,Non Profit,,"Foxtails is a premium non-alcoholic mixer made from real apple cider vinegar, fresh fruit, and botanicals. It's not a liquor substitute - it's a new category of beverage designed to elevate cocktails",2026,https://nederlandfarmersmarket.mymarket.org/profiles,,Boulder,market_city
Epick Seafoods LLC,Nederland Farmers Market,Nederland,Agriculture,,Salmon,2026,https://nederlandfarmersmarket.mymarket.org/profiles,strong,Boulder,market_city
Sourdough farms,Nederland Farmers Market,Nederland,Agriculture,,Ag,2026,https://nederlandfarmersmarket.mymarket.org/profiles,strong,Boulder,market_city
Bee Hugger,Nederland Farmers Market,Nederland,Agriculture,,Honey,2026,https://nederlandfarmersmarket.mymarket.org/profiles,strong,Boulder,market_city
Peace Love and Cake,Nederland Farmers Market,Nederland,Ready to Eat Food and Beverage,,"Cookies, cakes, and a variety of other delicious treats",2026,https://nederlandfarmersmarket.mymarket.org/profiles,,Boulder,market_city
Knifely Done,Nederland Farmers Market,Nederland,"Artisan (Arts, Crafts, Health, Beauty)",,Kitchen knife and tool sharpening.,2026,https://nederlandfarmersmarket.mymarket.org/profiles,,Boulder,market_city
"Rocky Mountain Mugolio, LLC",Nederland Farmers Market,Nederland,Ready to Eat Food and Beverage,,Cone Syrup,2026,https://nederlandfarmersmarket.mymarket.org/profiles,,Boulder,market_city
Peak Harvest Foundation,Nederland Farmers Market,Nederland,Non Profit,,Pumpkin growing contest start & finish,2026,https://nederlandfarmersmarket.mymarket.org/profiles,,Boulder,market_city
Ned Gen,Nederland Farmers Market,Nederland,Alcohol (Festival Markets ONLY),,Cool Ones,2026,https://nederlandfarmersmarket.mymarket.org/profiles,,Boulder,market_city
Town Waste Station,Nederland Farmers Market,Nederland,Non Profit,,n/a,2026,https://nederlandfarmersmarket.mymarket.org/profiles,,Boulder,market_city
Jolly Radish,Nederland Farmers Market,Nederland,Agriculture,,veg,2026,https://nederlandfarmersmarket.mymarket.org/profiles,strong,Boulder,market_city
Pet Wants Boulder/ Arvada,Nederland Farmers Market,Nederland,"Artisan (Arts, Crafts, Health, Beauty)",,Pet stuff,2026,https://nederlandfarmersmarket.mymarket.org/profiles,,Boulder,market_city
Tarta Bakery LLC,Nederland Farmers Market,Nederland,"Artisan (Arts, Crafts, Health, Beauty)",,"Tarta is a Boulder-based Basque cheesecake company specializing in small-batch, high quality desserts. Inspired by the iconic cheesecakes of San Sebastián, our cheesecakes are caramelized on the outsi",2026,https://nederlandfarmersmarket.mymarket.org/profiles,,Boulder,market_city
Wild Bear Nature Center,Nederland Farmers Market,Nederland,Non Profit,,"Environmental and Educational information, crafts",2026,https://nederlandfarmersmarket.mymarket.org/profiles,,Boulder,market_city
Nederland Historical Society,Nederland Farmers Market,Nederland,Non Profit,,Information on the Historical Society,2026,https://nederlandfarmersmarket.mymarket.org/profiles,,Boulder,market_city
Ned Workshop,Nederland Farmers Market,Nederland,Non Profit,,"Simple, creative activities for kids and adults focused on educating our community how to upcycle, reuse, and create. Waste less, be silly more! We plan to have simple sewing projects, embroidery, woo",2026,https://nederlandfarmersmarket.mymarket.org/profiles,,Boulder,market_city
Nederland Community Library Foundation,Nederland Farmers Market,Nederland,Non Profit,,Gently used books for donation to the library,2026,https://nederlandfarmersmarket.mymarket.org/profiles,,Boulder,market_city
Temaki tornado,Nederland Farmers Market,Nederland,"Artisan (Arts, Crafts, Health, Beauty)",,Sushi,2026,https://nederlandfarmersmarket.mymarket.org/profiles,,Boulder,market_city
HappyMandalaCrafter,Nederland Farmers Market,Nederland,"Artisan (Arts, Crafts, Health, Beauty)",,"Hand painted hand casted mandala art. Trays, travel mugs, journals, sun catchers, coasters, and more.",2026,https://nederlandfarmersmarket.mymarket.org/profiles,,Boulder,market_city
The Salt And Granola House,Nederland Farmers Market,Nederland,"Artisan (Arts, Crafts, Health, Beauty)",,Sun-washed and worn-in classic Colorado clothing and housewares. Thoughtfully repurposed from consignment and thrift stores.,2026,https://nederlandfarmersmarket.mymarket.org/profiles,,Boulder,market_city
The Leather Vine,Nederland Farmers Market,Nederland,"Artisan (Arts, Crafts, Health, Beauty)",,"Hand crafted moccasins, bags, journals, and wallets",2026,https://nederlandfarmersmarket.mymarket.org/profiles,,Boulder,market_city
Nederland Farmers Market,Nederland Farmers Market,Nederland,Agriculture,,"We offer a curated selection of local and regional foods that support both our operations and producers across the Front Range. Products available include fresh produce, eggs, dairy, meat, tempeh, art",2026,https://nederlandfarmersmarket.mymarket.org/profiles,strong,Boulder,market_city
Taspens Organics,Nederland Farmers Market,Nederland,"Artisan (Arts, Crafts, Health, Beauty)",,"We handcraft over 200 organic healing and wellness products with and without the addition of hemp derived CBD. Our main focus is magnesium creams, but we also offer facial care, body creams and more",2026,https://nederlandfarmersmarket.mymarket.org/profiles,,Boulder,market_city
Singletrack Mountain Bike Adventures (SMBA),Nederland Farmers Market,Nederland,Non Profit,,Will not be selling productions - will be there to provide information about our youth mountain bike programs and provide the opportunity for families to meet some of our coaches and staff.,2026,https://nederlandfarmersmarket.mymarket.org/profiles,,Boulder,market_city
Move Mountains Market & Refillery,Nederland Farmers Market,Nederland,Ready to Eat Food and Beverage,,"Nuts, Trail Mix, Local granola, Local Grains, Beans, Popcorn Kernels, Baked Goods, Oats, Snacks",2026,https://nederlandfarmersmarket.mymarket.org/profiles,,Boulder,market_city
Yohan's,Nederland Farmers Market,Nederland,Ready to Eat Food and Beverage,,Donuts,2026,https://nederlandfarmersmarket.mymarket.org/profiles,,Boulder,market_city
Medicine Mender & The Nameless Art Collective,Nederland Farmers Market,Nederland,"Artisan (Arts, Crafts, Health, Beauty)",,"With Medicine Mender: Upcycled/Recycled clothing, with live sewing of upcycling and embellishing garments with handmade patches With Nameless Art Collective (consisting of the work of 8-10 artists at",2026,https://nederlandfarmersmarket.mymarket.org/profiles,,Boulder,market_city
Eldora Mountain Ski & Snowboard Club,Nederland Farmers Market,Nederland,Non Profit,,we will not be selling. we will have information about the local ski and snowboard club and and interactive zone for teaching rails on skis and snowboards,2026,https://nederlandfarmersmarket.mymarket.org/profiles,,Boulder,market_city
Boulder Lamb LLC dba Buckner Family Ranch,Nederland Farmers Market,Nederland,Agriculture,,"lamb, beef and pork cuts",2026,https://nederlandfarmersmarket.mymarket.org/profiles,strong,Boulder,market_city
Emma Vilote Films,Nederland Farmers Market,Nederland,"Artisan (Arts, Crafts, Health, Beauty)",,n/a,2026,https://nederlandfarmersmarket.mymarket.org/profiles,,Boulder,market_city
CHEEZ ME,Nederland Farmers Market,Nederland,Ready to Eat Food and Beverage,,"Fresh Cheeses, kefir yogurts & cheese spread s",2026,https://nederlandfarmersmarket.mymarket.org/profiles,,Boulder,market_city
Boba Ts,Nederland Farmers Market,Nederland,Ready to Eat Food and Beverage,,Sliders French fries Boba Milk Teas Mouchi doughnuts Soda Water Coffee/hot chocolate Laquory Asian treats Asian Chicken wrap,2026,https://nederlandfarmersmarket.mymarket.org/profiles,,Boulder,market_city
Totems & Tarot,Nederland Farmers Market,Nederland,"Artisan (Arts, Crafts, Health, Beauty)",,Crystals and tarot decks,2026,https://nederlandfarmersmarket.mymarket.org/profiles,,Boulder,market_city
Mountain Girl Pickles,Nederland Farmers Market,Nederland,Ready to Eat Food and Beverage,,n/a,2026,https://nederlandfarmersmarket.mymarket.org/profiles,,Boulder,market_city
Gold Dirt Distillery,Nederland Farmers Market,Nederland,Alcohol (Festival Markets ONLY),,n/a,2026,https://nederlandfarmersmarket.mymarket.org/profiles,,Boulder,market_city
Very Nice Brewery,Nederland Farmers Market,Nederland,Alcohol (Festival Markets ONLY),,n/a,2026,https://nederlandfarmersmarket.mymarket.org/profiles,,Boulder,market_city
San Lazaro Garage Sale,Nederland Farmers Market,Nederland,Information/Community,,Sharing information and accepting donations for San Lazaro community,2026,https://nederlandfarmersmarket.mymarket.org/profiles,,Boulder,market_city
Nederland Food Pantry,Nederland Farmers Market,Nederland,Non Profit,,"Chile Roasting, and Donation Items",2026,https://nederlandfarmersmarket.mymarket.org/profiles,,Boulder,market_city
Nederland Elementary School PTA,Nederland Farmers Market,Nederland,Non Profit,,NESPTA will be doing chile roasting at the 8/30 and 9/13 farmers markets and leading the pumpkin patch at the 10/4 Harvest Fest,2026,https://nederlandfarmersmarket.mymarket.org/profiles,,Boulder,market_city
Project Coyote,Nederland Farmers Market,Nederland,Non Profit,,We will not be selling anything.,2026,https://nederlandfarmersmarket.mymarket.org/profiles,,Boulder,market_city
Jessica Kane Elemental Jewelry,Nederland Farmers Market,Nederland,"Artisan (Arts, Crafts, Health, Beauty)",,"Jewelry, original paintings, prints & printed soft goods (tshirts, etc)",2026,https://nederlandfarmersmarket.mymarket.org/profiles,,Boulder,market_city
Gilpin CSU Extension,Nederland Farmers Market,Nederland,Non Profit,,"Flower bulbs, wildflower seeds, grass seed",2026,https://nederlandfarmersmarket.mymarket.org/profiles,,Boulder,market_city
House of Gratitude,Nederland Farmers Market,Nederland,"Artisan (Arts, Crafts, Health, Beauty)",,CBG products,2026,https://nederlandfarmersmarket.mymarket.org/profiles,,Boulder,market_city
Dusty Roads,Nederland Farmers Market,Nederland,Agriculture,,n/a,2026,https://nederlandfarmersmarket.mymarket.org/profiles,strong,Boulder,market_city
Howling Wind,Nederland Farmers Market,Nederland,Agriculture,,n/a,2026,https://nederlandfarmersmarket.mymarket.org/profiles,strong,Boulder,market_city
5 Star Matcha,Old South Pearl Street Association - Farmers Market,Denver,,,,2026,https://southpearlstreet.com/farmers-market/,,Denver,market_city
Afia Co Sharpening,Old South Pearl Street Association - Farmers Market,Denver,,,,2026,https://southpearlstreet.com/farmers-market/,,Denver,market_city
Āina Tacos,Old South Pearl Street Association - Farmers Market,Denver,,,,2026,https://southpearlstreet.com/farmers-market/,,Denver,market_city
Antelope Creek Ranch Wagyu,Old South Pearl Street Association - Farmers Market,Denver,,,,2026,https://southpearlstreet.com/farmers-market/,medium,Denver,market_city
Audacious Truffles,Old South Pearl Street Association - Farmers Market,Denver,,,,2026,https://southpearlstreet.com/farmers-market/,,Denver,market_city
Ba-Nom-a-Nom,Old South Pearl Street Association - Farmers Market,Denver,,,,2026,https://southpearlstreet.com/farmers-market/,,Denver,market_city
Bavarian Sausage Express,Old South Pearl Street Association - Farmers Market,Denver,,,,2026,https://southpearlstreet.com/farmers-market/,,Denver,market_city
Beejola / Tru Goodness Brands,Old South Pearl Street Association - Farmers Market,Denver,,,,2026,https://southpearlstreet.com/farmers-market/,,Denver,market_city
Berliner Haus,Old South Pearl Street Association - Farmers Market,Denver,,,,2026,https://southpearlstreet.com/farmers-market/,,Denver,market_city
Bespoke Provisions,Old South Pearl Street Association - Farmers Market,Denver,,,,2026,https://southpearlstreet.com/farmers-market/,,Denver,market_city
Best French Cookies,Old South Pearl Street Association - Farmers Market,Denver,,,,2026,https://southpearlstreet.com/farmers-market/,,Denver,market_city
Biker Jim's Gourmet Dogs,Old South Pearl Street Association - Farmers Market,Denver,,,,2026,https://southpearlstreet.com/farmers-market/,,Denver,market_city
Bjorn's Colorado Honey,Old South Pearl Street Association - Farmers Market,Denver,,,,2026,https://southpearlstreet.com/farmers-market/,medium,Denver,market_city
Board in a Bag,Old South Pearl Street Association - Farmers Market,Denver,,,,2026,https://southpearlstreet.com/farmers-market/,,Denver,market_city
Bob's Roasted Nuts,Old South Pearl Street Association - Farmers Market,Denver,,,,2026,https://southpearlstreet.com/farmers-market/,,Denver,market_city
Boulder Broth,Old South Pearl Street Association - Farmers Market,Denver,,,,2026,https://southpearlstreet.com/farmers-market/,,Denver,market_city
Boulder Flower Farm,Old South Pearl Street Association - Farmers Market,Denver,,,,2026,https://southpearlstreet.com/farmers-market/,medium,Denver,market_city
Boulder Olive Oil Company,Old South Pearl Street Association - Farmers Market,Denver,,,,2026,https://southpearlstreet.com/farmers-market/,,Denver,market_city
Boulder Valley Honey,Old South Pearl Street Association - Farmers Market,Denver,,,,2026,https://southpearlstreet.com/farmers-market/,medium,Denver,market_city
Brad's Bowls / Brad B Jammin',Old South Pearl Street Association - Farmers Market,Denver,,,,2026,https://southpearlstreet.com/farmers-market/,,Denver,market_city
Brown Dog Farm,Old South Pearl Street Association - Farmers Market,Denver,,,,2026,https://southpearlstreet.com/farmers-market/,medium,Denver,market_city
Bruna's Brazilian Cheese Bread,Old South Pearl Street Association - Farmers Market,Denver,,,,2026,https://southpearlstreet.com/farmers-market/,,Denver,market_city
Buck and Bloom Cheese Co,Old South Pearl Street Association - Farmers Market,Denver,,,,2026,https://southpearlstreet.com/farmers-market/,,Denver,market_city
Candle Culturist,Old South Pearl Street Association - Farmers Market,Denver,,,,2026,https://southpearlstreet.com/farmers-market/,,Denver,market_city
Captain Crepes,Old South Pearl Street Association - Farmers Market,Denver,,,,2026,https://southpearlstreet.com/farmers-market/,,Denver,market_city
Casa Crobu,Old South Pearl Street Association - Farmers Market,Denver,,,,2026,https://southpearlstreet.com/farmers-market/,,Denver,market_city
Cheez Me,Old South Pearl Street Association - Farmers Market,Denver,,,,2026,https://southpearlstreet.com/farmers-market/,,Denver,market_city
Cooper's Small Batch,Old South Pearl Street Association - Farmers Market,Denver,,,,2026,https://southpearlstreet.com/farmers-market/,,Denver,market_city
Cream City Market,Old South Pearl Street Association - Farmers Market,Denver,,,,2026,https://southpearlstreet.com/farmers-market/,,Denver,market_city
Denver Pops,Old South Pearl Street Association - Farmers Market,Denver,,,,2026,https://southpearlstreet.com/farmers-market/,,Denver,market_city
Denver Sea Moss,Old South Pearl Street Association - Farmers Market,Denver,,,,2026,https://southpearlstreet.com/farmers-market/,,Denver,market_city
Doughology,Old South Pearl Street Association - Farmers Market,Denver,,,,2026,https://southpearlstreet.com/farmers-market/,,Denver,market_city
Downslope Distilling,Old South Pearl Street Association - Farmers Market,Denver,,,,2026,https://southpearlstreet.com/farmers-market/,,Denver,market_city
Draft Coffee,Old South Pearl Street Association - Farmers Market,Denver,,,,2026,https://southpearlstreet.com/farmers-market/,,Denver,market_city
Dragon Meadery,Old South Pearl Street Association - Farmers Market,Denver,,,,2026,https://southpearlstreet.com/farmers-market/,,Denver,market_city
Drizzle & Crunch,Old South Pearl Street Association - Farmers Market,Denver,,,,2026,https://southpearlstreet.com/farmers-market/,,Denver,market_city
Durango Provisions,Old South Pearl Street Association - Farmers Market,Denver,,,,2026,https://southpearlstreet.com/farmers-market/,,Denver,market_city
Ela Family Farm,Old South Pearl Street Association - Farmers Market,Denver,,,,2026,https://southpearlstreet.com/farmers-market/,medium,Denver,market_city
Eldorado,Old South Pearl Street Association - Farmers Market,Denver,,,,2026,https://southpearlstreet.com/farmers-market/,,Denver,market_city
Elevated Elderberry,Old South Pearl Street Association - Farmers Market,Denver,,,,2026,https://southpearlstreet.com/farmers-market/,,Denver,market_city
Elevated Gains,Old South Pearl Street Association - Farmers Market,Denver,,,,2026,https://southpearlstreet.com/farmers-market/,,Denver,market_city
Familia Pupusas,Old South Pearl Street Association - Farmers Market,Denver,,,,2026,https://southpearlstreet.com/farmers-market/,,Denver,market_city
Fireworks Chef Butters,Old South Pearl Street Association - Farmers Market,Denver,,,,2026,https://southpearlstreet.com/farmers-market/,,Denver,market_city
Five Freedoms Dairy,Old South Pearl Street Association - Farmers Market,Denver,,,,2026,https://southpearlstreet.com/farmers-market/,medium,Denver,market_city
Foliata Cheese,Old South Pearl Street Association - Farmers Market,Denver,,,,2026,https://southpearlstreet.com/farmers-market/,,Denver,market_city
Forever Spicy,Old South Pearl Street Association - Farmers Market,Denver,,,,2026,https://southpearlstreet.com/farmers-market/,,Denver,market_city
Forte Fruits,Old South Pearl Street Association - Farmers Market,Denver,,,,2026,https://southpearlstreet.com/farmers-market/,,Denver,market_city
Foxtown Farm,Old South Pearl Street Association - Farmers Market,Denver,,,,2026,https://southpearlstreet.com/farmers-market/,medium,Denver,market_city
Full Stop Bakery,Old South Pearl Street Association - Farmers Market,Denver,,,,2026,https://southpearlstreet.com/farmers-market/,,Denver,market_city
Furst Class Fungi,Old South Pearl Street Association - Farmers Market,Denver,,,,2026,https://southpearlstreet.com/farmers-market/,,Denver,market_city
Gardening with Chuck,Old South Pearl Street Association - Farmers Market,Denver,,,,2026,https://southpearlstreet.com/farmers-market/,,Denver,market_city
Green Belly Foods,Old South Pearl Street Association - Farmers Market,Denver,,,,2026,https://southpearlstreet.com/farmers-market/,,Denver,market_city
Green Bus Café,Old South Pearl Street Association - Farmers Market,Denver,,,,2026,https://southpearlstreet.com/farmers-market/,,Denver,market_city
Green Giraffe Bar,Old South Pearl Street Association - Farmers Market,Denver,,,,2026,https://southpearlstreet.com/farmers-market/,,Denver,market_city
Green Yams,Old South Pearl Street Association - Farmers Market,Denver,,,,2026,https://southpearlstreet.com/farmers-market/,,Denver,market_city
Guerreroschile,Old South Pearl Street Association - Farmers Market,Denver,,,,2026,https://southpearlstreet.com/farmers-market/,,Denver,market_city
Haykin,Old South Pearl Street Association - Farmers Market,Denver,,,,2026,https://southpearlstreet.com/farmers-market/,,Denver,market_city
Healthy Harvest Gardens,Old South Pearl Street Association - Farmers Market,Denver,,,,2026,https://southpearlstreet.com/farmers-market/,medium,Denver,market_city
Hearth,Old South Pearl Street Association - Farmers Market,Denver,,,,2026,https://southpearlstreet.com/farmers-market/,,Denver,market_city
Hipnola,Old South Pearl Street Association - Farmers Market,Denver,,,,2026,https://southpearlstreet.com/farmers-market/,,Denver,market_city
Hipster Lettuce,Old South Pearl Street Association - Farmers Market,Denver,,,,2026,https://southpearlstreet.com/farmers-market/,,Denver,market_city
Kallisto Modern Mediterranean,Old South Pearl Street Association - Farmers Market,Denver,,,,2026,https://southpearlstreet.com/farmers-market/,,Denver,market_city
Kream Konsulting,Old South Pearl Street Association - Farmers Market,Denver,,,,2026,https://southpearlstreet.com/farmers-market/,,Denver,market_city
La Famiglia Liqueur,Old South Pearl Street Association - Farmers Market,Denver,,,,2026,https://southpearlstreet.com/farmers-market/,,Denver,market_city
La Montagne Des Saveurs,Old South Pearl Street Association - Farmers Market,Denver,,,,2026,https://southpearlstreet.com/farmers-market/,,Denver,market_city
Legacy Pie,Old South Pearl Street Association - Farmers Market,Denver,,,,2026,https://southpearlstreet.com/farmers-market/,,Denver,market_city
Lento Foods,Old South Pearl Street Association - Farmers Market,Denver,,,,2026,https://southpearlstreet.com/farmers-market/,,Denver,market_city
Little House of Tempeh,Old South Pearl Street Association - Farmers Market,Denver,,,,2026,https://southpearlstreet.com/farmers-market/,,Denver,market_city
LoDough Bakery,Old South Pearl Street Association - Farmers Market,Denver,,,,2026,https://southpearlstreet.com/farmers-market/,,Denver,market_city
Lost Arrow Buffalo Co,Old South Pearl Street Association - Farmers Market,Denver,,,,2026,https://southpearlstreet.com/farmers-market/,,Denver,market_city
Lucky Bee Cut Flowers,Old South Pearl Street Association - Farmers Market,Denver,,,,2026,https://southpearlstreet.com/farmers-market/,medium,Denver,market_city
Madams Jams,Old South Pearl Street Association - Farmers Market,Denver,,,,2026,https://southpearlstreet.com/farmers-market/,,Denver,market_city
Mandalina,Old South Pearl Street Association - Farmers Market,Denver,,,,2026,https://southpearlstreet.com/farmers-market/,,Denver,market_city
Mile High Fungi,Old South Pearl Street Association - Farmers Market,Denver,,,,2026,https://southpearlstreet.com/farmers-market/,,Denver,market_city
Mile High Spice Company,Old South Pearl Street Association - Farmers Market,Denver,,,,2026,https://southpearlstreet.com/farmers-market/,,Denver,market_city
Mile High Urban Farmscaping,Old South Pearl Street Association - Farmers Market,Denver,,,,2026,https://southpearlstreet.com/farmers-market/,,Denver,market_city
Miller Farms,Old South Pearl Street Association - Farmers Market,Denver,,,,2026,https://southpearlstreet.com/farmers-market/,medium,Denver,market_city
Mi Patio Latin Cuisine,Old South Pearl Street Association - Farmers Market,Denver,,,,2026,https://southpearlstreet.com/farmers-market/,,Denver,market_city
Moringa Infusions,Old South Pearl Street Association - Farmers Market,Denver,,,,2026,https://southpearlstreet.com/farmers-market/,,Denver,market_city
Mountain Girl Pickles,Old South Pearl Street Association - Farmers Market,Denver,,,,2026,https://southpearlstreet.com/farmers-market/,,Denver,market_city
Muff Handmade English Muffins,Old South Pearl Street Association - Farmers Market,Denver,,,,2026,https://southpearlstreet.com/farmers-market/,,Denver,market_city
My Morning Muffin,Old South Pearl Street Association - Farmers Market,Denver,,,,2026,https://southpearlstreet.com/farmers-market/,,Denver,market_city
New Friends Breakfast Sandwiches,Old South Pearl Street Association - Farmers Market,Denver,,,,2026,https://southpearlstreet.com/farmers-market/,,Denver,market_city
Not Bad Cooks,Old South Pearl Street Association - Farmers Market,Denver,,,,2026,https://southpearlstreet.com/farmers-market/,,Denver,market_city
Oh My! Empanada,Old South Pearl Street Association - Farmers Market,Denver,,,,2026,https://southpearlstreet.com/farmers-market/,,Denver,market_city
Olde Crone's Bewitching Bath Soap,Old South Pearl Street Association - Farmers Market,Denver,,,,2026,https://southpearlstreet.com/farmers-market/,,Denver,market_city
Panda Bao,Old South Pearl Street Association - Farmers Market,Denver,,,,2026,https://southpearlstreet.com/farmers-market/,,Denver,market_city
Pappardelles Pasta,Old South Pearl Street Association - Farmers Market,Denver,,,,2026,https://southpearlstreet.com/farmers-market/,,Denver,market_city
Park Pass Coffee,Old South Pearl Street Association - Farmers Market,Denver,,,,2026,https://southpearlstreet.com/farmers-market/,,Denver,market_city
Pat + Bear,Old South Pearl Street Association - Farmers Market,Denver,,,,2026,https://southpearlstreet.com/farmers-market/,,Denver,market_city
Patterbar Treats,Old South Pearl Street Association - Farmers Market,Denver,,,,2026,https://southpearlstreet.com/farmers-market/,,Denver,market_city
Picosa Green Sauce,Old South Pearl Street Association - Farmers Market,Denver,,,,2026,https://southpearlstreet.com/farmers-market/,,Denver,market_city
Pierogies Factory,Old South Pearl Street Association - Farmers Market,Denver,,,,2026,https://southpearlstreet.com/farmers-market/,,Denver,market_city
Pines' Nut Butter,Old South Pearl Street Association - Farmers Market,Denver,,,,2026,https://southpearlstreet.com/farmers-market/,,Denver,market_city
Pint's Peak Ice Cream,Old South Pearl Street Association - Farmers Market,Denver,,,,2026,https://southpearlstreet.com/farmers-market/,,Denver,market_city
Porcellino Artisanal Meats,Old South Pearl Street Association - Farmers Market,Denver,,,,2026,https://southpearlstreet.com/farmers-market/,medium,Denver,market_city
Pupusas Familia,Old South Pearl Street Association - Farmers Market,Denver,,,,2026,https://southpearlstreet.com/farmers-market/,,Denver,market_city
PPS Denver,Old South Pearl Street Association - Farmers Market,Denver,,,,2026,https://southpearlstreet.com/farmers-market/,,Denver,market_city
Queen City Collective Coffee,Old South Pearl Street Association - Farmers Market,Denver,,,,2026,https://southpearlstreet.com/farmers-market/,,Denver,market_city
Radical Sasquatch Dumpling Co,Old South Pearl Street Association - Farmers Market,Denver,,,,2026,https://southpearlstreet.com/farmers-market/,,Denver,market_city
Rainbow Eggs Co,Old South Pearl Street Association - Farmers Market,Denver,,,,2026,https://southpearlstreet.com/farmers-market/,medium,Denver,market_city
Rang Tang Craft BBQ,Old South Pearl Street Association - Farmers Market,Denver,,,,2026,https://southpearlstreet.com/farmers-market/,,Denver,market_city
Rebel Bread,Old South Pearl Street Association - Farmers Market,Denver,,,,2026,https://southpearlstreet.com/farmers-market/,,Denver,market_city
Rich Roots Flower Co.,Old South Pearl Street Association - Farmers Market,Denver,,,,2026,https://southpearlstreet.com/farmers-market/,medium,Denver,market_city
Rocky Mountain Fresh,Old South Pearl Street Association - Farmers Market,Denver,,,,2026,https://southpearlstreet.com/farmers-market/,,Denver,market_city
Roxy's Remixes,Old South Pearl Street Association - Farmers Market,Denver,,,,2026,https://southpearlstreet.com/farmers-market/,,Denver,market_city
RxR,Old South Pearl Street Association - Farmers Market,Denver,,,,2026,https://southpearlstreet.com/farmers-market/,,Denver,market_city
Sati Coffee Co,Old South Pearl Street Association - Farmers Market,Denver,,,,2026,https://southpearlstreet.com/farmers-market/,,Denver,market_city
Sauvage Spectrum Estate Winery,Old South Pearl Street Association - Farmers Market,Denver,,,,2026,https://southpearlstreet.com/farmers-market/,,Denver,market_city
Seasonal Sammiches,Old South Pearl Street Association - Farmers Market,Denver,,,,2026,https://southpearlstreet.com/farmers-market/,,Denver,market_city
Send Flours Baking Co,Old South Pearl Street Association - Farmers Market,Denver,,,,2026,https://southpearlstreet.com/farmers-market/,,Denver,market_city
Sfoglina Handmade Pasta,Old South Pearl Street Association - Farmers Market,Denver,,,,2026,https://southpearlstreet.com/farmers-market/,,Denver,market_city
Short Story Hydration,Old South Pearl Street Association - Farmers Market,Denver,,,,2026,https://southpearlstreet.com/farmers-market/,,Denver,market_city
Silly Goose Granola (August),Old South Pearl Street Association - Farmers Market,Denver,,,,2026,https://southpearlstreet.com/farmers-market/,,Denver,market_city
Smrcka Bagel,Old South Pearl Street Association - Farmers Market,Denver,,,,2026,https://southpearlstreet.com/farmers-market/,,Denver,market_city
Snow Creek Ranch,Old South Pearl Street Association - Farmers Market,Denver,,,,2026,https://southpearlstreet.com/farmers-market/,medium,Denver,market_city
Soup Witch,Old South Pearl Street Association - Farmers Market,Denver,,,,2026,https://southpearlstreet.com/farmers-market/,,Denver,market_city
Stoneware by Salazar,Old South Pearl Street Association - Farmers Market,Denver,,,,2026,https://southpearlstreet.com/farmers-market/,,Denver,market_city
Styria Bakery II,Old South Pearl Street Association - Farmers Market,Denver,,,,2026,https://southpearlstreet.com/farmers-market/,,Denver,market_city
Styria Catering,Old South Pearl Street Association - Farmers Market,Denver,,,,2026,https://southpearlstreet.com/farmers-market/,,Denver,market_city
Sunny Plant,Old South Pearl Street Association - Farmers Market,Denver,,,,2026,https://southpearlstreet.com/farmers-market/,,Denver,market_city
Sunnyside Soil,Old South Pearl Street Association - Farmers Market,Denver,,,,2026,https://southpearlstreet.com/farmers-market/,,Denver,market_city
Sweet Gold,Old South Pearl Street Association - Farmers Market,Denver,,,,2026,https://southpearlstreet.com/farmers-market/,,Denver,market_city
Syrupology,Old South Pearl Street Association - Farmers Market,Denver,,,,2026,https://southpearlstreet.com/farmers-market/,,Denver,market_city
Tague Farm,Old South Pearl Street Association - Farmers Market,Denver,,,,2026,https://southpearlstreet.com/farmers-market/,medium,Denver,market_city
Talia's Challahs,Old South Pearl Street Association - Farmers Market,Denver,,,,2026,https://southpearlstreet.com/farmers-market/,,Denver,market_city
Tall Guy Tiny Greens,Old South Pearl Street Association - Farmers Market,Denver,,,,2026,https://southpearlstreet.com/farmers-market/,,Denver,market_city
Tart and Soul Bakery,Old South Pearl Street Association - Farmers Market,Denver,,,,2026,https://southpearlstreet.com/farmers-market/,,Denver,market_city
Taspens / Green Water,Old South Pearl Street Association - Farmers Market,Denver,,,,2026,https://southpearlstreet.com/farmers-market/,,Denver,market_city
The Bread Box,Old South Pearl Street Association - Farmers Market,Denver,,,,2026,https://southpearlstreet.com/farmers-market/,,Denver,market_city
The Conscious Farms,Old South Pearl Street Association - Farmers Market,Denver,,,,2026,https://southpearlstreet.com/farmers-market/,medium,Denver,market_city
The Easy Vegan,Old South Pearl Street Association - Farmers Market,Denver,,,,2026,https://southpearlstreet.com/farmers-market/,,Denver,market_city
The Family Jones Distillery,Old South Pearl Street Association - Farmers Market,Denver,,,,2026,https://southpearlstreet.com/farmers-market/,,Denver,market_city
The Honey People,Old South Pearl Street Association - Farmers Market,Denver,,,,2026,https://southpearlstreet.com/farmers-market/,medium,Denver,market_city
The Hungry Tree Hugger,Old South Pearl Street Association - Farmers Market,Denver,,,,2026,https://southpearlstreet.com/farmers-market/,,Denver,market_city
The PB Love Company,Old South Pearl Street Association - Farmers Market,Denver,,,,2026,https://southpearlstreet.com/farmers-market/,,Denver,market_city
The POMM,Old South Pearl Street Association - Farmers Market,Denver,,,,2026,https://southpearlstreet.com/farmers-market/,,Denver,market_city
The Three Biscuiteers,Old South Pearl Street Association - Farmers Market,Denver,,,,2026,https://southpearlstreet.com/farmers-market/,,Denver,market_city
The Tortilla Project,Old South Pearl Street Association - Farmers Market,Denver,,,,2026,https://southpearlstreet.com/farmers-market/,,Denver,market_city
Three Kings Kombucha,Old South Pearl Street Association - Farmers Market,Denver,,,,2026,https://southpearlstreet.com/farmers-market/,,Denver,market_city
Tia Woven Goods,Old South Pearl Street Association - Farmers Market,Denver,,,,2026,https://southpearlstreet.com/farmers-market/,,Denver,market_city
Tims Toms,Old South Pearl Street Association - Farmers Market,Denver,,,,2026,https://southpearlstreet.com/farmers-market/,,Denver,market_city
Tlaquesalsa,Old South Pearl Street Association - Farmers Market,Denver,,,,2026,https://southpearlstreet.com/farmers-market/,,Denver,market_city
Tru Goodness,Old South Pearl Street Association - Farmers Market,Denver,,,,2026,https://southpearlstreet.com/farmers-market/,,Denver,market_city
Uncle Tim's Cocktails,Old South Pearl Street Association - Farmers Market,Denver,,,,2026,https://southpearlstreet.com/farmers-market/,,Denver,market_city
Unleash the Crunch,Old South Pearl Street Association - Farmers Market,Denver,,,,2026,https://southpearlstreet.com/farmers-market/,,Denver,market_city
Wafflerita / NoBadDays,Old South Pearl Street Association - Farmers Market,Denver,,,,2026,https://southpearlstreet.com/farmers-market/,,Denver,market_city
Wag's World Orchards,Old South Pearl Street Association - Farmers Market,Denver,,,,2026,https://southpearlstreet.com/farmers-market/,medium,Denver,market_city
White Mountain Chaga,Old South Pearl Street Association - Farmers Market,Denver,,,,2026,https://southpearlstreet.com/farmers-market/,,Denver,market_city
Wild Alaskan Seafood,Old South Pearl Street Association - Farmers Market,Denver,,,,2026,https://southpearlstreet.com/farmers-market/,,Denver,market_city
Wild Wick's Farm,Old South Pearl Street Association - Farmers Market,Denver,,,,2026,https://southpearlstreet.com/farmers-market/,medium,Denver,market_city
Yummy Lotus,Old South Pearl Street Association - Farmers Market,Denver,,,,2026,https://southpearlstreet.com/farmers-market/,,Denver,market_city
Yummy Yummy Products,Old South Pearl Street Association - Farmers Market,Denver,,,,2026,https://southpearlstreet.com/farmers-market/,,Denver,market_city
AJ's Roasted Chilis,Orchard Farmers Market,Westminster,"Produce, Dairy + Flowers",,It wouldn't be a farmers market without roasted green chilis!!,2026,https://orchardfarmersmarket.com/sunday-farmers-market/,strong,Adams,market_city
Bamber beef ranch,Orchard Farmers Market,Westminster,"Produce, Dairy + Flowers",,"Grass fed, locally raised beef.",2026,https://orchardfarmersmarket.com/sunday-farmers-market/,strong,Adams,market_city
Bjorns Colorado Honey,Orchard Farmers Market,Westminster,"Produce, Dairy + Flowers",,"Small batch local honey and honey products like CBD honey, beeswax and propolis.",2026,https://orchardfarmersmarket.com/sunday-farmers-market/,strong,Adams,market_city
Colorado Fresh Connect Produce,Orchard Farmers Market,Westminster,"Produce, Dairy + Flowers",,"Delicious fresh in-season produce such as tomatoes, greens, herbs, lettuce, and more!",2026,https://orchardfarmersmarket.com/sunday-farmers-market/,strong,Adams,market_city
Fox Fungi,Orchard Farmers Market,Westminster,"Produce, Dairy + Flowers",,"Speciality and gourmet mushrooms, powders, supplements and more!",2026,https://orchardfarmersmarket.com/sunday-farmers-market/,strong,Adams,market_city
Golden Pastures Regenerative Farms,Orchard Farmers Market,Westminster,"Produce, Dairy + Flowers",,"Local farm featuring non-GMO rainbow eggs, fresh herbs and in-season veggies!",2026,https://orchardfarmersmarket.com/sunday-farmers-market/,strong,Adams,market_city
longmont dairy,Orchard Farmers Market,Westminster,"Produce, Dairy + Flowers",,"Longmont Dairy Farm delivers fresh milk and other products directly to homes along the Front Range. They are a family owned and operated business dedicated to providing great milk, from our cows to ou",2026,https://orchardfarmersmarket.com/sunday-farmers-market/,strong,Adams,market_city
Marlene's Garden,Orchard Farmers Market,Westminster,"Produce, Dairy + Flowers",,"Handmade jams and jellies, plant starts and in-season tomatoes and peppers.",2026,https://orchardfarmersmarket.com/sunday-farmers-market/,strong,Adams,market_city
Miller Farms,Orchard Farmers Market,Westminster,"Produce, Dairy + Flowers",,"Family owned and operated since 1949, the Miller Family Farm provides incredibly fresh, local vegetables and fruits at the peak of their season.",2026,https://orchardfarmersmarket.com/sunday-farmers-market/,strong,Adams,market_city
palisade peach shack,Orchard Farmers Market,Westminster,"Produce, Dairy + Flowers",,"It's always summertime with Palisade Peach Shack! With over 80 acres of peaches, cherries, apricots, nectarines, plums, pears, and apples, you'll find many favorites each week!",2026,https://orchardfarmersmarket.com/sunday-farmers-market/,strong,Adams,market_city
simply fresh microgreens,Orchard Farmers Market,Westminster,"Produce, Dairy + Flowers",,"Simply Fresh Microgreens is an indoor urban farm located in Broomfield, Colorado.",2026,https://orchardfarmersmarket.com/sunday-farmers-market/,strong,Adams,market_city
Big Dog Bakery,Orchard Farmers Market,Westminster,baked goods,,Fresh sourdough loaves and specialty baked goods.,2026,https://orchardfarmersmarket.com/sunday-farmers-market/,,Adams,market_city
cake pops by Judy,Orchard Farmers Market,Westminster,baked goods,,Handmade cake pops and sweet treats.,2026,https://orchardfarmersmarket.com/sunday-farmers-market/,,Adams,market_city
Italian cookie co,Orchard Farmers Market,Westminster,baked goods,,A taste of the old world featuring specialty Italian cookies.,2026,https://orchardfarmersmarket.com/sunday-farmers-market/,,Adams,market_city
Styria bakery II,Orchard Farmers Market,Westminster,baked goods,,"A Taste of the Alps! This bakery features delicious savory traditional breads as well as pastries, pretzels, scones and turnovers!",2026,https://orchardfarmersmarket.com/sunday-farmers-market/,,Adams,market_city
The perfect crumb,Orchard Farmers Market,Westminster,baked goods,,"A cottage bakery specializing in sourdough breads, cookies, brownies, English muffins, bagels and more!",2026,https://orchardfarmersmarket.com/sunday-farmers-market/,,Adams,market_city
wakery bakery,Orchard Farmers Market,Westminster,baked goods,,Delicious gluten free baked goods!,2026,https://orchardfarmersmarket.com/sunday-farmers-market/,,Adams,market_city
AlcheMeats,Orchard Farmers Market,Westminster,Specialty Foods,,Gourmet seasonings and spices.,2026,https://orchardfarmersmarket.com/sunday-farmers-market/,,Adams,market_city
bubbly bevvies,Orchard Farmers Market,Westminster,Specialty Foods,,Customizable dirty sodas out of a camper!,2026,https://orchardfarmersmarket.com/sunday-farmers-market/,,Adams,market_city
egg belly food truck,Orchard Farmers Market,Westminster,Specialty Foods,,"Asian Mexican Fusion offering breakfast, Bahn mi tacos, pho burritos and mom's famous pork egg rolls!",2026,https://orchardfarmersmarket.com/sunday-farmers-market/,,Adams,market_city
farm to tail pet co.,Orchard Farmers Market,Westminster,Specialty Foods,,Freeze dried dog treats.,2026,https://orchardfarmersmarket.com/sunday-farmers-market/,,Adams,market_city
feelin' fresca,Orchard Farmers Market,Westminster,Specialty Foods,,"Serving up traditional aguas fresca which is a traditional Mexican beverage featuring one more more fruits, flowers, seeds, or cereals. YUM!",2026,https://orchardfarmersmarket.com/sunday-farmers-market/,,Adams,market_city
Fioranto Acai Bowls and Freshly Squeezed Lemonade,Orchard Farmers Market,Westminster,Specialty Foods,,"Customizable acai bowls, crepes and fresh lemonade.",2026,https://orchardfarmersmarket.com/sunday-farmers-market/,,Adams,market_city
hal's coffee,Orchard Farmers Market,Westminster,Specialty Foods,,"Coffee, tea, chai, matcha, Italian sodas and smoothies!",2026,https://orchardfarmersmarket.com/sunday-farmers-market/,,Adams,market_city
"J&J Gourmet Salsa, Burritos and Tamales",Orchard Farmers Market,Westminster,Specialty Foods,,"A farmers market staple featuring homemade burritos, tortillas, tamales, fresh and canned salsa and more!",2026,https://orchardfarmersmarket.com/sunday-farmers-market/,,Adams,market_city
Jackson's black dog coffee,Orchard Farmers Market,Westminster,Specialty Foods,,"Small, local coffee roaster offering specialty whole bean and ground coffees.",2026,https://orchardfarmersmarket.com/sunday-farmers-market/,,Adams,market_city
Mahia coffee and bakery,Orchard Farmers Market,Westminster,Specialty Foods,,Mobile coffee shop and pasteries.,2026,https://orchardfarmersmarket.com/sunday-farmers-market/,,Adams,market_city
mile-hi provisions,Orchard Farmers Market,Westminster,Specialty Foods,,"Delicious shelf-stable goods like salsa, pickled vegetables, and preserves.",2026,https://orchardfarmersmarket.com/sunday-farmers-market/,,Adams,market_city
mile high Spice Company,Orchard Farmers Market,Westminster,Specialty Foods,,Gourmet spice blends,2026,https://orchardfarmersmarket.com/sunday-farmers-market/,,Adams,market_city
pagochea Caribbean hot sauce,Orchard Farmers Market,Westminster,Specialty Foods,,"Delivering a taste of the Caribbean in a variety of hot sauces, you'll be adding this new favorite to everything!",2026,https://orchardfarmersmarket.com/sunday-farmers-market/,,Adams,market_city
six grill jerky and Food Truck,Orchard Farmers Market,Westminster,Specialty Foods,,Delicious New Mexican inspired cuisine and jerky featuring red and green chili spices as well as other traditional jerky options!,2026,https://orchardfarmersmarket.com/sunday-farmers-market/,,Adams,market_city
tamales lady,Orchard Farmers Market,Westminster,Specialty Foods,,Gourmet tamales frozen and ready to heat and eat.,2026,https://orchardfarmersmarket.com/sunday-farmers-market/,,Adams,market_city
the happy pickle company,Orchard Farmers Market,Westminster,Specialty Foods,,Gourmet pickles and kimchi.,2026,https://orchardfarmersmarket.com/sunday-farmers-market/,,Adams,market_city
5280 Mermaid,Orchard Farmers Market,Westminster,Specialty Foods,,"Dry drink mixers, cocktail infusion kits, soup kits and more.",2026,https://orchardfarmersmarket.com/sunday-farmers-market/,,Adams,market_city
azalea Engraving,Orchard Farmers Market,Westminster,Handmade + household items,,Handmade cutting boards and signs.,2026,https://orchardfarmersmarket.com/sunday-farmers-market/,,Adams,market_city
Buffalo Squared Designs,Orchard Farmers Market,Westminster,Handmade + household items,,Handmade jewelry and candles from a mother-daughter team.,2026,https://orchardfarmersmarket.com/sunday-farmers-market/,,Adams,market_city
chiropractic works north,Orchard Farmers Market,Westminster,Handmade + household items,,Local chiropractor offering on site assessment and more.,2026,https://orchardfarmersmarket.com/sunday-farmers-market/,,Adams,market_city
Kjell Knife Sharpening,Orchard Farmers Market,Westminster,Handmade + household items,,On-site knife sharpening services! Bring your kitchen knives in for a tune-up.,2026,https://orchardfarmersmarket.com/sunday-farmers-market/,,Adams,market_city
kp clay ltd,Orchard Farmers Market,Westminster,Handmade + household items,,"Functional stoneware ceramics such as mugs, bowls, dishes, planters and more.",2026,https://orchardfarmersmarket.com/sunday-farmers-market/,,Adams,market_city
Leanna Organics,Orchard Farmers Market,Westminster,Handmade + household items,,"An Orchard Town Center tenant with fabulous self care products featuring CBD bath bombs, hemp creams and soaps.",2026,https://orchardfarmersmarket.com/sunday-farmers-market/,,Adams,market_city
Lilac Reverie,Orchard Farmers Market,Westminster,Handmade + household items,,Handmade soaps and lotions.,2026,https://orchardfarmersmarket.com/sunday-farmers-market/,,Adams,market_city
Lindsey Reid Handmade Blankets and Quilts,Orchard Farmers Market,Westminster,Handmade + household items,,"Wrapped in love…these handmade, incredibly soft blankets come in a variety of sizes. For each one purchased, one is donated to the Children's Hospital PICU.",2026,https://orchardfarmersmarket.com/sunday-farmers-market/,,Adams,market_city
LulaRoe Clothing,Orchard Farmers Market,Westminster,Handmade + household items,,"A popular clothing brand, you'll find comfortable, colorful and stylish options!",2026,https://orchardfarmersmarket.com/sunday-farmers-market/,,Adams,market_city
magnificent garden,Orchard Farmers Market,Westminster,Handmade + household items,,All purpose plant food for vibrant healthy plants.,2026,https://orchardfarmersmarket.com/sunday-farmers-market/,medium,Adams,market_city
mia bella's candles,Orchard Farmers Market,Westminster,Handmade + household items,,This vendor features a wide variety of delicious smelling candles.,2026,https://orchardfarmersmarket.com/sunday-farmers-market/,,Adams,market_city
momma's suds and Body love,Orchard Farmers Market,Westminster,Handmade + household items,,"Handmade soaps, scrubs, body butters and more!",2026,https://orchardfarmersmarket.com/sunday-farmers-market/,,Adams,market_city
pampered chef,Orchard Farmers Market,Westminster,Handmade + household items,,"Popular cookware, bakeware, kitchen tools and so much more!",2026,https://orchardfarmersmarket.com/sunday-farmers-market/,,Adams,market_city
rendered tranquility,Orchard Farmers Market,Westminster,Handmade + household items,,"Tallow based body care products such as lotions, body butter, soaps and bath bombs",2026,https://orchardfarmersmarket.com/sunday-farmers-market/,,Adams,market_city
Rocky Mountain Puzzles,Orchard Farmers Market,Westminster,Handmade + household items,,A fun variety of colorful puzzles for all ages.,2026,https://orchardfarmersmarket.com/sunday-farmers-market/,,Adams,market_city
Rooster's roll and stitch,Orchard Farmers Market,Westminster,Handmade + household items,,"Handmade crochet, hand painted cards as well as a few surprise baked goods too!",2026,https://orchardfarmersmarket.com/sunday-farmers-market/,,Adams,market_city
sirens shelf,Orchard Farmers Market,Westminster,Handmade + household items,,Books and book-lover gift items!,2026,https://orchardfarmersmarket.com/sunday-farmers-market/,,Adams,market_city
Solani Jewelry bar,Orchard Farmers Market,Westminster,Handmade + household items,,Permanent jewelry and bling you never have to remember to take off or put on!,2026,https://orchardfarmersmarket.com/sunday-farmers-market/,,Adams,market_city
Sprinkle spa/Pink zebra,Orchard Farmers Market,Westminster,Handmade + household items,,Offering home fragrance in candles and room scents!,2026,https://orchardfarmersmarket.com/sunday-farmers-market/,,Adams,market_city
wrap it,Orchard Farmers Market,Westminster,Handmade + household items,,Handmade dog items such as seasonal bandanas and more!,2026,https://orchardfarmersmarket.com/sunday-farmers-market/,,Adams,market_city
7SistersCandles&Gifts,Palisade Sunday Farmers' Market,Palisade,Artisan,,,2026,https://townofpalisade.mymarket.org/profiles,,Mesa,market_city
"Baker's Burns, LLC",Palisade Sunday Farmers' Market,Palisade,Artisan,,,2026,https://townofpalisade.mymarket.org/profiles,,Mesa,market_city
busy Bea's handmade goods and accessories,Palisade Sunday Farmers' Market,Palisade,Artisan,,,2026,https://townofpalisade.mymarket.org/profiles,,Mesa,market_city
By All Means Arts LLC,Palisade Sunday Farmers' Market,Palisade,Artisan,,,2026,https://townofpalisade.mymarket.org/profiles,,Mesa,market_city
By George! CBD,Palisade Sunday Farmers' Market,Palisade,Artisan,,,2026,https://townofpalisade.mymarket.org/profiles,,Mesa,market_city
CCRJ Studios,Palisade Sunday Farmers' Market,Palisade,Artisan,,,2026,https://townofpalisade.mymarket.org/profiles,,Mesa,market_city
Comb and Crescent,Palisade Sunday Farmers' Market,Palisade,Artisan,,,2026,https://townofpalisade.mymarket.org/profiles,,Mesa,market_city
coolstitch,Palisade Sunday Farmers' Market,Palisade,Artisan,,,2026,https://townofpalisade.mymarket.org/profiles,,Mesa,market_city
DarcMoon,Palisade Sunday Farmers' Market,Palisade,Artisan,,,2026,https://townofpalisade.mymarket.org/profiles,,Mesa,market_city
Designs by Kay,Palisade Sunday Farmers' Market,Palisade,Artisan,,,2026,https://townofpalisade.mymarket.org/profiles,,Mesa,market_city
Designs with Altitude,Palisade Sunday Farmers' Market,Palisade,Artisan,,,2026,https://townofpalisade.mymarket.org/profiles,,Mesa,market_city
"Eco Bag Lady Says/Design Haus , int'l",Palisade Sunday Farmers' Market,Palisade,Artisan,,,2026,https://townofpalisade.mymarket.org/profiles,,Mesa,market_city
ESM Pottery Farm,Palisade Sunday Farmers' Market,Palisade,Artisan,,,2026,https://townofpalisade.mymarket.org/profiles,,Mesa,market_city
Fields of Glory Organic Farm,Palisade Sunday Farmers' Market,Palisade,Artisan,,,2026,https://townofpalisade.mymarket.org/profiles,,Mesa,market_city
Golden Bough Forge,Palisade Sunday Farmers' Market,Palisade,Artisan,,,2026,https://townofpalisade.mymarket.org/profiles,,Mesa,market_city
Haiku Moving Company,Palisade Sunday Farmers' Market,Palisade,Artisan,,,2026,https://townofpalisade.mymarket.org/profiles,,Mesa,market_city
HICO Limited,Palisade Sunday Farmers' Market,Palisade,Artisan,,,2026,https://townofpalisade.mymarket.org/profiles,,Mesa,market_city
Hippie Dickey Designs,Palisade Sunday Farmers' Market,Palisade,Artisan,,,2026,https://townofpalisade.mymarket.org/profiles,,Mesa,market_city
Honey and Gold Jewelry/Permanent Jewelry,Palisade Sunday Farmers' Market,Palisade,Artisan,,,2026,https://townofpalisade.mymarket.org/profiles,,Mesa,market_city
"Jabulani Creations, LLC",Palisade Sunday Farmers' Market,Palisade,Artisan,,,2026,https://townofpalisade.mymarket.org/profiles,,Mesa,market_city
K Rand Designs,Palisade Sunday Farmers' Market,Palisade,Artisan,,,2026,https://townofpalisade.mymarket.org/profiles,,Mesa,market_city
LeGrande Jewelry,Palisade Sunday Farmers' Market,Palisade,Artisan,,,2026,https://townofpalisade.mymarket.org/profiles,,Mesa,market_city
Lily Cain Studio,Palisade Sunday Farmers' Market,Palisade,Artisan,,,2026,https://townofpalisade.mymarket.org/profiles,,Mesa,market_city
Mom And Anna Stitchcraft,Palisade Sunday Farmers' Market,Palisade,Artisan,,,2026,https://townofpalisade.mymarket.org/profiles,,Mesa,market_city
Never Dull Art and Graphics,Palisade Sunday Farmers' Market,Palisade,Artisan,,,2026,https://townofpalisade.mymarket.org/profiles,,Mesa,market_city
PAKO LAZO POTTERY,Palisade Sunday Farmers' Market,Palisade,Artisan,,,2026,https://townofpalisade.mymarket.org/profiles,,Mesa,market_city
Pine Needle Creations,Palisade Sunday Farmers' Market,Palisade,Artisan,,,2026,https://townofpalisade.mymarket.org/profiles,,Mesa,market_city
Preserving Techniques,Palisade Sunday Farmers' Market,Palisade,Artisan,,,2026,https://townofpalisade.mymarket.org/profiles,,Mesa,market_city
Pressed Wildflowers,Palisade Sunday Farmers' Market,Palisade,Artisan,,,2026,https://townofpalisade.mymarket.org/profiles,,Mesa,market_city
Rocky Mountain Leashes,Palisade Sunday Farmers' Market,Palisade,Artisan,,,2026,https://townofpalisade.mymarket.org/profiles,,Mesa,market_city
Shaviq Designs,Palisade Sunday Farmers' Market,Palisade,Artisan,,,2026,https://townofpalisade.mymarket.org/profiles,,Mesa,market_city
Side Hustle,Palisade Sunday Farmers' Market,Palisade,Artisan,,,2026,https://townofpalisade.mymarket.org/profiles,,Mesa,market_city
SR Designs,Palisade Sunday Farmers' Market,Palisade,Artisan,,,2026,https://townofpalisade.mymarket.org/profiles,,Mesa,market_city
Sweet Cedar woodworking,Palisade Sunday Farmers' Market,Palisade,Artisan,,,2026,https://townofpalisade.mymarket.org/profiles,,Mesa,market_city
Trianna's Fine Designs,Palisade Sunday Farmers' Market,Palisade,Artisan,,,2026,https://townofpalisade.mymarket.org/profiles,,Mesa,market_city
"Western Slope Custom Hearing Protection, LLC",Palisade Sunday Farmers' Market,Palisade,Artisan,,,2026,https://townofpalisade.mymarket.org/profiles,,Mesa,market_city
Zoe Fortuna Photography,Palisade Sunday Farmers' Market,Palisade,Artisan,,,2026,https://townofpalisade.mymarket.org/profiles,,Mesa,market_city
Lily's Bakeshop,Palisade Sunday Farmers' Market,Palisade,Bakery,,,2026,https://townofpalisade.mymarket.org/profiles,,Mesa,market_city
Little Button Bakery L.L.C,Palisade Sunday Farmers' Market,Palisade,Bakery,,,2026,https://townofpalisade.mymarket.org/profiles,,Mesa,market_city
Maison la Belle Vie and Amy's Courtyard,Palisade Sunday Farmers' Market,Palisade,Bakery,,,2026,https://townofpalisade.mymarket.org/profiles,,Mesa,market_city
Pinon Kitchen Co,Palisade Sunday Farmers' Market,Palisade,Bakery,,,2026,https://townofpalisade.mymarket.org/profiles,,Mesa,market_city
Rooted in Sweets,Palisade Sunday Farmers' Market,Palisade,Bakery,,,2026,https://townofpalisade.mymarket.org/profiles,,Mesa,market_city
Trail Cookie,Palisade Sunday Farmers' Market,Palisade,Bakery,,,2026,https://townofpalisade.mymarket.org/profiles,,Mesa,market_city
Cygnus Coffee Bus,Palisade Sunday Farmers' Market,Palisade,Beverages,,,2026,https://townofpalisade.mymarket.org/profiles,,Mesa,market_city
Nebula 1 Drinks,Palisade Sunday Farmers' Market,Palisade,Beverages,,,2026,https://townofpalisade.mymarket.org/profiles,,Mesa,market_city
Palisade Kombucha LLC,Palisade Sunday Farmers' Market,Palisade,Beverages,,,2026,https://townofpalisade.mymarket.org/profiles,,Mesa,market_city
Suck It Fruity,Palisade Sunday Farmers' Market,Palisade,Beverages,,,2026,https://townofpalisade.mymarket.org/profiles,,Mesa,market_city
The Loaded Pony LLC,Palisade Sunday Farmers' Market,Palisade,Beverages,,,2026,https://townofpalisade.mymarket.org/profiles,,Mesa,market_city
Farmhouse Palisade,Palisade Sunday Farmers' Market,Palisade,Downtown Business,,,2026,https://townofpalisade.mymarket.org/profiles,,Mesa,market_city
Harlow Lifestyle & Gift,Palisade Sunday Farmers' Market,Palisade,Downtown Business,,,2026,https://townofpalisade.mymarket.org/profiles,,Mesa,market_city
Imogene Was Here,Palisade Sunday Farmers' Market,Palisade,Downtown Business,,,2026,https://townofpalisade.mymarket.org/profiles,,Mesa,market_city
Palisade Cycle LLC,Palisade Sunday Farmers' Market,Palisade,Downtown Business,,,2026,https://townofpalisade.mymarket.org/profiles,,Mesa,market_city
Purple Bee Wine Bar & Gift Shop,Palisade Sunday Farmers' Market,Palisade,Downtown Business,,,2026,https://townofpalisade.mymarket.org/profiles,,Mesa,market_city
Sage Creations Farm,Palisade Sunday Farmers' Market,Palisade,Downtown Business,,,2026,https://townofpalisade.mymarket.org/profiles,medium,Mesa,market_city
Adobe Creek Farm LLC,Palisade Sunday Farmers' Market,Palisade,Farm,,,2026,https://townofpalisade.mymarket.org/profiles,strong,Mesa,market_city
Anita's Pantry & Produce / Palisade Pies,Palisade Sunday Farmers' Market,Palisade,Farm,,,2026,https://townofpalisade.mymarket.org/profiles,strong,Mesa,market_city
"Bella Bolettino Organic Farms, LLC",Palisade Sunday Farmers' Market,Palisade,Farm,,,2026,https://townofpalisade.mymarket.org/profiles,strong,Mesa,market_city
Chicken Grit Farms,Palisade Sunday Farmers' Market,Palisade,Farm,,,2026,https://townofpalisade.mymarket.org/profiles,strong,Mesa,market_city
Colby Farm,Palisade Sunday Farmers' Market,Palisade,Farm,,,2026,https://townofpalisade.mymarket.org/profiles,strong,Mesa,market_city
Cunningham Orchards,Palisade Sunday Farmers' Market,Palisade,Farm,,,2026,https://townofpalisade.mymarket.org/profiles,strong,Mesa,market_city
Early Morning Produce,Palisade Sunday Farmers' Market,Palisade,Farm,,,2026,https://townofpalisade.mymarket.org/profiles,strong,Mesa,market_city
"grand valley micro farms, llc",Palisade Sunday Farmers' Market,Palisade,Farm,,,2026,https://townofpalisade.mymarket.org/profiles,strong,Mesa,market_city
Green Junction Farmstead,Palisade Sunday Farmers' Market,Palisade,Farm,,,2026,https://townofpalisade.mymarket.org/profiles,strong,Mesa,market_city
Harding Homegrown,Palisade Sunday Farmers' Market,Palisade,Farm,,,2026,https://townofpalisade.mymarket.org/profiles,strong,Mesa,market_city
Horse thief Mesa Apiaries,Palisade Sunday Farmers' Market,Palisade,Farm,,,2026,https://townofpalisade.mymarket.org/profiles,strong,Mesa,market_city
Jake a Bean,Palisade Sunday Farmers' Market,Palisade,Farm,,,2026,https://townofpalisade.mymarket.org/profiles,strong,Mesa,market_city
JD Heirloom Seeds,Palisade Sunday Farmers' Market,Palisade,Farm,,,2026,https://townofpalisade.mymarket.org/profiles,strong,Mesa,market_city
Morehouse Produce,Palisade Sunday Farmers' Market,Palisade,Farm,,,2026,https://townofpalisade.mymarket.org/profiles,strong,Mesa,market_city
Moss Rock Corner LLC,Palisade Sunday Farmers' Market,Palisade,Farm,,,2026,https://townofpalisade.mymarket.org/profiles,strong,Mesa,market_city
Mt. Garfield Fruit & Vegetable,Palisade Sunday Farmers' Market,Palisade,Farm,,,2026,https://townofpalisade.mymarket.org/profiles,strong,Mesa,market_city
Ollie's Farm,Palisade Sunday Farmers' Market,Palisade,Farm,,,2026,https://townofpalisade.mymarket.org/profiles,strong,Mesa,market_city
Palisade Peach Shack,Palisade Sunday Farmers' Market,Palisade,Farm,,,2026,https://townofpalisade.mymarket.org/profiles,strong,Mesa,market_city
Pasquali Farm,Palisade Sunday Farmers' Market,Palisade,Farm,,,2026,https://townofpalisade.mymarket.org/profiles,strong,Mesa,market_city
Pothook Farms,Palisade Sunday Farmers' Market,Palisade,Farm,,,2026,https://townofpalisade.mymarket.org/profiles,strong,Mesa,market_city
Power plant,Palisade Sunday Farmers' Market,Palisade,Farm,,,2026,https://townofpalisade.mymarket.org/profiles,strong,Mesa,market_city
Rendezvous Mushroom Co,Palisade Sunday Farmers' Market,Palisade,Farm,,,2026,https://townofpalisade.mymarket.org/profiles,strong,Mesa,market_city
Root Rock Farm,Palisade Sunday Farmers' Market,Palisade,Farm,,,2026,https://townofpalisade.mymarket.org/profiles,strong,Mesa,market_city
Socorro Suarez,Palisade Sunday Farmers' Market,Palisade,Farm,,,2026,https://townofpalisade.mymarket.org/profiles,strong,Mesa,market_city
The Stone Fruit Company LLC,Palisade Sunday Farmers' Market,Palisade,Farm,,,2026,https://townofpalisade.mymarket.org/profiles,strong,Mesa,market_city
Ultreia Farm & Wellness,Palisade Sunday Farmers' Market,Palisade,Farm,,,2026,https://townofpalisade.mymarket.org/profiles,strong,Mesa,market_city
Vista Orchard LLC,Palisade Sunday Farmers' Market,Palisade,Farm,,,2026,https://townofpalisade.mymarket.org/profiles,strong,Mesa,market_city
Wild Roots Farms,Palisade Sunday Farmers' Market,Palisade,Farm,,,2026,https://townofpalisade.mymarket.org/profiles,strong,Mesa,market_city
Z's Orchard,Palisade Sunday Farmers' Market,Palisade,Farm,,,2026,https://townofpalisade.mymarket.org/profiles,strong,Mesa,market_city
"Chutes, LLC",Palisade Sunday Farmers' Market,Palisade,Food Truck,,,2026,https://townofpalisade.mymarket.org/profiles,,Mesa,market_city
CO & Snow LLC,Palisade Sunday Farmers' Market,Palisade,Food Truck,,,2026,https://townofpalisade.mymarket.org/profiles,,Mesa,market_city
"Colorado Q, LLC",Palisade Sunday Farmers' Market,Palisade,Food Truck,,,2026,https://townofpalisade.mymarket.org/profiles,,Mesa,market_city
Dairy Bar Express,Palisade Sunday Farmers' Market,Palisade,Food Truck,,,2026,https://townofpalisade.mymarket.org/profiles,,Mesa,market_city
El Rey ll,Palisade Sunday Farmers' Market,Palisade,Food Truck,,,2026,https://townofpalisade.mymarket.org/profiles,,Mesa,market_city
GJ FUSION FOOD TRUCK,Palisade Sunday Farmers' Market,Palisade,Food Truck,,,2026,https://townofpalisade.mymarket.org/profiles,,Mesa,market_city
Lonchera La Casita LLc,Palisade Sunday Farmers' Market,Palisade,Food Truck,,,2026,https://townofpalisade.mymarket.org/profiles,,Mesa,market_city
Nom Nom Shark,Palisade Sunday Farmers' Market,Palisade,Food Truck,,,2026,https://townofpalisade.mymarket.org/profiles,,Mesa,market_city
Nomad Bowlz,Palisade Sunday Farmers' Market,Palisade,Food Truck,,,2026,https://townofpalisade.mymarket.org/profiles,,Mesa,market_city
The Sweet Shoppe Shaved Ice LLC,Palisade Sunday Farmers' Market,Palisade,Food Truck,,,2026,https://townofpalisade.mymarket.org/profiles,,Mesa,market_city
Bill Crick,Palisade Sunday Farmers' Market,Palisade,Musical Entertainer,,,2026,https://townofpalisade.mymarket.org/profiles,,Mesa,market_city
Carlos Rivera Band,Palisade Sunday Farmers' Market,Palisade,Musical Entertainer,,,2026,https://townofpalisade.mymarket.org/profiles,,Mesa,market_city
Clayton Yeazle (Music),Palisade Sunday Farmers' Market,Palisade,Musical Entertainer,,,2026,https://townofpalisade.mymarket.org/profiles,,Mesa,market_city
Ethan J. Perry,Palisade Sunday Farmers' Market,Palisade,Musical Entertainer,,,2026,https://townofpalisade.mymarket.org/profiles,,Mesa,market_city
Gerry Goodman,Palisade Sunday Farmers' Market,Palisade,Musical Entertainer,,,2026,https://townofpalisade.mymarket.org/profiles,,Mesa,market_city
Liat and the Sirens,Palisade Sunday Farmers' Market,Palisade,Musical Entertainer,,,2026,https://townofpalisade.mymarket.org/profiles,,Mesa,market_city
Palisade High School BPO,Palisade Sunday Farmers' Market,Palisade,Musical Entertainer,,,2026,https://townofpalisade.mymarket.org/profiles,,Mesa,market_city
Rick Mancuso And The Fyvestar Band,Palisade Sunday Farmers' Market,Palisade,Musical Entertainer,,,2026,https://townofpalisade.mymarket.org/profiles,,Mesa,market_city
Stone Kitchen,Palisade Sunday Farmers' Market,Palisade,Musical Entertainer,,,2026,https://townofpalisade.mymarket.org/profiles,,Mesa,market_city
Vysta Productions (representing Colorado Currys),Palisade Sunday Farmers' Market,Palisade,Musical Entertainer,,,2026,https://townofpalisade.mymarket.org/profiles,,Mesa,market_city
Community Concerts of the Grand Valley,Palisade Sunday Farmers' Market,Palisade,Non-Profit Organization,,,2026,https://townofpalisade.mymarket.org/profiles,,Mesa,market_city
Grand Junction Symphony Orchestra,Palisade Sunday Farmers' Market,Palisade,Non-Profit Organization,,,2026,https://townofpalisade.mymarket.org/profiles,,Mesa,market_city
Mesa County Noxious Weed and Pest Management,Palisade Sunday Farmers' Market,Palisade,Non-Profit Organization,,,2026,https://townofpalisade.mymarket.org/profiles,,Mesa,market_city
RiversEdge West,Palisade Sunday Farmers' Market,Palisade,Non-Profit Organization,,,2026,https://townofpalisade.mymarket.org/profiles,,Mesa,market_city
The Plant Place,Palisade Sunday Farmers' Market,Palisade,Nursery,,,2026,https://townofpalisade.mymarket.org/profiles,strong,Mesa,market_city
Alida's Fruits dba STRiVE,Palisade Sunday Farmers' Market,Palisade,Packaged Foods,,,2026,https://townofpalisade.mymarket.org/profiles,,Mesa,market_city
Crack Nuts,Palisade Sunday Farmers' Market,Palisade,Packaged Foods,,,2026,https://townofpalisade.mymarket.org/profiles,,Mesa,market_city
DGFF LLC (dba Decadence Gourmet),Palisade Sunday Farmers' Market,Palisade,Packaged Foods,,,2026,https://townofpalisade.mymarket.org/profiles,,Mesa,market_city
"Fruita Freeze Dried Goodies, LLC.",Palisade Sunday Farmers' Market,Palisade,Packaged Foods,,,2026,https://townofpalisade.mymarket.org/profiles,,Mesa,market_city
Gigi Ann's LLC,Palisade Sunday Farmers' Market,Palisade,Packaged Foods,,,2026,https://townofpalisade.mymarket.org/profiles,,Mesa,market_city
Golden Juicery,Palisade Sunday Farmers' Market,Palisade,Packaged Foods,,,2026,https://townofpalisade.mymarket.org/profiles,,Mesa,market_city
KC's Kettle Corn,Palisade Sunday Farmers' Market,Palisade,Packaged Foods,,,2026,https://townofpalisade.mymarket.org/profiles,,Mesa,market_city
Lannas Desserts dba Decadence Cheesecakes,Palisade Sunday Farmers' Market,Palisade,Packaged Foods,,,2026,https://townofpalisade.mymarket.org/profiles,,Mesa,market_city
Nordic Fox Farm,Palisade Sunday Farmers' Market,Palisade,Packaged Foods,,,2026,https://townofpalisade.mymarket.org/profiles,,Mesa,market_city
Pandemic Polly Peppers,Palisade Sunday Farmers' Market,Palisade,Packaged Foods,,,2026,https://townofpalisade.mymarket.org/profiles,,Mesa,market_city
Roths Pretzels,Palisade Sunday Farmers' Market,Palisade,Packaged Foods,,,2026,https://townofpalisade.mymarket.org/profiles,,Mesa,market_city
G Force Livestock,Palisade Sunday Farmers' Market,Palisade,Ranch,,,2026,https://townofpalisade.mymarket.org/profiles,strong,Mesa,market_city
happy hive farmstead,Palisade Sunday Farmers' Market,Palisade,Ranch,,,2026,https://townofpalisade.mymarket.org/profiles,strong,Mesa,market_city
The High Lonesome Ranch,Palisade Sunday Farmers' Market,Palisade,Ranch,,,2026,https://townofpalisade.mymarket.org/profiles,strong,Mesa,market_city
Belle Tige,Palisade Sunday Farmers' Market,Palisade,Skincare,,,2026,https://townofpalisade.mymarket.org/profiles,,Mesa,market_city
Colorado Wild Botanicals,Palisade Sunday Farmers' Market,Palisade,Skincare,,,2026,https://townofpalisade.mymarket.org/profiles,,Mesa,market_city
Effervescent Botanicals / The Mindful Body Collective,Palisade Sunday Farmers' Market,Palisade,Skincare,,,2026,https://townofpalisade.mymarket.org/profiles,,Mesa,market_city
Kendra Via Products LLC Dba Turtle Herbals,Palisade Sunday Farmers' Market,Palisade,Skincare,,,2026,https://townofpalisade.mymarket.org/profiles,,Mesa,market_city
Misty Moons Elixers & Oddities,Palisade Sunday Farmers' Market,Palisade,Skincare,,,2026,https://townofpalisade.mymarket.org/profiles,,Mesa,market_city
Sudds Soap Company,Palisade Sunday Farmers' Market,Palisade,Skincare,,,2026,https://townofpalisade.mymarket.org/profiles,,Mesa,market_city
Winters' Blessings Soap Co.,Palisade Sunday Farmers' Market,Palisade,Skincare,,,2026,https://townofpalisade.mymarket.org/profiles,,Mesa,market_city
Mary's Mountain Cookies Grand Junction,Palisade Sunday Farmers' Market,Palisade,Sponsor,,,2026,https://townofpalisade.mymarket.org/profiles,,Mesa,market_city
Nu Home - formerly SOCO Solar & Power,Palisade Sunday Farmers' Market,Palisade,Sponsor,,,2026,https://townofpalisade.mymarket.org/profiles,,Mesa,market_city
Renewal by Andersen,Palisade Sunday Farmers' Market,Palisade,Sponsor,,,2026,https://townofpalisade.mymarket.org/profiles,,Mesa,market_city
Peach Street Distillers,Palisade Sunday Farmers' Market,Palisade,Winery/Distillery,,,2026,https://townofpalisade.mymarket.org/profiles,,Mesa,market_city
"Periphery Cellars, LLC",Palisade Sunday Farmers' Market,Palisade,Winery/Distillery,,,2026,https://townofpalisade.mymarket.org/profiles,,Mesa,market_city
Sauvage Spectrum LLC,Palisade Sunday Farmers' Market,Palisade,Winery/Distillery,,,2026,https://townofpalisade.mymarket.org/profiles,,Mesa,market_city
3rd Eye Dyes,Pueblo Farmers Market Eastside Pop-ups,Pueblo,,,Small batched technical tie dye.,2026,https://pueblofarmersmarket.org/#vendors,,Pueblo,market_city
Barefoot Cottage Foods,Pueblo Farmers Market Eastside Pop-ups,Pueblo,,,"we sell, mushroom coffee, pickles, jams & fruit butters, and mycology products",2026,https://pueblofarmersmarket.org/#vendors,,Pueblo,market_city
Cassandra Furtick,Pueblo Farmers Market Eastside Pop-ups,Pueblo,,,Southern Style Soul food.,2026,https://pueblofarmersmarket.org/#vendors,,Pueblo,market_city
Chopped & Loaded,Pueblo Farmers Market Eastside Pop-ups,Pueblo,,,"NYC bodega street food. Born in the NYC bodegas and streets, now in Pueblo, CO",2026,https://pueblofarmersmarket.org/#vendors,,Pueblo,market_city
Double E's Lemonade & Dirty Sodas,Pueblo Farmers Market Eastside Pop-ups,Pueblo,,,Best lemonade & dirty sodas around!,2026,https://pueblofarmersmarket.org/#vendors,,Pueblo,market_city
Glen Schaffer,Pueblo Farmers Market Eastside Pop-ups,Pueblo,,,"Woodcrafts to include cutting boards, signs, bottle openers, bird houses, custom knives. Also have bbq rub and salsa mix.",2026,https://pueblofarmersmarket.org/#vendors,,Pueblo,market_city
Joann Magee,Pueblo Farmers Market Eastside Pop-ups,Pueblo,,,"We make handcrafted keepsake boxes, chess sets building brick jewelry.",2026,https://pueblofarmersmarket.org/#vendors,,Pueblo,market_city
MBI Pottery,Pueblo Farmers Market Eastside Pop-ups,Pueblo,,,"I create handmade, practical, every-day use pottery.",2026,https://pueblofarmersmarket.org/#vendors,,Pueblo,market_city
Naomi rosales,Pueblo Farmers Market Eastside Pop-ups,Pueblo,,,I am a baker who bakes low calories low sugar high protein baked goods.,2026,https://pueblofarmersmarket.org/#vendors,,Pueblo,market_city
3rd Eye Dyes,Pueblo Farmers Market,Pueblo,,,Small batched technical tie dye.,2026,https://pueblofarmersmarket.org/#vendors,,Pueblo,market_city
Barefoot Cottage Foods,Pueblo Farmers Market,Pueblo,,,"we sell, mushroom coffee, pickles, jams & fruit butters, and mycology products",2026,https://pueblofarmersmarket.org/#vendors,,Pueblo,market_city
Cassandra Furtick,Pueblo Farmers Market,Pueblo,,,Southern Style Soul food.,2026,https://pueblofarmersmarket.org/#vendors,,Pueblo,market_city
Chopped & Loaded,Pueblo Farmers Market,Pueblo,,,"NYC bodega street food. Born in the NYC bodegas and streets, now in Pueblo, CO",2026,https://pueblofarmersmarket.org/#vendors,,Pueblo,market_city
Double E's Lemonade & Dirty Sodas,Pueblo Farmers Market,Pueblo,,,Best lemonade & dirty sodas around!,2026,https://pueblofarmersmarket.org/#vendors,,Pueblo,market_city
Glen Schaffer,Pueblo Farmers Market,Pueblo,,,"Woodcrafts to include cutting boards, signs, bottle openers, bird houses, custom knives. Also have bbq rub and salsa mix.",2026,https://pueblofarmersmarket.org/#vendors,,Pueblo,market_city
Joann Magee,Pueblo Farmers Market,Pueblo,,,"We make handcrafted keepsake boxes, chess sets building brick jewelry.",2026,https://pueblofarmersmarket.org/#vendors,,Pueblo,market_city
MBI Pottery,Pueblo Farmers Market,Pueblo,,,"I create handmade, practical, every-day use pottery.",2026,https://pueblofarmersmarket.org/#vendors,,Pueblo,market_city
Naomi rosales,Pueblo Farmers Market,Pueblo,,,I am a baker who bakes low calories low sugar high protein baked goods.,2026,https://pueblofarmersmarket.org/#vendors,,Pueblo,market_city
Afton's Garden Center LLC,Ridgway Farmers Market,Ridgway,"Farm, Ranch & Flowers",,,2026,https://www.ridgwayfarmersmarket.com/our-vendors,strong,Ouray,market_city
Allen Farms West,Ridgway Farmers Market,Ridgway,"Farm, Ranch & Flowers",,,2026,https://www.ridgwayfarmersmarket.com/our-vendors,strong,Ouray,market_city
Berry Fungi Farms,Ridgway Farmers Market,Ridgway,"Farm, Ranch & Flowers",,,2026,https://www.ridgwayfarmersmarket.com/our-vendors,strong,Ouray,market_city
Birdstory Nursery,Ridgway Farmers Market,Ridgway,"Farm, Ranch & Flowers",,,2026,https://www.ridgwayfarmersmarket.com/our-vendors,strong,Ouray,market_city
Blessed Bloom Farm,Ridgway Farmers Market,Ridgway,"Farm, Ranch & Flowers",,,2026,https://www.ridgwayfarmersmarket.com/our-vendors,strong,Ouray,market_city
The Gardens of Eatin',Ridgway Farmers Market,Ridgway,"Farm, Ranch & Flowers",,,2026,https://www.ridgwayfarmersmarket.com/our-vendors,strong,Ouray,market_city
Gypsy Chicks and Blooms,Ridgway Farmers Market,Ridgway,"Farm, Ranch & Flowers",,,2026,https://www.ridgwayfarmersmarket.com/our-vendors,strong,Ouray,market_city
Hanks Hens,Ridgway Farmers Market,Ridgway,"Farm, Ranch & Flowers",,,2026,https://www.ridgwayfarmersmarket.com/our-vendors,strong,Ouray,market_city
Honey Moon Mesa,Ridgway Farmers Market,Ridgway,"Farm, Ranch & Flowers",,,2026,https://www.ridgwayfarmersmarket.com/our-vendors,strong,Ouray,market_city
Hwy 145 Craft Cuts,Ridgway Farmers Market,Ridgway,"Farm, Ranch & Flowers",,,2026,https://www.ridgwayfarmersmarket.com/our-vendors,strong,Ouray,market_city
L Bar Bell Ranch,Ridgway Farmers Market,Ridgway,"Farm, Ranch & Flowers",,,2026,https://www.ridgwayfarmersmarket.com/our-vendors,strong,Ouray,market_city
Lightborne Labs LLC,Ridgway Farmers Market,Ridgway,"Farm, Ranch & Flowers",,,2026,https://www.ridgwayfarmersmarket.com/our-vendors,strong,Ouray,market_city
Mountain Bird,Ridgway Farmers Market,Ridgway,"Farm, Ranch & Flowers",,,2026,https://www.ridgwayfarmersmarket.com/our-vendors,strong,Ouray,market_city
Power Plant,Ridgway Farmers Market,Ridgway,"Farm, Ranch & Flowers",,,2026,https://www.ridgwayfarmersmarket.com/our-vendors,strong,Ouray,market_city
San Juan Blooms,Ridgway Farmers Market,Ridgway,"Farm, Ranch & Flowers",,,2026,https://www.ridgwayfarmersmarket.com/our-vendors,strong,Ouray,market_city
Sandy Seed Farm LLC,Ridgway Farmers Market,Ridgway,"Farm, Ranch & Flowers",,,2026,https://www.ridgwayfarmersmarket.com/our-vendors,strong,Ouray,market_city
The Stone Fruit Company LLC,Ridgway Farmers Market,Ridgway,"Farm, Ranch & Flowers",,,2026,https://www.ridgwayfarmersmarket.com/our-vendors,strong,Ouray,market_city
Uncompahgre Farms,Ridgway Farmers Market,Ridgway,"Farm, Ranch & Flowers",,,2026,https://www.ridgwayfarmersmarket.com/our-vendors,strong,Ouray,market_city
Wag's World Orchards,Ridgway Farmers Market,Ridgway,"Farm, Ranch & Flowers",,,2026,https://www.ridgwayfarmersmarket.com/our-vendors,strong,Ouray,market_city
"Dutch Girl Kitchen, LLC",Ridgway Farmers Market,Ridgway,Bakeries & Sweet Treats,,,2026,https://www.ridgwayfarmersmarket.com/our-vendors,,Ouray,market_city
Gus Chocolate,Ridgway Farmers Market,Ridgway,Bakeries & Sweet Treats,,,2026,https://www.ridgwayfarmersmarket.com/our-vendors,,Ouray,market_city
Ladybird Bakery,Ridgway Farmers Market,Ridgway,Bakeries & Sweet Treats,,,2026,https://www.ridgwayfarmersmarket.com/our-vendors,,Ouray,market_city
Sugar Mama's Bakeshop & Cafe,Ridgway Farmers Market,Ridgway,Bakeries & Sweet Treats,,,2026,https://www.ridgwayfarmersmarket.com/our-vendors,,Ouray,market_city
Harvest Sips LLC,Ridgway Farmers Market,Ridgway,Specialty Food & Drink,,,2026,https://www.ridgwayfarmersmarket.com/our-vendors,,Ouray,market_city
The Italian Food Emporium,Ridgway Farmers Market,Ridgway,Specialty Food & Drink,,,2026,https://www.ridgwayfarmersmarket.com/our-vendors,,Ouray,market_city
Marmots Acai LLC,Ridgway Farmers Market,Ridgway,Specialty Food & Drink,,,2026,https://www.ridgwayfarmersmarket.com/our-vendors,,Ouray,market_city
Mesa Coffee Company,Ridgway Farmers Market,Ridgway,Specialty Food & Drink,,,2026,https://www.ridgwayfarmersmarket.com/our-vendors,,Ouray,market_city
Nom Nom Shark,Ridgway Farmers Market,Ridgway,Specialty Food & Drink,,,2026,https://www.ridgwayfarmersmarket.com/our-vendors,,Ouray,market_city
Pandemic Polly Peppers,Ridgway Farmers Market,Ridgway,Specialty Food & Drink,,,2026,https://www.ridgwayfarmersmarket.com/our-vendors,,Ouray,market_city
Suck It Fruity,Ridgway Farmers Market,Ridgway,Specialty Food & Drink,,,2026,https://www.ridgwayfarmersmarket.com/our-vendors,,Ouray,market_city
Blades by Bruce - Knife Sharpening,Ridgway Farmers Market,Ridgway,Specialty Services,,,2026,https://www.ridgwayfarmersmarket.com/our-vendors,,Ouray,market_city
Faery Marilla's Face Painting,Ridgway Farmers Market,Ridgway,Specialty Services,,,2026,https://www.ridgwayfarmersmarket.com/our-vendors,,Ouray,market_city
Fortuna Tierra Club,Ridgway Farmers Market,Ridgway,Not For Profit,,,2026,https://www.ridgwayfarmersmarket.com/our-vendors,,Ouray,market_city
Ouray County Sheriff's Posse,Ridgway Farmers Market,Ridgway,Not For Profit,,,2026,https://www.ridgwayfarmersmarket.com/our-vendors,,Ouray,market_city
"Praise Him Ministries, Inc",Ridgway Farmers Market,Ridgway,Not For Profit,,,2026,https://www.ridgwayfarmersmarket.com/our-vendors,,Ouray,market_city
Ridgway Area Chamber of Commerce,Ridgway Farmers Market,Ridgway,Not For Profit,,,2026,https://www.ridgwayfarmersmarket.com/our-vendors,,Ouray,market_city
Second Chance Humane Society,Ridgway Farmers Market,Ridgway,Not For Profit,,,2026,https://www.ridgwayfarmersmarket.com/our-vendors,,Ouray,market_city
Uncompahgre Watershed Partnership,Ridgway Farmers Market,Ridgway,Not For Profit,,,2026,https://www.ridgwayfarmersmarket.com/our-vendors,,Ouray,market_city
Colorado Wild Botanicals,Ridgway Farmers Market,Ridgway,Body Care & Wellness,,,2026,https://www.ridgwayfarmersmarket.com/our-vendors,,Ouray,market_city
Cypress Roots,Ridgway Farmers Market,Ridgway,Body Care & Wellness,,,2026,https://www.ridgwayfarmersmarket.com/our-vendors,,Ouray,market_city
Effervescent Botanicals,Ridgway Farmers Market,Ridgway,Body Care & Wellness,,,2026,https://www.ridgwayfarmersmarket.com/our-vendors,,Ouray,market_city
Fields of Glory Organic Farm,Ridgway Farmers Market,Ridgway,Body Care & Wellness,,,2026,https://www.ridgwayfarmersmarket.com/our-vendors,,Ouray,market_city
Misty Moons Elixers & Oddities,Ridgway Farmers Market,Ridgway,Body Care & Wellness,,,2026,https://www.ridgwayfarmersmarket.com/our-vendors,,Ouray,market_city
Nordic Fox Farm,Ridgway Farmers Market,Ridgway,Body Care & Wellness,,,2026,https://www.ridgwayfarmersmarket.com/our-vendors,,Ouray,market_city
A-WARE Collaborative,Ridgway Farmers Market,Ridgway,Artisans & Makers,,,2026,https://www.ridgwayfarmersmarket.com/our-vendors,,Ouray,market_city
Beeware Ceramics,Ridgway Farmers Market,Ridgway,Artisans & Makers,,,2026,https://www.ridgwayfarmersmarket.com/our-vendors,,Ouray,market_city
Belle and the Bear,Ridgway Farmers Market,Ridgway,Artisans & Makers,,,2026,https://www.ridgwayfarmersmarket.com/our-vendors,,Ouray,market_city
Black Burro Clayworks,Ridgway Farmers Market,Ridgway,Artisans & Makers,,,2026,https://www.ridgwayfarmersmarket.com/our-vendors,,Ouray,market_city
Cliff Mansanares,Ridgway Farmers Market,Ridgway,Artisans & Makers,,,2026,https://www.ridgwayfarmersmarket.com/our-vendors,,Ouray,market_city
Golden Bough Forge,Ridgway Farmers Market,Ridgway,Artisans & Makers,,,2026,https://www.ridgwayfarmersmarket.com/our-vendors,,Ouray,market_city
Haiku Moving Company,Ridgway Farmers Market,Ridgway,Artisans & Makers,,,2026,https://www.ridgwayfarmersmarket.com/our-vendors,,Ouray,market_city
Heart Centered Design LLC,Ridgway Farmers Market,Ridgway,Artisans & Makers,,,2026,https://www.ridgwayfarmersmarket.com/our-vendors,,Ouray,market_city
Jagged Edge Mountain Gear,Ridgway Farmers Market,Ridgway,Artisans & Makers,,,2026,https://www.ridgwayfarmersmarket.com/our-vendors,,Ouray,market_city
Joyelia Jewelry LLC,Ridgway Farmers Market,Ridgway,Artisans & Makers,,,2026,https://www.ridgwayfarmersmarket.com/our-vendors,,Ouray,market_city
k2create LLC,Ridgway Farmers Market,Ridgway,Artisans & Makers,,,2026,https://www.ridgwayfarmersmarket.com/our-vendors,,Ouray,market_city
KH Creative,Ridgway Farmers Market,Ridgway,Artisans & Makers,,,2026,https://www.ridgwayfarmersmarket.com/our-vendors,,Ouray,market_city
Kris Batchelder ART,Ridgway Farmers Market,Ridgway,Artisans & Makers,,,2026,https://www.ridgwayfarmersmarket.com/our-vendors,,Ouray,market_city
LeGrande Jewelry,Ridgway Farmers Market,Ridgway,Artisans & Makers,,,2026,https://www.ridgwayfarmersmarket.com/our-vendors,,Ouray,market_city
Love Lucky Dog,Ridgway Farmers Market,Ridgway,Artisans & Makers,,,2026,https://www.ridgwayfarmersmarket.com/our-vendors,,Ouray,market_city
Maclaine Eclectic LLC,Ridgway Farmers Market,Ridgway,Artisans & Makers,,,2026,https://www.ridgwayfarmersmarket.com/our-vendors,,Ouray,market_city
Rooted In Ridgway,Ridgway Farmers Market,Ridgway,Artisans & Makers,,,2026,https://www.ridgwayfarmersmarket.com/our-vendors,,Ouray,market_city
MetalRock Designs,Ridgway Farmers Market,Ridgway,Artisans & Makers,,,2026,https://www.ridgwayfarmersmarket.com/our-vendors,,Ouray,market_city
Nina Design,Ridgway Farmers Market,Ridgway,Artisans & Makers,,,2026,https://www.ridgwayfarmersmarket.com/our-vendors,,Ouray,market_city
Pathfinder,Ridgway Farmers Market,Ridgway,Artisans & Makers,,,2026,https://www.ridgwayfarmersmarket.com/our-vendors,,Ouray,market_city
Shaviq Designs,Ridgway Farmers Market,Ridgway,Artisans & Makers,,,2026,https://www.ridgwayfarmersmarket.com/our-vendors,,Ouray,market_city
Welington Martins Woodwork and Photography,Ridgway Farmers Market,Ridgway,Artisans & Makers,,,2026,https://www.ridgwayfarmersmarket.com/our-vendors,,Ouray,market_city
Winter Moon Gifts,Ridgway Farmers Market,Ridgway,Artisans & Makers,,,2026,https://www.ridgwayfarmersmarket.com/our-vendors,,Ouray,market_city
Rocky Mountain Garlic,Salida Farmers Market,Salida,Farmers,"Salida, CO","Find vegetables, fruit, dried goods, pickled goods, merchandise, flowers and of course, garlic!",2026,https://www.foodshedalliance.com/meet-our-vendors,strong,Chaffee,location_stated
The Triangle Oasis,Salida Farmers Market,Salida,Farmers,"Salida, CO","Find vegetables, fruit, roasted chilies, herbs, sausage, merchandise, flowers and more.",2026,https://www.foodshedalliance.com/meet-our-vendors,strong,Chaffee,location_stated
Sweet Pea Farms,Salida Farmers Market,Salida,Farmers,"Salida, CO","Find high Altitude Wildflower Honeys, flavored honeys, honey & honey straws & candy. Eggs, pork, & fresh produce all raised here on farm. Handmade balms & salves made with raw beeswax. Beeswax candles",2026,https://www.foodshedalliance.com/meet-our-vendors,strong,Chaffee,location_stated
Headwater Farms,Salida Farmers Market,Salida,Farmers,"Buena Vista, CO","Find vegetables, fruit, plant starts, merchandise, flowers, and more.",2026,https://www.foodshedalliance.com/meet-our-vendors,strong,Chaffee,location_stated
Greg's Gourmet Greens,Salida Farmers Market,Salida,Farmers,"Poncha Springs, CO","Find microgreens, teas, herbs, spices, and powders.",2026,https://www.foodshedalliance.com/meet-our-vendors,strong,Chaffee,location_stated
Alpine Valley Mushrooms,Salida Farmers Market,Salida,Farmers,"Saguache, CO","Find locally grown mushrooms, fresh and dried, as well as mushroom tinctures and extracts.",2026,https://www.foodshedalliance.com/meet-our-vendors,strong,Saguache,location_stated
Palisade Peach Shack,Salida Farmers Market,Salida,Farmers,"Palisade, CO","Find fresh peaches, cantaloupe, watermelon, cherries, jams, jellies, baking mixes, corn, and more.",2026,https://www.foodshedalliance.com/meet-our-vendors,strong,Mesa,location_stated
Microgreen Creations LLC,Salida Farmers Market,Salida,Farmers,,"Find Micro and Baby Herbs/Greens, and mushrooms.",2026,https://www.foodshedalliance.com/meet-our-vendors,strong,Chaffee,market_city
Miss Penn's Mountain Seeds,Salida Farmers Market,Salida,Farmers,,"Find Lots of seeds, and some Rosemary or Sage sprigs.",2026,https://www.foodshedalliance.com/meet-our-vendors,strong,Chaffee,market_city
Foxtown Farm,Salida Farmers Market,Salida,Farmers,,"Find Ginger Honey Syrup, Golden Milk Honey Syrup, Turmeric Honey Syrup, Elderberry Ginger Honey Syrup, and Fire Cider.",2026,https://www.foodshedalliance.com/meet-our-vendors,strong,Chaffee,market_city
Feedsack Flowers,Salida Farmers Market,Salida,Farmers,"Center, CO","Find fresh cut flowers sold as bouquets; dried floral creations, and pressed flower art.",2026,https://www.foodshedalliance.com/meet-our-vendors,strong,Saguache,location_stated
Westcliffe Honey Company,Salida Farmers Market,Salida,Farmers,"Westcliffe, Colorado","Find creamed honey in rotating seasonal flavors, Infused honeys such as bourbon-barrel-aged honey (using barrels from Wood's High Mountain Distillery) and hot/spicy honey, Comb honey, 100% beeswax can",2026,https://www.foodshedalliance.com/meet-our-vendors,strong,Custer,location_stated
Bristlecone Bakeshop,Salida Farmers Market,Salida,Bakers,"Alma, CO","Find sourdough bread of many varieties, cookies, scones, danishes, crossiant's, pastries and more.",2026,https://www.foodshedalliance.com/meet-our-vendors,,Park,location_stated
Canon Bread Basket,Salida Farmers Market,Salida,Bakers,"Canon City, CO","Find sourdough Breads, cinnamon rolls, pizza crusts, cookies, English muffins, focaccia.",2026,https://www.foodshedalliance.com/meet-our-vendors,,Fremont,location_stated
Cabin Kitchen Co,Salida Farmers Market,Salida,Bakers,"Westcliffe, CO","Find Swedish buns (cardamom, sugar, cinnamon, fruit varieties), European cookies (pepparkakor, pizzelles, Swedish dream), our signature cookies (cabin, wildflower almond, black cocoa), pies, toffee, c",2026,https://www.foodshedalliance.com/meet-our-vendors,,Custer,location_stated
Banyan Breads,Salida Farmers Market,Salida,Bakers,"Salida, CO","Find sourdough bread, babka and other baked goods.",2026,https://www.foodshedalliance.com/meet-our-vendors,,Chaffee,location_stated
Kristy's Sweet Garden,Salida Farmers Market,Salida,Bakers,"Salida, CO","Find decorated sugar cookies, chocolate chip cookies, peanut butter cookies, cranberry nut cookies, lemon crinkle cookies, chocolate crinkle cookies, gingersnap cookies, strawberry shortbread cookies,",2026,https://www.foodshedalliance.com/meet-our-vendors,,Chaffee,location_stated
Raisin Rye,Salida Farmers Market,Salida,Bakers,"Del Norte, CO",Find sourdough breads. Rye bread. Scones. Muffins. Cookies. Gluten-free brownies. Sourdough bagels.,2026,https://www.foodshedalliance.com/meet-our-vendors,,Rio Grande,location_stated
Rama's Bread,Salida Farmers Market,Salida,Bakers,"Salida, CO","Find Turkish breads, baklava, and sweets.",2026,https://www.foodshedalliance.com/meet-our-vendors,,Chaffee,location_stated
Martha's Woodfired,Salida Farmers Market,Salida,Bakers,"Westcliffe, CO","Find baked goods such as donuts, pies, hand pies, fry pies, bread, cinnamon rolls, cakes, pastries, and more.",2026,https://www.foodshedalliance.com/meet-our-vendors,,Custer,location_stated
Hoots,Salida Farmers Market,Salida,Bakers,,"Find fruit mini pies with rotating fruit fillings and floral and plant themed plates, vases, coasters, jewelry/soap holders, earrings and pendants. Depending on the flower bloom this season I may also",2026,https://www.foodshedalliance.com/meet-our-vendors,,Chaffee,market_city
Rosario's Tamales,Salida Farmers Market,Salida,Concessionaire Vendors,"Colorado Springs, CO",Find fresh and ready to eat tamales.,2026,https://www.foodshedalliance.com/meet-our-vendors,,El Paso,location_stated
Coffee by Topo,Salida Farmers Market,Salida,Concessionaire Vendors,"Salida, CO","Find fresh hot coffee, cold brew, chai, golden milk, scones, baked goods, merchandise, and more.",2026,https://www.foodshedalliance.com/meet-our-vendors,,Chaffee,location_stated
Ride On,Salida Farmers Market,Salida,Concessionaire Vendors,"Salida, CO","Find fresh smoothies, acai bowls, juices, wellness shots, vegan deserts, and more.",2026,https://www.foodshedalliance.com/meet-our-vendors,,Chaffee,location_stated
Crepe Magouille,Salida Farmers Market,Salida,Concessionaire Vendors,"Salida, CO","Find traditional crepes all the way from Brittany, France.",2026,https://www.foodshedalliance.com/meet-our-vendors,,Chaffee,location_stated
Divided Pie,Salida Farmers Market,Salida,Concessionaire Vendors,"Salida, CO",Find wood-fired pizza.,2026,https://www.foodshedalliance.com/meet-our-vendors,,Chaffee,location_stated
DogGurt,Salida Farmers Market,Salida,Concessionaire Vendors,"Salida, CO","Find all natural, healthy, frozen treats that your dog will LOVE.",2026,https://www.foodshedalliance.com/meet-our-vendors,,Chaffee,location_stated
El Toque,Salida Farmers Market,Salida,Concessionaire Vendors,"Salida, CO","Find breakfast sandwiches, breakfast burritos, juice (guava and mango), lunch (red beans + meat + salad).",2026,https://www.foodshedalliance.com/meet-our-vendors,,Chaffee,location_stated
EJ's Smashed Burgers,Salida Farmers Market,Salida,Concessionaire Vendors,"Salida, CO",,2026,https://www.foodshedalliance.com/meet-our-vendors,,Chaffee,location_stated
Mantis Kitchen,Salida Farmers Market,Salida,Concessionaire Vendors,"Salida, CO","Find fresh, nutritious, delicious food sourced from in and around both the San Luis and Arkansas Valley.",2026,https://www.foodshedalliance.com/meet-our-vendors,,Chaffee,location_stated
Mix LTD,Salida Farmers Market,Salida,Concessionaire Vendors,,"Find handcrafted herbal elixirs on tap served over fresh shaved ice, ceremonial drinking chocolate, fair-trade cacao powders and bars, and artisanal functional mushroom truffles. In addition, we offer",2026,https://www.foodshedalliance.com/meet-our-vendors,,Chaffee,market_city
Plum Crazy Pasta,Salida Farmers Market,Salida,Concessionaire Vendors,"Salida, CO",Find ravioli and sauces.,2026,https://www.foodshedalliance.com/meet-our-vendors,,Chaffee,location_stated
Saigon Street Kitchen,Salida Farmers Market,Salida,Concessionaire Vendors,,"Find fresh veggie and shrimp spring rolls, lemongrass chicken skewers, Vietnamese coffee, pickled daikon radish and carrots.",2026,https://www.foodshedalliance.com/meet-our-vendors,,Chaffee,market_city
Salida Distillery,Salida Farmers Market,Salida,Concessionaire Vendors,"Salida, CO","Find craft spirits such as: Aquamarine Vodka, WaterRights Gin & StagRabbit Bourbon.",2026,https://www.foodshedalliance.com/meet-our-vendors,,Chaffee,location_stated
The Toasted Cheezer,Salida Farmers Market,Salida,Concessionaire Vendors,"Salida, CO","Find comfort grilled cheese sandwiches and scratch-made soups. They also offer a variety of drinks, chips, baked goods & avocado toasts.",2026,https://www.foodshedalliance.com/meet-our-vendors,,Chaffee,location_stated
Badger Creek Ranch,Salida Farmers Market,Salida,Ranchers,"Coaldale, CO","Find beef, pork, lamb, and eggs.",2026,https://www.foodshedalliance.com/meet-our-vendors,strong,Fremont,location_stated
Buck and Bloom Cheese Co,Salida Farmers Market,Salida,Ranchers,"Buena Vista, CO","Find fresh Cheese Curds, Chevre, Fromage Blanc, Highland, Hatch Pepperjack, Casdoprh Cheddar, Goat Feta, Red Rock, Mont Creme Camembert, Farm Fresh Eggs.",2026,https://www.foodshedalliance.com/meet-our-vendors,strong,Chaffee,location_stated
Arrowpoint Cattle Co,Salida Farmers Market,Salida,Ranchers,"Buena Vista, CO","Find highland beef, steak, pork and eggs.",2026,https://www.foodshedalliance.com/meet-our-vendors,strong,Chaffee,location_stated
Raia Sunshine Creations,Salida Farmers Market,Salida,Artisan Vendors,"Salida, CO","Find stone and silver jewelry including rings, pendants, earrings, and bracelets.",2026,https://www.foodshedalliance.com/meet-our-vendors,,Chaffee,location_stated
Copper Gulch,Salida Farmers Market,Salida,Artisan Vendors,"Westcliffe, CO","Find mountain inspired jewelry, magnets, framed art, and hand stitched leather bags.",2026,https://www.foodshedalliance.com/meet-our-vendors,,Custer,location_stated
The Hodgepodge,Salida Farmers Market,Salida,Artisan Vendors,"Salida, CO","Find aprons, tote bags, napkins, placemats, quilts, fanny packs, pillow cases and more.",2026,https://www.foodshedalliance.com/meet-our-vendors,,Chaffee,location_stated
Heavenly Flower Jewelry,Salida Farmers Market,Salida,Artisan Vendors,"Buena Vista, CO",Find handcrafted seed bead and gemstone jewelry.,2026,https://www.foodshedalliance.com/meet-our-vendors,,Chaffee,location_stated
Funky Cat Macrame,Salida Farmers Market,Salida,Artisan Vendors,"Salida, CO","Find handcrafted macrame plant holders, hat holders, key chains,",2026,https://www.foodshedalliance.com/meet-our-vendors,,Chaffee,location_stated
Abby Lou Pottery,Salida Farmers Market,Salida,Artisan Vendors,"Howard, CO","Find handmade pottery including drinkware, vases, bowls and more.",2026,https://www.foodshedalliance.com/meet-our-vendors,,Fremont,location_stated
Andiamo Woodworking,Salida Farmers Market,Salida,Artisan Vendors,"Cotopaxi, CO","Find hardwood rolling pins, cutting/serving boards, woodenware for kitchen use, small wooden bowls, and small pieces of furniture.",2026,https://www.foodshedalliance.com/meet-our-vendors,,Fremont,location_stated
BagzNBeadz,Salida Farmers Market,Salida,Artisan Vendors,"Salida, CO","Find Bucket hats, boho bags, pet beds made from scraps, skirts made from recycled ties.",2026,https://www.foodshedalliance.com/meet-our-vendors,,Chaffee,location_stated
Bergspitze,Salida Farmers Market,Salida,Artisan Vendors,"Buena Vista, CO",Find leggings and beanies.,2026,https://www.foodshedalliance.com/meet-our-vendors,,Chaffee,location_stated
Better Birdwatching,Salida Farmers Market,Salida,Artisan Vendors,"Woodland Park, CO",Find your go-to book for bird watching.,2026,https://www.foodshedalliance.com/meet-our-vendors,,Teller,location_stated
Color Me Timbers,Salida Farmers Market,Salida,Artisan Vendors,"Salida, CO",Find tie dye socks and overalls.,2026,https://www.foodshedalliance.com/meet-our-vendors,,Chaffee,location_stated
Corvus,Salida Farmers Market,Salida,Artisan Vendors,"Salida, CO","Find screen printed Salida specific t-shirts, other original shirt designs, sweatshirts, tote bags, handmade leather wallets and bags.",2026,https://www.foodshedalliance.com/meet-our-vendors,,Chaffee,location_stated
Dancing Tree Designs,Salida Farmers Market,Salida,Artisan Vendors,"Salida, CO","Find upscaled recycled wearable art garments (t shirts, dresses, bags, trousers, skirts) percentage of sales support Salida circus outreach foundation.",2026,https://www.foodshedalliance.com/meet-our-vendors,,Chaffee,location_stated
Earthkind Refills,Salida Farmers Market,Salida,Artisan Vendors,,"Find handmade pottery. Refillable castile soap, dish soap, hand soap, bar soap, bar lotion, detergent, cleaning concentrate, Eco-conscious personal care products: refillable shampoo, conditioner, loti",2026,https://www.foodshedalliance.com/meet-our-vendors,,Chaffee,market_city
Fine and Feral Collective,Salida Farmers Market,Salida,Artisan Vendors,"Fairplay, CO","Find handmade jewelry - specifically necklaces, bracelets, sunglasses chains. Liz also sells original paintings on skateboards and rafting paddles and will sell prints of those paintings (hopefully by",2026,https://www.foodshedalliance.com/meet-our-vendors,,Park,location_stated
Glitterbug Face Painting,Salida Farmers Market,Salida,Artisan Vendors,"Salida, CO",Find face painting!,2026,https://www.foodshedalliance.com/meet-our-vendors,,Chaffee,location_stated
Heart Speak Journeys,Salida Farmers Market,Salida,Artisan Vendors,,"Interactive storybook sets for kids, scavenger hunts to promote language, themed photo cards with picture symbol stickers to support all writers.",2026,https://www.foodshedalliance.com/meet-our-vendors,,Chaffee,market_city
Imprint Collective,Salida Farmers Market,Salida,Artisan Vendors,"Salida, CO","Find Organic cotton underlayer (t-shirts, tanks, bralettes) - eco-printed and undyed versions, Cotton bandana's - various natural dye techniques and designs, Red willow baskets, Crocheted market bags,",2026,https://www.foodshedalliance.com/meet-our-vendors,,Chaffee,location_stated
Kerstin Stock Art,Salida Farmers Market,Salida,Artisan Vendors,,"Find original paintings, prints, note cards, stickers and puzzles.",2026,https://www.foodshedalliance.com/meet-our-vendors,,Chaffee,market_city
Mountain Farmhouse Soapery,Salida Farmers Market,Salida,Artisan Vendors,"Canon City, CO","Find goatmilk soap, lotion, body butter, and beef tallow products.",2026,https://www.foodshedalliance.com/meet-our-vendors,,Fremont,location_stated
Paws & Co Boutique,Salida Farmers Market,Salida,Artisan Vendors,"Salida, CO","Reversible (two coordinating patterns) snap pet bandanas, pet bows with elastic (attaches to the pet's collar), potty bag holders (with a full roll of potty bags included), keychain wristlets, scrunch",2026,https://www.foodshedalliance.com/meet-our-vendors,,Chaffee,location_stated
Remy Buxton Woodworks,Salida Farmers Market,Salida,Artisan Vendors,"Salida, CO",Find handmade quality cutting boards.,2026,https://www.foodshedalliance.com/meet-our-vendors,,Chaffee,location_stated
Repair is Radical,Salida Farmers Market,Salida,Artisan Vendors,,"Find clay: house chonks, trinket shelves of various sizes, star key hangs, mugs, useful kitchen items, miniature chairs and benches, gingerbread houses. fabric: banners/flags, patches, mends on site,",2026,https://www.foodshedalliance.com/meet-our-vendors,,Chaffee,market_city
Sacred Ways,Salida Farmers Market,Salida,Artisan Vendors,,Find healing jewelry.,2026,https://www.foodshedalliance.com/meet-our-vendors,,Chaffee,market_city
Book Club Salida,Salida Farmers Market,Salida,Artisan Vendors,"Salida, CO",Find new and used books.,2026,https://www.foodshedalliance.com/meet-our-vendors,,Chaffee,location_stated
Salida Ceramics,Salida Farmers Market,Salida,Artisan Vendors,"Salida, CO",Find all your fixes for ceramics.,2026,https://www.foodshedalliance.com/meet-our-vendors,,Chaffee,location_stated
Terra Forma Studios,Salida Farmers Market,Salida,Artisan Vendors,"Gunnison, CO",Find functional Ceramic Wares and Sculpture.,2026,https://www.foodshedalliance.com/meet-our-vendors,,Gunnison,location_stated
Up in the Woods,Salida Farmers Market,Salida,Artisan Vendors,,"Find recycled pieces also known as ""fabric collages"" as well as hand-made pottery. Both are mostly functional such as hand bags, totes, mugs, vase, etc. Every piece is unique, no two things are the sa",2026,https://www.foodshedalliance.com/meet-our-vendors,,Chaffee,market_city
Wonderland Leather LLC,Salida Farmers Market,Salida,Artisan Vendors,,"Find Purses, belts, wallets, wine totes and wall racks, log carriers, valet trays, laptop totes/satchels, notepads/folios, leather and waxed canvas aprons, baskets, glasses cases, bracelets, key fobs,",2026,https://www.foodshedalliance.com/meet-our-vendors,,Chaffee,market_city
Woof n Wag Snack Shack,Salida Farmers Market,Salida,Artisan Vendors,,"Find dog treats, dog bandanas, bow ties, dog poop bag holders, collars, handmade human accessories such as totes, card holders, pouches etc. and stickers.",2026,https://www.foodshedalliance.com/meet-our-vendors,,Chaffee,market_city
Sex Plants Rock N Roll,Salida Farmers Market,Salida,Herbal & Skincare Vendors,"Salida, CO","Find music inspired, micro batch handmade with wildcrafted and organically homegrown medicinal herbs.",2026,https://www.foodshedalliance.com/meet-our-vendors,,Chaffee,location_stated
Salida Sunshine Botanicals,Salida Farmers Market,Salida,Herbal & Skincare Vendors,"Salida, CO","Find herbal creams, lotions, serums, hydrosols, cleansers, and body oils.",2026,https://www.foodshedalliance.com/meet-our-vendors,,Chaffee,location_stated
Source Botanicals,Salida Farmers Market,Salida,Herbal & Skincare Vendors,"Salida, CO","Find organic, naturally dyed clothes including hoodies, shirts, produce bags, beeswax wraps, salve, tinctures, body butter and small pine needle baskets.",2026,https://www.foodshedalliance.com/meet-our-vendors,,Chaffee,location_stated
Ecozoica Apothecary,Salida Farmers Market,Salida,Herbal & Skincare Vendors,,"Find a variety of handcrafted herbal and botanical products, including: Herbal salves, liniments, misters, and body butters, Alcohol, apple cider vinegar, raw honey, and glycerin-based tinctures, extr",2026,https://www.foodshedalliance.com/meet-our-vendors,,Chaffee,market_city
Gabba Gabba Naturals,Salida Farmers Market,Salida,Herbal & Skincare Vendors,,"Honey &amp; beeswax soaps, skin, balm, shaving bars, shampoo bars, beard balm, skin lotion, lip balm, organic sugar scrub, cedar, soap dishes (made in house).",2026,https://www.foodshedalliance.com/meet-our-vendors,,Chaffee,market_city
Wild Meadow Handmade,Salida Farmers Market,Salida,Herbal & Skincare Vendors,,"Find Tallow Lotion, Tallow whipped Balm, Tallow lip balm, Tallow Moisture Cream, Sweet Bums baby Booty Balm and diaper rash cream, and Tallow face cream.",2026,https://www.foodshedalliance.com/meet-our-vendors,,Chaffee,market_city
Colorado State University Extension,Salida Farmers Market,Salida,Service and Info vendors,"Poncha Springs, CO","Offering fact sheets about planting trees, managing pests, diseases and weeds in vegetable gardens, and Colorado Master Gardener Volunteers will be at the market to help diagnose and troubleshoot issu",2026,https://www.foodshedalliance.com/meet-our-vendors,,Chaffee,location_stated
Elemental 5,Salida Farmers Market,Salida,Service and Info vendors,"Poncha Springs, CO",Offering fun activities to families at the farmers market as well as an on site aerobatics apparatus course and bouncy house!,2026,https://www.foodshedalliance.com/meet-our-vendors,,Chaffee,location_stated
Central Colorado Conservancy,Salida Farmers Market,Salida,Service and Info vendors,"Salida, CO","Offering information about conservation easements and restoration projects, to programs partnering with agriculture producers and educating our communities on the importance of conservation.",2026,https://www.foodshedalliance.com/meet-our-vendors,,Chaffee,location_stated
Columbine Gem and Mineral Society,Salida Farmers Market,Salida,Service and Info vendors,Chaffee County,"Find all the info you need with this public, non-profit club serving the geologists, prospectors, lapidaries, and jewelers of Chaffee County, CO.",2026,https://www.foodshedalliance.com/meet-our-vendors,,Chaffee,location_stated
KHEN,Salida Farmers Market,Salida,Service and Info vendors,"Salida, CO","Offering music all day long from your favorite community radio station for the people, by the people.",2026,https://www.foodshedalliance.com/meet-our-vendors,,Chaffee,location_stated
Mountain Mamas,Salida Farmers Market,Salida,Service and Info vendors,,"Offering information on having safe, healthy outdoor public spaces for our families to connect with nature and each other.",2026,https://www.foodshedalliance.com/meet-our-vendors,,Chaffee,market_city
Abundant Life Organic Farms,Telluride Farmers' Market,Telluride,Produce,"Hotchkiss, CO","Using a blend of organic practices and cutting edge technologies to bring healthy, organically grown produce to market.",2026,https://www.thetelluridefarmersmarket.com/our-vendors,strong,Delta,location_stated
Telluride Mushroom Company,Telluride Farmers' Market,Telluride,Produce,,,2026,https://www.thetelluridefarmersmarket.com/our-vendors,strong,San Miguel,market_city
Zephyros Farm & Gardens,Telluride Farmers' Market,Telluride,Produce,,,2026,https://www.thetelluridefarmersmarket.com/our-vendors,strong,San Miguel,market_city
Root Rock Farm,Telluride Farmers' Market,Telluride,Produce,"Orchard City, Colorado",,2026,https://www.thetelluridefarmersmarket.com/our-vendors,strong,Delta,location_stated
Uncompahgre Farms,Telluride Farmers' Market,Telluride,Meat and Eggs,,,2026,https://www.thetelluridefarmersmarket.com/our-vendors,strong,San Miguel,market_city
Happy Hive Farmstead,Telluride Farmers' Market,Telluride,Meat and Eggs,,,2026,https://www.thetelluridefarmersmarket.com/our-vendors,strong,San Miguel,market_city
Breen Mesa Creamery,Telluride Farmers' Market,Telluride,Prepared Food,,,2026,https://www.thetelluridefarmersmarket.com/our-vendors,,San Miguel,market_city
Luv Tempeh,Telluride Farmers' Market,Telluride,Prepared Food,,,2026,https://www.thetelluridefarmersmarket.com/our-vendors,,San Miguel,market_city
Mountain Stir Fry,Telluride Farmers' Market,Telluride,Prepared Food,,,2026,https://www.thetelluridefarmersmarket.com/our-vendors,,San Miguel,market_city
The Pie Maker Bakery,Telluride Farmers' Market,Telluride,Prepared Food,,,2026,https://www.thetelluridefarmersmarket.com/our-vendors,,San Miguel,market_city
Fenceline Cider,Telluride Farmers' Market,Telluride,Prepared Food,,,2026,https://www.thetelluridefarmersmarket.com/our-vendors,,San Miguel,market_city
Rusty Rhino,Telluride Farmers' Market,Telluride,Prepared Food,,,2026,https://www.thetelluridefarmersmarket.com/our-vendors,,San Miguel,market_city
A Little Twisted,Telluride Farmers' Market,Telluride,Artisan Crafts & More,,,2026,https://www.thetelluridefarmersmarket.com/our-vendors,,San Miguel,market_city
Meme,Telluride Farmers' Market,Telluride,Artisan Crafts & More,,,2026,https://www.thetelluridefarmersmarket.com/our-vendors,,San Miguel,market_city
Moon Bear Jewels,Telluride Farmers' Market,Telluride,Artisan Crafts & More,,,2026,https://www.thetelluridefarmersmarket.com/our-vendors,,San Miguel,market_city
San Juan Artisans,Telluride Farmers' Market,Telluride,Artisan Crafts & More,,,2026,https://www.thetelluridefarmersmarket.com/our-vendors,,San Miguel,market_city
Simply Magnetic,Telluride Farmers' Market,Telluride,Artisan Crafts & More,,,2026,https://www.thetelluridefarmersmarket.com/our-vendors,,San Miguel,market_city
Singing Springs Botanicals,Telluride Farmers' Market,Telluride,Artisan Crafts & More,,,2026,https://www.thetelluridefarmersmarket.com/our-vendors,,San Miguel,market_city
Tim's Naturals,Telluride Farmers' Market,Telluride,Artisan Crafts & More,,,2026,https://www.thetelluridefarmersmarket.com/our-vendors,,San Miguel,market_city
Southwest Designs in Jewelry,Telluride Farmers' Market,Telluride,Artisan Crafts & More,,,2026,https://www.thetelluridefarmersmarket.com/our-vendors,,San Miguel,market_city
Sue Hill Design,Telluride Farmers' Market,Telluride,Artisan Crafts & More,,,2026,https://www.thetelluridefarmersmarket.com/our-vendors,,San Miguel,market_city
Thread Metal Stone,Telluride Farmers' Market,Telluride,Artisan Crafts & More,,,2026,https://www.thetelluridefarmersmarket.com/our-vendors,,San Miguel,market_city
Tri-County Health Network,Telluride Farmers' Market,Telluride,Non-profits,,,2026,https://www.thetelluridefarmersmarket.com/our-vendors,,San Miguel,market_city
Second Chance Humane Society,Telluride Farmers' Market,Telluride,Non-profits,,,2026,https://www.thetelluridefarmersmarket.com/our-vendors,,San Miguel,market_city
Colorado State University Extension,Telluride Farmers' Market,Telluride,Non-profits,,,2026,https://www.thetelluridefarmersmarket.com/our-vendors,,San Miguel,market_city
Telluride Mountain Club,Telluride Farmers' Market,Telluride,Non-profits,,,2026,https://www.thetelluridefarmersmarket.com/our-vendors,,San Miguel,market_city
Berry Fungi Farms,The Arbol Farmers Market,Paonia,,,,2026,https://www.thelearningcouncil.org/arbol-farmers-market,medium,Delta,market_city
Fire Mountain Ranch,The Arbol Farmers Market,Paonia,,,,2026,https://www.thelearningcouncil.org/arbol-farmers-market,medium,Delta,market_city
Ground Dweller Baskets,The Arbol Farmers Market,Paonia,,,,2026,https://www.thelearningcouncil.org/arbol-farmers-market,,Delta,market_city
Honey Moon Mesa,The Arbol Farmers Market,Paonia,,,,2026,https://www.thelearningcouncil.org/arbol-farmers-market,medium,Delta,market_city
Living Springs Farm,The Arbol Farmers Market,Paonia,,,,2026,https://www.thelearningcouncil.org/arbol-farmers-market,medium,Delta,market_city
Matt's Artisan Bread,The Arbol Farmers Market,Paonia,,,,2026,https://www.thelearningcouncil.org/arbol-farmers-market,,Delta,market_city
Rock n Roots,The Arbol Farmers Market,Paonia,,,,2026,https://www.thelearningcouncil.org/arbol-farmers-market,,Delta,market_city
Root Rock Farm,The Arbol Farmers Market,Paonia,,,,2026,https://www.thelearningcouncil.org/arbol-farmers-market,medium,Delta,market_city
Sunshine Beef,The Arbol Farmers Market,Paonia,,,,2026,https://www.thelearningcouncil.org/arbol-farmers-market,medium,Delta,market_city
Taylor Bobowicz Designs,The Arbol Farmers Market,Paonia,,,,2026,https://www.thelearningcouncil.org/arbol-farmers-market,,Delta,market_city
Thistle Whistle Farm,The Arbol Farmers Market,Paonia,,,,2026,https://www.thelearningcouncil.org/arbol-farmers-market,medium,Delta,market_city
Woolly Colorado,The Arbol Farmers Market,Paonia,,,,2026,https://www.thelearningcouncil.org/arbol-farmers-market,,Delta,market_city
19C Workshop,The Backyard Market in Black Forest,Colorado Springs,,,,2026,https://thebackyardmarkets.com/black-forest-market,,El Paso,market_city
All Natural Homestead Beef,The Backyard Market in Black Forest,Colorado Springs,,,,2026,https://thebackyardmarkets.com/black-forest-market,medium,El Paso,market_city
Arts of SoCo,The Backyard Market in Black Forest,Colorado Springs,,,,2026,https://thebackyardmarkets.com/black-forest-market,,El Paso,market_city
Bay Water Bagels,The Backyard Market in Black Forest,Colorado Springs,,,,2026,https://thebackyardmarkets.com/black-forest-market,,El Paso,market_city
BioBru,The Backyard Market in Black Forest,Colorado Springs,,,,2026,https://thebackyardmarkets.com/black-forest-market,,El Paso,market_city
Black Moon Oven,The Backyard Market in Black Forest,Colorado Springs,,,,2026,https://thebackyardmarkets.com/black-forest-market,,El Paso,market_city
Black Squirrel,The Backyard Market in Black Forest,Colorado Springs,,,,2026,https://thebackyardmarkets.com/black-forest-market,,El Paso,market_city
Blackhat Distillery,The Backyard Market in Black Forest,Colorado Springs,,,,2026,https://thebackyardmarkets.com/black-forest-market,,El Paso,market_city
Bluejays Winery,The Backyard Market in Black Forest,Colorado Springs,,,,2026,https://thebackyardmarkets.com/black-forest-market,,El Paso,market_city
Bob's Roasted Nuts,The Backyard Market in Black Forest,Colorado Springs,,,,2026,https://thebackyardmarkets.com/black-forest-market,,El Paso,market_city
Campfire Coffee,The Backyard Market in Black Forest,Colorado Springs,,,,2026,https://thebackyardmarkets.com/black-forest-market,,El Paso,market_city
Cheez Me,The Backyard Market in Black Forest,Colorado Springs,,,,2026,https://thebackyardmarkets.com/black-forest-market,,El Paso,market_city
Chile Roasting by Booming Blooms of Colorado,The Backyard Market in Black Forest,Colorado Springs,,,,2026,https://thebackyardmarkets.com/black-forest-market,,El Paso,market_city
CinnaQueen Bakery,The Backyard Market in Black Forest,Colorado Springs,,,,2026,https://thebackyardmarkets.com/black-forest-market,,El Paso,market_city
Crafton's Summit Sourdough,The Backyard Market in Black Forest,Colorado Springs,,,,2026,https://thebackyardmarkets.com/black-forest-market,,El Paso,market_city
Crossed Arrows Creative Woodworking,The Backyard Market in Black Forest,Colorado Springs,,,,2026,https://thebackyardmarkets.com/black-forest-market,,El Paso,market_city
Dukkha Pastries & Essentials LLC,The Backyard Market in Black Forest,Colorado Springs,,,,2026,https://thebackyardmarkets.com/black-forest-market,,El Paso,market_city
Dusty Dog Woodworks,The Backyard Market in Black Forest,Colorado Springs,,,,2026,https://thebackyardmarkets.com/black-forest-market,,El Paso,market_city
Elevated Chex,The Backyard Market in Black Forest,Colorado Springs,,,,2026,https://thebackyardmarkets.com/black-forest-market,,El Paso,market_city
Elevated Elderberry,The Backyard Market in Black Forest,Colorado Springs,,,,2026,https://thebackyardmarkets.com/black-forest-market,,El Paso,market_city
Ellen's Flowers,The Backyard Market in Black Forest,Colorado Springs,,,,2026,https://thebackyardmarkets.com/black-forest-market,medium,El Paso,market_city
Emily's Flavor Blast,The Backyard Market in Black Forest,Colorado Springs,,,,2026,https://thebackyardmarkets.com/black-forest-market,,El Paso,market_city
Erik the Blade Sharpener,The Backyard Market in Black Forest,Colorado Springs,,,,2026,https://thebackyardmarkets.com/black-forest-market,,El Paso,market_city
Fat Flower,The Backyard Market in Black Forest,Colorado Springs,,,,2026,https://thebackyardmarkets.com/black-forest-market,medium,El Paso,market_city
Forest Green Pottery,The Backyard Market in Black Forest,Colorado Springs,,,,2026,https://thebackyardmarkets.com/black-forest-market,,El Paso,market_city
Fox Meadow Farm,The Backyard Market in Black Forest,Colorado Springs,,,,2026,https://thebackyardmarkets.com/black-forest-market,medium,El Paso,market_city
Fungus Farm Colorado,The Backyard Market in Black Forest,Colorado Springs,,,,2026,https://thebackyardmarkets.com/black-forest-market,medium,El Paso,market_city
Further Up Farms,The Backyard Market in Black Forest,Colorado Springs,,,,2026,https://thebackyardmarkets.com/black-forest-market,medium,El Paso,market_city
Gill's Dills,The Backyard Market in Black Forest,Colorado Springs,,,,2026,https://thebackyardmarkets.com/black-forest-market,,El Paso,market_city
Golden Pine Coffee Roasters,The Backyard Market in Black Forest,Colorado Springs,,,,2026,https://thebackyardmarkets.com/black-forest-market,,El Paso,market_city
Healthy Harvest Gardens,The Backyard Market in Black Forest,Colorado Springs,,,,2026,https://thebackyardmarkets.com/black-forest-market,medium,El Paso,market_city
Hidy Honey,The Backyard Market in Black Forest,Colorado Springs,,,,2026,https://thebackyardmarkets.com/black-forest-market,medium,El Paso,market_city
Jojo's Apothecary,The Backyard Market in Black Forest,Colorado Springs,,,,2026,https://thebackyardmarkets.com/black-forest-market,,El Paso,market_city
KnK Soap Haus,The Backyard Market in Black Forest,Colorado Springs,,,,2026,https://thebackyardmarkets.com/black-forest-market,,El Paso,market_city
Kraken Kernels,The Backyard Market in Black Forest,Colorado Springs,,,,2026,https://thebackyardmarkets.com/black-forest-market,,El Paso,market_city
Little Wildflower Co.,The Backyard Market in Black Forest,Colorado Springs,,,,2026,https://thebackyardmarkets.com/black-forest-market,,El Paso,market_city
Lynda Sue's Kitchen,The Backyard Market in Black Forest,Colorado Springs,,,,2026,https://thebackyardmarkets.com/black-forest-market,,El Paso,market_city
Lyndsey Rieple Jewelry,The Backyard Market in Black Forest,Colorado Springs,,,,2026,https://thebackyardmarkets.com/black-forest-market,,El Paso,market_city
Minions Ranch,The Backyard Market in Black Forest,Colorado Springs,,,,2026,https://thebackyardmarkets.com/black-forest-market,medium,El Paso,market_city
Mountain Tea Leaves,The Backyard Market in Black Forest,Colorado Springs,,,,2026,https://thebackyardmarkets.com/black-forest-market,,El Paso,market_city
Mountain Wild Kimchi LLC,The Backyard Market in Black Forest,Colorado Springs,,,,2026,https://thebackyardmarkets.com/black-forest-market,,El Paso,market_city
Nana's Famous Goods,The Backyard Market in Black Forest,Colorado Springs,,,,2026,https://thebackyardmarkets.com/black-forest-market,,El Paso,market_city
Padilla Produce,The Backyard Market in Black Forest,Colorado Springs,,,,2026,https://thebackyardmarkets.com/black-forest-market,medium,El Paso,market_city
PAWS & Us,The Backyard Market in Black Forest,Colorado Springs,,,,2026,https://thebackyardmarkets.com/black-forest-market,,El Paso,market_city
Pikes Peak Pours,The Backyard Market in Black Forest,Colorado Springs,,,,2026,https://thebackyardmarkets.com/black-forest-market,,El Paso,market_city
Pine & Pepper Spice Shop,The Backyard Market in Black Forest,Colorado Springs,,,,2026,https://thebackyardmarkets.com/black-forest-market,,El Paso,market_city
Pressed and Poured Juice,The Backyard Market in Black Forest,Colorado Springs,,,,2026,https://thebackyardmarkets.com/black-forest-market,,El Paso,market_city
ProForm 3D,The Backyard Market in Black Forest,Colorado Springs,,,,2026,https://thebackyardmarkets.com/black-forest-market,,El Paso,market_city
Proof & Temper,The Backyard Market in Black Forest,Colorado Springs,,,,2026,https://thebackyardmarkets.com/black-forest-market,,El Paso,market_city
QuintAnnas Roasted Corn,The Backyard Market in Black Forest,Colorado Springs,,,,2026,https://thebackyardmarkets.com/black-forest-market,,El Paso,market_city
Rustic Peak Sourdough LLC,The Backyard Market in Black Forest,Colorado Springs,,,,2026,https://thebackyardmarkets.com/black-forest-market,,El Paso,market_city
Sg Cattle Company LLC,The Backyard Market in Black Forest,Colorado Springs,,,,2026,https://thebackyardmarkets.com/black-forest-market,medium,El Paso,market_city
"SherBeth's Sweet Shoppe, LLC",The Backyard Market in Black Forest,Colorado Springs,,,,2026,https://thebackyardmarkets.com/black-forest-market,,El Paso,market_city
Simply All-Natural,The Backyard Market in Black Forest,Colorado Springs,,,,2026,https://thebackyardmarkets.com/black-forest-market,,El Paso,market_city
Skating Designs Children's Books,The Backyard Market in Black Forest,Colorado Springs,,,,2026,https://thebackyardmarkets.com/black-forest-market,,El Paso,market_city
Skye Dawn Studio,The Backyard Market in Black Forest,Colorado Springs,,,,2026,https://thebackyardmarkets.com/black-forest-market,,El Paso,market_city
Sugar Puff LLC,The Backyard Market in Black Forest,Colorado Springs,,,,2026,https://thebackyardmarkets.com/black-forest-market,,El Paso,market_city
Surely Bakery,The Backyard Market in Black Forest,Colorado Springs,,,,2026,https://thebackyardmarkets.com/black-forest-market,,El Paso,market_city
Sweet Awakening Farm,The Backyard Market in Black Forest,Colorado Springs,,,,2026,https://thebackyardmarkets.com/black-forest-market,medium,El Paso,market_city
Tamales Lady,The Backyard Market in Black Forest,Colorado Springs,,,,2026,https://thebackyardmarkets.com/black-forest-market,,El Paso,market_city
Taste of Mediterranean,The Backyard Market in Black Forest,Colorado Springs,,,,2026,https://thebackyardmarkets.com/black-forest-market,,El Paso,market_city
Tava Rosa,The Backyard Market in Black Forest,Colorado Springs,,,,2026,https://thebackyardmarkets.com/black-forest-market,,El Paso,market_city
The Cheese People of Colorado Springs,The Backyard Market in Black Forest,Colorado Springs,,,,2026,https://thebackyardmarkets.com/black-forest-market,,El Paso,market_city
The Cookie Crew CS,The Backyard Market in Black Forest,Colorado Springs,,,,2026,https://thebackyardmarkets.com/black-forest-market,,El Paso,market_city
The Sourdough Boulangerie,The Backyard Market in Black Forest,Colorado Springs,,,,2026,https://thebackyardmarkets.com/black-forest-market,,El Paso,market_city
TIDYTIEDYE.BKK,The Backyard Market in Black Forest,Colorado Springs,,,,2026,https://thebackyardmarkets.com/black-forest-market,,El Paso,market_city
Western General Boutique,The Backyard Market in Black Forest,Colorado Springs,,,,2026,https://thebackyardmarkets.com/black-forest-market,,El Paso,market_city
WisCo,The Backyard Market in Black Forest,Colorado Springs,,,,2026,https://thebackyardmarkets.com/black-forest-market,,El Paso,market_city
Yummy Yummy Products,The Backyard Market in Black Forest,Colorado Springs,,,,2026,https://thebackyardmarkets.com/black-forest-market,,El Paso,market_city
10TH MTN WHISKEY,Vail Farmers' Market,Vail,Sunday Market,,,2026,https://www.vailfarmersmarket.com/2026-vendors,,Eagle,market_city
A SECRET GARDEN,Vail Farmers' Market,Vail,Sunday Market,,,2026,https://www.vailfarmersmarket.com/2026-vendors,medium,Eagle,market_city
A SIGN OF CHANGE,Vail Farmers' Market,Vail,Sunday Market,,,2026,https://www.vailfarmersmarket.com/2026-vendors,,Eagle,market_city
ALICE'S COOKIE JAR,Vail Farmers' Market,Vail,Sunday Market,,,2026,https://www.vailfarmersmarket.com/2026-vendors,,Eagle,market_city
ALPINE WINE & DESIGN,Vail Farmers' Market,Vail,Sunday Market,,,2026,https://www.vailfarmersmarket.com/2026-vendors,,Eagle,market_city
ANTELOPE CREEK RANCH,Vail Farmers' Market,Vail,Sunday Market,,,2026,https://www.vailfarmersmarket.com/2026-vendors,medium,Eagle,market_city
ARCHETYPE DISTILLERY,Vail Farmers' Market,Vail,Sunday Market,,,2026,https://www.vailfarmersmarket.com/2026-vendors,,Eagle,market_city
ART BY AGOSTINA,Vail Farmers' Market,Vail,Sunday Market,,,2026,https://www.vailfarmersmarket.com/2026-vendors,,Eagle,market_city
ASHLEIGH COCHRAN STUDIO,Vail Farmers' Market,Vail,Sunday Market,,,2026,https://www.vailfarmersmarket.com/2026-vendors,,Eagle,market_city
ASPEN PROVISIONS,Vail Farmers' Market,Vail,Sunday Market,,,2026,https://www.vailfarmersmarket.com/2026-vendors,,Eagle,market_city
BAO YOU LIKE IT,Vail Farmers' Market,Vail,Sunday Market,,,2026,https://www.vailfarmersmarket.com/2026-vendors,,Eagle,market_city
BERIT BROOKS,Vail Farmers' Market,Vail,Sunday Market,,,2026,https://www.vailfarmersmarket.com/2026-vendors,,Eagle,market_city
BJÖRNS COLORADO HONEY,Vail Farmers' Market,Vail,Sunday Market,,,2026,https://www.vailfarmersmarket.com/2026-vendors,medium,Eagle,market_city
BLOSSOM,Vail Farmers' Market,Vail,Sunday Market,,,2026,https://www.vailfarmersmarket.com/2026-vendors,,Eagle,market_city
BOB'S ROASTED NUTS,Vail Farmers' Market,Vail,Sunday Market,,,2026,https://www.vailfarmersmarket.com/2026-vendors,,Eagle,market_city
BRECKENRIDGE CANDLE CABIN,Vail Farmers' Market,Vail,Sunday Market,,,2026,https://www.vailfarmersmarket.com/2026-vendors,,Eagle,market_city
BUCK & BLOOM CHEESE CO.,Vail Farmers' Market,Vail,Sunday Market,,,2026,https://www.vailfarmersmarket.com/2026-vendors,,Eagle,market_city
BUXIE JO BAGS,Vail Farmers' Market,Vail,Sunday Market,,,2026,https://www.vailfarmersmarket.com/2026-vendors,,Eagle,market_city
CHIN DRIBBLIN ASIAN FUSION SAUCES,Vail Farmers' Market,Vail,Sunday Market,,,2026,https://www.vailfarmersmarket.com/2026-vendors,,Eagle,market_city
CLIMAX JERKY,Vail Farmers' Market,Vail,Sunday Market,,,2026,https://www.vailfarmersmarket.com/2026-vendors,,Eagle,market_city
COLD MOUNTAIN CRAFT,Vail Farmers' Market,Vail,Sunday Market,,,2026,https://www.vailfarmersmarket.com/2026-vendors,,Eagle,market_city
COLE AND DANIER MODERN STITCHES,Vail Farmers' Market,Vail,Sunday Market,,,2026,https://www.vailfarmersmarket.com/2026-vendors,,Eagle,market_city
COLEMAN'S HABERDASHERY,Vail Farmers' Market,Vail,Sunday Market,,,2026,https://www.vailfarmersmarket.com/2026-vendors,,Eagle,market_city
CZECH OUT THE ROCK,Vail Farmers' Market,Vail,Sunday Market,,,2026,https://www.vailfarmersmarket.com/2026-vendors,,Eagle,market_city
DANG SWEETS,Vail Farmers' Market,Vail,Sunday Market,,,2026,https://www.vailfarmersmarket.com/2026-vendors,,Eagle,market_city
DAR CHOCOLATE,Vail Farmers' Market,Vail,Sunday Market,,,2026,https://www.vailfarmersmarket.com/2026-vendors,,Eagle,market_city
DESSERT LAB CO,Vail Farmers' Market,Vail,Sunday Market,,,2026,https://www.vailfarmersmarket.com/2026-vendors,,Eagle,market_city
DIP INTO LIFE,Vail Farmers' Market,Vail,Sunday Market,,,2026,https://www.vailfarmersmarket.com/2026-vendors,,Eagle,market_city
DRINKING VESSELS LLC,Vail Farmers' Market,Vail,Sunday Market,,,2026,https://www.vailfarmersmarket.com/2026-vendors,,Eagle,market_city
ELECTRIC MICROGREENS,Vail Farmers' Market,Vail,Sunday Market,,,2026,https://www.vailfarmersmarket.com/2026-vendors,medium,Eagle,market_city
ELEVATED ELOTE,Vail Farmers' Market,Vail,Sunday Market,,,2026,https://www.vailfarmersmarket.com/2026-vendors,,Eagle,market_city
EYE PIECES,Vail Farmers' Market,Vail,Sunday Market,,,2026,https://www.vailfarmersmarket.com/2026-vendors,,Eagle,market_city
FORK IN THE ROAD,Vail Farmers' Market,Vail,Sunday Market,,,2026,https://www.vailfarmersmarket.com/2026-vendors,,Eagle,market_city
FORTE FRUIT,Vail Farmers' Market,Vail,Sunday Market,,,2026,https://www.vailfarmersmarket.com/2026-vendors,,Eagle,market_city
GLAZED POTTERY SHOP,Vail Farmers' Market,Vail,Sunday Market,,,2026,https://www.vailfarmersmarket.com/2026-vendors,,Eagle,market_city
GREY SALT,Vail Farmers' Market,Vail,Sunday Market,,,2026,https://www.vailfarmersmarket.com/2026-vendors,,Eagle,market_city
GROUNDED PRODUCE,Vail Farmers' Market,Vail,Sunday Market,,,2026,https://www.vailfarmersmarket.com/2026-vendors,medium,Eagle,market_city
GULA WELLNESS,Vail Farmers' Market,Vail,Sunday Market,,,2026,https://www.vailfarmersmarket.com/2026-vendors,,Eagle,market_city
GUS CONTEMPORARY,Vail Farmers' Market,Vail,Sunday Market,,,2026,https://www.vailfarmersmarket.com/2026-vendors,,Eagle,market_city
HEALTHY HARVEST GARDENS,Vail Farmers' Market,Vail,Sunday Market,,,2026,https://www.vailfarmersmarket.com/2026-vendors,medium,Eagle,market_city
HOOHAH,Vail Farmers' Market,Vail,Sunday Market,,,2026,https://www.vailfarmersmarket.com/2026-vendors,,Eagle,market_city
HOMEMADE EUROPEAN FOOD,Vail Farmers' Market,Vail,Sunday Market,,,2026,https://www.vailfarmersmarket.com/2026-vendors,,Eagle,market_city
HUNT AND HOMESTEAD,Vail Farmers' Market,Vail,Sunday Market,,,2026,https://www.vailfarmersmarket.com/2026-vendors,medium,Eagle,market_city
INNER LIGHT JUICE,Vail Farmers' Market,Vail,Sunday Market,,,2026,https://www.vailfarmersmarket.com/2026-vendors,,Eagle,market_city
I.R. CHEFS,Vail Farmers' Market,Vail,Sunday Market,,,2026,https://www.vailfarmersmarket.com/2026-vendors,,Eagle,market_city
JAMIE LEIGH PHOTOGRAPHY & THROUGH YOUR WINDOW,Vail Farmers' Market,Vail,Sunday Market,,,2026,https://www.vailfarmersmarket.com/2026-vendors,,Eagle,market_city
JEN G STUDIOS,Vail Farmers' Market,Vail,Sunday Market,,,2026,https://www.vailfarmersmarket.com/2026-vendors,,Eagle,market_city
KADY'S KOLLARS,Vail Farmers' Market,Vail,Sunday Market,,,2026,https://www.vailfarmersmarket.com/2026-vendors,,Eagle,market_city
KALEBS KATCH,Vail Farmers' Market,Vail,Sunday Market,,,2026,https://www.vailfarmersmarket.com/2026-vendors,,Eagle,market_city
KD PAINT GALLERY,Vail Farmers' Market,Vail,Sunday Market,,,2026,https://www.vailfarmersmarket.com/2026-vendors,,Eagle,market_city
KELLY PETERS ART LLC,Vail Farmers' Market,Vail,Sunday Market,,,2026,https://www.vailfarmersmarket.com/2026-vendors,,Eagle,market_city
KEEN I DESIGN,Vail Farmers' Market,Vail,Sunday Market,,,2026,https://www.vailfarmersmarket.com/2026-vendors,,Eagle,market_city
KIDSPORT,Vail Farmers' Market,Vail,Sunday Market,,,2026,https://www.vailfarmersmarket.com/2026-vendors,,Eagle,market_city
KIRBY COSMOS,Vail Farmers' Market,Vail,Sunday Market,,,2026,https://www.vailfarmersmarket.com/2026-vendors,,Eagle,market_city
KOGLER'S BAKERY,Vail Farmers' Market,Vail,Sunday Market,,,2026,https://www.vailfarmersmarket.com/2026-vendors,,Eagle,market_city
KP MOUNTAIN METALS,Vail Farmers' Market,Vail,Sunday Market,,,2026,https://www.vailfarmersmarket.com/2026-vendors,,Eagle,market_city
LA CANTINA / VAIL VALLEY MEXICAN FOODS,Vail Farmers' Market,Vail,Sunday Market,,,2026,https://www.vailfarmersmarket.com/2026-vendors,,Eagle,market_city
LA MONTAGNE DES SAVEURS,Vail Farmers' Market,Vail,Sunday Market,,,2026,https://www.vailfarmersmarket.com/2026-vendors,,Eagle,market_city
LANDREAUX CERAMICS,Vail Farmers' Market,Vail,Sunday Market,,,2026,https://www.vailfarmersmarket.com/2026-vendors,,Eagle,market_city
LARISSA WILD FINE ART,Vail Farmers' Market,Vail,Sunday Market,,,2026,https://www.vailfarmersmarket.com/2026-vendors,,Eagle,market_city
LIFETIME HOME REMODELING,Vail Farmers' Market,Vail,Sunday Market,,,2026,https://www.vailfarmersmarket.com/2026-vendors,,Eagle,market_city
LITTLE BEE JUICE,Vail Farmers' Market,Vail,Sunday Market,,,2026,https://www.vailfarmersmarket.com/2026-vendors,,Eagle,market_city
LOREDANA'S,Vail Farmers' Market,Vail,Sunday Market,,,2026,https://www.vailfarmersmarket.com/2026-vendors,,Eagle,market_city
LOST RANGE CBD,Vail Farmers' Market,Vail,Sunday Market,,,2026,https://www.vailfarmersmarket.com/2026-vendors,,Eagle,market_city
MANGIARE ITALIAN FOOD MARKET,Vail Farmers' Market,Vail,Sunday Market,,,2026,https://www.vailfarmersmarket.com/2026-vendors,,Eagle,market_city
MATCHBOX CANDLE CO,Vail Farmers' Market,Vail,Sunday Market,,,2026,https://www.vailfarmersmarket.com/2026-vendors,,Eagle,market_city
MOUNTAIN JAM,Vail Farmers' Market,Vail,Sunday Market,,,2026,https://www.vailfarmersmarket.com/2026-vendors,,Eagle,market_city
MOUNTAIN BLUEBIRD FARM,Vail Farmers' Market,Vail,Sunday Market,,,2026,https://www.vailfarmersmarket.com/2026-vendors,medium,Eagle,market_city
MOUNTAIN GIRL CREATIONS,Vail Farmers' Market,Vail,Sunday Market,,,2026,https://www.vailfarmersmarket.com/2026-vendors,,Eagle,market_city
MOUNTAIN MINIS,Vail Farmers' Market,Vail,Sunday Market,,,2026,https://www.vailfarmersmarket.com/2026-vendors,,Eagle,market_city
MOUNTAIN MUD CERAMICS,Vail Farmers' Market,Vail,Sunday Market,,,2026,https://www.vailfarmersmarket.com/2026-vendors,,Eagle,market_city
MT GARFIELD FRUIT AND VEGETABLE,Vail Farmers' Market,Vail,Sunday Market,,,2026,https://www.vailfarmersmarket.com/2026-vendors,,Eagle,market_city
NATURES DETAILS PHOTOGRAPHY,Vail Farmers' Market,Vail,Sunday Market,,,2026,https://www.vailfarmersmarket.com/2026-vendors,,Eagle,market_city
NO BULL ENTERTAINMENT,Vail Farmers' Market,Vail,Sunday Market,,,2026,https://www.vailfarmersmarket.com/2026-vendors,,Eagle,market_city
NOCO CBD CO,Vail Farmers' Market,Vail,Sunday Market,,,2026,https://www.vailfarmersmarket.com/2026-vendors,,Eagle,market_city
OLD SOUL HOME CREATIONS,Vail Farmers' Market,Vail,Sunday Market,,,2026,https://www.vailfarmersmarket.com/2026-vendors,,Eagle,market_city
PAZZOS,Vail Farmers' Market,Vail,Sunday Market,,,2026,https://www.vailfarmersmarket.com/2026-vendors,,Eagle,market_city
PEAK FARMS,Vail Farmers' Market,Vail,Sunday Market,,,2026,https://www.vailfarmersmarket.com/2026-vendors,medium,Eagle,market_city
PEAK STATE,Vail Farmers' Market,Vail,Sunday Market,,,2026,https://www.vailfarmersmarket.com/2026-vendors,,Eagle,market_city
PEAKS EDGE,Vail Farmers' Market,Vail,Sunday Market,,,2026,https://www.vailfarmersmarket.com/2026-vendors,,Eagle,market_city
PENNI OLIVE,Vail Farmers' Market,Vail,Sunday Market,,,2026,https://www.vailfarmersmarket.com/2026-vendors,,Eagle,market_city
PETIT MONT BLANC,Vail Farmers' Market,Vail,Sunday Market,,,2026,https://www.vailfarmersmarket.com/2026-vendors,,Eagle,market_city
PINES' NUT BUTTER,Vail Farmers' Market,Vail,Sunday Market,,,2026,https://www.vailfarmersmarket.com/2026-vendors,,Eagle,market_city
PK FINE IMPORTS,Vail Farmers' Market,Vail,Sunday Market,,,2026,https://www.vailfarmersmarket.com/2026-vendors,,Eagle,market_city
PLATA JEWELERS,Vail Farmers' Market,Vail,Sunday Market,,,2026,https://www.vailfarmersmarket.com/2026-vendors,,Eagle,market_city
RESORT BOOKS/ELI AND MORT EPIC ADVENTURES,Vail Farmers' Market,Vail,Sunday Market,,,2026,https://www.vailfarmersmarket.com/2026-vendors,,Eagle,market_city
"RICH BROWNIES, PUCKIES STUFFED COOKIES",Vail Farmers' Market,Vail,Sunday Market,,,2026,https://www.vailfarmersmarket.com/2026-vendors,,Eagle,market_city
RIDGELINE REMEDY LTD,Vail Farmers' Market,Vail,Sunday Market,,,2026,https://www.vailfarmersmarket.com/2026-vendors,,Eagle,market_city
ROCKY MOUNTAIN CHOCOLATE FACTORY,Vail Farmers' Market,Vail,Sunday Market,,,2026,https://www.vailfarmersmarket.com/2026-vendors,,Eagle,market_city
ROCKY MOUNTAIN TACO,Vail Farmers' Market,Vail,Sunday Market,,,2026,https://www.vailfarmersmarket.com/2026-vendors,,Eagle,market_city
SLIFER SMITH & FRAMPTON,Vail Farmers' Market,Vail,Sunday Market,,,2026,https://www.vailfarmersmarket.com/2026-vendors,,Eagle,market_city
SMALL + MIGHTY HANDMADE,Vail Farmers' Market,Vail,Sunday Market,,,2026,https://www.vailfarmersmarket.com/2026-vendors,,Eagle,market_city
SO VERY LOVELY,Vail Farmers' Market,Vail,Sunday Market,,,2026,https://www.vailfarmersmarket.com/2026-vendors,,Eagle,market_city
SOFRA TEXTILES,Vail Farmers' Market,Vail,Sunday Market,,,2026,https://www.vailfarmersmarket.com/2026-vendors,,Eagle,market_city
STAINS AND WOODGRAINS,Vail Farmers' Market,Vail,Sunday Market,,,2026,https://www.vailfarmersmarket.com/2026-vendors,,Eagle,market_city
STEPHEN GRUNDY,Vail Farmers' Market,Vail,Sunday Market,,,2026,https://www.vailfarmersmarket.com/2026-vendors,,Eagle,market_city
SUNWARD,Vail Farmers' Market,Vail,Sunday Market,,,2026,https://www.vailfarmersmarket.com/2026-vendors,,Eagle,market_city
TAMTHE LIMITED,Vail Farmers' Market,Vail,Sunday Market,,,2026,https://www.vailfarmersmarket.com/2026-vendors,,Eagle,market_city
TESSA CLOGS,Vail Farmers' Market,Vail,Sunday Market,,,2026,https://www.vailfarmersmarket.com/2026-vendors,,Eagle,market_city
TIA WOVEN GOODS,Vail Farmers' Market,Vail,Sunday Market,,,2026,https://www.vailfarmersmarket.com/2026-vendors,,Eagle,market_city
THE STONE FRUIT COMPANY,Vail Farmers' Market,Vail,Sunday Market,,,2026,https://www.vailfarmersmarket.com/2026-vendors,,Eagle,market_city
THE UNBROKEN CIRCLE,Vail Farmers' Market,Vail,Sunday Market,,,2026,https://www.vailfarmersmarket.com/2026-vendors,,Eagle,market_city
THE WHOLE EMPANADA,Vail Farmers' Market,Vail,Sunday Market,,,2026,https://www.vailfarmersmarket.com/2026-vendors,,Eagle,market_city
THE LEFT BANK VAIL,Vail Farmers' Market,Vail,Sunday Market,,,2026,https://www.vailfarmersmarket.com/2026-vendors,,Eagle,market_city
TREFF CAFE / SONNENALP HOTEL,Vail Farmers' Market,Vail,Sunday Market,,,2026,https://www.vailfarmersmarket.com/2026-vendors,,Eagle,market_city
VAIL BOOT & SHOE,Vail Farmers' Market,Vail,Sunday Market,,,2026,https://www.vailfarmersmarket.com/2026-vendors,,Eagle,market_city
VAIL MEAT COMPANY,Vail Farmers' Market,Vail,Sunday Market,,,2026,https://www.vailfarmersmarket.com/2026-vendors,medium,Eagle,market_city
VAIL MOUNTAIN COFFEE & TEA CO.,Vail Farmers' Market,Vail,Sunday Market,,,2026,https://www.vailfarmersmarket.com/2026-vendors,,Eagle,market_city
VAIL & EDWARDS ROTARY CLUB,Vail Farmers' Market,Vail,Sunday Market,,,2026,https://www.vailfarmersmarket.com/2026-vendors,,Eagle,market_city
VILLAGE POPCORN WAGON,Vail Farmers' Market,Vail,Sunday Market,,,2026,https://www.vailfarmersmarket.com/2026-vendors,,Eagle,market_city
VISTA ORCHARD,Vail Farmers' Market,Vail,Sunday Market,,,2026,https://www.vailfarmersmarket.com/2026-vendors,medium,Eagle,market_city
WAGON WHEEL SMOKE HOUSE,Vail Farmers' Market,Vail,Sunday Market,,,2026,https://www.vailfarmersmarket.com/2026-vendors,,Eagle,market_city
WALKING MOUNTAINS /VAIL NATURE CENTER,Vail Farmers' Market,Vail,Sunday Market,,,2026,https://www.vailfarmersmarket.com/2026-vendors,,Eagle,market_city
WHAT THE CREPE,Vail Farmers' Market,Vail,Sunday Market,,,2026,https://www.vailfarmersmarket.com/2026-vendors,,Eagle,market_city
WILD FEATHER & STONE,Vail Farmers' Market,Vail,Sunday Market,,,2026,https://www.vailfarmersmarket.com/2026-vendors,,Eagle,market_city
WINDY CITY EATS,Vail Farmers' Market,Vail,Sunday Market,,,2026,https://www.vailfarmersmarket.com/2026-vendors,,Eagle,market_city
WOLF PEOPLE JEWELRY DESIGN/PERCH,Vail Farmers' Market,Vail,Sunday Market,,,2026,https://www.vailfarmersmarket.com/2026-vendors,,Eagle,market_city
WÖLFE CUTLERY,Vail Farmers' Market,Vail,Sunday Market,,,2026,https://www.vailfarmersmarket.com/2026-vendors,,Eagle,market_city
WYNN FARMS,Vail Farmers' Market,Vail,Sunday Market,,,2026,https://www.vailfarmersmarket.com/2026-vendors,medium,Eagle,market_city
WW ENTERPRISES | LEMONADE,Vail Farmers' Market,Vail,Sunday Market,,,2026,https://www.vailfarmersmarket.com/2026-vendors,,Eagle,market_city
YETIS,Vail Farmers' Market,Vail,Sunday Market,,,2026,https://www.vailfarmersmarket.com/2026-vendors,,Eagle,market_city
YUMMY YUMMY PRODUCTS LLC,Vail Farmers' Market,Vail,Sunday Market,,,2026,https://www.vailfarmersmarket.com/2026-vendors,,Eagle,market_city
ANTELOPE CREEK RANCH,Vail Farmers' Market,Vail,Thursday Market,,,2026,https://www.vailfarmersmarket.com/2026-vendors,medium,Eagle,market_city
BJÖRNS COLORADO HONEY,Vail Farmers' Market,Vail,Thursday Market,,,2026,https://www.vailfarmersmarket.com/2026-vendors,medium,Eagle,market_city
BOB'S ROASTED NUTS,Vail Farmers' Market,Vail,Thursday Market,,,2026,https://www.vailfarmersmarket.com/2026-vendors,,Eagle,market_city
CHABAD VAIL,Vail Farmers' Market,Vail,Thursday Market,,,2026,https://www.vailfarmersmarket.com/2026-vendors,,Eagle,market_city
CZECH OUT THE ROCK,Vail Farmers' Market,Vail,Thursday Market,,,2026,https://www.vailfarmersmarket.com/2026-vendors,,Eagle,market_city
DESSERT LAB CO,Vail Farmers' Market,Vail,Thursday Market,,,2026,https://www.vailfarmersmarket.com/2026-vendors,,Eagle,market_city
DIP INTO LIFE,Vail Farmers' Market,Vail,Thursday Market,,,2026,https://www.vailfarmersmarket.com/2026-vendors,,Eagle,market_city
FORK IN THE ROAD,Vail Farmers' Market,Vail,Thursday Market,,,2026,https://www.vailfarmersmarket.com/2026-vendors,,Eagle,market_city
FORTE FRUIT,Vail Farmers' Market,Vail,Thursday Market,,,2026,https://www.vailfarmersmarket.com/2026-vendors,,Eagle,market_city
GROUNDED PRODUCE,Vail Farmers' Market,Vail,Thursday Market,,,2026,https://www.vailfarmersmarket.com/2026-vendors,medium,Eagle,market_city
HEALTHY HARVEST GARDENS,Vail Farmers' Market,Vail,Thursday Market,,,2026,https://www.vailfarmersmarket.com/2026-vendors,medium,Eagle,market_city
KADY'S KOLLARS,Vail Farmers' Market,Vail,Thursday Market,,,2026,https://www.vailfarmersmarket.com/2026-vendors,,Eagle,market_city
LA MONTAGNE DES SAVEURS,Vail Farmers' Market,Vail,Thursday Market,,,2026,https://www.vailfarmersmarket.com/2026-vendors,,Eagle,market_city
LIFETIME HOME REMODELING,Vail Farmers' Market,Vail,Thursday Market,,,2026,https://www.vailfarmersmarket.com/2026-vendors,,Eagle,market_city
LITTLE BEE JUICE,Vail Farmers' Market,Vail,Thursday Market,,,2026,https://www.vailfarmersmarket.com/2026-vendors,,Eagle,market_city
MINTURN WHISKEY CO.,Vail Farmers' Market,Vail,Thursday Market,,,2026,https://www.vailfarmersmarket.com/2026-vendors,,Eagle,market_city
MOTHERS & DAUGHTERS,Vail Farmers' Market,Vail,Thursday Market,,,2026,https://www.vailfarmersmarket.com/2026-vendors,,Eagle,market_city
MOUNTAIN GIRL CREATIONS,Vail Farmers' Market,Vail,Thursday Market,,,2026,https://www.vailfarmersmarket.com/2026-vendors,,Eagle,market_city
MOUNTAIN HEATHER,Vail Farmers' Market,Vail,Thursday Market,,,2026,https://www.vailfarmersmarket.com/2026-vendors,,Eagle,market_city
MOUNTAIN JAM,Vail Farmers' Market,Vail,Thursday Market,,,2026,https://www.vailfarmersmarket.com/2026-vendors,,Eagle,market_city
NATURETECH / ALOEMOIST ORGANICS,Vail Farmers' Market,Vail,Thursday Market,,,2026,https://www.vailfarmersmarket.com/2026-vendors,,Eagle,market_city
NOCO CHOCOLATE,Vail Farmers' Market,Vail,Thursday Market,,,2026,https://www.vailfarmersmarket.com/2026-vendors,,Eagle,market_city
PARKS ART COLLECTION,Vail Farmers' Market,Vail,Thursday Market,,,2026,https://www.vailfarmersmarket.com/2026-vendors,,Eagle,market_city
PEAKS EDGE,Vail Farmers' Market,Vail,Thursday Market,,,2026,https://www.vailfarmersmarket.com/2026-vendors,,Eagle,market_city
PENNI OLIVE,Vail Farmers' Market,Vail,Thursday Market,,,2026,https://www.vailfarmersmarket.com/2026-vendors,,Eagle,market_city
PINES' NUT BUTTER,Vail Farmers' Market,Vail,Thursday Market,,,2026,https://www.vailfarmersmarket.com/2026-vendors,,Eagle,market_city
PK FINE IMPORTS,Vail Farmers' Market,Vail,Thursday Market,,,2026,https://www.vailfarmersmarket.com/2026-vendors,,Eagle,market_city
SOFRA TEXTILES,Vail Farmers' Market,Vail,Thursday Market,,,2026,https://www.vailfarmersmarket.com/2026-vendors,,Eagle,market_city
SUMMIT PASTA,Vail Farmers' Market,Vail,Thursday Market,,,2026,https://www.vailfarmersmarket.com/2026-vendors,,Eagle,market_city
SWEET CEDAR WOODWORKING,Vail Farmers' Market,Vail,Thursday Market,,,2026,https://www.vailfarmersmarket.com/2026-vendors,,Eagle,market_city
TAMALES EMPANADAS ELREY,Vail Farmers' Market,Vail,Thursday Market,,,2026,https://www.vailfarmersmarket.com/2026-vendors,,Eagle,market_city
TASPENS,Vail Farmers' Market,Vail,Thursday Market,,,2026,https://www.vailfarmersmarket.com/2026-vendors,,Eagle,market_city
WEST WOLF MEDICINALS,Vail Farmers' Market,Vail,Thursday Market,,,2026,https://www.vailfarmersmarket.com/2026-vendors,,Eagle,market_city
WÖLFE CUTLERY,Vail Farmers' Market,Vail,Thursday Market,,,2026,https://www.vailfarmersmarket.com/2026-vendors,,Eagle,market_city
YOLITIA,Vail Farmers' Market,Vail,Thursday Market,,,2026,https://www.vailfarmersmarket.com/2026-vendors,,Eagle,market_city
"Ahavah Farm, LLC",Woodland Park Farmers Market,Woodland Park,Agricultural,,,2026,https://wpfarmersmarket.com/market-vendors,strong,Teller,market_city
All Natural Homestead Beef,Woodland Park Farmers Market,Woodland Park,Agricultural,,,2026,https://wpfarmersmarket.com/market-vendors,strong,Teller,market_city
Fares,Woodland Park Farmers Market,Woodland Park,Agricultural,,,2026,https://wpfarmersmarket.com/market-vendors,strong,Teller,market_city
Forte Fruits,Woodland Park Farmers Market,Woodland Park,Agricultural,,,2026,https://wpfarmersmarket.com/market-vendors,strong,Teller,market_city
Fungus Farm Colorado,Woodland Park Farmers Market,Woodland Park,Agricultural,,,2026,https://wpfarmersmarket.com/market-vendors,strong,Teller,market_city
Local Growers,Woodland Park Farmers Market,Woodland Park,Agricultural,,,2026,https://wpfarmersmarket.com/market-vendors,strong,Teller,market_city
PBJ Cattle Company,Woodland Park Farmers Market,Woodland Park,Agricultural,,,2026,https://wpfarmersmarket.com/market-vendors,strong,Teller,market_city
Tan Man Honey LLC,Woodland Park Farmers Market,Woodland Park,Agricultural,,,2026,https://wpfarmersmarket.com/market-vendors,strong,Teller,market_city
"Urban Orchard, The",Woodland Park Farmers Market,Woodland Park,Agricultural,,,2026,https://wpfarmersmarket.com/market-vendors,strong,Teller,market_city
Winters Ranch Meats INC,Woodland Park Farmers Market,Woodland Park,Agricultural,,,2026,https://wpfarmersmarket.com/market-vendors,strong,Teller,market_city
Bloom & Batter LLC,Woodland Park Farmers Market,Woodland Park,Specialty Foods,,,2026,https://wpfarmersmarket.com/market-vendors,,Teller,market_city
Bread For Life,Woodland Park Farmers Market,Woodland Park,Specialty Foods,,,2026,https://wpfarmersmarket.com/market-vendors,,Teller,market_city
"Cheese People of Colorado Springs, The",Woodland Park Farmers Market,Woodland Park,Specialty Foods,,,2026,https://wpfarmersmarket.com/market-vendors,,Teller,market_city
Cinnamon Twist,Woodland Park Farmers Market,Woodland Park,Specialty Foods,,,2026,https://wpfarmersmarket.com/market-vendors,,Teller,market_city
Cream City Market,Woodland Park Farmers Market,Woodland Park,Specialty Foods,,,2026,https://wpfarmersmarket.com/market-vendors,,Teller,market_city
Erbe Sofia! Spices,Woodland Park Farmers Market,Woodland Park,Specialty Foods,,,2026,https://wpfarmersmarket.com/market-vendors,,Teller,market_city
Fire. Shakers LLC,Woodland Park Farmers Market,Woodland Park,Specialty Foods,,,2026,https://wpfarmersmarket.com/market-vendors,,Teller,market_city
Flavor Journey,Woodland Park Farmers Market,Woodland Park,Specialty Foods,,,2026,https://wpfarmersmarket.com/market-vendors,,Teller,market_city
"Get Zingy, LLC",Woodland Park Farmers Market,Woodland Park,Specialty Foods,,,2026,https://wpfarmersmarket.com/market-vendors,,Teller,market_city
Graceful Grains Bake Co,Woodland Park Farmers Market,Woodland Park,Specialty Foods,,"High quality, sustainably sourced sourdough baked goods including but not limited to: Artisan loaves, specialty flavored loaves, bagels, cinnamon rolls, and other sweet treats!",2026,https://wpfarmersmarket.com/market-vendors,,Teller,market_city
"Helbjorn, LLC",Woodland Park Farmers Market,Woodland Park,Specialty Foods,,,2026,https://wpfarmersmarket.com/market-vendors,,Teller,market_city
"Just Jams & Jellies, LLC",Woodland Park Farmers Market,Woodland Park,Specialty Foods,,,2026,https://wpfarmersmarket.com/market-vendors,,Teller,market_city
Kiki' s Cookies & Cakes LLC,Woodland Park Farmers Market,Woodland Park,Specialty Foods,,,2026,https://wpfarmersmarket.com/market-vendors,,Teller,market_city
La Baguette,Woodland Park Farmers Market,Woodland Park,Specialty Foods,,,2026,https://wpfarmersmarket.com/market-vendors,,Teller,market_city
La Montagne Des Saveurs,Woodland Park Farmers Market,Woodland Park,Specialty Foods,,,2026,https://wpfarmersmarket.com/market-vendors,,Teller,market_city
Lynda Sue's Kitchen,Woodland Park Farmers Market,Woodland Park,Specialty Foods,,,2026,https://wpfarmersmarket.com/market-vendors,,Teller,market_city
Model Citizen Coffee Company,Woodland Park Farmers Market,Woodland Park,Specialty Foods,,Specialty Coffee Roaster,2026,https://wpfarmersmarket.com/market-vendors,,Teller,market_city
Nanas Famous,Woodland Park Farmers Market,Woodland Park,Specialty Foods,,,2026,https://wpfarmersmarket.com/market-vendors,,Teller,market_city
Nature'ly Sweet LLC,Woodland Park Farmers Market,Woodland Park,Specialty Foods,,,2026,https://wpfarmersmarket.com/market-vendors,,Teller,market_city
"Sourdough Boulangerie, The",Woodland Park Farmers Market,Woodland Park,Specialty Foods,,,2026,https://wpfarmersmarket.com/market-vendors,,Teller,market_city
Styria Bakery II,Woodland Park Farmers Market,Woodland Park,Specialty Foods,,,2026,https://wpfarmersmarket.com/market-vendors,,Teller,market_city
SweetHeat Fusion Sauce Co,Woodland Park Farmers Market,Woodland Park,Specialty Foods,,,2026,https://wpfarmersmarket.com/market-vendors,,Teller,market_city
The Bigfoot Culture,Woodland Park Farmers Market,Woodland Park,Specialty Foods,,,2026,https://wpfarmersmarket.com/market-vendors,,Teller,market_city
The Blush Berry Cart,Woodland Park Farmers Market,Woodland Park,Specialty Foods,,,2026,https://wpfarmersmarket.com/market-vendors,,Teller,market_city
Tru Goodness Brands,Woodland Park Farmers Market,Woodland Park,Specialty Foods,,,2026,https://wpfarmersmarket.com/market-vendors,,Teller,market_city
Wild Alaskan Seafood Products/Pappardelles Pasta,Woodland Park Farmers Market,Woodland Park,Specialty Foods,,,2026,https://wpfarmersmarket.com/market-vendors,,Teller,market_city
Casa Crobu,Woodland Park Farmers Market,Woodland Park,Prepared-Food,,,2026,https://wpfarmersmarket.com/market-vendors,,Teller,market_city
CinnaQueen Bakery,Woodland Park Farmers Market,Woodland Park,Prepared-Food,,,2026,https://wpfarmersmarket.com/market-vendors,,Teller,market_city
City Syrups Inc,Woodland Park Farmers Market,Woodland Park,Prepared-Food,,,2026,https://wpfarmersmarket.com/market-vendors,,Teller,market_city
"Cookies for Grandpa, LLC DBA Cookies and Beyond",Woodland Park Farmers Market,Woodland Park,Prepared-Food,,,2026,https://wpfarmersmarket.com/market-vendors,,Teller,market_city
HI Vibes Market,Woodland Park Farmers Market,Woodland Park,Prepared-Food,,,2026,https://wpfarmersmarket.com/market-vendors,,Teller,market_city
Mexican tamales Brenda,Woodland Park Farmers Market,Woodland Park,Prepared-Food,,,2026,https://wpfarmersmarket.com/market-vendors,,Teller,market_city
Crafty Cones and Coffee LLC,Woodland Park Farmers Market,Woodland Park,Food Truck,,"Specializing in Soft Serve Treats, Shakes, Floats, Coffee and Espresso Drinks!",2026,https://wpfarmersmarket.com/market-vendors,,Teller,market_city
Dani's Thai BBQ,Woodland Park Farmers Market,Woodland Park,Food Truck,,"Thai cuisine, Thai BBQ, Salads With Homemade Sesame Dressing and CURRIES",2026,https://wpfarmersmarket.com/market-vendors,,Teller,market_city
Grilled Cheese LLC,Woodland Park Farmers Market,Woodland Park,Food Truck,,"The Grilled Cheese Food Truck is locally owned and operated in Woodland Park. We offer a variety of gourmet grilled cheese, and in addition to the regular menu have several rotating seasonal specials.",2026,https://wpfarmersmarket.com/market-vendors,,Teller,market_city
Lemon Trolley,Woodland Park Farmers Market,Woodland Park,Food Truck,,"A quirky vintage fresh lemonade trailer. No generator needed, we have a power box",2026,https://wpfarmersmarket.com/market-vendors,,Teller,market_city
Mateo's,Woodland Park Farmers Market,Woodland Park,Food Truck,,Selling cheesesteaks; business started 15 years ago at the Woodland Park farmers market.,2026,https://wpfarmersmarket.com/market-vendors,,Teller,market_city
Pikes Peak Smoked Pork - Shaved Ice & More,Woodland Park Farmers Market,Woodland Park,Food Truck,,We have the best Shaved Ice in Colorado it's the real deal. Just like Hawaii. Our all beef Hotdogs and chips are only $4.00. We also sell Kettle Corn.,2026,https://wpfarmersmarket.com/market-vendors,,Teller,market_city
The Slow Burn llc,Woodland Park Farmers Market,Woodland Park,Food Truck,,Slow smoked meats turned into breakfast burritos and sandwiches,2026,https://wpfarmersmarket.com/market-vendors,,Teller,market_city
Toast Malones,Woodland Park Farmers Market,Woodland Park,Food Truck,,"Scratch made artesan sandwiches to order, fresh cut fries toms of flavor and fun.",2026,https://wpfarmersmarket.com/market-vendors,,Teller,market_city
Wheel Coffee,Woodland Park Farmers Market,Woodland Park,Food Truck,,"We are the original coffee mobile truck and entering our 8th year at the Woodland Farmers Markets! We serve exceptional caffeinated, and non caffeinated beverages appealing to all age groups!",2026,https://wpfarmersmarket.com/market-vendors,,Teller,market_city
Kettle Wellness,Woodland Park Farmers Market,Woodland Park,Health and Wellness,,,2026,https://wpfarmersmarket.com/market-vendors,,Teller,market_city
"Nature Mama Body Care, LLC.",Woodland Park Farmers Market,Woodland Park,Health and Wellness,,,2026,https://wpfarmersmarket.com/market-vendors,,Teller,market_city
Rocky Mountain IV Medics,Woodland Park Farmers Market,Woodland Park,Health and Wellness,,,2026,https://wpfarmersmarket.com/market-vendors,,Teller,market_city
Taspens Organics,Woodland Park Farmers Market,Woodland Park,Health and Wellness,,,2026,https://wpfarmersmarket.com/market-vendors,,Teller,market_city
Better Birdwatching,Woodland Park Farmers Market,Woodland Park,Artisanal Crafts,,,2026,https://wpfarmersmarket.com/market-vendors,,Teller,market_city
Colorado Dinosaur Company / Kulin Enterprises,Woodland Park Farmers Market,Woodland Park,Artisanal Crafts,,,2026,https://wpfarmersmarket.com/market-vendors,,Teller,market_city
Colorado Hammock,Woodland Park Farmers Market,Woodland Park,Artisanal Crafts,,,2026,https://wpfarmersmarket.com/market-vendors,,Teller,market_city
Corazon,Woodland Park Farmers Market,Woodland Park,Artisanal Crafts,,,2026,https://wpfarmersmarket.com/market-vendors,,Teller,market_city
Larkspur embroidery and more,Woodland Park Farmers Market,Woodland Park,Artisanal Crafts,,,2026,https://wpfarmersmarket.com/market-vendors,,Teller,market_city
Mountaintop Ceramics,Woodland Park Farmers Market,Woodland Park,Artisanal Crafts,,,2026,https://wpfarmersmarket.com/market-vendors,,Teller,market_city
"Erik ""the Blade"" Sharpener",Woodland Park Farmers Market,Woodland Park,Non-Food/Misc.,,,2026,https://wpfarmersmarket.com/market-vendors,,Teller,market_city
Face Painting,Woodland Park Farmers Market,Woodland Park,Non-Food/Misc.,,,2026,https://wpfarmersmarket.com/market-vendors,,Teller,market_city
"Paws & Us, LLC",Woodland Park Farmers Market,Woodland Park,Non-Food/Misc.,,,2026,https://wpfarmersmarket.com/market-vendors,,Teller,market_city
Sun Mountain Threads,Woodland Park Farmers Market,Woodland Park,Non-Food/Misc.,,,2026,https://wpfarmersmarket.com/market-vendors,,Teller,market_city
Twin Hounds Biscuit Company,Woodland Park Farmers Market,Woodland Park,Non-Food/Misc.,,,2026,https://wpfarmersmarket.com/market-vendors,,Teller,market_city
Angelique's Apothecary,Woodland Park Farmers Market,Woodland Park,Seriously Senior 70+,,,2026,https://wpfarmersmarket.com/market-vendors,,Teller,market_city
Patty Delin,Woodland Park Farmers Market,Woodland Park,Seriously Senior 70+,,,2026,https://wpfarmersmarket.com/market-vendors,,Teller,market_city
"Sage Mountain Freeze-Dry, LLC",Woodland Park Farmers Market,Woodland Park,Seriously Senior 70+,,,2026,https://wpfarmersmarket.com/market-vendors,,Teller,market_city
Adelaide & Kai's crafts,Woodland Park Farmers Market,Woodland Park,Young Entrepreneur,,,2026,https://wpfarmersmarket.com/market-vendors,,Teller,market_city
Burn Bros.,Woodland Park Farmers Market,Woodland Park,Young Entrepreneur,,,2026,https://wpfarmersmarket.com/market-vendors,,Teller,market_city
CozeeCrochetGoods,Woodland Park Farmers Market,Woodland Park,Young Entrepreneur,,,2026,https://wpfarmersmarket.com/market-vendors,,Teller,market_city
Cozy Thread CO.,Woodland Park Farmers Market,Woodland Park,Young Entrepreneur,,,2026,https://wpfarmersmarket.com/market-vendors,,Teller,market_city
Crafted Together,Woodland Park Farmers Market,Woodland Park,Young Entrepreneur,,,2026,https://wpfarmersmarket.com/market-vendors,,Teller,market_city
Creation Ridge,Woodland Park Farmers Market,Woodland Park,Young Entrepreneur,,,2026,https://wpfarmersmarket.com/market-vendors,,Teller,market_city
DKR Crafts,Woodland Park Farmers Market,Woodland Park,Young Entrepreneur,,,2026,https://wpfarmersmarket.com/market-vendors,,Teller,market_city
Faith in Bloom,Woodland Park Farmers Market,Woodland Park,Young Entrepreneur,,,2026,https://wpfarmersmarket.com/market-vendors,,Teller,market_city
Frost-N-Foam,Woodland Park Farmers Market,Woodland Park,Young Entrepreneur,,,2026,https://wpfarmersmarket.com/market-vendors,,Teller,market_city
Hazel's Fabulously Fun Fairy Hair,Woodland Park Farmers Market,Woodland Park,Young Entrepreneur,,,2026,https://wpfarmersmarket.com/market-vendors,,Teller,market_city
"It's Crochet, Knot Knit",Woodland Park Farmers Market,Woodland Park,Young Entrepreneur,,,2026,https://wpfarmersmarket.com/market-vendors,,Teller,market_city
J+J Handcrafted Blessings,Woodland Park Farmers Market,Woodland Park,Young Entrepreneur,,,2026,https://wpfarmersmarket.com/market-vendors,,Teller,market_city
Jordan's Creations,Woodland Park Farmers Market,Woodland Park,Young Entrepreneur,,,2026,https://wpfarmersmarket.com/market-vendors,,Teller,market_city
Kalina's Boutique and Rebecca's Café,Woodland Park Farmers Market,Woodland Park,Young Entrepreneur,,,2026,https://wpfarmersmarket.com/market-vendors,,Teller,market_city
Kona Colorado,Woodland Park Farmers Market,Woodland Park,Young Entrepreneur,,,2026,https://wpfarmersmarket.com/market-vendors,,Teller,market_city
Norbert's Knits,Woodland Park Farmers Market,Woodland Park,Young Entrepreneur,,,2026,https://wpfarmersmarket.com/market-vendors,,Teller,market_city
Rose Petals Studio,Woodland Park Farmers Market,Woodland Park,Young Entrepreneur,,,2026,https://wpfarmersmarket.com/market-vendors,,Teller,market_city
Squeeze the Day,Woodland Park Farmers Market,Woodland Park,Young Entrepreneur,,,2026,https://wpfarmersmarket.com/market-vendors,,Teller,market_city
Squish 'n' Stuff,Woodland Park Farmers Market,Woodland Park,Young Entrepreneur,,,2026,https://wpfarmersmarket.com/market-vendors,,Teller,market_city
Starz Kandi,Woodland Park Farmers Market,Woodland Park,Young Entrepreneur,,,2026,https://wpfarmersmarket.com/market-vendors,,Teller,market_city
Sugar Hook Studio,Woodland Park Farmers Market,Woodland Park,Young Entrepreneur,,,2026,https://wpfarmersmarket.com/market-vendors,,Teller,market_city
The Salty Lemon,Woodland Park Farmers Market,Woodland Park,Young Entrepreneur,,,2026,https://wpfarmersmarket.com/market-vendors,,Teller,market_city
The Triple Tulips,Woodland Park Farmers Market,Woodland Park,Young Entrepreneur,,,2026,https://wpfarmersmarket.com/market-vendors,,Teller,market_city
Ute Pass Young Entrepreneurs,Woodland Park Farmers Market,Woodland Park,Young Entrepreneur,,,2026,https://wpfarmersmarket.com/market-vendors,,Teller,market_city
CASA of The Pikes Peak Region,Woodland Park Farmers Market,Woodland Park,Non-Profit/Community Partner,,,2026,https://wpfarmersmarket.com/market-vendors,,Teller,market_city
Colorado Horse Rescue Network,Woodland Park Farmers Market,Woodland Park,Non-Profit/Community Partner,,,2026,https://wpfarmersmarket.com/market-vendors,,Teller,market_city
Friends of Florissant Fossil Beds,Woodland Park Farmers Market,Woodland Park,Non-Profit/Community Partner,,,2026,https://wpfarmersmarket.com/market-vendors,,Teller,market_city
Game Day Inc.,Woodland Park Farmers Market,Woodland Park,Non-Profit/Community Partner,,,2026,https://wpfarmersmarket.com/market-vendors,,Teller,market_city
Golden Bridge Network,Woodland Park Farmers Market,Woodland Park,Non-Profit/Community Partner,,,2026,https://wpfarmersmarket.com/market-vendors,,Teller,market_city
Jr. Woodland Players,Woodland Park Farmers Market,Woodland Park,Non-Profit/Community Partner,,,2026,https://wpfarmersmarket.com/market-vendors,,Teller,market_city
Mountain Community Coalition,Woodland Park Farmers Market,Woodland Park,Non-Profit/Community Partner,,,2026,https://wpfarmersmarket.com/market-vendors,,Teller,market_city
Mueller State Park,Woodland Park Farmers Market,Woodland Park,Non-Profit/Community Partner,,,2026,https://wpfarmersmarket.com/market-vendors,,Teller,market_city
Rampart Library District,Woodland Park Farmers Market,Woodland Park,Non-Profit/Community Partner,,,2026,https://wpfarmersmarket.com/market-vendors,,Teller,market_city
TCRAS,Woodland Park Farmers Market,Woodland Park,Non-Profit/Community Partner,,,2026,https://wpfarmersmarket.com/market-vendors,,Teller,market_city
Teller County CSU Extension,Woodland Park Farmers Market,Woodland Park,Non-Profit/Community Partner,,,2026,https://wpfarmersmarket.com/market-vendors,,Teller,market_city
Teller County Master Gardeners,Woodland Park Farmers Market,Woodland Park,Non-Profit/Community Partner,,,2026,https://wpfarmersmarket.com/market-vendors,,Teller,market_city
Teller County Mental Health Alliance,Woodland Park Farmers Market,Woodland Park,Non-Profit/Community Partner,,,2026,https://wpfarmersmarket.com/market-vendors,,Teller,market_city
Teller County Public Health & Environment,Woodland Park Farmers Market,Woodland Park,Non-Profit/Community Partner,,,2026,https://wpfarmersmarket.com/market-vendors,,Teller,market_city
"Tweeds Holiday Home Tour, Inc.",Woodland Park Farmers Market,Woodland Park,Non-Profit/Community Partner,,,2026,https://wpfarmersmarket.com/market-vendors,,Teller,market_city
Ute Pass Symphony Guild,Woodland Park Farmers Market,Woodland Park,Non-Profit/Community Partner,,,2026,https://wpfarmersmarket.com/market-vendors,,Teller,market_city
Woodland Park School District,Woodland Park Farmers Market,Woodland Park,Non-Profit/Community Partner,,,2026,https://wpfarmersmarket.com/market-vendors,,Teller,market_city
WPFM Special Booth,Woodland Park Farmers Market,Woodland Park,Non-Profit/Community Partner,,,2026,https://wpfarmersmarket.com/market-vendors,,Teller,market_city
Bobby Gulley Music,Woodland Park Farmers Market,Woodland Park,Musician,,,2026,https://wpfarmersmarket.com/market-vendors,,Teller,market_city
Jeremiah Campfire (stage name),Woodland Park Farmers Market,Woodland Park,Musician,,,2026,https://wpfarmersmarket.com/market-vendors,,Teller,market_city
Jim Green,Woodland Park Farmers Market,Woodland Park,Musician,,,2026,https://wpfarmersmarket.com/market-vendors,,Teller,market_city
Lance from Oklahoma,Woodland Park Farmers Market,Woodland Park,Musician,,,2026,https://wpfarmersmarket.com/market-vendors,,Teller,market_city
Revele and Gio,Woodland Park Farmers Market,Woodland Park,Musician,,,2026,https://wpfarmersmarket.com/market-vendors,,Teller,market_city
The Bison (duo),Woodland Park Farmers Market,Woodland Park,Musician,,,2026,https://wpfarmersmarket.com/market-vendors,,Teller,market_city
Uku:Stik Vibes (musical duo…not a business entity),Woodland Park Farmers Market,Woodland Park,Musician,,,2026,https://wpfarmersmarket.com/market-vendors,,Teller,market_city
Woodland Park Wind Symphony small ensembles,Woodland Park Farmers Market,Woodland Park,Musician,,,2026,https://wpfarmersmarket.com/market-vendors,,Teller,market_city
City of Woodland Park,Woodland Park Farmers Market,Woodland Park,Sponsor (see description above),,,2026,https://wpfarmersmarket.com/market-vendors,,Teller,market_city
Coldwell Banker 1st Choice Realty,Woodland Park Farmers Market,Woodland Park,Sponsor (see description above),,,2026,https://wpfarmersmarket.com/market-vendors,,Teller,market_city
Edwards Jones Investments,Woodland Park Farmers Market,Woodland Park,Sponsor (see description above),,,2026,https://wpfarmersmarket.com/market-vendors,,Teller,market_city
Richard Kiedinger: Allstate Insurance,Woodland Park Farmers Market,Woodland Park,Sponsor (see description above),,,2026,https://wpfarmersmarket.com/market-vendors,,Teller,market_city
TellerWifi,Woodland Park Farmers Market,Woodland Park,Sponsor (see description above),,,2026,https://wpfarmersmarket.com/market-vendors,,Teller,market_city
UCHealth- Pikes Peak Regional Hospital,Woodland Park Farmers Market,Woodland Park,Sponsor (see description above),,,2026,https://wpfarmersmarket.com/market-vendors,,Teller,market_city
United Country Timberline,Woodland Park Farmers Market,Woodland Park,Sponsor (see description above),,,2026,https://wpfarmersmarket.com/market-vendors,,Teller,market_city
4M Ranch,Yampa Valley Foods,Steamboat Springs,"Meat, Beef, Grass Fed & Finished","Meeker, CO","The 4M Ranch is an Audubon Certified Ranch, using holistic management practices to produce grass fed and finished beef. We offer a high-quality product that you will be proud to have on your table.",,https://communityagalliance.org/producer-directory/,strong,Rio Blanco,location_stated
5K Ranch,Yampa Valley Foods,Steamboat Springs,"Meat, Beef, Wagyu, Grass Fed & Finished","Clark, CO",5K Ranch is owned and operated by Mona and Jon Gibson and their 5 Kids. We are committed to raising animals in a stress free environment and use the most sustainable methods we can. Our beef tastes de,,https://communityagalliance.org/producer-directory/,strong,Routt,location_stated
Alpenglow Wicks Candles,Yampa Valley Foods,Steamboat Springs,,"Steamboat Springs, CO","Alpenglow Wicks Candles are hand-poured with love in the heart of Steamboat Springs. Our candles are made using 100% soy wax and eco-friendly practices, ensuring a clean and long-lasting burn.",,https://communityagalliance.org/producer-directory/,,Routt,location_stated
Alpine Bee,Yampa Valley Foods,Steamboat Springs,,"Steamboat Springs, CO",Alpine Bee is a family owned & operated business focused on all-natural beeswax products including candles and wax melts scented with phthalate & GMO-free scent ingredients. We also offer organic seas,,https://communityagalliance.org/producer-directory/,,Routt,location_stated
Aspen Botanicals,Yampa Valley Foods,Steamboat Springs,,"Steamboat Springs, CO",Aspen Botanicals is your local Community Apothecary specializing in medicinal herbs and wellness products. All ingredients are ethically sourced and crafted with care to support health and harmony.,,https://communityagalliance.org/producer-directory/,,Routt,location_stated
Aspenleaf Microgreens Farm,Yampa Valley Foods,Steamboat Springs,,"Steamboat Springs, CO",,,https://communityagalliance.org/producer-directory/,medium,Routt,location_stated
BAR-U-EAT,Yampa Valley Foods,Steamboat Springs,,"Steamboat Springs, CO","Organic Energy Bars (Gluten Free, Oil Free, Compostable packaging)",,https://communityagalliance.org/producer-directory/,,Routt,location_stated
Bear River Apiary,Yampa Valley Foods,Steamboat Springs,,"Steamboat Springs, CO",,,https://communityagalliance.org/producer-directory/,medium,Routt,location_stated
Bears Ears Ranch,Yampa Valley Foods,Steamboat Springs,,"Hayden, CO",Owning this ranch is the achievement of my childhood dream to be a rancher. My idea of what it means to ranch has evolved over the last 20 years living in Steamboat. After working on other ranches in,,https://communityagalliance.org/producer-directory/,medium,Routt,location_stated
Bee Grateful Farm,Yampa Valley Foods,Steamboat Springs,,"Oak Creek, CO",For the love of honey and the bees… At Bee Grateful Farm we are passionate about honey and the bees. We started beekeeping 6 years ago and since then have fallen in love with not only honey but our po,,https://communityagalliance.org/producer-directory/,medium,Routt,location_stated
Buffalo Pass Farm,Yampa Valley Foods,Steamboat Springs,,"Steamboat Springs, CO","Spring, Summer and Fall Vegetables from leafy greens to tomatoes",,https://communityagalliance.org/producer-directory/,medium,Routt,location_stated
Cooking Until the Cows Come Home,Yampa Valley Foods,Steamboat Springs,,"Steamboat Springs, CO","Hi! My name is Cara Iacovetto. I live on Saddleback Ranch in Steamboat Springs with my husband and two beautiful daughters. ""Cooking Until the Cows Come Home"" is all about my life on the ranch, my pas",,https://communityagalliance.org/producer-directory/,,Routt,location_stated
Crafty Bench,Yampa Valley Foods,Steamboat Springs,,"Yampa, CO","My name is Roz Rogers, Crafty Bench. We are a small home=based jam and pickling business in Yampa where old-fashioned skills from our grandparents are carried on and we do our best to offer unique foo",,https://communityagalliance.org/producer-directory/,,Routt,location_stated
Duzik Livestock,Yampa Valley Foods,Steamboat Springs,,"Craig, CO",Lamb,,https://communityagalliance.org/producer-directory/,weak,Moffat,location_stated
Electric Microgreens,Yampa Valley Foods,Steamboat Springs,,"Oak Creek, CO",,,https://communityagalliance.org/producer-directory/,medium,Routt,location_stated
Elk Mountain Ranch,Yampa Valley Foods,Steamboat Springs,,"Steamboat Springs, CO",Eggs and vegetables,,https://communityagalliance.org/producer-directory/,medium,Routt,location_stated
Elk River Custom Meats,Yampa Valley Foods,Steamboat Springs,,"Craig, CO",,,https://communityagalliance.org/producer-directory/,medium,Moffat,location_stated
Elk River Livestock,Yampa Valley Foods,Steamboat Springs,,"Clark, CO",,,https://communityagalliance.org/producer-directory/,,Routt,location_stated
"Elkhead Creek Ranch (Yampa Valley Wagyu, Shadow Laine Farm)",Yampa Valley Foods,Steamboat Springs,,"Craig, CO","Elkhead Creek Ranch is Family owned and operated by Tim and Laine O'Neal and their three sons. Sitting above Elkhead Creek, below Elkhead Reservoir, on the border of Moffat/ Routt Counties, our 131 ac",,https://communityagalliance.org/producer-directory/,medium,Moffat,location_stated
Elkstone Farm,Yampa Valley Foods,Steamboat Springs,,"Steamboat Springs, CO","Elkstone Farm is a permaculture-inspired farm located in Strawberry Park, Steamboat Springs. We use sustainable practices to build the health of our soil and, in turn, raise healthy, flavorful fruits,",,https://communityagalliance.org/producer-directory/,medium,Routt,location_stated
Garden Goddess Creations,Yampa Valley Foods,Steamboat Springs,,"Steamboat Springs, CO","Garden Goddess Creations is a farmer florist offering specialty cut flowers in the heart of Steamboat Springs, Colorado. Grown on less than 1/8 acre, loose, wild garden style bouquets are available at",,https://communityagalliance.org/producer-directory/,medium,Routt,location_stated
Good Vibes River Gear,Yampa Valley Foods,Steamboat Springs,,"Craig, CO","Good Vibes River Gear is a small manufacturing business in the Yampa Valley. We sew custom unique gear for rafting, camping, and everyday use. We make reusable grocery bags that are helping to elimina",,https://communityagalliance.org/producer-directory/,,Moffat,location_stated
Great Northwest Caramel Corn Company,Yampa Valley Foods,Steamboat Springs,,"Craig, CO",Caramel Corn - Cottage Foods,,https://communityagalliance.org/producer-directory/,,Moffat,location_stated
Gunner Dog Treats / Kathy's Country Honey,Yampa Valley Foods,Steamboat Springs,,"Craig, CO","Gunner Dog Treats is a home-based small business founded on a passion for pets, especially Ole Gunner Dog. Gunner was a big yellow lab full of mischief, loved to hunt and lived a wonderful life in Nor",,https://communityagalliance.org/producer-directory/,medium,Moffat,location_stated
Hayden Fresh Farm,Yampa Valley Foods,Steamboat Springs,,"Hayden, CO","Pork, poultry, eggs, and pet products",,https://communityagalliance.org/producer-directory/,medium,Routt,location_stated
Home Ranch Livestock,Yampa Valley Foods,Steamboat Springs,,"Clark, CO","Grass-finished American Wagyu, individual cuts and shares",,https://communityagalliance.org/producer-directory/,medium,Routt,location_stated
Iacovetto Girl's Poultry,Yampa Valley Foods,Steamboat Springs,,"Steamboat Springs, CO",Poultry,,https://communityagalliance.org/producer-directory/,medium,Routt,location_stated
IHS Farms,Yampa Valley Foods,Steamboat Springs,,"Steamboat Springs, CO",Fresh vegetables,,https://communityagalliance.org/producer-directory/,medium,Routt,location_stated
Island Time Cookies,Yampa Valley Foods,Steamboat Springs,,"Steamboat Springs, CO",Allergy-friendly sweet treats,,https://communityagalliance.org/producer-directory/,,Routt,location_stated
Isaac's Amazing,Yampa Valley Foods,Steamboat Springs,,"Steamboat Springs, CO",Hot sauce,,https://communityagalliance.org/producer-directory/,,Routt,location_stated
J & J's Honey,Yampa Valley Foods,Steamboat Springs,,"Steamboat Springs, CO",Honey,,https://communityagalliance.org/producer-directory/,medium,Routt,location_stated
Jolly Ranch,Yampa Valley Foods,Steamboat Springs,,"Craig, CO",Pork and beef products,,https://communityagalliance.org/producer-directory/,medium,Moffat,location_stated
Kanyini Farm,Yampa Valley Foods,Steamboat Springs,,"Hayden, CO","Tomatoes, cut flowers, veggies",,https://communityagalliance.org/producer-directory/,medium,Routt,location_stated
Kate's Garden Pantry,Yampa Valley Foods,Steamboat Springs,,"Craig, CO","Cottage foods: jams, jellies, pickled beets",,https://communityagalliance.org/producer-directory/,medium,Moffat,location_stated
Latigo Ranch,Yampa Valley Foods,Steamboat Springs,,"Kremmling, CO",Grass fed & finished Yak,,https://communityagalliance.org/producer-directory/,medium,Grand,location_stated
Lazy B Ranch,Yampa Valley Foods,Steamboat Springs,,"Steamboat Springs, CO","Chicken Eggs - pasture/barn raised, non-GMO feed",,https://communityagalliance.org/producer-directory/,medium,Routt,location_stated
Leaning Tree Tales,Yampa Valley Foods,Steamboat Springs,,"Steamboat Springs, CO",Books,,https://communityagalliance.org/producer-directory/,,Routt,location_stated
Little Bee Juice + Provisions,Yampa Valley Foods,Steamboat Springs,,"Hayden, CO",Fresh squeezed juices,,https://communityagalliance.org/producer-directory/,,Routt,location_stated
Lucky 8 Ranch,Yampa Valley Foods,Steamboat Springs,,"Oak Creek, CO",Bison,,https://communityagalliance.org/producer-directory/,medium,Routt,location_stated
Lupita's Hot Sauces,Yampa Valley Foods,Steamboat Springs,,"Oak Creek, CO",Flavored hot sauce,,https://communityagalliance.org/producer-directory/,,Routt,location_stated
Maureen's Macaroons,Yampa Valley Foods,Steamboat Springs,,"Steamboat Springs, CO","Macaroons, Granola, Handmade Leather Purses",,https://communityagalliance.org/producer-directory/,,Routt,location_stated
Mo's Doughs,Yampa Valley Foods,Steamboat Springs,,"Craig, CO",Cottage Foods: Sourdough Bread & Baked goods,,https://communityagalliance.org/producer-directory/,,Moffat,location_stated
Mollie's of Steamboat,Yampa Valley Foods,Steamboat Springs,,"Steamboat Springs, CO","Cottage Foods: Jams, pickles, hand-painted cards, and more",,https://communityagalliance.org/producer-directory/,,Routt,location_stated
Moon Hill Dairy,Yampa Valley Foods,Steamboat Springs,,"Steamboat Springs, CO",Cheese,,https://communityagalliance.org/producer-directory/,medium,Routt,location_stated
Morning Light Photography,Yampa Valley Foods,Steamboat Springs,,"Steamboat Springs, CO",Photo cards,,https://communityagalliance.org/producer-directory/,,Routt,location_stated
Mountain Bluebird Farm,Yampa Valley Foods,Steamboat Springs,,"Hayden, CO","Fresh vegetables, cut flowers, CSA shares",,https://communityagalliance.org/producer-directory/,medium,Routt,location_stated
Mountain Paw Bakery,Yampa Valley Foods,Steamboat Springs,,"Steamboat Springs, CO",Dog Treats,,https://communityagalliance.org/producer-directory/,,Routt,location_stated
Mountain Tap Brewery,Yampa Valley Foods,Steamboat Springs,,"Steamboat Springs, CO",Popspice,,https://communityagalliance.org/producer-directory/,,Routt,location_stated
Murr Made Meats,Yampa Valley Foods,Steamboat Springs,,"Craig, CO",Pork products,,https://communityagalliance.org/producer-directory/,medium,Moffat,location_stated
Mystic Hills Farmstead,Yampa Valley Foods,Steamboat Springs,,"Clark, CO","Grass-fed and finished beef and lamb products, fresh vegetables",,https://communityagalliance.org/producer-directory/,weak,Routt,location_stated
O'Johnson Giardiniera,Yampa Valley Foods,Steamboat Springs,,"Steamboat Springs, CO",Giardiniera,,https://communityagalliance.org/producer-directory/,,Routt,location_stated
Outlaw Apiaries,Yampa Valley Foods,Steamboat Springs,,"Steamboat Springs, CO","Flavored, creamed, and regular honey",,https://communityagalliance.org/producer-directory/,medium,Routt,location_stated
Penny Lane Pepper Co.,Yampa Valley Foods,Steamboat Springs,,"Steamboat Springs, CO","Vegetables, specialty tomatoes and peppers, and more.",,https://communityagalliance.org/producer-directory/,weak,Routt,location_stated
Romick's High Valley Beef,Yampa Valley Foods,Steamboat Springs,,"Yampa, CO",Grass and grain finished Angus beef,,https://communityagalliance.org/producer-directory/,medium,Routt,location_stated
Rose West,Yampa Valley Foods,Steamboat Springs,,"Steamboat Springs, CO","Colorado-Grown Certified Organic Fruit: Palisade peaches, cherries, apricots, apples, Charentais melons",,https://communityagalliance.org/producer-directory/,,Routt,location_stated
Seedhouse Coffee,Yampa Valley Foods,Steamboat Springs,,"Steamboat Springs, CO",100% organic roasted coffee,,https://communityagalliance.org/producer-directory/,,Routt,location_stated
Snowden Meats,Yampa Valley Foods,Steamboat Springs,,"Toponas, CO",Grain-finished beef,,https://communityagalliance.org/producer-directory/,medium,Routt,location_stated
Stanko Ranch,Yampa Valley Foods,Steamboat Springs,,"Steamboat Springs, CO",Chicken eggs,,https://communityagalliance.org/producer-directory/,medium,Routt,location_stated
Stay at Home Chef,Yampa Valley Foods,Steamboat Springs,,"Clark, CO","Jams, marmalade, pickled goods",,https://communityagalliance.org/producer-directory/,,Routt,location_stated
Steamboat Coffee Company,Yampa Valley Foods,Steamboat Springs,,"Steamboat Springs, CO",Locally roasted coffee,,https://communityagalliance.org/producer-directory/,,Routt,location_stated
Steamboat Sourdough,Yampa Valley Foods,Steamboat Springs,,"Steamboat Springs, CO","Sourdough Bread, Baked Goods, & Handmade Cutting Boards",,https://communityagalliance.org/producer-directory/,,Routt,location_stated
The Backery,Yampa Valley Foods,Steamboat Springs,,"Steamboat Springs, CO","Baked goods, Cottage Foods",,https://communityagalliance.org/producer-directory/,,Routt,location_stated
The Farm at Home Ranch,Yampa Valley Foods,Steamboat Springs,,"Clark, CO","Fresh vegetables, herbs, chicken and duck eggs, body products",,https://communityagalliance.org/producer-directory/,medium,Routt,location_stated
Three Springs Cattle Co.,Yampa Valley Foods,Steamboat Springs,,"Dinosaur, CO",Grass fed and finished beef,,https://communityagalliance.org/producer-directory/,medium,Moffat,location_stated
Thorpe Mountain Farms,Yampa Valley Foods,Steamboat Springs,,"Steamboat Springs, CO",Potatoes and root vegetables,,https://communityagalliance.org/producer-directory/,medium,Routt,location_stated
Titania's TeaHouse,Yampa Valley Foods,Steamboat Springs,,"Oak Creek, CO",Tea blends,,https://communityagalliance.org/producer-directory/,,Routt,location_stated
Trout Creek Hops,Yampa Valley Foods,Steamboat Springs,,"Steamboat Springs, CO","Hops rhizomes, whole hops",,https://communityagalliance.org/producer-directory/,,Routt,location_stated
Trout Creek Meats,Yampa Valley Foods,Steamboat Springs,,"Oak Creek, CO",Beef and lamb products,,https://communityagalliance.org/producer-directory/,medium,Routt,location_stated
Two Lazy 8 Ranch,Yampa Valley Foods,Steamboat Springs,,"Oak Creek, CO","Jams, freeze dried fruit, seasoning blends, gift towels",,https://communityagalliance.org/producer-directory/,medium,Routt,location_stated
Two Trees Produce,Yampa Valley Foods,Steamboat Springs,,"Steamboat Springs, CO","Fresh vegetables, plant starts",,https://communityagalliance.org/producer-directory/,medium,Routt,location_stated
Warhorse Ranch,Yampa Valley Foods,Steamboat Springs,,"Clark, CO","Local honey, handcrafted pens",,https://communityagalliance.org/producer-directory/,medium,Routt,location_stated
Wellman Family Corriedales,Yampa Valley Foods,Steamboat Springs,,"Hamilton, CO",Wool products,,https://communityagalliance.org/producer-directory/,,Moffat,location_stated
Winters' Blessing Soap Co.,Yampa Valley Foods,Steamboat Springs,,"Craig, CO",Goat Milk Body Products,,https://communityagalliance.org/producer-directory/,,Moffat,location_stated
Yampa Valley Ranch,Yampa Valley Foods,Steamboat Springs,,"Yampa, CO",Grass fed/finished American and Fullblood Wagyu,,https://communityagalliance.org/producer-directory/,medium,Routt,location_stated
