Business Name,Category,Address,City,County,State,Zip,Phone,Call first?,Website,Email,Facebook,Instagram,Hours,Months Open,Products,Certified Organic,SNAP,ADA Accessible,Notes,Latitude,Longitude,Source,Geo Source,Possible Dup Of,Provenance,Source ID,Source Updated
Arkansas Valley Christian Mission,Food Bank,"122 Cottonwood Ave, Buena Vista, CO 81211",,Chaffee,CO,,(719) 395-9321,,https://www.avcmbv.org/,ark.christian.mission@gmail.com,,,"Tue, Wed, Fri: 11:00am - 2:00pm",,"Groceries, client pantry",,,,"The mission is open to provide food and meet client needs from 11am to 2pm every Tuesday, Wednesday and Friday, or by appointment. All of our services are FREE and CONFIDENTIAL and include the following: Groceries/Client Pantry Employment Resources Health Care References Prescription Co-pay Assistance Fuel Vouchers for Emergencies | Listed offerings: Providing food from 11:00 a.m. to 2:00 p.m. every Tuesday, Wednesday, and Friday, or by appointment.",38.8398446,-106.1330412,official-site+chaffee_provides,source,,"{""Address"":""official-site:https://www.avcmbv.org/"",""Phone"":""official-site:https://www.avcmbv.org/"",""Email"":""official-site:https://www.avcmbv.org/"",""Hours"":""official-site:https://www.avcmbv.org/"",""Products"":""official-site:https://www.avcmbv.org/"",""Website"":""chaffee_provides"",""Notes"":""chaffee_provides"",""County"":""census-geocoder""}",arkansas-valley-christian-mission,
Caring & Sharing – Sanctuary Soup Kitchen,Food Bank,220 W 4th St Salida,,Chaffee,CO,81201,(719) 539-3686,,http://salidacaringsharing.org/the-resource-center/,salidacs@gmail.com,,,,,"Beef/Meat, Dairy, Veggies, Staples",,,,"Sanctuary Soup Kitchen The Sanctuary Soup Kitchen provides a hot meal from 11:00 a.m. to 1:00 p.m. Tuesday and Thursdays and a Food Pantry on Tuesdays and Thursdays from 11:00 a.m. – 2:00 p.m. The Soup Kitchen is also a common space used for human service programs. We partner with Sol Vista, the Chaffee County DMV, and several Christian Churches to meet basic emotional, spiritual and physical needs. | Listed offerings: Meals Offered on Tuesday and Thursdays from 11:00 a.m. - 1:00 p.m. and a Food Pantry Tuesdays & Thursdays from 11;00 a.m. - 2:00 p.m.",38.53474420000001,-105.9953842,official-site+chaffee_provides,source,,"{""Phone"":""chaffee_provides"",""Email"":""chaffee_provides"",""Notes"":""chaffee_provides"",""Address"":""chaffee_provides"",""Zip"":""chaffee_provides"",""Website"":""chaffee_provides"",""Products"":""chaffee_provides"",""County"":""census-geocoder""}",caring-sharing-sanctuary-soup-kitchen,
Chaffee Cares,Organization,,,Chaffee,CO,,(719) 568-8522,,http://www.chaffeecares.org,chaffeecares@gmail.com,,,,,Staples,,,,"We strive to fill in the gaps where other public programs are limited or unable to assist. Chaffee Cares works closely with and accepts referrals and applications from third party professionals that work directly with local children, adults, seniors, and families in Chaffee County. Using a simple application process and the direction of the board, we strive to quickly help those in need and are dedicated to a 24 hour turnaround time in most situations. To apply fill out an application at https://www.chaffeecares.org/application. Thank you!",38.5303318,-105.9916776,official-site+chaffee_provides,source,,"{""Phone"":""chaffee_provides"",""Website"":""chaffee_provides"",""Email"":""chaffee_provides"",""Products"":""chaffee_provides"",""Notes"":""chaffee_provides"",""County"":""census-geocoder""}",chaffee-cares,
Cottonwood Spirit Ranch,On-Farm / Ranch Sales,,,Chaffee,CO,,(970) 406-8054,,https://cottonwoodspiritranch.com,gojoenterprises@gmail.com,https://www.facebook.com/CottonwoodSpiritRanch/,,,,"Beef, eggs, honey, produce",,,,"Cottonwood Spirit Ranch is a working Ranch and Airbnb.We offer a verity of local goods including Beef,Eggs,produce and Honey!!!Our beef is grass fed, USD inspected and organic. The veggies are fresh from the garden. The honey is all wild flower,raw and unfiltered!",38.8331534,-106.1673061,official-site+chaffee_provides,source,,"{""Facebook"":""official-site:https://cottonwoodspiritranch.com"",""Products"":""official-site:https://cottonwoodspiritranch.com"",""Phone"":""chaffee_provides"",""Website"":""chaffee_provides"",""Email"":""chaffee_provides"",""Notes"":""chaffee_provides"",""County"":""census-geocoder""}",cottonwood-spirit-ranch,
Green Mountain Ranch,Agritourism,,,,CO,80819,,,,,,,,,,,,,,,,usda,,,"{""Business Name"":""usda"",""Zip"":""usda""}",,
Guidestone Colorado’s Free Community Fridge,Organization,,,Chaffee,CO,,,,,info@guidestonecolorado.org,,https://www.instagram.com/salidacommunityfridge,,,,,,,"At Salida Community Fridge, we believe that abundance is a human right. Thanks to all of our growers and eaters who help to make that dream a reality in our small community! Open 24/7 for all. | Listed offerings: Guidestone Colorado’s Free Community Fridge, Always Available 24/7, Behind A Church, 419 D St",38.5321935,-105.9921041,official-site+chaffee_provides,source,,"{""Email"":""chaffee_provides"",""Instagram"":""chaffee_provides"",""Notes"":""chaffee_provides"",""County"":""census-geocoder""}",guidestone-colorados-free-community-fridge,
Headwater Farms,On-Farm / Ranch Sales,,,Chaffee,CO,,(719) 322-8737,,https://www.headwaterfarmco.com/,maddychance@headwaterfarmco.com,,https://instagram.com/headwater_farms,,,"Fresh produce, wildflowers, pumpkins (pumpkin patch), CSA shares",,,,"We are a farm located in the Rocky Mountains of Colorado, growing fresh produce, flower fields and a pumpkin patch. We aim to interconnect nature and humanity through agriculture.",38.8422178,-106.1311288,official-site+chaffee_provides,source,,"{""Phone"":""official-site:https://www.headwaterfarmco.com/contactus"",""Email"":""official-site:https://www.headwaterfarmco.com/contactus"",""Instagram"":""official-site:https://www.headwaterfarmco.com/"",""Products"":""official-site:https://www.headwaterfarmco.com/"",""Website"":""chaffee_provides"",""Notes"":""chaffee_provides"",""County"":""census-geocoder""}",headwater-farms,
Mushroom Love Co,On-Farm / Ranch Sales,,,Chaffee,CO,,(970) 420-8359,,http://www.mushroomloveco.com,morgan.tristana@gmail.com,https://www.facebook.com/Mushroom-Love-Co-334280667437315/,,,,"Gourmet mushrooms (lion's mane, king oyster), mushroom growing supplies, classes, CSA membership",,,,"Mushroom Love Co is a gourmet mushroom farm located right here in the high rockies! We provide oyster and lions mane mushrooms for restaurants, markets and individuals. We also have mushroom growing supplies and classes available.",38.848625,-106.1617464,official-site+chaffee_provides,source,,"{""Facebook"":""official-site:https://www.mushroomloveco.com/"",""Products"":""official-site:https://www.mushroomloveco.com/"",""Phone"":""chaffee_provides"",""Website"":""chaffee_provides"",""Email"":""chaffee_provides"",""Notes"":""chaffee_provides"",""County"":""census-geocoder""}",mushroom-love-co,
Phytology Flowers Farm,On-Farm / Ranch Sales,,,Chaffee,CO,,(303) 709-4912,,https://www.phytologyflowers.com,Hannah@phytologyflowers.com,,https://www.instagram.com/phytologyflowers/,By appointment,,"Flowers, wedding and event florals, summer flower subscriptions, bouquets",,,,"We are a sustainable flower farmer and wedding and event florist in Salida. We offer summer flower subscriptions, wedding and event services, holiday arrangements, and some herbal products. We hope to offer classes and workshops in the future. We are a family farm and open by appointment.",38.5247489,-106.0425447,official-site+chaffee_provides,source,,"{""Instagram"":""official-site:https://www.instagram.com/phytologyflowers/"",""Hours"":""official-site:https://www.phytologyflowers.com"",""Products"":""official-site:https://www.phytologyflowers.com"",""Phone"":""chaffee_provides"",""Website"":""chaffee_provides"",""Email"":""chaffee_provides"",""Notes"":""chaffee_provides"",""County"":""census-geocoder""}",phytology-flowers-farm,
PIFCA – Partnership for Community Action,Food Bank,,,Chaffee,CO,,(719) 398-0363,,https://www.gopfca.com/,hello@goPfCA.com,,,,,"Food pantry, health & beauty aids, Rainbow Closet",,,,"By Appointment & 2SLGBTQIA+ Friendly Pantry on 10 a.m. – 4 p.m. Tuesdays – Fridays PIFCA’s pantry is a community-supported space ensuring everyone has access to nourishing food and vital Health & Beauty Aids (HBA). We are especially dedicated to supporting those facing food insecurity and acknowledge the disproportionately high rates of houselessness and food insecurity faced by our LGBTQ+ siblings, particularly our Trans community, due to systemic barriers. Our entrance is in the basement. Head down the stairs to the left of the Starpoint Community Center’s main front entrance; you’ll see the rainbow mural as you descend. If you need handicap accessible entry, we’re happy to meet you upstairs in the Starpoint Community Center – just let us know when you arrive! | Listed offerings: 2SLGBTQIA+ Friendly Pantry 10 am - 4 pm Tuesdays - Fridays",38.534419,-105.991406,official-site+chaffee_provides,source,,"{""Phone"":""official-site:https://www.gopfca.com/"",""Email"":""official-site:https://www.gopfca.com/"",""Products"":""official-site:https://www.gopfca.com/"",""Website"":""chaffee_provides"",""Notes"":""chaffee_provides"",""County"":""census-geocoder""}",pifca-partnership-for-community-action,
Salida Cattle Company,On-Farm / Ranch Sales,,,Chaffee,CO,,(719) 221-2267,,http://www.salidacattlecompany.com,salidacattlecompany@gmail.com,,,,,"Beef (steaks, hamburger), grass-fed and corn-finished cattle",,,,"Whole, half, and quarters of locally raised grass and grain finished beef. Seasonal availability.",38.5987803,-106.0619781,official-site+chaffee_provides,source,,"{""Products"":""official-site:http://www.salidacattlecompany.com"",""Phone"":""chaffee_provides"",""Website"":""chaffee_provides"",""Email"":""chaffee_provides"",""Notes"":""chaffee_provides"",""County"":""census-geocoder""}",salida-cattle-company,
SOIL Sangre de Cristo,Organization,"PO Box 1445, Salida, CO 81201",,,CO,,(719) 221-3840,,https://www.soilsangredecristo.org/,board@soilsangredecristo.org,https://www.facebook.com/Soilsangredecristo/,https://www.instagram.com/soilsangredecristo/,,,,,,,"SOIL Sangre de Cristo supports farmers, ranchers and food producers throughout the South-Central region of Colorado by providing NO Interest loans. This support keeps the local food economy resilient, encouraging diversity. SOIL Sangre de Cristo's funds come from community members who contribute to a revolving loan fund becoming investors in the non-profit organization.",,,official-site+chaffee_provides,,,"{""Address"":""official-site:https://www.soilsangredecristo.org/"",""Email"":""official-site:https://www.soilsangredecristo.org/"",""Facebook"":""official-site:https://www.soilsangredecristo.org/"",""Instagram"":""official-site:https://www.soilsangredecristo.org/"",""Phone"":""chaffee_provides"",""Website"":""chaffee_provides"",""Notes"":""chaffee_provides""}",post-2256,
Valley Roots Food Hub,On-Farm / Ranch Sales,"5401 Terry Street, Mosca, CO 81146",,,CO,,(719) 206-2839,,https://www.valleyrootsfoodhub.com/,ally.valleyroots@gmail.com,,,,,"Produce, meat, cheese, eggs",,,,"Valley Roots Food Hub is a local food aggregator and distributor based in Mosca, CO, and serving much of our great state of Colorado including Chaffee County! We serve individual customers at home looking for grocery shopping needs, as well as grocers, restaurants, caterers, buying clubs, schools, food banks, & more! Customers can enjoy up to 100+ producers from our network all on one invoice. We are open year-round with a Monday 4 PM order deadline & Thursday delivery. We also have convenient pick-up locations available. Individuals at home can participate by shopping with us each week, picking and choosing what they’d like in each order. We also have our multi-farm CSA Fresh Box program where customers pay for their share upfront and for 13 weeks in the summer, our team curates what goes in each box.",,,official-site+chaffee_provides,,,"{""Address"":""official-site:https://www.valleyrootsfoodhub.com/contact"",""Phone"":""official-site:https://www.valleyrootsfoodhub.com/contact"",""Products"":""official-site:https://www.valleyrootsfoodhub.com/"",""Website"":""chaffee_provides"",""Email"":""chaffee_provides"",""Notes"":""chaffee_provides""}",valley-roots-food-hub,
TwoInTents Farm / Coastalfields Feed,Agritourism,635 County Road 160,Agate,Elbert,CO,80101,(720) 833-8795,,,twointents@gmail.com,,,,,,,,,,39.4397209949878,-103.996154047014,usda,source,,"{""Business Name"":""usda"",""Address"":""usda"",""City"":""usda"",""Zip"":""usda"",""Phone"":""usda"",""Email"":""usda"",""County"":""census-geocoder""}",7227,"Feb 12th, 2024"
7 Anubis Farms,On-Farm / Ranch Sales,23991 County Road 40,Akron,,CO,80720,(970) 630-1330,,https://www.7anubisfarms.com/,7anubisent@gmail.com,,,,,,,,,,,,usda,,,"{""Business Name"":""usda"",""Address"":""usda"",""City"":""usda"",""Zip"":""usda"",""Phone"":""usda"",""Email"":""usda"",""Website"":""usda""}",,
Alamosa Farmers' Market,Farmers' Market,Corner of 6th and Ross,Alamosa,Alamosa,CO,81101,(719) 849-1083,No,https://www.alamosafarmersmarket.org/,alamosafarmersmarket@gmail.com,https://www.facebook.com/alamosafarmersmarket,https://instagram.com/alamosa_farmers_market,Sat: 8 am - 1:30 pm,"July, August, September, October","Apples, Apricots, Beets, Bell Peppers, Broccoli, Cabbage, Cantaloupe, Cauliflower, Carrots, Cherries, Chile Peppers, Chile - Roasted, Cucumbers, Eggplant, Garlic, Green Beans, Herbs, Kale, Lettuce, Mushrooms, Onions, Peaches, Pears, Peas, Pinto Beans, Plums, Potatoes, Pumpkins, Radishes, Raspberries, Rhubarb, Spinach, Squash, Sweet Corn, Tomatoes, Turnips, Watermelon, Zucchini, Buffalo, Jerky, Lamb, Baked Goods, Cheese, Eggs, Honey, Jams, Jellies, Handcrafted Gifts",No,Yes,No,"The Alamosa Farmers' Market is the San Luis Valley's largest and oldest market.  A Downtown community event on Saturdays from July through October we offer local foods, hand crafted goods, live music, activities for kids, and community engagement opportunities.  An affordable market with Valley flavor.",37.46711599500003,-105.87013198299996,colorado_proud+cfma+usda,source,,"{""Business Name"":""colorado_proud"",""Address"":""colorado_proud"",""City"":""colorado_proud"",""County"":""colorado_proud"",""Zip"":""colorado_proud"",""Phone"":""colorado_proud"",""Website"":""colorado_proud"",""Email"":""colorado_proud"",""Facebook"":""colorado_proud"",""Instagram"":""colorado_proud"",""Hours"":""colorado_proud"",""Months Open"":""colorado_proud"",""Products"":""colorado_proud"",""Certified Organic"":""colorado_proud"",""SNAP"":""colorado_proud"",""ADA Accessible"":""colorado_proud"",""Notes"":""colorado_proud""}",300118,"Sep 10th, 2020"
Mercadillo en el Rio,Farmers' Market,"6935 CO-17, Alamosa, CO 81101",Alamosa,Alamosa,CO,81101,(719) 937-2319,,https://www.riograndefarmpark.org,,https://www.facebook.com/riograndefarmpark/,https://www.instagram.com/riograndefarmpark/,Wed: 3:00pm - 7:00pm,"July, August, September","Produce, Herbs, Prepared Food (food trucks), Regional Vendor Goods",,Yes,,"Mercadillo en el Rio is a farmer's market hosted by the Rio Grande Farm Park in Alamosa every Wednesday afternoon from 3 - 7. Our market accepts SNAP and Double up food bucks. The Rio Grande Farm Park provides land for 10 different small scale farmer's from Alamosa. Each of these farmers participate in the Mercadillo and sell produce to customers that is grow just a few hundred feet away. Along with our farmers we have other vendors who provide additional food products as well as artisan crafts. A usual market consists of two vendors selling ready to eat food as well as live music performances from local musicians. The Farm Park also has a playground and public restrooms open to all who come to shop at our market. | Programs: SNAP, Double Up; Season 07/15/2026–09/02/2026",37.474796,-105.8596929,official-site+cfma,source,,"{""Address"":""official-site:https://www.riograndefarmpark.org/mercadillo"",""Phone"":""official-site:https://www.riograndefarmpark.org/mercadillo"",""Facebook"":""official-site:https://www.riograndefarmpark.org/mercadillo"",""Instagram"":""official-site:https://www.riograndefarmpark.org/mercadillo"",""Hours"":""official-site:https://www.riograndefarmpark.org/mercadillo"",""Months Open"":""official-site:https://www.riograndefarmpark.org/mercadillo"",""Products"":""official-site:https://www.riograndefarmpark.org/mercadillo"",""SNAP"":""official-site:https://www.riograndefarmpark.org/mercadillo"",""Zip"":""cfma"",""Website"":""cfma"",""Notes"":""cfma"",""County"":""census-geocoder""}",,
Bristlecone Bakeshop,Bakery,15 S. Main St,Alma,Park,CO,80420,(908) 451-5727,,https://www.bristleconebakeshop.com/,maggie@bristleconebakeshop.com,,https://www.instagram.com/bristlecone_bakeshop/,Wed–Sat 7am–2pm; Sun 7am–12pm,,"Sourdough loaves, sweet and savory pastries, breakfast sandwiches, cookies, cold sandwiches",,,,,39.283437150345,-106.06245939734,curated,census-geocoder,,"{""Business Name"":""curated"",""Address"":""curated"",""City"":""curated"",""Zip"":""curated"",""Phone"":""curated"",""Website"":""curated"",""Email"":""curated"",""Instagram"":""curated"",""Hours"":""curated"",""Products"":""curated"",""County"":""census-geocoder""}",https://www.bristleconebakeshop.com/the-bakeshop,2026-10-04
Arvada Farmers Market,Farmers' Market,57th & Old Wadsworth,Arvada,Jefferson,CO,80002,(720) 675-8757,,https://www.arvadafarmersmarket.com,arvadafarmersmarket@gmail.com,https://facebook.com/arvadafarmersmarket,,,,,,,,,39.80015001250439,-105.081449963656,usda,source,,"{""Business Name"":""usda"",""Address"":""usda"",""City"":""usda"",""Zip"":""usda"",""Phone"":""usda"",""Email"":""usda"",""Website"":""usda"",""Facebook"":""usda"",""County"":""census-geocoder""}",309015,"Mar 20th, 2023"
Arvada Five Parks Farmers Market,Farmers' Market,13810 W. 85th Dr,Arvada,Jefferson,CO,80005,(303) 456-7624,,https://arvadafiveparksfarmersmarket.blogspot.com/,lfdsloans@outlook.com*lfdsloans@lemeridianfds.com,https://www.facebook.com/pages/Arvada-Five-Parks-Farmers-Market/469569033116556,,,,,,,,,39.849168143339696,-105.15546829289002,usda,source,,"{""Business Name"":""usda"",""Address"":""usda"",""City"":""usda"",""Zip"":""usda"",""Phone"":""usda"",""Email"":""usda"",""Website"":""usda"",""Facebook"":""usda"",""County"":""census-geocoder""}",309016,"Mar 20th, 2023"
Crescendum Flower Farm,CSA Farm,7100 W 62nd Ave,Arvada,Jefferson,CO,80003,(303) 507-5483,,http://www.crescendumflowerfarm.com,,,,,,,,,,,39.80918669411,-105.075885889076,usda,census-geocoder,,"{""Business Name"":""usda"",""Address"":""usda"",""City"":""usda"",""Zip"":""usda"",""Phone"":""usda"",""Website"":""usda"",""County"":""census-geocoder""}",,
Inti Farms,"On-Farm / Ranch Sales, CSA Farm",8412 Alkire Street,Arvada,Jefferson,CO,80005,,,https://linktr.ee/inti.chacra.farms?utm_source=linktree_profile_share&ltsid=a31e06f5-0479-4fe4-acf7-0fc9b0aa6470,inti.chacra.farms@gmail.com,,,,,,,,,,39.849591290353,-105.14768313703,usda,census-geocoder,,"{""Business Name"":""usda"",""Address"":""usda"",""City"":""usda"",""Zip"":""usda"",""Email"":""usda"",""Website"":""usda"",""County"":""census-geocoder""}",,
Micro Farms,CSA Farm,7020 W. 61st Ave,Arvada,Jefferson,CO,80003,,,http://microfarmscolorado.com,,,,,,,,,,,39.807370606148,-105.074661561585,usda,census-geocoder,,"{""Business Name"":""usda"",""Address"":""usda"",""City"":""usda"",""Zip"":""usda"",""Website"":""usda"",""County"":""census-geocoder""}",,
"Pioneer Farmsteaders, LLC",CSA Farm,7000 Garrison St,Arvada,Jefferson,CO,80004,(303) 284-3494,,https://pioneerfarmsteaders.com,pioneerfarmsteaders@comcast.net,https://www.facebook.com/pioneerfarmsteaders,,,"June, July, August, September",,,,,"Open: June to September<br>Available Products: Artichoke;Arugula;Beans, other (lima, etc.);Beets;Bok Choy;Broccoli;Broccolini/baby broccoli;Cauliflower;Collard Greens;Cucumbers;Garlic;Green beans;Kohlrabi;Mixed leafy greens;Okra;Parsnips;Peanuts;Peas;Potatoes (new, red, russet, etc.);Radicchio;Rhubarb;Spinach: baby, regular;Squash, winter: butternut, etc.;Sweet potatoes;Tomatoes (cherry, grape, etc.);Tomatoes (plum, round, etc.);Turnip greens;Turnips;Artichoke;Arugula;Beans, other (lima, etc.);Beets;Bok Choy;Broccoli;Broccolini/baby broccoli;Cauliflower;Collard Greens;Cucumbers;Garlic;Green beans;Kohlrabi;Mixed leafy greens;Okra;Parsnips;Peanuts;Peas;Potatoes (new, red, russet, etc.);Radicchio;Rhubarb;Spinach: baby, regular;Squash, winter: butternut, etc.;Sweet potatoes;Tomatoes (cherry, grape, etc.);Tomatoes (plum, round, etc.);Turnip greens;Turnips;;Cut flowers;Honey;",39.8220441,-105.100196,usda,source,,"{""Business Name"":""usda"",""Address"":""usda"",""City"":""usda"",""Zip"":""usda"",""Phone"":""usda"",""Email"":""usda"",""Website"":""usda"",""Facebook"":""usda"",""Months Open"":""usda"",""Notes"":""usda"",""County"":""census-geocoder""}",200629,"Feb 28th, 2015"
Aspen Saturday Market,Farmers' Market,"Downtown Aspen: between S. Hunter St, E. Hopkins Ave & E. Hyman Ave, Aspen, CO 81611",Aspen,Pitkin,CO,81611,(970) 429-2093,,https://aspen.gov/180/Aspen-Saturday-Market,aspensaturdaymarket@gmail.com,https://www.facebook.com/AspenSaturdayMarket/,https://www.instagram.com/aspensaturdaymarket/,Sat: 8:30am - 2:00pm (Jun 6 - Sep 4); Sat: 9:00am - 2:00pm (Sep 5 - Oct 3),"June, July, August, September, October","Only Colorado made, grown and produced items (no brokers): produce, fruits, vegetables, bread, meats, jams, artisan products, sculptures, paintings, plus a food court and petting zoo",,,,,39.189339982899526,-106.81714002360457,official-site+usda,source,,"{""Address"":""official-site:https://aspenspecialevents.com/events/saturday-market"",""Phone"":""official-site:https://aspenspecialevents.com/events/saturday-market"",""Website"":""official-site:https://aspen.gov/180/Aspen-Saturday-Market"",""Email"":""official-site:https://aspenspecialevents.com/events/saturday-market"",""Facebook"":""official-site:https://www.facebook.com/AspenSaturdayMarket/"",""Instagram"":""official-site:https://www.instagram.com/aspensaturdaymarket/"",""Hours"":""official-site:https://aspen.gov/180/Aspen-Saturday-Market"",""Months Open"":""official-site:https://aspen.gov/180/Aspen-Saturday-Market"",""Products"":""official-site:https://aspenspecialevents.com/events/saturday-market"",""Zip"":""usda"",""County"":""census-geocoder""}",309018,"Mar 20th, 2023"
Baseggio Pumpkin Patch and Corn Maze,Agritourism,695 cr 20.5,Atwood,Logan,CO,80722,(970) 580-3024,,,,https://www.facebook.com/baseggiofamilypumpkinpatchandcornmaze/,,,,,,,,,40.5733369367908,-103.259648188381,usda,source,,"{""Business Name"":""usda"",""Address"":""usda"",""City"":""usda"",""Zip"":""usda"",""Phone"":""usda"",""Facebook"":""usda"",""County"":""census-geocoder""}",2096,"Feb 12th, 2024"
Adams Apple Country Store,Agritourism,42135 Co Rd 43,Ault,Weld,CO,80610,,,http://adamsapplecolorado.com/,,,,,,,,,,,40.6124729805684,-104.660863999585,usda,source,,"{""Business Name"":""usda"",""Address"":""usda"",""City"":""usda"",""Zip"":""usda"",""Website"":""usda"",""County"":""census-geocoder""}",7854,"Feb 12th, 2024"
Anderson's Patchwork Pumpkins,Agritourism,415 Highway 14,Ault,Weld,CO,80610,(970) 227-4661,,,,,,,,,,,,,40.5825772938124,-104.727179907515,usda,source,,"{""Business Name"":""usda"",""Address"":""usda"",""City"":""usda"",""Zip"":""usda"",""Phone"":""usda"",""County"":""census-geocoder""}",4677,"Feb 12th, 2024"
D & H Farms,CSA Farm,41373 Highway 85,Ault,Weld,CO,80610,(970) 396-1182,,http://www.dhfarms2000.com/,deb@dhfarms2000.com,https://www.facebook.com/pages/D-H-Farms/157754464262571,,,"January, February, March, April, May, June, July, August, September, October, November, December",,,,,"Open: Year-round<br>Available Products: Apricots;Figs;Pears;Plums (black, green, red, etc.);Artichoke;Arugula;Beans (string);Beans, other (lima, etc.);Bok Choy;Broccoli;Broccolini/baby broccoli;Brussels sprouts;Cabbage;Carrots;Cauliflower;Collard Greens;Corn (sweet);Cucumbers;Eggplant (Italian, Japanese, etc.);Garlic;Green beans;Green onions/scallions;Kale;Kohlrabi;Leeks;Lettuce (head, leaf, etc.);Mache/lamb’s lettuce;Mixed leafy greens;Mustard Greens;Okra;Parsnips;Peanuts;Peas;Peppers, hot;Peppers, sweet;Potatoes (new, red, russet, etc.);Pumpkin;Radicchio;Rhubarb;Rutabaga;Soybeans;Spinach: baby, regular;Squash, winter: butternut, etc.;Sweet potatoes;Tomatoes (cherry, grape, etc.);Tomatoes (plum, round, etc.);Turnip greens;Turnips;Apricots;Figs;Pears;Plums (black, green, red, etc.);;Artichoke;Arugula;Beans (string);Beans, other (lima, etc.);Bok Choy;Broccoli;Broccolini/baby broccoli;Brussels sprouts;Cabbage;Carrots;Cauliflower;Collard Greens;Corn (sweet);Cucumbers;Eggplant (Italian, Japanese, etc.);Garlic;Green beans;Green onions/scallions;Kale;Kohlrabi;Leeks;Lettuce (head, leaf, etc.);Mache/lamb’s lettuce;Mixed leafy greens;Mustard Greens;Okra;Parsnips;Peanuts;Peas;Peppers, hot;Peppers, sweet;Potatoes (new, red, russet, etc.);Pumpkin;Radicchio;Rhubarb;Rutabaga;Soybeans;Spinach: baby, regular;Squash, winter: butternut, etc.;Sweet potatoes;Tomatoes (cherry, grape, etc.);Tomatoes (plum, round, etc.);Turnip greens;Turnips;;Eggs;Fresh and/or dried herbs;",40.5819854,-104.7313754,usda,source,,"{""Business Name"":""usda"",""Address"":""usda"",""City"":""usda"",""Zip"":""usda"",""Phone"":""usda"",""Email"":""usda"",""Website"":""usda"",""Facebook"":""usda"",""Months Open"":""usda"",""Notes"":""usda"",""County"":""census-geocoder""}",200040,"Aug 19th, 2014"
Masonville Orchards,"Agritourism, On-Farm / Ranch Sales",135 Weld County Road 43,Ault,Weld,CO,80610,,,https://www.masonvilleorchard.com,masonvilleorchards@email.com,,,,,,,,,,40.6252031992323,-104.658081400466,usda,source,,"{""Business Name"":""usda"",""Address"":""usda"",""City"":""usda"",""Zip"":""usda"",""Website"":""usda"",""Email"":""usda"",""County"":""census-geocoder""}",9843,"Feb 12th, 2024"
Alameda Mile High Farmer's Market,Farmers' Market,"Bicentennial Park (Alameda & Potomac), 13655 E Alameda Ave, Aurora, CO 80012",Aurora,Arapahoe,CO,80012,(720) 249-7697,,https://ezregister.com/events/10206/,milehighmarkets@gmail.com,,,Sunday 9:00 AM - 2:00 PM,"June, July, August, September, October","Food, handmade crafts, merchandise, and other vendor goods",,,,,39.711182948431194,-104.84283878066104,official-site+usda,source,,"{""Address"":""official-site:https://ezregister.com/events/10206/"",""Hours"":""official-site:https://ezregister.com/events/10206/"",""Months Open"":""official-site:https://ezregister.com/events/10206/"",""Products"":""official-site:https://ezregister.com/events/10206/"",""Zip"":""usda"",""Phone"":""usda"",""Website"":""usda"",""Email"":""usda"",""County"":""census-geocoder""}",309014,"Mar 20th, 2023"
Aurora South Farmers Market II,Farmers' Market,15324 E Hampden Cir,Aurora,Arapahoe,CO,80013,(303) 361-6169,,,,,,,,,,,,,39.65097603435367,-104.80936747150693,official-site+usda,source,,"{""Address"":""usda"",""Zip"":""usda"",""Phone"":""usda"",""County"":""census-geocoder""}",309019,"Mar 20th, 2023"
City of Aurora Pumpkin Patch,Agritourism,151 E. Alameda Parkway,Aurora,Arapahoe,CO,80012,(303) 739-6702,,,,,,,,,,,,,39.7088967825355,-104.813680280982,usda,source,,"{""Business Name"":""usda"",""Address"":""usda"",""City"":""usda"",""Zip"":""usda"",""Phone"":""usda"",""County"":""census-geocoder""}",7475,"Feb 12th, 2024"
DeLaney Community Farm,CSA Farm,170 S Chambers Rd,Aurora,Arapahoe,CO,80017,(303) 292-9900,,http://dug.org,heather@dug.org,https://www.facebook.com/pages/DeLaney-Community-Farm/223243937692846,,,"June, July, August, September, October",,,,,"Open: June to October<br>Available Products: Apples;Grapes (black, green, red, etc.);Oranges, clementine, mandarins, tangerines, tangelos;Artichoke;Arugula;Beans, other (lima, etc.);Beets;Bok Choy;Broccoli;Broccolini/baby broccoli;Cabbage;Carrots;Cauliflower;Celery;Collard Greens;Cucumbers;Endives;Garlic;Green beans;Kale;Kohlrabi;Leeks;Mache/lamb’s lettuce;Mixed leafy greens;Mustard Greens;Onions (pearl, red, white, etc.);Parsnips;Peanuts;Peas;Peppers, hot;Potatoes (new, red, russet, etc.);Radicchio;Rhubarb;Rutabaga;Shallots;Soybeans;Spinach: baby, regular;Squash, summer: zucchini, etc.;Squash, winter: butternut, etc.;Swiss chard;Tomatoes (cherry, grape, etc.);Tomatoes (plum, round, etc.);Turnip greens;Turnips;Apples;Grapes (black, green, red, etc.);Oranges, clementine, mandarins, tangerines, tangelos;;Artichoke;Arugula;Beans, other (lima, etc.);Beets;Bok Choy;Broccoli;Broccolini/baby broccoli;Cabbage;Carrots;Cauliflower;Celery;Collard Greens;Cucumbers;Endives;Garlic;Green beans;Kale;Kohlrabi;Leeks;Mache/lamb’s lettuce;Mixed leafy greens;Mustard Greens;Onions (pearl, red, white, etc.);Parsnips;Peanuts;Peas;Peppers, hot;Potatoes (new, red, russet, etc.);Radicchio;Rhubarb;Rutabaga;Shallots;Soybeans;Spinach: baby, regular;Squash, summer: zucchini, etc.;Squash, winter: butternut, etc.;Swiss chard;Tomatoes (cherry, grape, etc.);Tomatoes (plum, round, etc.);Turnip greens;Turnips;;Dairy products: milk, cheese, etc.;Dry beans;Eggs;Fresh and/or dried herbs;Honey;Soap and/or body care products;",39.7140704,-104.8074685,usda,source,,"{""Business Name"":""usda"",""Address"":""usda"",""City"":""usda"",""Zip"":""usda"",""Phone"":""usda"",""Email"":""usda"",""Website"":""usda"",""Facebook"":""usda"",""Months Open"":""usda"",""Notes"":""usda"",""County"":""census-geocoder""}",200041,"Aug 22nd, 2014"
Fresh Start Family Farms LLC.,"On-Farm / Ranch Sales, Agritourism",23700 E 42nd Avenue,Aurora,Adams,CO,80019,(720) 298-3361,,http://www.freshstartfamilyfarms.com,tcobosco@freshstartfamilyfarms.com,https://www.facebook.com/pages/Fresh-Start-Family-Farms/199168826774078?ref=hl,,,,,,,,,39.774633,-104.71048,usda,source,,"{""Business Name"":""usda"",""Address"":""usda"",""City"":""usda"",""Zip"":""usda"",""Phone"":""usda"",""Email"":""usda"",""Website"":""usda"",""Facebook"":""usda"",""County"":""census-geocoder""}",700465,"Jul 26th, 2014"
Homestead Farms Co.,CSA Farm,865 Zion Street,Aurora,Arapahoe,CO,80011,(303) 883-1778,,http://www.homesteadfarmsco.com,,,,,,,,,,,39.729241159539,-104.828969549916,usda,census-geocoder,,"{""Business Name"":""usda"",""Address"":""usda"",""City"":""usda"",""Zip"":""usda"",""Phone"":""usda"",""Website"":""usda"",""County"":""census-geocoder""}",,
Painted Prairie Open Air Markets (Presented by Grateful Garden llc),Farmers' Market,High Prairie Park E 59th Pl & N Orleans St,Aurora,Denver,CO,80019,(720) 619-0619,No,https://gratefulgardenllc.com,katrina@gratefulgardenllc.com,https://www.facebook.com/gratefulgardenllc,https://www.instagram.com/gratefulgarden/,Sat: 9 am - 1pm and October fest is 10 am - 3 pm,"June, July, August, September, October","Cherries, Chile Peppers, Peaches, Herbs, Leeks, Lettuce, Microgreens, Mushrooms, Nectarines, Spinach, Beef, Buffalo, Jerky, Lamb, Pork, Poultry, Sausage, Baked Goods, Eggs, Honey, Jams, Jellies, Pickles, Popcorn, Cider, Juices",No,Yes,Yes,"A seasonal outdoor market and community gathering at High Prairie Park featuring local vendors, themed events, and family-friendly programming.",39.80299080700007,-104.73660430199999,colorado_proud,source,,"{""Business Name"":""colorado_proud"",""Address"":""colorado_proud"",""City"":""colorado_proud"",""County"":""colorado_proud"",""Zip"":""colorado_proud"",""Phone"":""colorado_proud"",""Website"":""colorado_proud"",""Email"":""colorado_proud"",""Facebook"":""colorado_proud"",""Instagram"":""colorado_proud"",""Hours"":""colorado_proud"",""Months Open"":""colorado_proud"",""Products"":""colorado_proud"",""Certified Organic"":""colorado_proud"",""SNAP"":""colorado_proud"",""ADA Accessible"":""colorado_proud"",""Notes"":""colorado_proud""}",,
Southlands Farmers' Market,Farmers' Market,6155 S. Main St.,Aurora,Arapahoe,CO,80016,(303) 627-5000,,https://www.shopsouthlands.com/eventprograms/farmers-market/,williamsfamilymarkets@gmail.com,https://www.facebook.com/pages/Southlands-Farmers-Market/285277572341,,Saturday 8AM-1PM,"May, June, July, August, September","Organic, pesticide-free produce, fresh dairy products, baked goods, salsas, honey, and more",,,Yes,,39.60511174029859,-104.70887980439706,official-site+usda,source,,"{""Phone"":""official-site:https://www.shopsouthlands.com/eventprograms/farmers-market/"",""Website"":""official-site:https://www.shopsouthlands.com/eventprograms/farmers-market/"",""Hours"":""official-site:https://www.shopsouthlands.com/eventprograms/farmers-market/"",""Months Open"":""official-site:https://www.shopsouthlands.com/eventprograms/farmers-market/"",""Products"":""official-site:https://www.shopsouthlands.com/eventprograms/farmers-market/"",""ADA Accessible"":""official-site:https://www.shopsouthlands.com/eventprograms/farmers-market/"",""Address"":""usda"",""Zip"":""usda"",""Email"":""usda"",""Facebook"":""usda"",""County"":""census-geocoder""}",309122,"Mar 20th, 2023"
Hoffmann Commercial Real Estate Farmers' Market,Farmers' Market,182 Avon Rd.,Avon,Eagle,CO,81620,(970) 479-1711,,http://edwardsfarmersmarket.com/,edwards@rockymountainmarkets.com,,,,,,,,,,39.63310199306957,-106.52112800000288,official-site+usda,source,,"{""Address"":""usda"",""Zip"":""usda"",""Phone"":""usda"",""Website"":""usda"",""Email"":""usda"",""County"":""census-geocoder""}",309074,"Mar 20th, 2023"
Frederika Fall Festival & Corn Maxe,Agritourism,47522 McHarg Rd,Avondale,Pueblo,CO,81022,(719) 582-9058,,http://www.10best.com/interests/travel-now/10best-fall-corn-mazes-fun-for-families/,frederikafallfest@gmail.com,http://www.facebook.com/frederikafallfestival,,,,,,,,,38.2235079902334,-104.354808025227,usda,source,,"{""Business Name"":""usda"",""Address"":""usda"",""City"":""usda"",""Zip"":""usda"",""Phone"":""usda"",""Email"":""usda"",""Website"":""usda"",""Facebook"":""usda"",""County"":""census-geocoder""}",1284,"Feb 12th, 2024"
Rovegno's Produce,"Agritourism, On-Farm / Ranch Sales",216 E. US Highway 50 Br,Avondale,Pueblo,CO,81022,(719) 251-0588,,https://www.rovegnosproduce.com/contact.html,eric@rovegnosproduce.com,https://www.facebook.com/rovegnos-produce-349696805054143,,,,,,,,,38.2362890095619,-104.34791701117,usda,source,,"{""Business Name"":""usda"",""Address"":""usda"",""City"":""usda"",""Zip"":""usda"",""Phone"":""usda"",""Email"":""usda"",""Website"":""usda"",""Facebook"":""usda"",""County"":""census-geocoder""}",5402,"Feb 12th, 2024"
Basalt Sunday Market,Farmers' Market,101 Midland Avenue,Basalt,Eagle,CO,81621,(970) 279-2319,,https://www.basalt.net/606/Basalt-Sunday-Market,sundaymarket@basalt.net,https://www.facebook.com/BasaltSundayMarket/,,Sun: 10:00am - 2:00pm,"June, July, August, September",,,,,Open: June to September; <br>Available Products: Fresh fruits;Fresh vegetables;Baked goods;Canned or preserved fruits/vegetables;Coffee/tea;Crafts/woodworking items;Cut flowers;Dairy products.;Eggs;Fish/seafood;Fresh/dried herbs;Grains/flour;Honey;Juices/non-alcoholic ciders;Mushrooms;Prepared foods;Red/other non-poultry meat and products;Soap/body care products;,39.368957,-107.03473,official-site+usda,source,,"{""Phone"":""official-site:https://www.basalt.net/606/Basalt-Sunday-Market"",""Website"":""official-site:https://www.basalt.net/606/Basalt-Sunday-Market"",""Email"":""official-site:https://www.basalt.net/606/Basalt-Sunday-Market"",""Facebook"":""official-site:https://www.facebook.com/BasaltSundayMarket/"",""Hours"":""official-site:https://www.basalt.net/606/Basalt-Sunday-Market"",""Months Open"":""official-site:https://www.basalt.net/606/Basalt-Sunday-Market"",""Address"":""usda"",""Zip"":""usda"",""Notes"":""usda"",""County"":""census-geocoder""}",300096,"Aug 7th, 2020"
Two Roots Farm,"On-Farm / Ranch Sales, CSA Farm",100 Sopris Creek Road,Basalt,Pitkin,CO,81621,(970) 376-6039,,https://www.tworootsfarm.com,harper.kaufman@gmail.com,,,,,,,,,,39.364374189795,-107.061782033583,usda,census-geocoder,,"{""Business Name"":""usda"",""Address"":""usda"",""City"":""usda"",""Zip"":""usda"",""Phone"":""usda"",""Email"":""usda"",""Website"":""usda"",""County"":""census-geocoder""}",,
Homegrown Farm,CSA Farm,,Bayfield,,CO,81122,(970) 884-9567,,http://homegrownbiodynamics.com,,,,,,,,,,,,,usda,,,"{""Business Name"":""usda"",""City"":""usda"",""Zip"":""usda"",""Phone"":""usda"",""Website"":""usda""}",,
Bennett Community Market,Farmers' Market,401 S. 1st St.,Bennett,Adams,CO,80102,(303) 502-6946,,,Bennettcommarket@gmail.com,https://www.facebook.com/Bennett-Community-Market-1592527727628410/,,"Saturdays (alternating), 9 a.m. - 2 p.m.","May, June, July, August, September","Seasonal organic vegetables, fruit, frozen meats (beef, buffalo, lamb, pork, yak, poultry - USDA-inspected retail packages), dry goods, artisan crafts, cheese, eggs, honey, pickles, popcorn, baked goods",,,,,39.758281209421185,-104.43323208396914,official-site+usda,source,,"{""Email"":""official-site:https://www.coloradolandcan.org/local-resources/Bennett-Community-Market/40417"",""Hours"":""official-site:https://www.coloradolandcan.org/local-resources/Bennett-Community-Market/40417"",""Months Open"":""official-site:https://www.coloradolandcan.org/local-resources/Bennett-Community-Market/40417"",""Products"":""official-site:https://www.coloradolandcan.org/local-resources/Bennett-Community-Market/40417"",""Address"":""usda"",""Zip"":""usda"",""Phone"":""usda"",""Facebook"":""usda"",""County"":""census-geocoder""}",309020,"Mar 20th, 2023"
Mile High Farms,Agritourism,11 Cavanaugh Road,Bennett,Arapahoe,CO,80102,(303) 344-2676,,,info@milehighfarms.com,https://www.facebook.com/milehighfarms,,,,,,,,,39.7159359835628,-104.550811035815,usda,source,,"{""Business Name"":""usda"",""Address"":""usda"",""City"":""usda"",""Zip"":""usda"",""Phone"":""usda"",""Email"":""usda"",""Facebook"":""usda"",""County"":""census-geocoder""}",4370,"Feb 12th, 2024"
Tuff's Ranch,Agritourism,5055 S County Road 137,Bennett,,CO,80102,,,https://www.tuffsranch.com/,Michelle@tuffsranch.com,,,,,,,,,,,,usda,,,"{""Business Name"":""usda"",""Address"":""usda"",""City"":""usda"",""Zip"":""usda"",""Email"":""usda"",""Website"":""usda""}",,
Bennett Summer Pop-up Market,Farmers' Market,200 W Marketplace Dr,"Bennett,",Adams,CO,80102,(505) 490-5141,Yes,,admin@agfoodlab.org,,https://instagram.com/agfoodlab,Sat: 9 am - 12 pm,"July, August, September","Apples, Beets, Bell Peppers, Broccoli, Cabbage, Carrots, Chile Peppers, Cucumbers, Green Beans, Herbs, Kale, Lettuce, Microgreens, Okra, Onions, Peaches, Pears, Pinto Beans, Potatoes, Pumpkins, Radishes, Spinach, Squash, Sweet Corn, Tomatoes, Zucchini, Beef, Lamb, Pork, Jams, Jellies, Pickles, Baked Goods, Eggs",No,Yes,Yes,"This small pop-up market aims to increase local access to produce grown in Colorado, in particular for farmers and food producers along the I-70 corridor! You'll find us in the parking lot behind the Muegge House.",39.74168062000007,-104.43662430399996,colorado_proud,source,,"{""Business Name"":""colorado_proud"",""Address"":""colorado_proud"",""City"":""colorado_proud"",""County"":""colorado_proud"",""Zip"":""colorado_proud"",""Phone"":""colorado_proud"",""Email"":""colorado_proud"",""Instagram"":""colorado_proud"",""Hours"":""colorado_proud"",""Months Open"":""colorado_proud"",""Products"":""colorado_proud"",""Certified Organic"":""colorado_proud"",""SNAP"":""colorado_proud"",""ADA Accessible"":""colorado_proud"",""Notes"":""colorado_proud""}",,
Berthoud Farmers' Market,Farmers' Market,1201 Lake Ave.,Berthoud,Larimer,CO,80513,,,http://berthoudlocal.org/farmers-and-fleas/,manager@berthoudmainstreet.org,,,,,,,,,,40.30793687777082,-105.09544745861861,usda,source,,"{""Business Name"":""usda"",""Address"":""usda"",""City"":""usda"",""Zip"":""usda"",""Email"":""usda"",""Website"":""usda"",""County"":""census-geocoder""}",309021,"Mar 20th, 2023"
Dottie's Garden Spot,"On-Farm / Ranch Sales, CSA Farm",22440 County Road 1,Berthoud,Weld,CO,80513,(303) 941-0292,,,Mike@peoplehelpers.org,,,,"January, February, March, April, May, June, July, August, September, October, November, December",,,,,Open: Year-round<br>Available Products: Arugula;Broccolini/baby broccoli;Kohlrabi;Mixed leafy greens;Okra;Rhubarb;Sweet potatoes;Swiss chard;Turnip greens;Arugula;Broccolini/baby broccoli;Kohlrabi;Mixed leafy greens;Okra;Rhubarb;Sweet potatoes;Swiss chard;Turnip greens;;Eggs;,40.326806,-105.05417,usda,source,,"{""Business Name"":""usda"",""Address"":""usda"",""City"":""usda"",""Zip"":""usda"",""Phone"":""usda"",""Email"":""usda"",""Months Open"":""usda"",""Notes"":""usda"",""County"":""census-geocoder""}",701101,"Sep 26th, 2014"
"Heritage Lavender, LLC",On-Farm / Ranch Sales,4809 Foothills Drive,Berthoud,Larimer,CO,80513,(303) 514-6504,,http://heritagelavender.com/,heritagelavender@gmail.com,https://www.facebook.com/HeritageLavender?ref=hl,,,,,,,,,40.287934,-105.16339,usda,source,,"{""Business Name"":""usda"",""Address"":""usda"",""City"":""usda"",""Zip"":""usda"",""Phone"":""usda"",""Email"":""usda"",""Website"":""usda"",""Facebook"":""usda"",""County"":""census-geocoder""}",701195,"Jan 14th, 2015"
Simply Natural at Desiderata Ranch,Agritourism,4617 West County Road 2,Berthoud,Larimer,CO,80513,(303) 910-6130,,http://y.ahoo.it/2s86r+td,elboe80@gmail.com,http://www.facebook.com/desiderataranch,,,,,,,,,40.2612913467885,-105.159538851304,usda,source,,"{""Business Name"":""usda"",""Address"":""usda"",""City"":""usda"",""Zip"":""usda"",""Phone"":""usda"",""Email"":""usda"",""Website"":""usda"",""Facebook"":""usda"",""County"":""census-geocoder""}",1264,"Feb 12th, 2024"
Black Forest Farmers Market,Farmers' Market,"6845 Shoup Rd, Black Forest, CO 80908",Black Forest,El Paso,CO,80908,(719) 747-2586,,https://www.thebackyardmarkets.com/black-forest-market,,https://www.facebook.com/backyardfarmshop,https://www.instagram.com/backyardfarmshop,Saturday 9am-1pm,"May, June, July, August, September, October","Over 70 producers-only vendors selling Colorado-grown produce, baked goods, prepared foods, coffee, honey, flowers, crafts, and artisanal products; each vendor makes, bakes, grows, or raises what they sell",,Yes,,,38.98934999433783,-104.69941899399247,official-site+usda,source,,"{""Address"":""official-site:https://www.thebackyardmarkets.com/black-forest-market"",""Phone"":""official-site:https://www.thebackyardmarkets.com/black-forest-market"",""Website"":""official-site:https://www.thebackyardmarkets.com/black-forest-market"",""Facebook"":""official-site:https://www.thebackyardmarkets.com/black-forest-market"",""Instagram"":""official-site:https://www.thebackyardmarkets.com/black-forest-market"",""Hours"":""official-site:https://www.thebackyardmarkets.com/black-forest-market"",""Months Open"":""official-site:https://www.thebackyardmarkets.com/black-forest-market"",""Products"":""official-site:https://www.thebackyardmarkets.com/black-forest-market"",""SNAP"":""official-site:https://www.thebackyardmarkets.com/black-forest-market"",""Zip"":""usda"",""County"":""census-geocoder""}",309022,"Mar 20th, 2023"
High Altitude Rhubarb--Organic Farm & Nursery,On-Farm / Ranch Sales,7225 Wildridge Road,Black Forest,El Paso,CO,80908,(719) 494-8424,,http://www.highaltituderhubarb.com,Dennis.Duncan@HighAltitudeRhubarb.com,https://www.facebook.com/#!/pages/High-Altitude-Rhubarb-LLC/161735683855277,,,,,,,,,39.039318,-104.69274,usda,source,,"{""Business Name"":""usda"",""Address"":""usda"",""City"":""usda"",""Zip"":""usda"",""Phone"":""usda"",""Email"":""usda"",""Website"":""usda"",""Facebook"":""usda"",""County"":""census-geocoder""}",700496,"Jul 30th, 2014"
63rd St. Farm,CSA Farm,3796 N 63rd St,Boulder,Boulder,CO,80301,(720) 938-3059,,http://www.63rdstfarm.com/,63rdstfarm@gmail.com,https://www.facebook.com/pages/63rd-Street-Farm/335289626511934,,,"June, July, August, September, October, November",,,,,"Open: June to November<br>Available Products: Artichoke;Arugula;Beans, other (lima, etc.);Beets;Bok Choy;Broccoli;Broccolini/baby broccoli;Cabbage;Carrots;Cauliflower;Celery;Collard Greens;Cucumbers;Eggplant (Italian, Japanese, etc.);Endives;Garlic;Green beans;Green onions/scallions;Kale;Kohlrabi;Mixed leafy greens;Mustard Greens;Okra;Onions (pearl, red, white, etc.);Parsnips;Peanuts;Peas;Peppers, hot;Peppers, sweet;Potatoes (new, red, russet, etc.);Radicchio;Rhubarb;Shallots;Soybeans;Spinach: baby, regular;Squash, winter: butternut, etc.;Sweet potatoes;Tomatoes (cherry, grape, etc.);Tomatoes (plum, round, etc.);Turnip greens;Turnips;Chicken;Turkey;Beef/veal (sausage);Beef/veal (steaks, roasts);Goat;Lamb (chops, roasts);Lamb (ground);Lamb (sausage);Pork (bacon);Rabbit;Artichoke;Arugula;Beans, other (lima, etc.);Beets;Bok Choy;Broccoli;Broccolini/baby broccoli;Cabbage;Carrots;Cauliflower;Celery;Collard Greens;Cucumbers;Eggplant (Italian, Japanese, etc.);Endives;Garlic;Green beans;Green onions/scallions;Kale;Kohlrabi;Mixed leafy greens;Mustard Greens;Okra;Onions (pearl, red, white, etc.);Parsnips;Peanuts;Peas;Peppers, hot;Peppers, sweet;Potatoes (new, red, russet, etc.);Radicchio;Rhubarb;Shallots;Soybeans;Spinach: baby, regular;Squash, winter: butternut, etc.;Sweet potatoes;Tomatoes (cherry, grape, etc.);Tomatoes (plum, round, etc.);Turnip greens;Turnips;;Cut flowers;Eggs;Fresh and/or dried herbs;Honey;Mushrooms;Chicken;Turkey;;Beef/veal (sausage);Beef/veal (steaks, roasts);Goat;Lamb (chops, roasts);Lamb (ground);Lamb (sausage);Pork (bacon);Rabbit;;Wine, spirits, beer, hard cider;",40.0862009,-105.2064521,usda,source,,"{""Business Name"":""usda"",""Address"":""usda"",""City"":""usda"",""Zip"":""usda"",""Phone"":""usda"",""Email"":""usda"",""Website"":""usda"",""Facebook"":""usda"",""Months Open"":""usda"",""Notes"":""usda"",""County"":""census-geocoder""}",200038,"Sep 29th, 2014"
Boulder Creek Winery,Agritourism,6440 Odell Place,Boulder,Boulder,CO,80301,,,https://www.bouldercreekwine.com,,,,,,,,,,,40.0733200088485,-105.203470022047,usda,source,,"{""Business Name"":""usda"",""Address"":""usda"",""City"":""usda"",""Zip"":""usda"",""Website"":""usda"",""County"":""census-geocoder""}",10667,"Feb 12th, 2024"
Boulder Family Farms,On-Farm / Ranch Sales,1005 Cherryvale Rd,Boulder,Boulder,CO,80303,,,,boulderfamilyfarms@email.com,,,,,,,,,,40.005184734643,-105.212582302181,usda,census-geocoder,,"{""Business Name"":""usda"",""Address"":""usda"",""City"":""usda"",""Zip"":""usda"",""Email"":""usda"",""County"":""census-geocoder""}",,
Boulder Farmers Market,Farmers' Market,13th St & Canyon Blvd Unit D,Boulder,Boulder,CO,80302,(720) 612-8185,No,https://bcfm.org/markets/boulder-farmers-market/,hello@bcfm.org,https://www.facebook.com/BoulderFarmersMarket,https://www.instagram.com/boulderfarmersmarket/,Wed: 3:30 - 7:30 p.m.; Sat: 8:00 a.m. - 2:00 p.m.,"April, May, June, July, August, September, October, November","Apples, Asparagus, Apricots, Beets, Bell Peppers, Broccoli, Cabbage, Cantaloupe, Carrots, Cauliflower, Celery, Cherries, Chile Peppers, Chile - Roasted, Cucumbers, Eggplant, Garlic, Green Beans, Herbs, Honeydew, Kale, Leeks, Lettuce, Microgreens, Mushrooms, Nectarines, Okra, Onions, Peaches, Pears, Peas, Pinto Beans, Plums, Potatoes, Pumpkins, Radishes, Raspberries, Rhubarb, Spinach, Squash, Strawberries, Sweet Corn, Tomatoes, Turnips, Watermelon, Zucchini, Beef, Buffalo, Jerky, Lamb, Pork, Poultry, Sausage, Baked Goods, Cheese, Eggs, Honey, Jams, Pickles, Popcorn",No,Yes,Yes,"Join us at the Boulder Farmers Market! Here you'll meet your local farmers, ranchers, beekeepers, and entrepreneurs selling everything from fresh produce, meat, cheese, fresh bread and pastries, as well as delicious ready-to-eat options for breakfast and lunch.",40.01619600000177,-105.27801750000235,colorado_proud+cfma+usda,source,,"{""Business Name"":""colorado_proud"",""Address"":""colorado_proud"",""City"":""colorado_proud"",""County"":""colorado_proud"",""Zip"":""colorado_proud"",""Phone"":""colorado_proud"",""Website"":""colorado_proud"",""Email"":""colorado_proud"",""Facebook"":""colorado_proud"",""Instagram"":""colorado_proud"",""Hours"":""colorado_proud"",""Months Open"":""colorado_proud"",""Products"":""colorado_proud"",""Certified Organic"":""colorado_proud"",""SNAP"":""colorado_proud"",""ADA Accessible"":""colorado_proud"",""Notes"":""colorado_proud""}",309023,"Mar 20th, 2023"
Cottonwood Farm,Agritourism,1535 N. 75th,Boulder,Boulder,CO,80303,(720) 890-4766,,,cottonwoodfarms@cottonwoodfarms.com,,,,,,,,,,40.0133103902902,-105.178173701089,usda,source,,"{""Business Name"":""usda"",""Address"":""usda"",""City"":""usda"",""Zip"":""usda"",""Phone"":""usda"",""Email"":""usda"",""County"":""census-geocoder""}",6626,"Feb 12th, 2024"
Cultiva! Youth Project,CSA Farm,1630 Hawthorn Ave,Boulder,Boulder,CO,80304,(303) 443-9952,,http://www.growinggardens.org/,megan@growinggardens.org,,,,"June, July, August, September, October, November",,,,,"Open: June to November<br>Available Products: Apples;Cherries (sweet, tart, etc.);Grapes (black, green, red, etc.);Kiwi;Pears;Artichoke;Arugula;Beans, other (lima, etc.);Beets;Bok Choy;Broccoli;Broccoli rabe;Broccolini/baby broccoli;Cabbage;Carrots;Cauliflower;Celery;Collard Greens;Cucumbers;Eggplant (Italian, Japanese, etc.);Garlic;Green beans;Kale;Kohlrabi;Leeks;Lettuce (head, leaf, etc.);Mixed leafy greens;Mizuna;Mustard Greens;Okra;Parsnips;Peanuts;Peppers, hot;Potatoes (new, red, russet, etc.);Radicchio;Rhubarb;Soybeans;Spinach: baby, regular;Squash, summer: zucchini, etc.;Squash, winter: butternut, etc.;Sweet potatoes;Tomatoes (cherry, grape, etc.);Tomatoes (plum, round, etc.);Turnip greens;Turnips;Apples;Cherries (sweet, tart, etc.);Grapes (black, green, red, etc.);Kiwi;Pears;;Artichoke;Arugula;Beans, other (lima, etc.);Beets;Bok Choy;Broccoli;Broccoli rabe;Broccolini/baby broccoli;Cabbage;Carrots;Cauliflower;Celery;Collard Greens;Cucumbers;Eggplant (Italian, Japanese, etc.);Garlic;Green beans;Kale;Kohlrabi;Leeks;Lettuce (head, leaf, etc.);Mixed leafy greens;Mizuna;Mustard Greens;Okra;Parsnips;Peanuts;Peppers, hot;Potatoes (new, red, russet, etc.);Radicchio;Rhubarb;Soybeans;Spinach: baby, regular;Squash, summer: zucchini, etc.;Squash, winter: butternut, etc.;Sweet potatoes;Tomatoes (cherry, grape, etc.);Tomatoes (plum, round, etc.);Turnip greens;Turnips;;Eggs;Honey;Juices and/or non-alcoholic ciders;Mushrooms;",40.0342054,-105.2759758,usda,source,,"{""Business Name"":""usda"",""Address"":""usda"",""City"":""usda"",""Zip"":""usda"",""Phone"":""usda"",""Email"":""usda"",""Website"":""usda"",""Months Open"":""usda"",""Notes"":""usda"",""County"":""census-geocoder""}",200033,"Sep 16th, 2014"
Cure Organic Farm,"CSA Farm, Agritourism, On-Farm / Ranch Sales",7416 Valmont Rd,Boulder,Boulder,CO,80301,(303) 666-6397,,http://www.cureorganicfarm.com/,cureorganicfarm@yahoo.com,https://www.facebook.com/pages/Cure-Organic-Farm/234985673055,,,"June, July, August, September, October, November, December",,,,,"Open: June to December<br>Available Products: Apples;Avocados;Grapefruit (red, white, etc.);Grapes (black, green, red, etc.);Kiwi;Oranges, clementine, mandarins, tangerines, tangelos;Pears;Watermelons;Artichoke;Arugula;Beans (string);Beans, other (lima, etc.);Beets;Bok Choy;Broccoli;Broccolini/baby broccoli;Brussels sprouts;Cabbage;Carrots;Cauliflower;Celery;Collard Greens;Corn (sweet);Cucumbers;Garlic;Green beans;Kale;Kohlrabi;Leeks;Mixed leafy greens;Mustard Greens;Okra;Onions (pearl, red, white, etc.);Parsnips;Peanuts;Peas;Peppers, hot;Potatoes (new, red, russet, etc.);Radicchio;Radishes;Rhubarb;Soybeans;Spinach: baby, regular;Squash, summer: zucchini, etc.;Squash, winter: butternut, etc.;Sweet potatoes;Swiss chard;Tomatoes (cherry, grape, etc.);Tomatoes (plum, round, etc.);Turnip greens;Turnips;Apples;Avocados;Grapefruit (red, white, etc.);Grapes (black, green, red, etc.);Kiwi;Oranges, clementine, mandarins, tangerines, tangelos;Pears;Watermelons;;Artichoke;Arugula;Beans (string);Beans, other (lima, etc.);Beets;Bok Choy;Broccoli;Broccolini/baby broccoli;Brussels sprouts;Cabbage;Carrots;Cauliflower;Celery;Collard Greens;Corn (sweet);Cucumbers;Garlic;Green beans;Kale;Kohlrabi;Leeks;Mixed leafy greens;Mustard Greens;Okra;Onions (pearl, red, white, etc.);Parsnips;Peanuts;Peas;Peppers, hot;Potatoes (new, red, russet, etc.);Radicchio;Radishes;Rhubarb;Soybeans;Spinach: baby, regular;Squash, summer: zucchini, etc.;Squash, winter: butternut, etc.;Sweet potatoes;Swiss chard;Tomatoes (cherry, grape, etc.);Tomatoes (plum, round, etc.);Turnip greens;Turnips;;Baked goods: breads, pies, etc.;Coffee and/or tea;Cut flowers;Dry beans;Fresh and/or dried herbs;",40.0327259,-105.1803587,usda,source,,"{""Business Name"":""usda"",""Address"":""usda"",""City"":""usda"",""Zip"":""usda"",""Phone"":""usda"",""Email"":""usda"",""Website"":""usda"",""Facebook"":""usda"",""Months Open"":""usda"",""Notes"":""usda"",""County"":""census-geocoder""}",200039,"Jul 27th, 2014"
Growing Gardens,Agritourism,1630 Hawthorn Ave,Boulder,Boulder,CO,80304,,,https://growinggardens.org/,info@growinggardens.org,,,,,,,,,,40.034778031593,-105.276217918131,usda,census-geocoder,,"{""Business Name"":""usda"",""Address"":""usda"",""City"":""usda"",""Zip"":""usda"",""Email"":""usda"",""Website"":""usda"",""County"":""census-geocoder""}",,
Hoot 'n' Howl Farm LLC,"Agritourism, On-Farm / Ranch Sales",033 Jay Road,Boulder,Boulder,CO,80301,(720) 771-0483,,http://www.hootnhowlfarm.com,jrpoley@comcast.net,http://www.facebook.com/pages/hoot-n-howl-farm-llc/195757020445853,,,,,,,,,40.0510182247883,-105.217200684789,usda,source,,"{""Business Name"":""usda"",""Address"":""usda"",""City"":""usda"",""Zip"":""usda"",""Phone"":""usda"",""Email"":""usda"",""Website"":""usda"",""Facebook"":""usda"",""County"":""census-geocoder""}",1505,"Feb 12th, 2024"
Miraflora Farm,CSA Farm,,Boulder,,CO,,(720) 935-2754,,http://www.MirafloraFarm.com,,,,,,,,,,,,,usda,,,"{""Business Name"":""usda"",""City"":""usda"",""Phone"":""usda"",""Website"":""usda""}",,
Off Beet Farm,CSA Farm,3796 63rd St,Boulder,Boulder,CO,80301,,,http://offbeetfarmcolorado.com,,,,,,,,,,,40.044719181323,-105.206803706198,usda,census-geocoder,,"{""Business Name"":""usda"",""Address"":""usda"",""City"":""usda"",""Zip"":""usda"",""Website"":""usda"",""County"":""census-geocoder""}",,
The Community Market at Naropa,Farmers' Market,2130 Arapahoe Ave,Boulder,Boulder,CO,80302,(303) 638-8818,,http://www.naropa.edu/campuslife/communitymarket.cfm,,,,,,,,,,,40.014482824615065,-105.266888687603,usda,source,,"{""Business Name"":""usda"",""Address"":""usda"",""City"":""usda"",""Zip"":""usda"",""Phone"":""usda"",""Website"":""usda"",""County"":""census-geocoder""}",309126,"Mar 20th, 2023"
Veggiescapes,On-Farm / Ranch Sales,Oxford Road,Boulder,,CO,80503,,,,veggiescapes@email.com,,,,,,,,,,,,usda,,,"{""Business Name"":""usda"",""Address"":""usda"",""City"":""usda"",""Zip"":""usda"",""Email"":""usda""}",,
Breckenridge Sunday Market,Farmers' Market,505 S Main Street Main Street Station,Breckenridge,Summit,CO,80424,(970) 471-9029,No,https://rockymountainevents.com/,info@rockymtnevents.com,,https://instagram.com/brecksundaymarket,Sun: 10:00am - 3:00pm,"June, July, August, September","Apples, Apricots, Asparagus, Beets, Bell Peppers, Broccoli, Brussels Sprouts, Cabbage, Cantaloupe, Carrots, Cauliflower, Cherries, Chile Peppers, Chile - Roasted, Cucumbers, Green Beans, Herbs, Kale, Lettuce, Nectarines, Onions, Peaches, Peas, Plums, Potatoes, Spinach, Squash, Tomatoes, Zucchini, Beef, Buffalo, Jerky, Sausage, Baked Goods, Cheese, Eggs, Honey, Jams, Pickles, Jellies, Popcorn, Juices, Handcrafted Gifts",No,No,Yes,,39.47679420900005,-106.04489474799999,colorado_proud,source,,"{""Business Name"":""colorado_proud"",""Address"":""colorado_proud"",""City"":""colorado_proud"",""County"":""colorado_proud"",""Zip"":""colorado_proud"",""Phone"":""colorado_proud"",""Website"":""colorado_proud"",""Email"":""colorado_proud"",""Instagram"":""colorado_proud"",""Hours"":""colorado_proud"",""Months Open"":""colorado_proud"",""Products"":""colorado_proud"",""Certified Organic"":""colorado_proud"",""SNAP"":""colorado_proud"",""ADA Accessible"":""colorado_proud""}",,
ABC Farm,Agritourism,18598 Wcr 8,brighton,Adams,CO,80603,,,,,,,,,,,,,,39.9948150000001,-104.63763,usda,source,,"{""Business Name"":""usda"",""Address"":""usda"",""City"":""usda"",""Zip"":""usda"",""County"":""census-geocoder""}",7705,"Feb 12th, 2024"
Berry Patch Farms,"Agritourism, On-Farm / Ranch Sales",13785 Potomac St.,Brighton,Adams,CO,80601,,,,bpf@qwestoffice.net,https://www.facebook.com/berry-patch-farms-191470969226,,,,,,,,,39.9470620183028,-104.828566017015,usda,source,,"{""Business Name"":""usda"",""Address"":""usda"",""City"":""usda"",""Zip"":""usda"",""Email"":""usda"",""Facebook"":""usda"",""County"":""census-geocoder""}",2215,"Feb 12th, 2024"
Johnson's Acres,Agritourism,381 York Street,Brighton,Adams,CO,80602,(303) 452-8043,,http://www.johnsonsacres.com,johnsonsacres@yahoo.com,,,,,,,,,,39.9786668088721,-104.959393778992,usda,source,,"{""Business Name"":""usda"",""Address"":""usda"",""City"":""usda"",""Zip"":""usda"",""Phone"":""usda"",""Email"":""usda"",""Website"":""usda"",""County"":""census-geocoder""}",8268,"Feb 12th, 2024"
Lulu's Farm Roadside Market,Farmers' Market,13201 E 144th Ave,Brighton,Adams,CO,80601,(303) 659-3300,,http://lulusfarm.com,info@lulusfarm.com,https://www.facebook.com/Lulusfarm/,,Mon-Sun: 9:00am - 6:00pm,,"Fresh produce (peaches, sweet corn, chiles, tomatoes, vegetables, fruit, herbs), roasted green chile, naturally raised beef, frozen chili and spice blends, smokers/grills, propane, outdoor furniture and storage",,,,,39.95782307507426,-104.83521804518494,official-site+usda,source,,"{""Phone"":""official-site:http://lulusfarm.com"",""Website"":""official-site:http://lulusfarm.com"",""Email"":""official-site:http://lulusfarm.com"",""Facebook"":""official-site:http://lulusfarm.com"",""Hours"":""official-site:http://lulusfarm.com"",""Products"":""official-site:http://lulusfarm.com"",""Address"":""usda"",""Zip"":""usda"",""County"":""census-geocoder""}",309089,"Mar 20th, 2023"
Sun Catcher Farms Ldt.,CSA Farm,,Brighton,,CO,80602,(720) 688-4496,,,,,,,,,,,,,,,usda,,,"{""Business Name"":""usda"",""City"":""usda"",""Zip"":""usda"",""Phone"":""usda""}",,
Broomfield Farmers' Market,Farmers' Market,1700 W. 10th Ave.,Broomfield,Broomfield,CO,80020,(303) 466-2667,,,market@holycomforterchurch.net,https://www.facebook.com/pages/Broomfield-Farmers-Market-at-Holy-Comforter/205491972824879,,,,,,,,,39.92885245568665,-105.08918274323268,usda,source,,"{""Business Name"":""usda"",""Address"":""usda"",""City"":""usda"",""Zip"":""usda"",""Phone"":""usda"",""Email"":""usda"",""Facebook"":""usda"",""County"":""census-geocoder""}",309027,"Mar 20th, 2023"
Rock Creek Farm U-Pick-em Pumpkin Patch,Agritourism,2005 South 112th Street,Broomfield,Boulder,CO,80020,,,https://www.rockcreekfarm.com,,,,,,,,,,,39.9509000079478,-105.095602974806,usda,source,,"{""Business Name"":""usda"",""Address"":""usda"",""City"":""usda"",""Zip"":""usda"",""Website"":""usda"",""County"":""census-geocoder""}",10073,"Feb 12th, 2024"
Just What Grows Gardens,"On-Farm / Ranch Sales, Agritourism",25641 County Road T.9,Brush,Morgan,CO,80723,(970) 370-1712,,,justwhatgrowsgardens@gmail.com,https://www.facebook.com/just-what-grows-gardens-owner-stacey-poland-181178215266172,,,,,,,,,40.275803,-103.66679,usda,source,,"{""Business Name"":""usda"",""Address"":""usda"",""City"":""usda"",""Zip"":""usda"",""Phone"":""usda"",""Email"":""usda"",""Facebook"":""usda"",""County"":""census-geocoder""}",700704,"Jul 28th, 2014"
Buck and Bloom Cheese Co,"On-Farm / Ranch Sales, Agritourism",31700 US Highway 24 North,Buena Vista,Chaffee,CO,81211,,,https://www.buckandbloomcheese.com/,buckandbloomcheese@gmail.com,,https://www.instagram.com/buckandbloomcheese/,,,"Artisan goat and cow cheeses (chèvre, fromage blanc, goat feta, bloomy rinds, pepperjack, cave-aged), eggs",,,,Creamery at the BV Farm General Store (open 7 days; farm tours by booking). Reopened spring 2025 in the former Jumpin' Good Goat Dairy facility.,38.879322654238,-106.160984701324,curated,census-geocoder,,"{""Business Name"":""curated"",""Address"":""curated"",""City"":""curated"",""Zip"":""curated"",""Website"":""curated"",""Email"":""curated"",""Instagram"":""curated"",""Products"":""curated"",""Notes"":""curated"",""County"":""census-geocoder""}",https://www.buckandbloomcheese.com/,2026-10-04
Buena Vista Farmers' Market,Farmers' Market,"Columbine Park, 51 Linderman Ave, Buena Vista, CO 81211",Buena Vista,Chaffee,CO,81211,(913) 904-8207,,https://www.foodshedalliance.com/,info@foodshedalliance.com,https://www.facebook.com/FoodshedAllianceCO/,https://www.instagram.com/buena_vista_farmers_market/,Sat: 9:00am - 1:00pm,"June, July, August, September, October","Locally grown produce, jewelry, breakfast/prepared food, pottery, art, crafts",,,,,38.841753019411925,-106.11883101338466,official-site+usda,source,,"{""Address"":""official-site:https://arkvalleyvoice.com/first-buena-vista-farmers-market-of-the-season-is-coming-to-columbine-park-on-june-7/"",""Phone"":""official-site:https://www.foodshedalliance.com/contact"",""Website"":""official-site:https://www.foodshedalliance.com/meet-our-vendors"",""Email"":""official-site:https://www.foodshedalliance.com/contact"",""Facebook"":""official-site:https://www.facebook.com/FoodshedAllianceCO/"",""Instagram"":""official-site:https://www.instagram.com/buena_vista_farmers_market/"",""Hours"":""official-site:https://arkvalleyvoice.com/first-buena-vista-farmers-market-of-the-season-is-coming-to-columbine-park-on-june-7/"",""Months Open"":""official-site:https://arkvalleyvoice.com/first-buena-vista-farmers-market-of-the-season-is-coming-to-columbine-park-on-june-7/"",""Products"":""official-site:https://arkvalleyvoice.com/first-buena-vista-farmers-market-of-the-season-is-coming-to-columbine-park-on-june-7/"",""Zip"":""usda"",""County"":""census-geocoder""}",309028,"Mar 20th, 2023"
Colorado Mountain Lavender,Farm Products (online),5968 State Highway 69,Buena Vista,Fremont,CO,81211,(719) 371-2828,,https://co-mtn-lav.com/,connect@co-mtn-lav.com,,,Not open to the public. Order online.,,"Lavender essential oil, skin care, bath salts, hydrosol, culinary vinegars, dried lavender bouquets",,,,"Not open to the public: the farm and farm shop no longer host visitors. Its lavender products are sold online at co-mtn-lav.com/farmshop, by subscription (co-mtn-lav.com/subscribe), and wholesale to shops that want to carry them (co-mtn-lav.com/wholesale). A family farm and the first commercial lavender farm in South Central Colorado, discover quality lavender skin, bath, and culinary products made at the farm. Grown naturally at 7000 feet elevation, our lavender makes excellent essential oil that is incorporated into our products. You can trust the source and visit the farm in the summer to see our lavender fields up close. With over 13 different lavender cultivars at the farm and offering plant starts in early summer, learn about lavender and its wonderful benefits. Our shop features all of our products and delicious lavender blackberry ice cream. We offer most of our products year-round on our website too. We are dog-friendly (leash please). The serenity and peace of the farm, with a mix of lavender and fresh mountain air, keep visitors coming back year after year.",38.3303899,-105.6017828,official-site+chaffee_provides,source,,"{""Phone"":""official-site:https://co-mtn-lav.com/"",""Website"":""official-site:https://co-mtn-lav.com/"",""Email"":""official-site:https://co-mtn-lav.com/"",""Products"":""official-site:https://co-mtn-lav.com/"",""Address"":""chaffee_provides"",""Zip"":""chaffee_provides"",""Notes"":""override"",""County"":""census-geocoder"",""Category"":""override"",""Hours"":""override""}",colorado-mountain-lavender,
Eddyline Restaurant at Southmain,Restaurant,"926 Southmain, Buena Vista, CO 81211",Buena Vista,Chaffee,CO,81211,(719) 966-6000,,https://eddylinebrewery.com/pages/restaurant-menu-board,info@eddylinebrewing.com,https://facebook.com/eddylinebrewery,https://instagram.com/EddylineBrewery,"Sun, Tue-Thu: 11:00am - 8:00pm; Fri-Sat: 11:00am - 9:00pm; Mon: Closed",,"Beef/Meat, Veggies",,,,"Offering a full range of wood-fired cuisine. Our beef is locally raised from Arrowpoint Cattle Company. During the summer season, we have locally grown greens.",38.8413189,-106.1195484,official-site+chaffee_provides,source,,"{""Address"":""official-site:https://eddylinebrewery.com/pages/restaurant-menu-board"",""Phone"":""official-site:https://eddylinebrewery.com/pages/restaurant-menu-board"",""Website"":""official-site:https://eddylinebrewing.com/restaurant-menu-boards/"",""Email"":""official-site:https://eddylinebrewery.com/pages/restaurant-menu-board"",""Facebook"":""official-site:https://eddylinebrewery.com/pages/restaurant-menu-board"",""Instagram"":""official-site:https://eddylinebrewery.com/pages/restaurant-menu-board"",""Hours"":""official-site:https://eddylinebrewery.com/pages/restaurant-menu-board"",""Zip"":""chaffee_provides"",""Products"":""chaffee_provides"",""Notes"":""chaffee_provides"",""County"":""census-geocoder""}",eddyline-restaurant-at-southmain,
Meadows Edge Farm,On-Farm / Ranch Sales,29135 Co Rd 331,Buena Vista,Chaffee,CO,81211,(401) 714-1489,,,meadowsedgefarmbv@gmail.com,https://www.facebook.com/meadowsedgefarmbv/,https://www.instagram.com/meadowsedgefarmbv/,,,"Veggies, Spices/Garlic",,,,We operate a small farm in Buena Vista. All the produce we grow is pesticide free and sustainably grown. We offer an 18-week vegetable CSA (first week of June through beginning of October) with pick-up options in Buena Vista and Salida. Large and small CSA shares are available. Email or call us and we will send you more details.,38.8408475,-106.1554058,official-site+chaffee_provides,source,,"{""Facebook"":""official-site:https://www.facebook.com/meadowsedgefarmbv/"",""Instagram"":""official-site:https://www.instagram.com/meadowsedgefarmbv/"",""Address"":""chaffee_provides"",""Zip"":""chaffee_provides"",""Phone"":""chaffee_provides"",""Email"":""chaffee_provides"",""Products"":""chaffee_provides"",""Notes"":""chaffee_provides"",""County"":""census-geocoder""}",meadows-edge-farm,
The Asian Palate Marketplace & Catering,Caterer,328 East Main Street,Buena Vista,Chaffee,CO,81211,,,https://www.theasianpalate.com,marketplace@theasianpalate.com,,https://www.instagram.com/the_asian_palate/,By booking (catering and private chef),,Veggies,,,,"Now a caterer and private chef (sushi and Southeast Asian dishes) serving Buena Vista and the surrounding valley; book through theasianpalate.com/contact. Like the restaurants we list, it cooks with local food: its own site says it celebrates local producers, farmers and ranchers, and Chaffee Provides lists it as using local veggies. The Asian Palate celebrates 10 years of our family owned and operated restaurant in downtown Buena Vista, CO, and moves forward with a new concept as a market & catering company. Our ongoing mission is to support local producers, farmers and ranchers as we prepare rotating dishes inspired by family recipes and comfort food discovered while traveling throughout Asia. We offer prepared food, specialty Asian and local goods and art to take home from our marketplace, and a catering menu for any occasion. We are committed to sourcing sustainable fish from around the world for our sushi. Our unique event space awaits your special gathering!",38.842941,-106.129602,official-site+chaffee_provides,source,,"{""Instagram"":""official-site:https://www.theasianpalate.com"",""Address"":""chaffee_provides"",""Zip"":""chaffee_provides"",""Website"":""chaffee_provides"",""Email"":""chaffee_provides"",""Products"":""chaffee_provides"",""Notes"":""override"",""County"":""census-geocoder"",""Category"":""override"",""Hours"":""override""}",the-asian-palate-marketplace-catering,
The Lettucehead Food Company,Farmers' Market,"545 US Highway 24 N, Buena Vista, CO",Buena Vista,Chaffee,CO,81211,(719) 395-2649,,http://www.thelettucehead.com,adam@thelettucehead.com,,,Mon-Sat: 9:00am - 6:00pm; Sun: 10:00am - 4:00pm,,"Beef/Meat, Dairy, Poultry/Eggs, Spices/Garlic, Veggies, Staples",,,,"At the Lettucehead, you’ll find all of your grocery and health needs. We sell a wide variety of organic food, produce, supplements, and gifts. At affordable prices, we aim to make a healthy lifestyle accessible to all. We focus on Colorado grown food to provide locally sourced, quality products that lift up our community. We are here to support your health journey – whether you’re trying a new vitamin regiment, navigating food allergies, or looking to increase your home cooking. Or perhaps you just need to grab eggs and milk on your way home – we are here for you! For our visitors to Buena Vista, stop by the Lettucehead to stock up on nutritious snacks to fuel your trip! Pick up some jerky and Buena Kist dried fruit for the trails and reward your day of rafting with some cheese from Buena Vista’s own Jumpin’ Good Goat Dairy.",38.846767,-106.1350754,official-site+chaffee_provides,source,,"{""Address"":""official-site:http://www.thelettucehead.com"",""Phone"":""official-site:http://www.thelettucehead.com"",""Hours"":""official-site:http://www.thelettucehead.com"",""Zip"":""chaffee_provides"",""Website"":""chaffee_provides"",""Email"":""chaffee_provides"",""Products"":""chaffee_provides"",""Notes"":""chaffee_provides"",""County"":""census-geocoder""}",the-lettucehead-food-company,
Trout Creek Farm,On-Farm / Ranch Sales,"28872 CR 330, Buena Vista, CO 81211",Buena Vista,Chaffee,CO,81211,(719) 207-0230,,https://www.troutcreekfarm.com,Beth@TroutCreekFarm.com,,,,,"Specialty cut flowers, produce",,,,"We are a 3-acre specialty cut flower and produce farm located in Buena Vista, Colorado at 8,000 ft. Women owned and operated since 2013. Trout Creek Farm is dedicated to sustainable food production in the upper Arkansas River Valley. We are here to provide food and flowers for our community, keep the land healthy and farmers happy.",38.7966093,-106.0948979,official-site+chaffee_provides,source,,"{""Address"":""official-site:https://www.troutcreekfarm.com"",""Phone"":""official-site:https://www.troutcreekfarm.com"",""Email"":""official-site:https://www.troutcreekfarm.com"",""Products"":""official-site:https://www.troutcreekfarm.com"",""Zip"":""chaffee_provides"",""Website"":""chaffee_provides"",""Notes"":""chaffee_provides"",""County"":""census-geocoder""}",trout-creek-farm,
May Farms,"Agritourism, On-Farm / Ranch Sales",64001 US Highway 36,Byers,Arapahoe,CO,80103,,,,mayfarms@email.com,https://www.facebook.com/mayfarms,,,,,,,,,39.7153119927809,-104.239663977288,usda,source,,"{""Business Name"":""usda"",""Address"":""usda"",""City"":""usda"",""Zip"":""usda"",""Facebook"":""usda"",""Email"":""usda"",""County"":""census-geocoder""}",4290,"Feb 12th, 2024"
SongHaven Farm,CSA Farm,,Cahone,,CO,81320,,,http://www.songhavenfarm.com,,,,,,,,,,,,,usda,,,"{""Business Name"":""usda"",""City"":""usda"",""Zip"":""usda"",""Website"":""usda""}",,
Colon Orchards,"On-Farm / Ranch Sales, Agritourism",3175 Grandview Avenue,Canon City,Fremont,CO,81212,(719) 275-6359,,https://www.colonorchards.com,brittalex@hotmail.com,https://www.facebook.com/colonorchards,,,,,,,,,38.435304,-105.18516,usda,source,,"{""Business Name"":""usda"",""Address"":""usda"",""City"":""usda"",""Zip"":""usda"",""Phone"":""usda"",""Email"":""usda"",""Website"":""usda"",""Facebook"":""usda"",""County"":""census-geocoder""}",700538,"Jul 27th, 2014"
Diana's Pumpkin Patch & Corn Maze,Agritourism,1649 Poplar Avenue,Canon City,Fremont,CO,81212,(719) 821-9133,,,sue@dianaspumpkinpatch.com,,,,,,,,,,38.4217330014434,-105.204488004187,usda,source,,"{""Business Name"":""usda"",""Address"":""usda"",""City"":""usda"",""Zip"":""usda"",""Phone"":""usda"",""Email"":""usda"",""County"":""census-geocoder""}",6660,"Feb 12th, 2024"
Carbondale Farmers' Market,Farmers' Market,"4th & Main St.,",Carbondale,Garfield,CO,81623,(970) 510-0079,,http://www.carbondalefarmersmarket.com/,info.carbondalefarmersmarket@gmail.com,,,,,,,,,,39.4005499870519,-107.21127001904476,usda,source,,"{""Business Name"":""usda"",""Address"":""usda"",""City"":""usda"",""Zip"":""usda"",""Phone"":""usda"",""Email"":""usda"",""Website"":""usda"",""County"":""census-geocoder""}",309029,"Mar 20th, 2023"
Dooley Creek Farm,CSA Farm,349 Dooley Lane,Carbondale,,CO,81623,(970) 963-2021,,http://www.dooleycreekfarm.com,,,,,,,,,,,,,usda,,,"{""Business Name"":""usda"",""Address"":""usda"",""City"":""usda"",""Zip"":""usda"",""Phone"":""usda"",""Website"":""usda""}",,
Sustainable Settings,CSA Farm,6107 Highway 133,Carbondale,Pitkin,CO,81623,(970) 963-6107,,http://www.sustainablesettings.org,,,,,,,,,,,39.336649692307,-107.210566669273,usda,census-geocoder,,"{""Business Name"":""usda"",""Address"":""usda"",""City"":""usda"",""Zip"":""usda"",""Phone"":""usda"",""Website"":""usda"",""County"":""census-geocoder""}",,
Donoma Farms,CSA Farm,10018 Wcr 110,Carr,Weld,CO,80612,(303) 408-3464,,https://www.donomafarms.com,justin@donomafarms.com,https://www.facebook.com/DonomaFarmsLlc,,,"January, February, March, April, May, June, July, August, September, October, November, December",,,,,"Open: Year-round<br>Available Products: Beans, other (lima, etc.);Beets;Broccoli;Broccolini/baby broccoli;Cabbage;Carrots;Cauliflower;Collard Greens;Cucumbers;Eggplant (Italian, Japanese, etc.);Endives;Garlic;Kohlrabi;Mache/lamb’s lettuce;Mixed leafy greens;Mustard Greens;Okra;Peanuts;Peas;Peppers, hot;Potatoes (new, red, russet, etc.);Radicchio;Rutabaga;Shallots;Spinach: baby, regular;Squash, winter: butternut, etc.;Sweet potatoes;Tomatoes (cherry, grape, etc.);Tomatoes (plum, round, etc.);Turnip greens;Turnips;Chicken;Cornish game hens;Quail;Turkey;Beef/veal (sausage);Beef/veal (steaks, roasts);Lamb (chops, roasts);Lamb (ground);Pork (bacon);Rabbit;Beans, other (lima, etc.);Beets;Broccoli;Broccolini/baby broccoli;Cabbage;Carrots;Cauliflower;Collard Greens;Cucumbers;Eggplant (Italian, Japanese, etc.);Endives;Garlic;Kohlrabi;Mache/lamb’s lettuce;Mixed leafy greens;Mustard Greens;Okra;Peanuts;Peas;Peppers, hot;Potatoes (new, red, russet, etc.);Radicchio;Rutabaga;Shallots;Spinach: baby, regular;Squash, winter: butternut, etc.;Sweet potatoes;Tomatoes (cherry, grape, etc.);Tomatoes (plum, round, etc.);Turnip greens;Turnips;;Eggs;Fresh and/or dried herbs;Chicken;Cornish game hens;Quail;Turkey;;Beef/veal (sausage);Beef/veal (steaks, roasts);Lamb (chops, roasts);Lamb (ground);Pork (bacon);Rabbit;;",40.893219,-104.8783379,usda,source,,"{""Business Name"":""usda"",""Address"":""usda"",""City"":""usda"",""Zip"":""usda"",""Phone"":""usda"",""Email"":""usda"",""Website"":""usda"",""Facebook"":""usda"",""Months Open"":""usda"",""Notes"":""usda"",""County"":""census-geocoder""}",200034,"Mar 23rd, 2015"
Boulter's 5280 Urban Market,Farmers' Market,560 Castle Pines Pkwy,Castle Pines,Douglas,CO,80108,(720) 885-8618,,https://boulters5280urbanmarket.com/,matthew@boultersfarmersmarkets.com*matthew@boulters5280urbanmarket.com,https://www.facebook.com/Boulters5280UrbanMarket/,,,,,,,,,39.471872005399426,-104.89494759524425,official-site+usda,source,,"{""Address"":""usda"",""Zip"":""usda"",""Phone"":""usda"",""Website"":""usda"",""Email"":""usda"",""Facebook"":""usda"",""County"":""census-geocoder""}",309024,"Mar 20th, 2023"
Castle Rock Farmers Market,Farmers' Market,"500 Fairgrounds Drive, Upper Parking Lot, Castle Rock, CO 80104",Castle Rock,Douglas,CO,80104,(719) 401-1495,,https://originalcastlerockfarmersmarket.com/,originalcrfm@gmail.com,https://www.facebook.com/castlerockfarmersmarket,,Sat: 8:00am - 12:30pm,"June, July, August, September, October","Fresh fruits, vegetables, and other products from local farmers, ranchers, bakers and other vendors, including meats, dairy, baked goods, prepared foods, coffee, specialty items, and health products",No,No,Yes,The Castle Rock Farmers Market has provided Douglas County residents with a local market where they can purchase fresh produce and artisan made food and goods for over 30 years.,39.36276000000001,-104.85126,official-site+colorado_proud+usda,source,,"{""Address"":""official-site:https://originalcastlerockfarmersmarket.com/"",""Phone"":""official-site:https://originalcastlerockfarmersmarket.com/"",""Email"":""official-site:https://originalcastlerockfarmersmarket.com/"",""Hours"":""official-site:https://originalcastlerockfarmersmarket.com/"",""Months Open"":""official-site:https://originalcastlerockfarmersmarket.com/"",""Products"":""official-site:https://originalcastlerockfarmersmarket.com/"",""County"":""colorado_proud"",""Zip"":""colorado_proud"",""Website"":""colorado_proud"",""Facebook"":""colorado_proud"",""Certified Organic"":""colorado_proud"",""SNAP"":""colorado_proud"",""ADA Accessible"":""colorado_proud"",""Notes"":""colorado_proud""}",309030,"Mar 20th, 2023"
WolfNRabbit Honey,Agritourism,Meadows Blvd,Castle Rock,Douglas,CO,80109,(720) 339-1370,,https://www.wolfnrabbithoney.com,wolfnrabbithoney@gmail.com,https://www.facebook.com/local-raw-honey-wolfnrabbit-honey-104397320990019/,,,,,,,,,39.4000458240404,-104.906368719173,usda,source,,"{""Business Name"":""usda"",""Address"":""usda"",""City"":""usda"",""Zip"":""usda"",""Phone"":""usda"",""Email"":""usda"",""Website"":""usda"",""Facebook"":""usda"",""County"":""census-geocoder""}",4163,"Feb 12th, 2024"
Royal Gorge Farmers Market,Farmers' Market,"816 Royal Gorge Blvd, CaÃ±on City, CO 81212, USA",CaÃ±on City,Fremont,CO,81212,(719) 275-2331,No,https://www.royalgorgechamberalliance.org/royal-gorge-farmers-market/,foundation@royalgorgechamberalliance.org,https://www.facebook.com/royalgorgefarmersmarket,,Sat: 9 am-1 pm,"July, August, September","Apples, Beets, Bell Peppers, Broccoli, Cabbage, Cantaloupe, Carrots, Celery, Cherries, Cucumbers, Peaches, Pears, Onions, Mushrooms, Microgreens, Lettuce, Kale, Green Beans, Eggplant, Pinto Beans, Potatoes, Radishes, Raspberries, Rhubarb, Spinach, Squash, Sweet Corn, Tomatoes, Zucchini, Beef, Sausage, Pork, Baked Goods, Cheese, Eggs, Honey, Jams, Jellies, Pickles, Handcrafted Gifts",No,No,Yes,"The Royal Gorge Farmers Market operates during the summer and early fall months, offering a vibrant atmosphere for locals and visitors to enjoy fresh produce, handmade goods, and unique crafts.",38.44133099999999,-105.2351235,colorado_proud,source,,"{""Business Name"":""colorado_proud"",""Address"":""colorado_proud"",""City"":""colorado_proud"",""County"":""colorado_proud"",""Zip"":""colorado_proud"",""Phone"":""colorado_proud"",""Website"":""colorado_proud"",""Email"":""colorado_proud"",""Facebook"":""colorado_proud"",""Hours"":""colorado_proud"",""Months Open"":""colorado_proud"",""Products"":""colorado_proud"",""Certified Organic"":""colorado_proud"",""SNAP"":""colorado_proud"",""ADA Accessible"":""colorado_proud"",""Notes"":""colorado_proud""}",,
Badger Creek Ranch,On-Farm / Ranch Sales,5795 County Road 2,Cañon City,Fremont,CO,81212,(719) 837-2962,,https://www.badgercreekranch.com/,info@badgercreekranch.com,https://facebook.com/badgercreekranch,https://instagram.com/badgercreekranch,,,"Grass-fed beef, eggs",,,,"Land health is at the core of the mission at Badger Creek Ranch. The family owned and operated working ranch is managed mindfully with respect and love for the relationship between people, land, animals and the ancestors of the land they steward. The offerings are grass fed and finished beef and lamb, pork, chicken and eggs. The hogs, chickens and turkeys are fed certified organic, non-soy feed and they enjoy living outside on the land. On-line ordering can be found on the website. Produce can be picked up at the farm store in Coaldale, or at the Salida, Buena Vista and Cañon City farmer’s markets.",38.67614289999999,-105.8181098,official-site+chaffee_provides,source,,"{""Website"":""official-site:https://www.badgercreekranch.com/"",""Email"":""official-site:https://www.badgercreekranch.com/"",""Facebook"":""official-site:https://www.badgercreekranch.com/"",""Instagram"":""official-site:https://www.badgercreekranch.com/"",""Products"":""official-site:https://www.badgercreekranch.com/"",""Address"":""chaffee_provides"",""Zip"":""chaffee_provides"",""Phone"":""chaffee_provides"",""Notes"":""chaffee_provides"",""County"":""census-geocoder""}",badger-creek-ranch,
Royal Gorge Farmers Market,Farmers' Market,"816 Royal Gorge Blvd, Cañon City, CO 81212 (Gateway Depot and Plaza, corner of US Hwy 50 and Hwy 115)",Cañon City,Fremont,CO,81212,(719) 275-2331,,https://www.royalgorgechamberalliance.org/royal-gorge-farmers-market/faceb,foundation@royalgorgechamberalliance.org,https://www.facebook.com/royalgorgefarmersmarket,,Sat: 9:00am - 1:00pm,"July, August, September","Fresh produce, handmade goods, and unique crafts (local produce, baked goods, specialty foods, farm products)",,,,"The Royal Gorge Chamber Alliance Foundation (RGCAF) is excited to partner with the Fremont Economic Development Corporation (FEDC) and their AgStart program to produce the region's newest weekly seasonal farmers market and community gathering.  This market's new home will be in the park at the corner of US Highway 50 and CO 115 (9th Street) in front of the Royal Gorge Chamber Alliance & Foundation's new home at the historic D&RGW depot.  This structure will also feature the Royal Gorge Region Visitor & Discovery Center as well as a Colorado Welcome Center, insuring there will be plenty of traffic from both locals and visitors alike.  Together, this new facility is called Gateway Depot & Plaza, and we couldn't be more excited for you to experience this community landmark. | Season 07/11/2026–9/12/2026",38.4414641,-105.234771,official-site+cfma,source,,"{""Address"":""official-site:https://marketspread.com/market/30698/royal-gorge-farmers-market/"",""Phone"":""official-site:https://www.royalgorgechamberalliance.org/royal-gorge-farmers-market/"",""Email"":""official-site:https://www.royalgorgechamberalliance.org/royal-gorge-farmers-market/"",""Hours"":""official-site:https://www.royalgorgechamberalliance.org/royal-gorge-farmers-market/"",""Months Open"":""official-site:https://www.royalgorgechamberalliance.org/royal-gorge-farmers-market/"",""Products"":""official-site:https://www.royalgorgechamberalliance.org/royal-gorge-farmers-market/"",""Zip"":""cfma"",""Website"":""cfma"",""Facebook"":""cfma"",""Notes"":""cfma"",""County"":""census-geocoder""}",,
Cedaredge Main Street Farmer's Market,Farmers' Market,175 E Main St,Cedaredge,Delta,CO,81413,(970) 856-3123,,,aalfaro@cedaredgecolorado.com,https://www.facebook.com/CedaredgeMainStreetMarket/,,Wed: 4:00pm - 7:00pm,"July, August, September","Local produce, baked goods, and handmade artisan/craft goods from local growers, backyard gardeners, bakers, crafters, and makers",,,,,38.90073192649329,-107.92260180579235,official-site+usda,source,,"{""Phone"":""official-site:https://deltacountycolorado.com/event/cedaredge-main-street-farmers-market/2026-07-15/"",""Email"":""official-site:https://deltacountycolorado.com/event/cedaredge-main-street-farmers-market/2026-07-15/"",""Facebook"":""official-site:https://www.facebook.com/CedaredgeMainStreetMarket/"",""Hours"":""official-site:https://deltacountycolorado.com/event/cedaredge-main-street-farmers-market/2026-07-15/"",""Months Open"":""official-site:https://deltacountycolorado.com/event/cedaredge-main-street-farmers-market/2026-07-15/"",""Products"":""official-site:https://deltacountycolorado.com/event/cedaredge-main-street-farmers-market/2026-07-15/"",""Address"":""usda"",""Zip"":""usda"",""County"":""census-geocoder""}",309031,"Mar 20th, 2023"
Uncle Johnnys U-pick,Agritourism,Surface Creek Road,Cedaredge,,CO,81413,,,,22arniebclarke@gmail.com,,,,,,,,,,,,usda,,,"{""Business Name"":""usda"",""Address"":""usda"",""City"":""usda"",""Zip"":""usda"",""Email"":""usda""}",,
Uncle Johnnys UPick Farm,On-Farm / Ranch Sales,18561 Surface Creek Road,Cedaredge,Delta,CO,81413,(970) 250-5829,,,UNCLEJOHNNYSUPICKFARM@GMAIL.COM,https://www.facebook.com/pages/Uncle-Johnnys-U-Pick-Farm/152162904866587,,,,,,,,,38.923679,-107.90992,usda,source,,"{""Business Name"":""usda"",""Address"":""usda"",""City"":""usda"",""Zip"":""usda"",""Phone"":""usda"",""Email"":""usda"",""Facebook"":""usda"",""County"":""census-geocoder""}",700447,"Apr 17th, 2015"
The Saturday Market at Tagawa Gardens,Farmers' Market,7711 S. Parker Rd.,Centennial,Arapahoe,CO,80016,(303) 690-4722,,https://www.tagawagardens.com/,info@tagawagardens.com,,,Mon-Sat: 9:00am - 5:00pm; Sun: 9:00am - 5:00pm,,,,,,,39.57697994228567,-104.79224604829794,official-site+usda,source,,"{""Email"":""official-site:https://shop.tagawagardens.com/"",""Hours"":""official-site:https://shop.tagawagardens.com/"",""Address"":""usda"",""Zip"":""usda"",""Phone"":""usda"",""Website"":""usda"",""County"":""census-geocoder""}",309127,"Mar 20th, 2023"
Chimney Rock Farm,On-Farm / Ranch Sales,500 County Road 175,Chimney Rock,La Plata,CO,81127,,,,,,,,,,,,,,37.446277558821,-107.557147431225,usda,census-geocoder,,"{""Business Name"":""usda"",""Address"":""usda"",""City"":""usda"",""Zip"":""usda"",""County"":""census-geocoder""}",,
Green Junction Farmstead,CSA Farm,3449 Front St,Clifton,Mesa,CO,81520,(970) 234-0024,,http://www.gjfarmstead.com/,,,,,,,,,,,39.095852342658,-108.41511632659,usda,census-geocoder,,"{""Business Name"":""usda"",""Address"":""usda"",""City"":""usda"",""Zip"":""usda"",""Phone"":""usda"",""Website"":""usda"",""County"":""census-geocoder""}",,
Star View Farm,CSA Farm,,CO 80513,,CO,80513,(970) 691-0623,,http://www.StarViewFarmLtd.com,,,,,,,,,,,,,usda,,,"{""Business Name"":""usda"",""City"":""usda"",""Zip"":""usda"",""Phone"":""usda"",""Website"":""usda""}",,
Plateau Valley Farmers Market,Farmers' Market,2003 High Street,Collbran,Mesa,CO,81624,(970) 773-1916,,https://www.collbrancongregationalchurch.org/events_collbran_congregational.html,larkmanc@ucc.org,https://facebook.com/UnitedChurchofChrist,,,,,,,,,39.23904797958167,-107.96236398069298,official-site+usda,source,,"{""Address"":""usda"",""Zip"":""usda"",""Phone"":""usda"",""Website"":""usda"",""Email"":""usda"",""Facebook"":""usda"",""County"":""census-geocoder""}",309112,"Mar 20th, 2023"
Backyard Market in Black Forest - Holiday,Farmers' Market,13710 Black Forest Road,Colorado Springs,El Paso,CO,80908,(719) 747-2586,,https://thebackyardmarkets.com,manager@bfbackyardfarmersmarket.com,https://www.facebook.com/BackyardMarketinBF/,https://www.instagram.com/backyardmarketinbf/,Sat: 10:00am - 3:00pm,December,"Over 45 local food and artisan vendors selling holiday gifts; food trucks, Campfire Coffee, WisCo Cheese fried curds, s'mores, and knife sharpening services",,,,Open: December; <br>Available Products: Fresh fruits;Fresh vegetables;Baked goods;Canned or preserved fruits/vegetables;Coffee/tea;Crafts/woodworking items;Dairy products.;Dry beans;Eggs;Fresh/dried herbs;Grains/flour;Honey;Juices/non-alcoholic ciders;Mushrooms;Pet food;Poultry/fowl meat and products;Prepared foods;Red/other non-poultry meat and products;Soap/body care products;,39.029861,-104.70169,official-site+usda,source,,"{""Phone"":""official-site:https://www.thebackyardmarkets.com/upcoming-events/black-forest-holiday-market"",""Facebook"":""official-site:https://www.thebackyardmarkets.com/upcoming-events"",""Instagram"":""official-site:https://www.instagram.com/backyardmarketinbf/"",""Hours"":""official-site:https://www.thebackyardmarkets.com/upcoming-events/black-forest-holiday-market"",""Months Open"":""official-site:https://www.thebackyardmarkets.com/upcoming-events/black-forest-holiday-market"",""Products"":""official-site:https://www.thebackyardmarkets.com/upcoming-events/black-forest-holiday-market"",""Address"":""usda"",""Zip"":""usda"",""Website"":""usda"",""Email"":""usda"",""Notes"":""usda"",""County"":""census-geocoder""}",301540,"Jun 21st, 2021"
Backyard Market in Black Forest - Winter,Farmers' Market,"13710 Black Forest Road, Colorado Springs, CO 80908 (Edith Wolford Elementary School)",Colorado Springs,El Paso,CO,80908,(719) 747-2586,,https://www.thebackyardmarkets.com/holiday-markets,manager@bfbackyardfarmersmarket.com,https://www.facebook.com/BackyardMarketinBF/,https://www.instagram.com/backyardmarketinbf/,Sat: 10:00am - 3:00pm,"November, December","50+ local food and artisan vendors, food trucks, holiday gifts",,,,"Open: October to February; <br>Available Products: Fresh fruits;Fresh vegetables;Baked goods;Canned or preserved fruits/vegetables;Coffee/tea;Crafts/woodworking items;Dairy products.;Dry beans;Eggs;Fresh/dried herbs;Grains/flour;Honey;Juices/non-alcoholic ciders;Maple products;Mushrooms;Nuts;Pet food;Poultry/fowl meat and products;Prepared foods;Red/other non-poultry meat and products;Soap/body care products;Wild harvested forest products;Wine, spirits, beer, hard cider;",39.013991,-104.69826,official-site+usda,source,,"{""Address"":""official-site:https://www.thebackyardmarkets.com/upcoming-events/fall-into-winter-holiday-market-2"",""Phone"":""official-site:https://www.thebackyardmarkets.com/black-forest-market"",""Website"":""official-site:https://www.thebackyardmarkets.com/holiday-markets"",""Facebook"":""official-site:https://www.facebook.com/BackyardMarketinBF/"",""Instagram"":""official-site:https://www.instagram.com/backyardmarketinbf/"",""Hours"":""official-site:https://www.thebackyardmarkets.com/upcoming-events/fall-into-winter-holiday-market-2"",""Months Open"":""official-site:https://www.thebackyardmarkets.com/upcoming-events"",""Products"":""official-site:https://www.thebackyardmarkets.com/upcoming-events"",""Zip"":""usda"",""Email"":""usda"",""Notes"":""usda"",""County"":""census-geocoder""}",301539,"Jun 21st, 2021"
Briargate Farmers' Market,Farmers' Market,"7610 North Union Blvd, Colorado Springs, CO 80920",Colorado Springs,El Paso,CO,80920,(719) 351-0012,,https://www.springsfarmersmarkets.com/northern-springs,corderamarket@yahoo.com,https://www.facebook.com/springsfm,,Wed: 9:00am - 2:00pm,"May, June, July, August, September","Fresh produce, dairy products, homemade bread, seasonal Palisade peaches, handmade jewelry, crafted wood items, Pampered Chef, microgreens, mushrooms, dog treats, locally ground coffee, and more (about 35 vendors)",,,,,38.94334000951767,-104.7753469668214,official-site+usda,source,,"{""Address"":""official-site:https://www.springsfarmersmarkets.com/northern-springs"",""Phone"":""official-site:https://www.springsfarmersmarkets.com/contact-us"",""Website"":""official-site:https://www.springsfarmersmarkets.com/northern-springs"",""Email"":""official-site:https://www.springsfarmersmarkets.com/contact-us"",""Facebook"":""official-site:https://www.springsfarmersmarkets.com/"",""Hours"":""official-site:https://www.springsfarmersmarkets.com/northern-springs"",""Months Open"":""official-site:https://www.springsfarmersmarkets.com/northern-springs"",""Products"":""official-site:https://www.springsfarmersmarkets.com/northern-springs"",""Zip"":""usda"",""County"":""census-geocoder""}",309025,"Mar 20th, 2023"
Colorado Farm and Art Market,Farmers' Market,"7350 Pine Creek Road, Colorado Springs, CO 80919, USA",Colorado Springs,El Paso,CO,80905,(719) 640-6154,No,https://www.farmandartmarket.com,farmandartmarket@gmail.com,https://www.facebook.com/farmandartmarket,,Sat: 10am-2pm,"June, July, August, September, October","Cherries, Apples, Apricots, Beets, Bell Peppers, Broccoli, Cabbage, Carrots, Cauliflower, Chile Peppers, Chile - Roasted, Cucumbers, Cantaloupe, Eggplant, Garlic, Green Beans, Herbs, Honeydew, Kale, Leeks, Lettuce, Mushrooms, Nectarines, Onions, Peaches, Pears, Plums, Potatoes, Pumpkins, Radishes, Rhubarb, Spinach, Squash, Sweet Corn, Tomatoes, Turnips, Watermelon, Zucchini, Beef, Poultry, Pork, Jerky, Lamb, Sausage, Baked Goods, Cheese, Eggs, Honey, Jams, Jellies, Pickles",No,No,Yes,"Open: June to October; <br>Available Products: Fresh fruits;Fresh vegetables;Baked goods;Bedding plants;Canned or preserved fruits/vegetables;Coffee/tea;Crafts/woodworking items;Cut flowers;Dairy products.;Dry beans;Eggs;Fish/seafood;Fresh/dried herbs;Honey;Juices/non-alcoholic ciders;Pet food;Poultry/fowl meat and products;Prepared foods;Red/other non-poultry meat and products;Soap/body care products;Wine, spirits, beer, hard cider;",38.93780699999999,-104.814981,colorado_proud+usda,source,,"{""Business Name"":""colorado_proud"",""Address"":""colorado_proud"",""City"":""colorado_proud"",""County"":""colorado_proud"",""Zip"":""colorado_proud"",""Phone"":""colorado_proud"",""Email"":""colorado_proud"",""Hours"":""colorado_proud"",""Months Open"":""colorado_proud"",""Products"":""colorado_proud"",""Certified Organic"":""colorado_proud"",""SNAP"":""colorado_proud"",""ADA Accessible"":""colorado_proud"",""Website"":""usda"",""Facebook"":""usda"",""Notes"":""usda""}",300002,"Aug 3rd, 2020"
Downtown Sunday Market,Farmers' Market,115 E. Platte Ave.,Colorado Springs,El Paso,CO,80903,(719) 243-6693,,http://www.downtowncs.com/experience-downtown/sunday-market-downtown.html,info@downtowncs.com,https://www.facebook.com/profile.php?id=61574759233647,https://www.instagram.com/huntandgathercos,Sun: 9:00am - 2:00pm,"May, June, July, August, September, October","Farm-fresh food, handcrafted goods, and small-batch creations from local makers, bakers, growers, and doers",,,,,38.83786201422936,-104.82244496458324,official-site+usda,source,,"{""Email"":""official-site:https://www.downtowncs.com/event/sunday-market-in-acacia-park/2026-05-10/"",""Facebook"":""official-site:https://www.downtowncs.com/event/sunday-market-in-acacia-park/2026-05-10/"",""Instagram"":""official-site:https://huntandgathercos.com/pages/sunday-market"",""Hours"":""official-site:https://www.downtowncs.com/event/sunday-market-in-acacia-park/2026-05-10/"",""Months Open"":""official-site:https://huntandgathercos.com/pages/sunday-market"",""Products"":""official-site:https://huntandgathercos.com/pages/sunday-market"",""Address"":""usda"",""Zip"":""usda"",""Phone"":""usda"",""Website"":""usda"",""County"":""census-geocoder""}",309045,"Mar 20th, 2023"
Emerge Aquaponics,CSA Farm,4135 Shoup Rd,Colorado Springs,El Paso,CO,80908,(719) 270-0889,,http://www.emergeaquaponics.com/shop,,,,,,,,,,,39.012698080754,-104.749187433754,usda,census-geocoder,,"{""Business Name"":""usda"",""Address"":""usda"",""City"":""usda"",""Zip"":""usda"",""Phone"":""usda"",""Website"":""usda"",""County"":""census-geocoder""}",,
Fields of Natural Honey,Agritourism,Pepperwood Drive,Colorado Springs,El Paso,CO,80910,(765) 425-1940,,https://fieldsofnaturalhoney.com,ltf@fieldsofnaturalhoney.com,,,,,,,,,,38.8042775944723,-104.763419294052,usda,source,,"{""Business Name"":""usda"",""Address"":""usda"",""City"":""usda"",""Zip"":""usda"",""Phone"":""usda"",""Email"":""usda"",""Website"":""usda"",""County"":""census-geocoder""}",8779,"Feb 12th, 2024"
Food to Power,Food Hub,1090 S Institute St,Colorado Springs,El Paso,CO,80903,,,https://foodtopowerco.org/hillside-hub,info@foodtopowerco.org,,,,,,,,,,38.818051498286,-104.808475556224,usda,census-geocoder,,"{""Business Name"":""usda"",""Address"":""usda"",""City"":""usda"",""Zip"":""usda"",""Email"":""usda"",""Website"":""usda"",""County"":""census-geocoder""}",,
Four Corners Farm,Agritourism,760 Ropers Point,Colorado Springs,El Paso,CO,80908,(719) 495-5888,,,,,,,,,,,,,39.0820478653255,-104.6993156686,usda,source,,"{""Business Name"":""usda"",""Address"":""usda"",""City"":""usda"",""Zip"":""usda"",""Phone"":""usda"",""County"":""census-geocoder""}",7169,"Feb 12th, 2024"
High Altitude Rhubarb,Agritourism,,Colorado Springs,El Paso,CO,80908,,,https://www.highaltituderhubarb.com,,,,,,,,,,,39.0375812119428,-104.693364122587,usda,source,,"{""Business Name"":""usda"",""City"":""usda"",""Zip"":""usda"",""Website"":""usda"",""County"":""census-geocoder""}",11004,"Feb 12th, 2024"
Hillbilly Farms,CSA Farm,17245 Milne Rd,Colorado Springs,El Paso,CO,80928,(719) 205-8574,,http://Hillbillyfarms.net,,,,,,,,,,,38.579031323497,-104.478786858138,usda,census-geocoder,,"{""Business Name"":""usda"",""Address"":""usda"",""City"":""usda"",""Zip"":""usda"",""Phone"":""usda"",""Website"":""usda"",""County"":""census-geocoder""}",,
Keelor Family Ranch,"On-Farm / Ranch Sales, CSA Farm, Agritourism",Sagebrush Ln,Colorado Springs,,CO,80928,(719) 401-2494,,https://keelorfamilyranch.com/,keelorfamilyranch@gmail.com,,,,,,,,,,,,usda,,,"{""Business Name"":""usda"",""Address"":""usda"",""City"":""usda"",""Zip"":""usda"",""Phone"":""usda"",""Email"":""usda"",""Website"":""usda""}",,
Lone Pine Alpacas,Agritourism,19605 Oslo Grove,Colorado Springs,El Paso,CO,80908,,,,,,,,,,,,,,39.1155009898895,-104.687419964321,usda,source,,"{""Business Name"":""usda"",""Address"":""usda"",""City"":""usda"",""Zip"":""usda"",""County"":""census-geocoder""}",7711,"Feb 12th, 2024"
Memorial Park Farmers' Market,Farmers' Market,1605 E. Pikes Peak Ave.,Colorado Springs,El Paso,CO,80916,(719) 574-1284,,http://springsbargains.com/colorado-springs-farmers-market-schedule/,Email not found,,,,,,,,,,38.83271418244178,-104.74283489950723,official-site+usda,source,,"{""Address"":""usda"",""Zip"":""usda"",""Phone"":""usda"",""Website"":""usda"",""Email"":""usda"",""County"":""census-geocoder""}",309092,"Mar 20th, 2023"
Old Colorado City Farmers Market,Farmers' Market,2408 West Colorado Avenue,Colorado Springs,El Paso,CO,80904,(719) 574-1283,,https://www.pikespeakfarmersmarkets.com/,,https://www.facebook.com/OldColoradoCityFarmersMarket/,https://www.instagram.com/oldcoloradocityfarmersmarket/,Sat: 7:00am - 1:00pm,"June, July, August, September, October","Fresh produce, handcrafted products, and unique goods from local farms and artisans",,,,,38.84689100032992,-104.86115896369384,official-site+usda,source,,"{""Website"":""official-site:https://www.pikespeakfarmersmarkets.com/"",""Facebook"":""official-site:https://www.pikespeakfarmersmarkets.com/"",""Instagram"":""official-site:https://www.pikespeakfarmersmarkets.com/"",""Hours"":""official-site:https://www.pikespeakfarmersmarkets.com/"",""Months Open"":""official-site:https://www.pikespeakfarmersmarkets.com/"",""Products"":""official-site:https://www.pikespeakfarmersmarkets.com/"",""Address"":""usda"",""Zip"":""usda"",""Phone"":""usda"",""County"":""census-geocoder""}",309105,"Mar 20th, 2023"
Southeast Farmers Market,Farmers' Market,2050 Jet Wing Drive,Colorado Springs,El Paso,CO,80916,(719) 491-2746,,,sonya.sefc@gmail.com,,,Sun: 11am-3pm,"June, July, September, August, October","Apples, Apricots, Beets, Bell Peppers, Broccoli, Cabbage, Cantaloupe, Carrots, Cauliflower, Cherries, Chile Peppers, Chile - Roasted, Cucumbers, Eggplant, Garlic, Green Beans, Herbs, Honeydew, Kale, Leeks, Lettuce, Mushrooms, Nectarines, Onions, Peaches, Pears, Plums, Potatoes, Pumpkins, Radishes, Rhubarb, Spinach, Squash, Tomatoes, Turnips, Watermelon, Zucchini, Beef, Jerky, Lamb, Pork, Poultry, Baked Goods, Eggs, Cheese, Honey, Jams, Jellies, Pickles",No,No,Yes,,38.80170609195172,-104.75033733075064,colorado_proud,source,,"{""Business Name"":""colorado_proud"",""Address"":""colorado_proud"",""City"":""colorado_proud"",""County"":""colorado_proud"",""Zip"":""colorado_proud"",""Phone"":""colorado_proud"",""Email"":""colorado_proud"",""Hours"":""colorado_proud"",""Months Open"":""colorado_proud"",""Products"":""colorado_proud"",""Certified Organic"":""colorado_proud"",""SNAP"":""colorado_proud"",""ADA Accessible"":""colorado_proud""}",,
Sunshine Greens Farm,CSA Farm,,Colorado Springs,,CO,80903,(714) 869-4753,,http://www.sunshinegreensfarm.com,,,,,,,,,,,,,usda,,,"{""Business Name"":""usda"",""City"":""usda"",""Zip"":""usda"",""Phone"":""usda"",""Website"":""usda""}",,
The Backyard Market in Black Forest,Farmers' Market,6845 Shoup Rd,Colorado Springs,El Paso,CO,80908,(719) 306-3049,No,https://thebackyardmarkets.com,theda@thebackyardmarkets.com,https://facebook.com/backyardmarketinbf,https://instagram.com/backyardmarketinbf,Sat: 9am-1pm,"May, June, July, August, September, October","Apples, Apricots, Asparagus, Beets, Bell Peppers, Broccoli, Brussels Sprouts, Cabbage, Cantaloupe, Carrots, Cauliflower, Celery, Cherries, Chile Peppers, Chile - Roasted, Cucumbers, Eggplant, Garlic, Grapes, Green Beans, Herbs, Honeydew, Kale, Leeks, Lettuce, Microgreens, Mushrooms, Nectarines, Okra, Onions, Peaches, Pears, Peas, Pinto Beans, Plums, Potatoes, Pumpkins, Radishes, Raspberries, Rhubarb, Spinach, Squash, Strawberries, Sweet Corn, Tomatoes, Turnips, Watermelon, Zucchini, corn,, Beef, Buffalo, Lamb, Pork, Poultry, Sausage, Wild Caught Atlantic Salmon, Black Cod, and Halibut, Baked Goods, Cheese, Eggs, Honey, Jams, Jellies, Pickles, Popcorn, Cider, Juices, tortillas, salsa, granola, juice, milk, goat milk, cured meats, sherbet, pasta, pasta sauce, quinoa, nut butters,",No,Yes,Yes,"Located in beautiful Black Forest the farmers market hosts over 60 vendors each week with live music, a free educational kids corner activity,  Food trucks, and more.",39.012471000000005,-104.6998125,colorado_proud+cfma+usda,source,,"{""Business Name"":""colorado_proud"",""Address"":""colorado_proud"",""City"":""colorado_proud"",""County"":""colorado_proud"",""Zip"":""colorado_proud"",""Website"":""colorado_proud"",""Email"":""colorado_proud"",""Facebook"":""colorado_proud"",""Instagram"":""colorado_proud"",""Hours"":""colorado_proud"",""Months Open"":""colorado_proud"",""Products"":""colorado_proud"",""Certified Organic"":""colorado_proud"",""SNAP"":""colorado_proud"",""ADA Accessible"":""colorado_proud"",""Notes"":""colorado_proud"",""Phone"":""usda""}",301538,"Jun 21st, 2021"
Cortez Creamery,Agritourism,617 Montezuma County Road C,Cortez,Montezuma,CO,81321,(970) 529-0449,,https://www.cortezcreamery.com,Hannah@cortezCreamery.com,https://www.facebook.com/cortezcreamery,,,,,,,,,37.3486300000001,-108.585745,usda,source,,"{""Business Name"":""usda"",""Address"":""usda"",""City"":""usda"",""Zip"":""usda"",""Phone"":""usda"",""Email"":""usda"",""Website"":""usda"",""Facebook"":""usda"",""County"":""census-geocoder""}",2801,"Feb 12th, 2024"
Cortez Farmers Market,Farmers' Market,601 N Mildred Rd,Cortez,Montezuma,CO,81321,(970) 564-4095,,https://www.cortezfarmersmarket.com/,info@shopcortez.com,https://www.facebook.com/groups/265957719169/,https://www.instagram.com/cortezfarmersmarket/,Sat: 8:00am - 12:00pm (May 30 - Sep 26); Sat: 8:30am - 12:00pm (Oct 3 - Oct 31),"May, June, July, August, September, October","Fresh local produce, pork, lamb, eggs, baked goods, beverages, herbs, plants, artisan crafts/goods, plus live music and family-friendly activities",,Yes,,"The Cortez Farmers Market is the oldest on-going farmers market in the state. It began in 1973 and the founder, when available still comes to the market. This market is located next to the old courthouse. It has a good selection of produce, meats, eggs, baked goods, and different arts and crafts. New this year, we will have food trucks participating in the market. | Programs: SNAP, Double Up, Senior incentive program; Season 05/30/2026–10/30/2026",37.35526,-108.5736603,official-site+cfma+usda,source,,"{""Phone"":""official-site:https://shopcortez.com/events/saturday-farmers-market-every-saturday-in-july/"",""Email"":""official-site:https://shopcortez.com/events/saturday-farmers-market-every-saturday-in-july/"",""Facebook"":""official-site:https://www.facebook.com/groups/265957719169/"",""Instagram"":""official-site:https://www.instagram.com/cortezfarmersmarket/"",""Hours"":""official-site:https://www.cortezfarmersmarket.com/"",""Months Open"":""official-site:https://www.cortezfarmersmarket.com/"",""Products"":""official-site:https://www.the-journal.com/articles/cortez-farmers-market-to-open-2025-season-at-new-location/"",""SNAP"":""official-site:https://www.the-journal.com/articles/cortez-farmers-market-to-open-2025-season-at-new-location/"",""Address"":""cfma"",""Zip"":""cfma"",""Website"":""cfma"",""Notes"":""cfma"",""County"":""census-geocoder""}",309038,"Mar 20th, 2023"
Jones Farm,Agritourism,25450 Road M,Cortez,Montezuma,CO,81321,,,,bjones472@q.com,https://www.facebook.com/jonesfarmpumpkins/,,,,,,,,,37.3815549944442,-108.583379019323,usda,source,,"{""Business Name"":""usda"",""Address"":""usda"",""City"":""usda"",""Zip"":""usda"",""Email"":""usda"",""Facebook"":""usda"",""County"":""census-geocoder""}",3915,"Feb 12th, 2024"
Pitts Family Ranch,On-Farm / Ranch Sales,15238 Rd 21,Cortez,Montezuma,CO,81321,(541) 778-4271,,,michelepitts56@gmail.com,https://facebook.com/PittsFamilyRanchGrassfedMilk,,,,,,,,,37.432235,-108.66221,usda,source,,"{""Business Name"":""usda"",""Address"":""usda"",""City"":""usda"",""Zip"":""usda"",""Phone"":""usda"",""Email"":""usda"",""Facebook"":""usda"",""County"":""census-geocoder""}",701236,"Apr 1st, 2015"
Cotopaxi Farmers Market,Farmers' Market,20326 US Hwy 50,Cotopaxi,Fremont,CO,81223,(719) 942-3700,,,,https://www.facebook.com/pages/Cotopaxi-Farmers-Market/1384847291754517?fref=ts,,,,,,,,,38.3709234406348,-105.68656277578998,official-site+usda,source,,"{""Address"":""usda"",""Zip"":""usda"",""Phone"":""usda"",""Facebook"":""usda"",""County"":""census-geocoder""}",309039,"Mar 20th, 2023"
Living Water Fibers and Alpacas,Agritourism,3208 CR 18 North,Craig,,CO,81625,,,https://livingwaterfibersandalpacas.com/,Info@livingwaterfibersandalpacas.com,,,,,,,,,,,,usda,,,"{""Business Name"":""usda"",""Address"":""usda"",""City"":""usda"",""Zip"":""usda"",""Email"":""usda"",""Website"":""usda""}",,
"Creede Farmers, Local Artisan and Antique Market",Farmers' Market,23 Main Street,Creede,Mineral,CO,81130,(855) 411-7669,,https://creedefarmersmarket.com/,creedefarmersmarket@gmail.com,https://www.facebook.com/creedefarmersmarket/,https://www.instagram.com/creedefarmersmarket/,Fri: 8:00am - 2:00pm (some days to 3:00pm); Sat & Sun (select dates near July 4th): 8:00am - 2:00pm (some days to 3:00pm),"May, June, July, August, September","Local produce, baked goods, handcrafted jewelry, artisan crafts, agricultural crafts, antiques, and some prepared/food vendors (including chili roasting)",,,,,37.852688190898256,-106.9270338219439,official-site+usda,source,,"{""Phone"":""official-site:https://creedefarmersmarket.com/wp-content/uploads/2024/05/Creede-FARMERS-MARKET-rules-regs-2024-second-and-final.pdf"",""Website"":""official-site:https://creedefarmersmarket.com/"",""Email"":""official-site:https://creedefarmersmarket.com/wp-content/uploads/2024/05/Creede-FARMERS-MARKET-rules-regs-2024-second-and-final.pdf"",""Facebook"":""official-site:https://creedefarmersmarket.com/"",""Instagram"":""official-site:https://creedefarmersmarket.com/"",""Hours"":""official-site:https://creedefarmersmarket.com/wp-content/uploads/2024/05/Creede-FARMERS-MARKET-rules-regs-2024-second-and-final.pdf"",""Months Open"":""official-site:https://creedefarmersmarket.com/wp-content/uploads/2024/05/Creede-FARMERS-MARKET-rules-regs-2024-second-and-final.pdf"",""Products"":""official-site:https://creedefarmersmarket.com/wp-content/uploads/2024/05/Creede-FARMERS-MARKET-rules-regs-2024-second-and-final.pdf"",""Address"":""usda"",""Zip"":""usda"",""County"":""census-geocoder""}",309040,"Mar 20th, 2023"
Crested Butte Farmers Market,Farmers' Market,100 Elk Ave.,Crested Butte,Gunnison,CO,81224,,No,https://www.cbfarmersmarket.org,info@cbfarmersmarket.org,,https://instagram.com/cbfarmersmarket,Sun: 9am - 2pm,"May, June, July, August, September, October","Apples, Apricots, Asparagus, Beets, Bell Peppers, Broccoli, Cabbage, Cantaloupe, Carrots, Cauliflower, Celery, Cherries, Chile Peppers, Chile - Roasted, Cucumbers, Eggplant, Garlic, Green Beans, Herbs, Honeydew, Kale, Leeks, Lettuce, Microgreens, Mushrooms, Onions, Peaches, Pears, Peas, Plums, Potatoes, Pumpkins, Radishes, Raspberries, Rhubarb, Squash, Strawberries, Spinach, Tomatoes, Turnips, Watermelon, Zucchini, Beef, Pork, Poultry, Pickles, Jellies, Jams, Honey, Eggs, Cheese, Baked Goods, Cider, Juices, Wine, Handcrafted Gifts",No,Yes,Yes,"The CB Farmers Market is dedicated to promoting sustainable agriculture.  We offer organic and naturally grown vegetables, fruits, herbs, pasture-raised and grass-finished meats, artisanal cheese, wine, hard ciders & juices, breads, jams, pickles, cut flowers and a local arts and crafts.",38.869700704303106,-106.98901490948651,colorado_proud+cfma,source,,"{""Business Name"":""colorado_proud"",""Address"":""colorado_proud"",""City"":""colorado_proud"",""County"":""colorado_proud"",""Zip"":""colorado_proud"",""Website"":""colorado_proud"",""Email"":""colorado_proud"",""Instagram"":""colorado_proud"",""Hours"":""colorado_proud"",""Months Open"":""colorado_proud"",""Products"":""colorado_proud"",""Certified Organic"":""colorado_proud"",""SNAP"":""colorado_proud"",""ADA Accessible"":""colorado_proud"",""Notes"":""colorado_proud""}",,
Crestone Farmers Market,Farmers' Market,West Silver Avenue,Crestone,Saguache,CO,81131,,,https://www.facebook.com/saturdaymarketcrestone,,https://www.facebook.com/saturdaymarketcrestone,,Sat: 10:00am - 4:00pm,"May, June, July, August, September, October",Handmade goods and locally-made items from local artisans,,,,,37.994247928590546,-105.7004601913917,official-site+usda,source,,"{""Website"":""official-site:https://www.mixconsciously.com/saturday-market"",""Facebook"":""official-site:https://www.mixconsciously.com/saturday-market"",""Hours"":""official-site:https://www.mixconsciously.com/saturday-market"",""Months Open"":""official-site:https://www.mixconsciously.com/saturday-market"",""Products"":""official-site:https://www.mixconsciously.com/saturday-market"",""Address"":""usda"",""Zip"":""usda"",""County"":""census-geocoder""}",309041,"Mar 20th, 2023"
Raisin' Rye,Bakery,675 Grand Ave,Del Norte,Rio Grande,CO,81132,(719) 588-2857,,,,https://www.facebook.com/raisinrye/,https://www.instagram.com/raisinryebakery/,,,"Sourdough breads and bagels, rye, scones, muffins, gluten-free brownies; coffee",,,,"Bakery and coffee shop. Listings disagree on hours, so check before visiting.",37.6787410679,-106.353694419249,curated,census-geocoder,,"{""Business Name"":""curated"",""Address"":""curated"",""City"":""curated"",""Zip"":""curated"",""Phone"":""curated"",""Facebook"":""curated"",""Instagram"":""curated"",""Products"":""curated"",""Notes"":""curated"",""County"":""census-geocoder""}",https://www.instagram.com/raisinryebakery/,2026-10-04
Bills' Pumpkin Patch,Agritourism,52110 Amber Rd,Delta,Montrose,CO,81416,(970) 874-5629,,,,,,,,,,,,,38.6640836199113,-108.112430138566,usda,source,,"{""Business Name"":""usda"",""Address"":""usda"",""City"":""usda"",""Zip"":""usda"",""Phone"":""usda"",""County"":""census-geocoder""}",12745,"Feb 12th, 2024"
"Borden Farms, LLC",CSA Farm,51245 Carnation Road,Delta,Montrose,CO,81416,(970) 874-5383,,http://www.bordenfarms.com,,,,,,,,,,,38.635698413435,-108.128072640937,usda,census-geocoder,,"{""Business Name"":""usda"",""Address"":""usda"",""City"":""usda"",""Zip"":""usda"",""Phone"":""usda"",""Website"":""usda"",""County"":""census-geocoder""}",,
Delta County Colorado Agritours,Agritourism,501 Palmer Street,Delta,Delta,CO,81416,,,https://www.deltacountycolorado.com,,,,,,,,,,,38.740011006007,-108.07277996469,usda,source,,"{""Business Name"":""usda"",""Address"":""usda"",""City"":""usda"",""Zip"":""usda"",""Website"":""usda"",""County"":""census-geocoder""}",10793,"Feb 12th, 2024"
Delta Farmers Market,Farmers' Market,"2195 Southgate Lane, Delta, CO",Delta,Delta,CO,81416,(970) 549-7151,,https://www.deltacofarmersmarket.com/home,deltacofarmersmarket@gmail.com,https://www.facebook.com/groups/246038845197062,,Sat: 8:30am - 1:00pm; Wed: 8:30am - 1:00pm (June-August only),"May, June, July, August, September, October","Locally grown produce, eggs, honey, jams, jellies, breads, baked goods, handcrafted pottery, leather goods, artisan/handcrafted works; adjoining bazaar sells antiques, collectibles, and art",No,No,Yes,"All products are grown, harvested, created, curated or produced in our local area, featuring small growers and producers. We offer handcrafted gifts, antiques & collectibles. Many local small businesses are on-site.",38.71781100000001,-108.054999,official-site+usda+colorado_proud,source,,"{""Address"":""official-site:https://www.deltacofarmersmarket.com/home"",""Website"":""official-site:https://www.deltacofarmersmarket.com/home"",""Email"":""official-site:https://www.deltacofarmersmarket.com/home"",""Facebook"":""official-site:https://www.deltacofarmersmarket.com/home"",""Hours"":""official-site:https://www.deltacofarmersmarket.com/home"",""Months Open"":""official-site:https://www.deltacofarmersmarket.com/home"",""Products"":""official-site:https://www.deltacofarmersmarket.com/home"",""SNAP"":""official-site:https://www.deltacofarmersmarket.com/home"",""Zip"":""usda"",""Phone"":""usda"",""County"":""colorado_proud"",""Certified Organic"":""colorado_proud"",""ADA Accessible"":""colorado_proud"",""Notes"":""colorado_proud""}",,
Dragonfly Farm,On-Farm / Ranch Sales,823 1400 Lane,Delta,Delta,CO,81416,(970) 874-0367,,https://dragonflychurros.com,topsy@dragonflychurros.com,,,,,,,,,,38.773807,-108.10809,usda,source,,"{""Business Name"":""usda"",""Address"":""usda"",""City"":""usda"",""Zip"":""usda"",""Phone"":""usda"",""Email"":""usda"",""Website"":""usda"",""County"":""census-geocoder""}",700207,"Aug 1st, 2014"
Honey Rock Landing,"On-Farm / Ranch Sales, Agritourism",2444 Dominguez Canyon Road,Delta,Delta,CO,81416,(480) 227-4729,,https://www.honeyrocklanding.com,hello@honeyrocklanding.com,,,,,,,,,,38.79579412246,-108.318009015014,usda,census-geocoder,,"{""Business Name"":""usda"",""Address"":""usda"",""City"":""usda"",""Zip"":""usda"",""Phone"":""usda"",""Email"":""usda"",""Website"":""usda"",""County"":""census-geocoder""}",,
Bonverts Farm,CSA Farm,4690 Joliet Ste A36,Denver,Denver,CO,80239,,,http://Bonverts.com,,,,,,,,,,,39.782084471941,-104.861249726342,usda,census-geocoder,,"{""Business Name"":""usda"",""Address"":""usda"",""City"":""usda"",""Zip"":""usda"",""Website"":""usda"",""County"":""census-geocoder""}",,
Broadway Farmers' Market,Farmers' Market,23 Lincoln St.,Denver,Denver,CO,80203,(303) 242-1032,,,,,,,,,,,,,39.717045228578094,-104.98624945096843,official-site+usda,source,,"{""Address"":""usda"",""Zip"":""usda"",""Phone"":""usda"",""County"":""census-geocoder""}",309026,"Mar 20th, 2023"
Cherry Creek Fresh Market,Farmers' Market,"Cherry Creek Shopping Center, east side, on Steele St. next to Macy's, Denver, CO",Denver,Denver,CO,80308,(303) 442-1837,,https://www.coloradofreshmarkets.com,freshmarkets@qwest.net,https://www.facebook.com/ColoradoFreshMarkets,https://www.instagram.com/coloradofreshmarkets/,Sat: 9:00am - 2:00pm,"May, June, July, August, September, October","Fresh in-season produce, prepared foods, flowers, baked goods, local meats and dairy, and handcrafted/artisan goods",,,,,39.71817998668095,-104.95906998634295,official-site+usda,source,,"{""Address"":""official-site:https://www.coloradofreshmarkets.com/visit"",""Website"":""official-site:https://www.coloradofreshmarkets.com"",""Facebook"":""official-site:https://www.facebook.com/ColoradoFreshMarkets"",""Instagram"":""official-site:https://www.coloradofreshmarkets.com/visit"",""Hours"":""official-site:https://www.coloradofreshmarkets.com/visit"",""Months Open"":""official-site:https://www.coloradofreshmarkets.com/visit"",""Products"":""official-site:https://www.coloradofreshmarkets.com/vendors"",""Zip"":""usda"",""Phone"":""usda"",""Email"":""usda"",""County"":""census-geocoder""}",309032,"Mar 20th, 2023"
Cherry Creek Valley International Farmers Market,Farmers' Market,710 S. Ash St.,Denver,Arapahoe,CO,80246,(303) 997-2214,,https://www.localharvestfoods.com/,,https://www.facebook.com/pages/local-harvest-foods/321786756591?ref=ts#!/pages/local-harvest-foods/32,,,,,,,,,39.70371318055,-104.93817456399742,official-site+usda,source,,"{""Address"":""usda"",""Zip"":""usda"",""Phone"":""usda"",""Website"":""usda"",""Facebook"":""usda"",""County"":""census-geocoder""}",309033,"Mar 20th, 2023"
City Park Farmers Market,Farmers' Market,2551 E Colfax Ave,Denver,Denver,CO,80206,(303) 442-1837,No,https://www.cityparkfarmersmarket.com/,cityparkfarmersmarket@gmail.com,https://www.facebook.com/cityparkfarmersmarket/,https://instagram.com/cityparkfarmersmarket,Sat: 8am - 1pm,"May, June, July, August, September, October","Apples, Apricots, Asparagus, Beets, Bell Peppers, Broccoli, Brussels Sprouts, Cabbage, Cantaloupe, Carrots, Cauliflower, Celery, Cherries, Chile Peppers, Chile - Roasted, Cucumbers, Eggplant, Garlic, Green Beans, Herbs, Grapes, Honeydew, Kale, Leeks, Lettuce, Microgreens, Mushrooms, Nectarines, Okra, Onions, Peaches, Pears, Peas, Pinto Beans, Plums, Potatoes, Pumpkins, Radishes, Raspberries, Rhubarb, Spinach, Squash, Strawberries, Sweet Corn, Tomatoes, Turnips, Watermelon, Zucchini, Beef, Lamb, Pork, Poultry, Sausage, Baked Goods, Cheese, Eggs, Honey, Jams, Jellies, Pickles, Popcorn, Cider",No,Yes,Yes,"The City Park Farmers Market is a growers-focused market that runs on Saturdays (Mayâ€“October) at City Park in Denver. With 100+ local vendors, fresh produce, meats, dairy, baked goods, local packaged food, and prepared food. It accepts SNAP and DUFB.",39.740255285000046,-104.95638294799994,colorado_proud+cfma+usda,source,,"{""Business Name"":""colorado_proud"",""Address"":""colorado_proud"",""City"":""colorado_proud"",""County"":""colorado_proud"",""Zip"":""colorado_proud"",""Website"":""colorado_proud"",""Email"":""colorado_proud"",""Facebook"":""colorado_proud"",""Instagram"":""colorado_proud"",""Hours"":""colorado_proud"",""Months Open"":""colorado_proud"",""Products"":""colorado_proud"",""Certified Organic"":""colorado_proud"",""SNAP"":""colorado_proud"",""ADA Accessible"":""colorado_proud"",""Notes"":""colorado_proud"",""Phone"":""usda""}",309036,"Mar 20th, 2023"
Denver Urban Gardens  DeLaney Community Farm (Aurora),CSA Farm,1031 33rd St Suite 100 (Office),Denver,Denver,CO,80205,(303) 292-9900,,http://www.dug.org/,dirt@dug.org,https://www.facebook.com/pages/Denver-Urban-Gardens/449799590530,,,"June, July, August, September, October",,,,,Open: June to October<br>Available Products: Eggs;Honey;,39.7558119,-104.9680914,usda,source,,"{""Business Name"":""usda"",""Address"":""usda"",""City"":""usda"",""Zip"":""usda"",""Phone"":""usda"",""Email"":""usda"",""Website"":""usda"",""Facebook"":""usda"",""Months Open"":""usda"",""Notes"":""usda"",""County"":""census-geocoder""}",200042,"Mar 24th, 2015"
Farmers' Market at Highlands Square,Farmers' Market,3489 W. 32nd Ave.,Denver,Denver,CO,80211,(303) 734-0718,,https://thehighlandsfarmersmarket.com/,highlandmerchants@gmail.com,https://www.facebook.com/profile.php?id=100077076291644,https://www.instagram.com/visitdenverhighlands/,Sun: 9:00am - 1:00pm,"May, June, July, August, September, October","Colorado-grown produce, locally made goods, and ready-to-eat breakfast and lunch; flowers; live music",,,,,39.76213805428507,-105.0333337587567,official-site+usda,source,,"{""Website"":""official-site:https://thehighlandsfarmersmarket.com/"",""Email"":""official-site:https://visitdenverhighlands.com/contact"",""Facebook"":""official-site:https://visitdenverhighlands.com/highlands-farmers-market"",""Instagram"":""official-site:https://visitdenverhighlands.com/highlands-farmers-market"",""Hours"":""official-site:https://thehighlandsfarmersmarket.com/"",""Months Open"":""official-site:https://thehighlandsfarmersmarket.com/"",""Products"":""official-site:https://thehighlandsfarmersmarket.com/"",""Address"":""usda"",""Zip"":""usda"",""Phone"":""usda"",""County"":""census-geocoder""}",309054,"Mar 20th, 2023"
Feed Denver: Urban Farms & Markets,"Farmers' Market, On-Farm / Ranch Sales",2139 W. 44th Avenue,Denver,Denver,CO,80211,(303) 513-7548,,https://www.feeddenver.com/,info@feeddenver.com,https://www.facebook.com/FeedDenver,,,,"Just-harvested produce, fresh-baked breads, homemade jams/marmalades/condiments, local crafts & gifts, seeds, soil & starts, worm products",,,,,39.77656483771201,-105.01284379998835,official-site+usda,source,,"{""Phone"":""official-site:http://www.feeddenver.com/contact-us.html"",""Email"":""official-site:http://www.feeddenver.com/contact-us.html"",""Facebook"":""official-site:http://www.feeddenver.com/contact-us.html"",""Products"":""official-site:http://www.feeddenver.com/farm-market.html"",""Address"":""usda"",""Zip"":""usda"",""Website"":""usda"",""County"":""census-geocoder""}",309055,"Mar 20th, 2023"
Golden Triangle Farmers Market,Farmers' Market,1112 Broadway,Denver,Denver,CO,80203,(720) 523-3331,,https://goldentrianglefm.com,,https://www.facebook.com/goldentrianglefm/,https://www.instagram.com/goldentrianglefm/,,,,,,,,39.734113732523916,-104.9874017794336,official-site+usda,source,,"{""Website"":""official-site:https://goldentrianglefm.com"",""Facebook"":""official-site:https://www.facebook.com/goldentrianglefm/"",""Instagram"":""official-site:https://www.instagram.com/goldentrianglefm/"",""Address"":""usda"",""Zip"":""usda"",""Phone"":""usda"",""County"":""census-geocoder""}",309068,"Mar 20th, 2023"
Green Vally Ranch NE Denver Farmers Market (Presented by Grateful Garden llc),Farmers' Market,4890 argonne way,Denver,Denver,CO,80249,(720) 619-0619,No,https://Gvrfarmersmarket.com,katrina@gratefulgardenllc.com,https://www.facebook.com/GVRFarmersMarket,https://www.instagram.com/gvrfarmersmarket,Wed: 5pm-8pm,"June, July, August","Apples, Asparagus, Beets, Cabbage, Cherries, Chile Peppers, Chile - Roasted, Cucumbers, Eggplant, Garlic, Green Beans, Herbs, Kale, Leeks, Lettuce, Microgreens, Mushrooms, Peaches, Peas, Radishes, Rhubarb, Spinach, Squash, Tomatoes, Beef, Buffalo, Jerky, Lamb, Pork, Poultry, Sausage, Baked Goods, Cheese, Eggs, Honey, Jams, Jellies, Pickles, Popcorn, Cider, Juices",No,Yes,Yes,"Urban farms, fresh eggs and FREE LIVE MUSIC and Family Friendly ENTERTAINMENT. Local businesses",39.78558000000001,-104.76711449999999,colorado_proud+cfma,source,,"{""Business Name"":""colorado_proud"",""Address"":""colorado_proud"",""City"":""colorado_proud"",""County"":""colorado_proud"",""Zip"":""colorado_proud"",""Phone"":""colorado_proud"",""Website"":""colorado_proud"",""Email"":""colorado_proud"",""Facebook"":""colorado_proud"",""Instagram"":""colorado_proud"",""Hours"":""colorado_proud"",""Months Open"":""colorado_proud"",""Products"":""colorado_proud"",""Certified Organic"":""colorado_proud"",""SNAP"":""colorado_proud"",""ADA Accessible"":""colorado_proud"",""Notes"":""colorado_proud""}",,
Harvey Park Farmers Market,Farmers' Market,"Kunsmiller Creative Arts Academy (North Parking Lot), 2250 S Quitman Way, Denver, CO 80219",Denver,Denver,CO,80219,,,https://www.harveyparkfarmersmarket.com,,https://www.facebook.com/profile.php?id=61574977833612,https://www.instagram.com/harveyparkfarmersmarket,Sat: 9:00am - 1:00pm,"May, June, July, August, September, October","Farmers, ranchers, and dairy (vegetables, fruits, flowers, dairy); bakeries (bread, bagels, pastries); specialty foods (cheese, chocolate, pickles, kimchi, nut butters, tortillas, sauces); beverages (coffee, tea, juice); ready-to-eat food (tacos, sandwiches, pupusas, crepes, samosas); cut flowers",,Yes,,"The Harvey Park Farmers Market is a new food-focused and producer-only seasonal farmers market in the heart of Southwest Denver. With over 50 unique vendors selling locally-grown produce and locally-produced specialty and ready-to-eat food every Saturday, our goal is to be both a grocery hub and a vibrant third space for the Southwest Denver community. | Programs: SNAP, Double Up; Season 05/02/2026–10/31/2026",39.6753742,-105.0398933,official-site+cfma,source,,"{""Address"":""official-site:https://www.harveyparkfarmersmarket.com"",""Facebook"":""official-site:https://www.harveyparkfarmersmarket.com"",""Instagram"":""official-site:https://www.harveyparkfarmersmarket.com"",""Hours"":""official-site:https://www.harveyparkfarmersmarket.com"",""Months Open"":""official-site:https://www.harveyparkfarmersmarket.com"",""Products"":""official-site:https://www.harveyparkfarmersmarket.com/vendors"",""SNAP"":""official-site:https://www.harveyparkfarmersmarket.com/snapdufb"",""Zip"":""cfma"",""Website"":""cfma"",""Notes"":""cfma"",""County"":""census-geocoder""}",,
Highland Farmers' Market,Farmers' Market,1576 Boulder St.,Denver,Denver,CO,80211,(303) 734-0718,,https://www.hobnobevents.com/,info@denverhighland.org,https://www.facebook.com/DenverHighlandFarmersMarket/,,Sat: 9:00am - 1:00pm,"June, July, August, September, October","Fresh produce, baked goods, preserved foods, flowers, plants, and locally produced merchandise",,,,,39.7589904750732,-105.01082234517108,official-site+usda,source,,"{""Phone"":""official-site:https://www.coloradolandcan.org/local-resources/Highland-Farmers-Market/49419"",""Email"":""official-site:https://www.coloradolandcan.org/local-resources/Highland-Farmers-Market/49419"",""Facebook"":""official-site:https://www.facebook.com/DenverHighlandFarmersMarket/"",""Hours"":""official-site:https://www.coloradolandcan.org/local-resources/Highland-Farmers-Market/49419"",""Months Open"":""official-site:https://www.coloradolandcan.org/local-resources/Highland-Farmers-Market/49419"",""Products"":""official-site:https://www.coloradolandcan.org/local-resources/Highland-Farmers-Market/49419"",""Address"":""usda"",""Zip"":""usda"",""Website"":""usda"",""County"":""census-geocoder""}",309071,"Mar 20th, 2023"
Kristin's Farm Stand,CSA Farm,455 Sherman St,Denver,Denver,CO,80203,(303) 325-2655,,https://www.KristinsFarmStand.com,info@KristinsFarmStand.com,https://www.facebook.com/KristinsFarmStand,,,"January, February, March, April, May, June, July, August, September, October, November, December",,,,,"Open: Year-round<br>Available Products: Apples;Grapefruit (red, white, etc.);Grapes (black, green, red, etc.);Kiwi;Pears;Chicken;Quail;Turkey;Beef/veal (sausage);Beef/veal (steaks, roasts);Elk;Goat;Lamb (ground);Lamb (sausage);Pork (bacon);Pork (cold cuts);Rabbit;Apples;Grapefruit (red, white, etc.);Grapes (black, green, red, etc.);Kiwi;Pears;;Canned or preserved fruits/vegetables: jams, jellies, preserves, salsas, pickles, dried fruit, etc.;Eggs;Honey;Mushrooms;Pet food;Chicken;Quail;Turkey;;Beef/veal (sausage);Beef/veal (steaks, roasts);Elk;Goat;Lamb (ground);Lamb (sausage);Pork (bacon);Pork (cold cuts);Rabbit;;Microgreens, Bone Broth;",39.7233611,-104.9853785,usda,source,,"{""Business Name"":""usda"",""Address"":""usda"",""City"":""usda"",""Zip"":""usda"",""Phone"":""usda"",""Email"":""usda"",""Website"":""usda"",""Facebook"":""usda"",""Months Open"":""usda"",""Notes"":""usda"",""County"":""census-geocoder""}",200836,"Jul 24th, 2019"
Lakewood Farmers' Market,Farmers' Market,9077 W Alameda Ave,Denver,Jefferson,CO,80226,(303) 513-7610,,https://www.denverfarmersmarket.com/,dfmmgrrich@comcast.net,https://www.facebook.com/denverfarmersmarket,https://www.instagram.com/metro.denver.farmers.market/,Sat: 10:00am - 2:00pm,"June, July, August, September, October","Fresh produce and goods from local farmers, vendors, and artisans",,Yes,,"Metro Denver Farmers' Market is the oldest farmers' market in the Denver area. We have been in business for 49 years. Support local! | Programs: SNAP, Double Up; Season 06/13/2026–10/03/2026",39.7116431,-105.0985311,official-site+cfma,source,,"{""Phone"":""official-site:https://www.denverfarmersmarket.com/contact"",""Email"":""official-site:https://www.denverfarmersmarket.com/contact"",""Facebook"":""official-site:https://www.denverfarmersmarket.com"",""Instagram"":""official-site:https://www.denverfarmersmarket.com"",""Hours"":""official-site:https://www.denverfarmersmarket.com"",""Months Open"":""official-site:https://www.denverfarmersmarket.com"",""Products"":""official-site:https://www.denverfarmersmarket.com"",""Address"":""cfma"",""Zip"":""cfma"",""Website"":""cfma"",""SNAP"":""cfma"",""Notes"":""cfma"",""County"":""census-geocoder""}",,
Larimer Street Market,Farmers' Market,2301 Larimer St,Denver,Denver,CO,80205,(303) 534-5140,,http://www.LarimerStreetMarket.com,,,,,,,,,,,39.75584225413244,-104.98886187325867,official-site+usda,source,,"{""Address"":""usda"",""Zip"":""usda"",""Phone"":""usda"",""Website"":""usda"",""County"":""census-geocoder""}",309080,"Mar 20th, 2023"
Lost Greens Farm,CSA Farm,3701 Gilpin St,Denver,Denver,CO,80216,(970) 631-3623,,http://www.lostgreensfarm.com/,,,,,,,,,,,39.768210534518,-104.967252242995,usda,census-geocoder,,"{""Business Name"":""usda"",""Address"":""usda"",""City"":""usda"",""Zip"":""usda"",""Phone"":""usda"",""Website"":""usda"",""County"":""census-geocoder""}",,
Lowry Farmers' Market,Farmers' Market,7581 E. Academy Blvd.,Denver,Denver,CO,80230,(303) 587-8721,,http://www.hangar2lowry.com/farmers-market,wilson@eventfulpro.com,,,,,,,,,,39.72019499620433,-104.89701498527872,official-site+usda,source,,"{""Address"":""usda"",""Zip"":""usda"",""Phone"":""usda"",""Website"":""usda"",""Email"":""usda"",""County"":""census-geocoder""}",309088,"Mar 20th, 2023"
National Celiac Association of Denver,Farmers' Market,"333 W Hampden Ave (North Parking lot next to Chase Tower), Englewood, CO 80110",Denver,Denver,CO,80222,(970) 978-2329,,https://www.denverceliacs.org,,https://www.facebook.com/DenverCeliacs,https://www.instagram.com/denverceliacs,Sat: 9:00am - 1:00pm,"June, July, August, September, October","Farm produce, prepared foods and baked goods, food trucks, crafts and art, beauty products, herbs, house plants, canned goods, dog treats, flowers",No,No,Yes,"Mark your calendars for Colorado's only Gluten-Free Farmerâ€™s Market. The farmerâ€™s market will include products from food trucks, small businesses, produce, crafts, art, beauty products, herbs, house plants, canned goods, dog treats, prepared foods, flowers, and more!",39.69922500000001,-104.89788899999999,official-site+colorado_proud,source,,"{""Address"":""official-site:https://denverceliacs.org/event/gluten-free-farmers-market-2/"",""Website"":""official-site:https://www.denverceliacs.org"",""Facebook"":""official-site:https://sites.google.com/view/gf-farmers-market-denverceliac/home"",""Instagram"":""official-site:https://sites.google.com/view/gf-farmers-market-denverceliac/home"",""Hours"":""official-site:https://denverceliacs.org/event/gluten-free-farmers-market-2/"",""Months Open"":""official-site:https://denverceliacs.org/event/gluten-free-farmers-market-2/"",""Products"":""official-site:https://denverceliacs.org/event/gluten-free-farmers-market-2/"",""County"":""colorado_proud"",""Zip"":""colorado_proud"",""Phone"":""colorado_proud"",""Certified Organic"":""colorado_proud"",""SNAP"":""colorado_proud"",""ADA Accessible"":""colorado_proud"",""Notes"":""colorado_proud""}",,
Northfield Farmers Market,Farmers' Market,8340 Northfield Boulevard,Denver,Denver,CO,80238,(303) 375-5475,,https://www.stapletondenver.com/whats-happening/stapleton-farmers-market-every-sunday-36043,,,,,,,,,,,39.78527660512828,-104.8910088657402,official-site+usda,source,,"{""Address"":""usda"",""Zip"":""usda"",""Phone"":""usda"",""Website"":""usda"",""County"":""census-geocoder""}",309103,"Mar 20th, 2023"
Old South Pearl Street Association - Farmers Market,Farmers' Market,"1400 + 1500 blocks of South Pearl Street (between Iowa and Arkansas), Denver, CO 80210",Denver,Denver,CO,80210,(037) 340-1718,,https://southpearlstreet.com/farmers-market/,events@JarmanandCoEvents.com,https://www.facebook.com/SouthPearlStreet,https://www.instagram.com/southpearlst,Sun: 9:00am - 1:00pm,"May, June, July, August, September, October, November","Fresh Colorado produce, baked goods/pastries, craft coffee, cut flowers, and prepared/chef-made foods from 170+ local vendors; all products must be grown, raised, produced or gathered in Colorado or in bordering counties",,,,,39.688466486292995,-104.98036451482919,official-site+usda,source,,"{""Address"":""official-site:https://southpearlstreet.com/farmers-market/"",""Website"":""official-site:https://southpearlstreet.com/farmers-market/"",""Email"":""official-site:https://southpearlstreet.com/farmers-market/"",""Facebook"":""official-site:https://southpearlstreet.com/farmers-market/"",""Instagram"":""official-site:https://southpearlstreet.com/farmers-market/"",""Hours"":""official-site:https://southpearlstreet.com/farmers-market/"",""Months Open"":""official-site:https://southpearlstreet.com/farmers-market/"",""Products"":""official-site:https://southpearlstreet.com/farmers-market/"",""Zip"":""usda"",""Phone"":""usda"",""County"":""census-geocoder""}",309106,"Mar 20th, 2023"
RoastedChile.com,On-Farm / Ranch Sales,1701 South Cherokee St,Denver,Denver,CO,80229,(720) 329-2946,,https://Roastedchili.com,wizzbizz101@yahoo.com,,,,,,,,,,39.685542,-104.99152,usda,source,,"{""Business Name"":""usda"",""Address"":""usda"",""City"":""usda"",""Zip"":""usda"",""Phone"":""usda"",""Email"":""usda"",""Website"":""usda"",""County"":""census-geocoder""}",700426,"Aug 13th, 2014"
Stapleton Farmers' Market,Farmers' Market,"South Green, 7601 East 29th Avenue, Denver, CO 80238",Denver,Denver,CO,80238,(303) 388-0724,,https://www.mca80238.com/programs/signature-events/summer-markets,freshmarkets@comcast.net*hello@coloradofreshmarkets.com,,,Sun: 8:30am - 12:30pm,"June, July, August, September, October","Colorado-grown produce, baked goods, specialty meats, gourmet food items and more",,,,,39.757699989600894,-104.90050998744579,official-site+usda,source,,"{""Address"":""official-site:https://www.mca80238.com/mca-calendar/farmers-market-9ra3j-j9fnw-2plfs-5nj8l-zrkjc-h4yha"",""Phone"":""official-site:https://www.mca80238.com/programs/signature-events/summer-markets"",""Website"":""official-site:https://www.mca80238.com/programs/signature-events/summer-markets"",""Hours"":""official-site:https://www.mca80238.com/programs/signature-events/summer-markets"",""Months Open"":""official-site:https://www.mca80238.com/programs/signature-events/summer-markets"",""Products"":""official-site:https://www.mca80238.com/programs/signature-events/summer-markets"",""Zip"":""usda"",""Email"":""usda"",""County"":""census-geocoder""}",309123,"Mar 20th, 2023"
The Great Pumpkin Harvest Festival,Agritourism,715 S. Forest Street,Denver,Denver,CO,80246,(303) 399-1859,,,,,,,,,,,,,39.70358,-104.9291,usda,source,,"{""Business Name"":""usda"",""Address"":""usda"",""City"":""usda"",""Zip"":""usda"",""Phone"":""usda"",""County"":""census-geocoder""}",7195,"Feb 12th, 2024"
Tiri's Garden Farmers Market,Farmers' Market,1522 California St,Denver,Denver,CO,80202,(303) 605-2885,,http://www.concertsforkids.org,,,,,,,,,,,39.744499104821784,-104.9930815957288,official-site+usda,source,,"{""Address"":""usda"",""Zip"":""usda"",""Phone"":""usda"",""Website"":""usda"",""County"":""census-geocoder""}",309128,"Mar 20th, 2023"
Union Station Farmers Market,Farmers' Market,1701 Wynkoop St.,Denver,Denver,CO,80202,(800) 872-7245,,https://unionstationfarmersmarket.com/,community@bcfm.org,https://www.facebook.com/unionstationfarmersmarket/,,Sat: 9:00am - 1:00pm,"June, July, August, September","Coffee, fresh bread, honey, jams, fresh produce",,,,,39.75278314431321,-104.99983322503695,official-site+usda,source,,"{""Website"":""official-site:https://unionstationfarmersmarket.com/"",""Facebook"":""official-site:https://www.facebook.com/unionstationfarmersmarket/"",""Hours"":""official-site:https://unionstationfarmersmarket.com/"",""Months Open"":""official-site:https://unionstationfarmersmarket.com/"",""Products"":""official-site:https://unionstationfarmersmarket.com/"",""Address"":""usda"",""Zip"":""usda"",""Phone"":""usda"",""Email"":""usda"",""County"":""census-geocoder""}",309131,"Mar 20th, 2023"
Urban Farmers' Market,Farmers' Market,16th St. Mall and Arapahoe,Denver,Denver,CO,80202,(720) 272-7467,,http://urbanmarketdenver.com/,coloradoevents@gmail.com,,,Sat-Sun: 12:00pm - 6:00pm,"May, June, July, August, September, October","Art, handmade crafts, antiques, clothing, jewelry, home decor, and other unique treasures from local artists and small businesses",,,,,39.747849996084284,-104.99566998565368,official-site+usda,source,,"{""Phone"":""official-site:https://www.coloradoevents.org/contact"",""Email"":""official-site:https://www.coloradoevents.org/contact"",""Hours"":""official-site:https://coloradoevents.org/urbanmarket"",""Months Open"":""official-site:https://coloradoevents.org/urbanmarket"",""Products"":""official-site:https://coloradoevents.org/urbanmarket"",""Address"":""usda"",""Zip"":""usda"",""Website"":""usda"",""County"":""census-geocoder""}",309132,"Mar 20th, 2023"
High Plains Food Cooperative,Food Hub,7900 E Union Ave,Denver Tech Center,Denver,CO,80237,(785) 626-6082,,http://www.highplainsfood.org,info@highplainsfood.org,https://www.facebook.com/pages/High-Plains-Food-Co-op/134612536617378,,,"January, February, March, April, May, June, July, August, September, October, November, December",,,,,Open: Year-round<br>Available Products: Fresh vegetables;Baked goods;Canned or preserved fruits/vegetables;Coffee/tea;Dairy products;Dry beans;Eggs;Herbs;Grains/flour;Honey;Poultry/fowl meat and products;Red/other non-poultry meat and products;Soap/body care products;,39.6277464,-104.89604,usda,source,,"{""Business Name"":""usda"",""Address"":""usda"",""City"":""usda"",""Zip"":""usda"",""Phone"":""usda"",""Email"":""usda"",""Website"":""usda"",""Facebook"":""usda"",""Months Open"":""usda"",""Notes"":""usda"",""County"":""census-geocoder""}",500003,"Sep 30th, 2014"
US Potato Board,Food Hub,4949 S Syracuse St,Denver Tech Center,Denver,CO,80237,(303) 369-7783,,http://www.potatogoodness.com,creativeworkslocal@gmail.com,https://www.facebook.com/PotatoesTatersAndSpuds,,,"January, February, March, April, May, June, July, August, September, October, November, December",,,,,Open: Year-round<br>Available Products: Fresh fruits;Fresh vegetables;,39.6259984,-104.90024,usda,source,,"{""Business Name"":""usda"",""Address"":""usda"",""City"":""usda"",""Zip"":""usda"",""Phone"":""usda"",""Email"":""usda"",""Website"":""usda"",""Facebook"":""usda"",""Months Open"":""usda"",""Notes"":""usda"",""County"":""census-geocoder""}",500090,"May 8th, 2015"
Dillon Farmers Market,Farmers' Market,275 LaBonte Street,Dillon,Summit,CO,80435,(970) 468-2403,No,https://www.townofdillon.com/events/dillon-farmers-market,farmersmarket@townofdillon.com,https://www.facebook.com/dillonfarmersmarket,https://www.instagram.com/dillonfarmersmarket/,Fri: 9 a.m. to 2 p.m.,"June, July, August, September","Peaches, Mushrooms, Sweet Corn, Buffalo, Beef, Jerky, Baked Goods, Cheese, Honey, Jams, Jellies, Pickles, Popcorn, Juices, Handcrafted Gifts",No,No,Yes,"Join us Fridays from June 5 through September 25, as 100+ vendors offer Colorado produce, cheeses, treats, gifts and more at the Dillon Farmers Market. Live music and food trucks add to a fun atmosphere for all ages.",39.629128096000045,-106.04338499099998,colorado_proud,source,,"{""Business Name"":""colorado_proud"",""Address"":""colorado_proud"",""City"":""colorado_proud"",""County"":""colorado_proud"",""Zip"":""colorado_proud"",""Phone"":""colorado_proud"",""Website"":""colorado_proud"",""Email"":""colorado_proud"",""Facebook"":""colorado_proud"",""Instagram"":""colorado_proud"",""Hours"":""colorado_proud"",""Months Open"":""colorado_proud"",""Products"":""colorado_proud"",""Certified Organic"":""colorado_proud"",""SNAP"":""colorado_proud"",""ADA Accessible"":""colorado_proud"",""Notes"":""colorado_proud""}",,
"Jenkins Farm, L.L.C.",On-Farm / Ranch Sales,7093  County Road 61,Divide,Teller,CO,80814,(719) 554-4905,,,info.ces@juno.com,,,,,,,,,,38.84783,-105.16988,usda,source,,"{""Business Name"":""usda"",""Address"":""usda"",""City"":""usda"",""Zip"":""usda"",""Phone"":""usda"",""Email"":""usda"",""County"":""census-geocoder""}",701129,"Apr 24th, 2015"
Harvest Moon Produce LLC,On-Farm / Ranch Sales,28881 Road P,Dolores,Montezuma,CO,81323,(406) 529-9129,,https://harvestmoonproduce.farm,emilydeanadie80@gmail.com,https://facebook.com/harvestmoonproduce,,,,,,,,,37.421268,-108.522,usda,source,,"{""Business Name"":""usda"",""Address"":""usda"",""City"":""usda"",""Zip"":""usda"",""Phone"":""usda"",""Email"":""usda"",""Website"":""usda"",""Facebook"":""usda"",""County"":""census-geocoder""}",701468,"Jan 15th, 2019"
Sunflower Farms,Agritourism,18737 Highway 145,Dolores,Montezuma,CO,81323,(970) 882-2169,,,,,,,,,,,,,37.4764000007307,-108.44905700928,usda,source,,"{""Business Name"":""usda"",""Address"":""usda"",""City"":""usda"",""Zip"":""usda"",""Phone"":""usda"",""County"":""census-geocoder""}",12083,"Feb 12th, 2024"
Adobe House Farm,CSA Farm,910 Co Rd 252,Durango,La Plata,CO,81301,(970) 317-0309,,http://www.adobehousefarm.com/,linley@adobehousefarm.com,https://www.facebook.com/adobehouse.farm,,,"June, July, August, September, October",,,,,"Open: June to October<br>Available Products: Apples;Kiwi;Pears;Artichoke;Arugula;Beans, other (lima, etc.);Beets;Bok Choy;Broccoli;Broccolini/baby broccoli;Cabbage;Cauliflower;Celery;Collard Greens;Cucumbers;Eggplant (Italian, Japanese, etc.);Endives;Garlic;Green onions/scallions;Kale;Kohlrabi;Mixed leafy greens;Mustard Greens;Okra;Onions (pearl, red, white, etc.);Parsnips;Peanuts;Peas;Peppers, hot;Potatoes (new, red, russet, etc.);Radicchio;Radishes;Rhubarb;Rutabaga;Soybeans;Spinach: baby, regular;Squash, summer: zucchini, etc.;Squash, winter: butternut, etc.;Sweet potatoes;Tomatoes (cherry, grape, etc.);Tomatoes (plum, round, etc.);Turnip greens;Apples;Kiwi;Pears;;Artichoke;Arugula;Beans, other (lima, etc.);Beets;Bok Choy;Broccoli;Broccolini/baby broccoli;Cabbage;Cauliflower;Celery;Collard Greens;Cucumbers;Eggplant (Italian, Japanese, etc.);Endives;Garlic;Green onions/scallions;Kale;Kohlrabi;Mixed leafy greens;Mustard Greens;Okra;Onions (pearl, red, white, etc.);Parsnips;Peanuts;Peas;Peppers, hot;Potatoes (new, red, russet, etc.);Radicchio;Radishes;Rhubarb;Rutabaga;Soybeans;Spinach: baby, regular;Squash, summer: zucchini, etc.;Squash, winter: butternut, etc.;Sweet potatoes;Tomatoes (cherry, grape, etc.);Tomatoes (plum, round, etc.);Turnip greens;;Cut flowers;",37.3844867,-107.8360576,usda,source,,"{""Business Name"":""usda"",""Address"":""usda"",""City"":""usda"",""Zip"":""usda"",""Phone"":""usda"",""Email"":""usda"",""Website"":""usda"",""Facebook"":""usda"",""Months Open"":""usda"",""Notes"":""usda"",""County"":""census-geocoder""}",200032,"Mar 19th, 2015"
Durango Farmers Market,Farmers' Market,259 W. 9th Street,Durango,La Plata,CO,81301,(970) 335-8223,No,https://www.durangofarmersmarket.com,director@durangofarmersmarket.com,https://www.facebook.com/durangofarmersmarket,https://instagram.com/durangofarmers,Sat: 8 AM - 12 PM (May-Sep.) 9 AM - 12 PM (Oct.),"October, September, August, July, June, May","Apples, Apricots, Asparagus, Beets, Bell Peppers, Broccoli, Brussels Sprouts, Cabbage, Cantaloupe, Carrots, Cauliflower, Celery, Cherries, Chile Peppers, Chile - Roasted, Cucumbers, Eggplant, Garlic, Green Beans, Herbs, Honeydew, Kale, Leeks, Lettuce, Microgreens, Mushrooms, Okra, Onions, Peaches, Pears, Peas, Potatoes, Pumpkins, Radishes, Raspberries, Rhubarb, Spinach, Squash, Strawberries, Tomatoes, Turnips, Watermelon, Zucchini, Beef, Lamb, Pork, Poultry, Sausage, Baked Goods, Cheese, Eggs, Honey, Jams, Jellies, Pickles, Cider, Juices, Mead, Handcrafted Gifts",No,Yes,Yes,"Durango Farmers Market | We Grow Community

The Durango Farmers Market is a nonprofit organization dedicated to supporting local agriculture, food producers, artisans, and small businesses while strengthening Southwest Colorado’s regional food system. Through vibrant marketplaces and community-centered programming, the market creates meaningful connections between growers, makers, and the community they serve.

The weekly Saturday Market runs May through October at the TBK Bank parking lot in downtown Durango and features fresh, seasonal produce, locally raised meats, value-added foods, ready-to-eat meals, artisan goods, live music, and nonprofit and community partners.

In addition, the Durango Farmers Market hosts 2nd Saturdays on Main, a monthly expanded market experience held May through October on Main Avenue. These street-closure events bring together farmers, makers, musicians, local businesses, and community partners in a walkable, festival-style setting that celebrates local food, small businesses, and downtown vitality.

📅 Saturday Market | May–September: 8:00 AM–12:00 PM | October: 9:00 AM–12:00 PM
📍 TBK Bank Parking Lot, 259 W. 9th Street, Downtown Durango

📅 2nd Saturdays on Main | May–October
📍 Main Avenue, Downtown Durango

A nonprofit marketplace where agriculture thrives, small businesses grow, and community comes together. | Programs: SNAP, Double Up, CO Produce Bonus; Season 05/09/2026–10/31/2026",37.274252187583635,-107.884298697417,colorado_proud+cfma+usda,source,,"{""Business Name"":""colorado_proud"",""Address"":""colorado_proud"",""City"":""colorado_proud"",""County"":""colorado_proud"",""Zip"":""colorado_proud"",""Phone"":""colorado_proud"",""Website"":""colorado_proud"",""Email"":""colorado_proud"",""Facebook"":""colorado_proud"",""Instagram"":""colorado_proud"",""Hours"":""colorado_proud"",""Months Open"":""colorado_proud"",""Products"":""colorado_proud"",""Certified Organic"":""colorado_proud"",""SNAP"":""colorado_proud"",""ADA Accessible"":""colorado_proud"",""Notes"":""cfma""}",300627,"Jun 3rd, 2022"
Falfa Pumpkin Patch,Agritourism,54 Cr 221,Durango,La Plata,CO,81303,(970) 769-0252,,,,,,,,,,,,,37.2145000180297,-107.794687025153,usda,source,,"{""Business Name"":""usda"",""Address"":""usda"",""City"":""usda"",""Zip"":""usda"",""Phone"":""usda"",""County"":""census-geocoder""}",7125,"Feb 12th, 2024"
Farm-i,On-Farm / Ranch Sales,2997 County Road 215,Durango,,CO,81303,,,,farmi@farmi.com,,,,,,,,,,,,usda,,,"{""Business Name"":""usda"",""Address"":""usda"",""City"":""usda"",""Zip"":""usda"",""Email"":""usda""}",,
James Ranch,Agritourism,33846 US Hwy 550,Durango,La Plata,CO,81301,,,https://www.jamesranch.net/,harvestgrill@jamesranch.net,,,,,,,,,,37.422904912203,-107.823506423257,usda,census-geocoder,,"{""Business Name"":""usda"",""Address"":""usda"",""City"":""usda"",""Zip"":""usda"",""Email"":""usda"",""Website"":""usda"",""County"":""census-geocoder""}",,
Red Barn Pumpkin Farm,Agritourism,85 On County Road 70 near Eaton,Eaton,Weld,CO,80615,(970) 834-1353,,,,,,,,,,,,,40.4935032867581,-104.649884123942,usda,source,,"{""Business Name"":""usda"",""Address"":""usda"",""City"":""usda"",""Zip"":""usda"",""Phone"":""usda"",""County"":""census-geocoder""}",7342,"Feb 12th, 2024"
Fritchman Orchards,Agritourism,13686 Co-65,Eckert,Delta,CO,81418,,,,,,,,,,,,,,38.8520089904088,-107.956173023189,usda,source,,"{""Business Name"":""usda"",""Address"":""usda"",""City"":""usda"",""Zip"":""usda"",""County"":""census-geocoder""}",11940,"Feb 12th, 2024"
City of Edgewater Farmers Market,Farmers' Market,"Historic West 25th Ave. (between Benton/Chase St. and Ames St.), Edgewater, CO 80214",Edgewater,Jefferson,CO,80214,(720) 763-3012,,https://www.edgewaterco.com/,KHardt@EdgewaterCO.com,https://www.facebook.com/cityofedgewatermarketandmusic/,,Thu: 5:00pm - 8:00pm,"June, July, August, September","Produce (apples, berries, vegetables, herbs), meats (beef, buffalo, lamb, pork, poultry), dairy (cheese, eggs), baked goods, honey, jams, pickles, jerky, sausage",,Yes,,,39.7513950649243,-105.05323329920806,official-site+usda,source,,"{""Address"":""official-site:https://www.coloradolandcan.org/local-resources/Edgewater-Market-and-Music/75948"",""Email"":""official-site:https://www.coloradolandcan.org/local-resources/Edgewater-Market-and-Music/75948"",""Facebook"":""official-site:https://www.facebook.com/cityofedgewatermarketandmusic/"",""Hours"":""official-site:https://www.coloradolandcan.org/local-resources/Edgewater-Market-and-Music/75948"",""Months Open"":""official-site:https://www.coloradolandcan.org/local-resources/Edgewater-Farmers-Market/47831"",""Products"":""official-site:https://www.coloradolandcan.org/local-resources/Edgewater-Market-and-Music/75948"",""SNAP"":""official-site:https://www.coloradolandcan.org/local-resources/Edgewater-Market-and-Music/75948"",""Zip"":""usda"",""Phone"":""usda"",""Website"":""usda"",""County"":""census-geocoder""}",309034,"Mar 20th, 2023"
Eagle Farmers Market,Farmers' Market,275 N Main Street,Edwards,Eagle,CO,81632,(970) 926-7625,,https://www.eaglefarmersmarketandartshow.com/,,https://www.facebook.com/eaglefarmersmarketandartshow,https://www.instagram.com/eaglefarmersmarket/,Sat: 9:00am - 1:00pm,"June, July, August, September","Fresh produce, protein, baked goods, and artisanal/homemade goods",,,,,39.64234299941097,-106.58966598407815,official-site+usda,source,,"{""Website"":""official-site:https://www.eaglefarmersmarketandartshow.com/"",""Facebook"":""official-site:https://www.eaglefarmersmarketandartshow.com/"",""Instagram"":""official-site:https://www.eaglefarmersmarketandartshow.com/"",""Hours"":""official-site:https://www.eaglefarmersmarketandartshow.com/"",""Months Open"":""official-site:https://www.eaglefarmersmarketandartshow.com/"",""Products"":""official-site:https://www.eaglefarmersmarketandartshow.com/"",""Address"":""usda"",""Zip"":""usda"",""Phone"":""usda"",""County"":""census-geocoder""}",309047,"Mar 20th, 2023"
Edwards Corner Farmers' Market,Farmers' Market,"57 Edwards Access Rd, Edwards, CO 81632 (Edwards West Plaza)",Edwards,Eagle,CO,81632,(414) 975-5952,,http://edwardscornerfarmersmarket.com/,shawandassoc@sbcglobal.net,https://www.facebook.com/edwardsfarmersmarket/,https://www.instagram.com/edwardsfarmersmarket/,Sat: 9:00am - 1:00pm,"June, July, August, September","Fresh, local and organic foods, crafts and other products from more than 30 vendors",,,,,39.643752437640615,-106.59469551190853,official-site+usda,source,,"{""Address"":""official-site:https://www.edwards-colorado.com/farmer-s-market"",""Phone"":""official-site:https://www.edwards-colorado.com/farmer-s-market"",""Email"":""official-site:https://www.edwards-colorado.com/farmer-s-market"",""Facebook"":""official-site:https://www.edwards-colorado.com/farmer-s-market"",""Instagram"":""official-site:https://www.edwards-colorado.com/farmer-s-market"",""Hours"":""official-site:https://www.edwards-colorado.com/farmer-s-market"",""Months Open"":""official-site:https://www.edwards-colorado.com/farmer-s-market"",""Products"":""official-site:https://www.edwards-colorado.com/farmer-s-market"",""Zip"":""usda"",""Website"":""usda"",""County"":""census-geocoder""}",309048,"Mar 20th, 2023"
BlueTrane Heritage Farm,CSA Farm,16530 County Road 102,Elbert,,CO,80106,(303) 552-6538,,https://www.bluetranegroup.com,info@bluetranegroup.com,,,,,,,,,,,,usda,,,"{""Business Name"":""usda"",""Address"":""usda"",""City"":""usda"",""Zip"":""usda"",""Phone"":""usda"",""Email"":""usda"",""Website"":""usda""}",,
Spotted Horse Barnyard,Agritourism,14223 Delwood Drive,Elbert,El Paso,CO,80106,(719) 930-4480,,http://www.spottedhorsebarnyard.com,spotty@spottedhorsebarnyard.com,,,,,,,,,,39.03619,-104.59483,usda,source,,"{""Business Name"":""usda"",""Address"":""usda"",""City"":""usda"",""Zip"":""usda"",""Phone"":""usda"",""Email"":""usda"",""Website"":""usda"",""County"":""census-geocoder""}",8556,"Feb 12th, 2024"
Cowboy Cuts - Wyoming Raised Beef,On-Farm / Ranch Sales,37682 Pheasant Run,Elizabeth,Elbert,CO,80107,(303) 495-0688,,,contact.cowboycuts@gmail.com,,,,,,,,,,39.406925815789,-104.561816157292,usda,census-geocoder,,"{""Business Name"":""usda"",""Address"":""usda"",""City"":""usda"",""Zip"":""usda"",""Phone"":""usda"",""Email"":""usda"",""County"":""census-geocoder""}",,
Holly Acres Nursery,Agritourism,403 Highway 86,Elizabeth,Elbert,CO,80107,(303) 646-8868,,,,,,,,,,,,,39.3620448287571,-104.655646641905,usda,source,,"{""Business Name"":""usda"",""Address"":""usda"",""City"":""usda"",""Zip"":""usda"",""Phone"":""usda"",""County"":""census-geocoder""}",6998,"Feb 12th, 2024"
Ponderosa Plains Farm,On-Farm / Ranch Sales,4999 Spruce Court,Elizabeth,Elbert,CO,80107,(303) 918-5700,,https://ponderosaplains.square.site,ponderosaplains@gmail.com,https://www.facebook.com/PonderosaPlains,,,,,,,,,39.362073,-104.57081,usda,source,,"{""Business Name"":""usda"",""Address"":""usda"",""City"":""usda"",""Zip"":""usda"",""Phone"":""usda"",""Email"":""usda"",""Website"":""usda"",""Facebook"":""usda"",""County"":""census-geocoder""}",701576,"Jan 15th, 2021"
RK Creations Farm,On-Farm / Ranch Sales,33784 County Road 21,Elizabeth,,CO,80107,(402) 606-9283,,,rkfarmersmarket@gmail.com,,,,,,,,,,,,usda,,,"{""Business Name"":""usda"",""Address"":""usda"",""City"":""usda"",""Zip"":""usda"",""Phone"":""usda"",""Email"":""usda""}",,
The Patch in Elizabeth,Agritourism,39980 Fox Trot Circle,Elizabeth,Elbert,CO,80107,(720) 446-6001,,,info@thepatchinelizabeth.com,https://www.facebook.com/thepatchinelizabeth/,,,,,,,,,39.4472659795765,-104.555085974073,usda,source,,"{""Business Name"":""usda"",""Address"":""usda"",""City"":""usda"",""Zip"":""usda"",""Phone"":""usda"",""Email"":""usda"",""Facebook"":""usda"",""County"":""census-geocoder""}",6050,"Feb 12th, 2024"
TPB Farms,CSA Farm,35003 Morgan Trail,Elizabeth,Elbert,CO,80107,(720) 503-4093,,,,,,,,,,,,,39.378960286289,-104.629188693446,usda,census-geocoder,,"{""Business Name"":""usda"",""Address"":""usda"",""City"":""usda"",""Zip"":""usda"",""Phone"":""usda"",""County"":""census-geocoder""}",,
Gluten Free Farmers Market,Farmers' Market,"333 W Hampden Ave (North Parking lot next to Chase Tower), Englewood, CO 80110",Englewood,Arapahoe,CO,80110,,,https://www.denverceliacs.org,,https://www.facebook.com/DenverCeliacs,https://www.instagram.com/denverceliacs,Sat: 9:00am - 1:00pm,"June, July, August, September, October","Farm produce, prepared foods and baked goods, food trucks, crafts and art, beauty products, herbs, house plants, canned goods, dog treats, flowers",,,,"Colorado’s ONLY dedicated Gluten-Free Farmers Market is back for another incredible season! Hosted by Denver Celiacs, this one-of-a-kind community event was created to provide a safe, welcoming, and inclusive shopping experience for individuals living with celiac disease, gluten intolerance, and gluten-related disorders.

Held monthly from June through October in Englewood, Colorado, the Gluten-Free Farmers Market brings together a carefully vetted lineup of gluten-free food vendors, bakeries, food trucks, artisans, wellness brands, fresh produce growers, and small businesses from across the state. Every vendor undergoes a review process focused on gluten-free safety, ingredient transparency, and cross-contact awareness to help create a market experience the gluten-free community can trust. ()

More than just a farmers market, this event is a celebration of community, accessibility, and connection. Visitors can enjoy a vibrant atmosphere filled with delicious food, handmade goods, live experiences, and opportunities to discover local businesses that truly understand the importance of safe gluten-free living. From baked goods and prepared meals to crafts, beauty products, flowers, dog treats, coffee, and specialty products, there is something for everyone to enjoy. ()

Since launching, the market has rapidly grown into a beloved community gathering, drawing thousands of attendees and supporting dozens of local gluten-free businesses throughout Colorado. Community members and vendors alike have praised the market for creating an emotional and meaningful space where people with celiac disease and gluten sensitivities can finally shop and eat with confidence. ()

Whether you are gluten-free by medical necessity, exploring a gluten-free lifestyle, supporting a loved one, or simply passionate about shopping local, the Gluten-Free Farmers Market welcomes you to experience a safer and more inclusive way to gather, shop, and connect.

For market dates, vendor information, and event updates, visit the Gluten Free Farmer’s Market website. | Season 06/13/2026–10/10/2026",39.6535719,-104.9923244,official-site+cfma,source,,"{""Address"":""official-site:https://denverceliacs.org/event/gluten-free-farmers-market-2/"",""Website"":""official-site:https://www.denverceliacs.org"",""Facebook"":""official-site:https://sites.google.com/view/gf-farmers-market-denverceliac/home"",""Instagram"":""official-site:https://sites.google.com/view/gf-farmers-market-denverceliac/home"",""Hours"":""official-site:https://denverceliacs.org/event/gluten-free-farmers-market-2/"",""Months Open"":""official-site:https://denverceliacs.org/event/gluten-free-farmers-market-2/"",""Products"":""official-site:https://denverceliacs.org/event/gluten-free-farmers-market-2/"",""Zip"":""cfma"",""Notes"":""cfma"",""County"":""census-geocoder""}",,
Anderson Farms,Agritourism,6728 County Road 3 1/4,Erie,Weld,CO,80516,(303) 828-5210,,,info@andersonfarms.com,https://www.facebook.com/andersonfarmsco/,,,,,,,,,40.0990250008642,-105.030914966497,usda,source,,"{""Business Name"":""usda"",""Address"":""usda"",""City"":""usda"",""Zip"":""usda"",""Phone"":""usda"",""Email"":""usda"",""Facebook"":""usda"",""County"":""census-geocoder""}",1946,"Feb 12th, 2024"
Erie Farmers Market,Farmers' Market,515 Briggs St,Erie,Weld,CO,80516,(303) 902-2451,,https://realfarmersmarketco.com/erie-farmers-market/,kellyenterprisesltd@gmail.com,https://www.facebook.com/eriesfarmersmarket/,,Thu: 5:00pm - 8:00pm,"May, June, July, August, September","Organic, transitional, and pesticide-free vegetables; fruit from Palisade, CO; meats; eggs; artisan breads; honey; cheese; coffee; baked goods; natural body care; massage services; flowers; plants; jewelry; art; packaged goods",,,,,40.049239169846956,-105.04741268150508,official-site+usda,source,,"{""Phone"":""official-site:https://realfarmersmarketco.com/contact/"",""Email"":""official-site:https://realfarmersmarketco.com/contact/"",""Hours"":""official-site:https://realfarmersmarketco.com/erie-farmers-market/"",""Months Open"":""official-site:https://realfarmersmarketco.com/erie-farmers-market/"",""Products"":""official-site:https://realfarmersmarketco.com/erie-farmers-market/"",""Address"":""usda"",""Zip"":""usda"",""Website"":""usda"",""Facebook"":""usda"",""County"":""census-geocoder""}",309049,"Mar 20th, 2023"
Aspen Lodge Resort & Spa,Agritourism,6120 highway 7,Estes Park,Larimer,CO,80517,(970) 586-8133,,http://www.aspenlodge.net,,http://www.facebook.com/aspenlodgeresortandspa,,,,,,,,,40.2906109999356,-105.542697964954,usda,source,,"{""Business Name"":""usda"",""Address"":""usda"",""City"":""usda"",""Zip"":""usda"",""Phone"":""usda"",""Website"":""usda"",""Facebook"":""usda"",""County"":""census-geocoder""}",1211,"Feb 12th, 2024"
Dao House,Agritourism,120 Hwy 7,Estes Park,Larimer,CO,80517,(970) 586-4094,,http://www.aspenlodge.net,info@daohouse.com,http://www.facebook.com/aspenlodge,,,,,,,,,40.3748866269455,-105.509126680889,usda,source,,"{""Business Name"":""usda"",""Address"":""usda"",""City"":""usda"",""Zip"":""usda"",""Phone"":""usda"",""Email"":""usda"",""Website"":""usda"",""Facebook"":""usda"",""County"":""census-geocoder""}",1210,"Feb 12th, 2024"
Estes Park Farmers Market,Farmers' Market,"Estes Park Visitor Center parking lot, 500 Big Thompson Ave, Estes Park, CO 80517",Estes Park,Larimer,CO,80517,,,,vickieden3@yahoo.com,https://www.facebook.com/EstesValleyFarmersMarket/,,Thu: 8:00am - 1:00pm,"June, July, August, September","Fresh produce (heirloom tomatoes, mushrooms, cucumbers, greens), specialty teas, French pastries, jams, jellies, honey, European cheeses, artisan bread, pickles, salsas, smoked salmon, coffee, candles, woven baskets, pet treats, and jewelry from local vendors",,,,,40.3732302963579,-105.48318560985749,official-site+usda,source,,"{""Address"":""official-site:https://www.visitestespark.com/blog/post/how-to-farmers-market-in-estes-park/"",""Email"":""official-site:https://estesvalleyvoice.com/2025/06/06/estes-park-farmers-market-kicks-off-its-29th-year/"",""Facebook"":""official-site:https://www.facebook.com/EstesValleyFarmersMarket/"",""Hours"":""official-site:https://estesvalleyvoice.com/2025/06/06/estes-park-farmers-market-kicks-off-its-29th-year/"",""Months Open"":""official-site:https://estesvalleyvoice.com/2025/06/06/estes-park-farmers-market-kicks-off-its-29th-year/"",""Products"":""official-site:https://estesvalleyvoice.com/2025/06/06/estes-park-farmers-market-kicks-off-its-29th-year/"",""Zip"":""usda"",""County"":""census-geocoder""}",309050,"Mar 20th, 2023"
Estes Valley Farmers Market,Farmers' Market,1209 Manford Ave,Estes Park,Larimer,CO,80517,(303) 775-9058,,,Vickieden3@yahoo.com,https://www.facebook.com/EstesValleyFarmersMarket/,,Thu: 8:00am - 1:00pm,,Traditional farmers market with consumable products,,,,,40.37178141454258,-105.50354120293406,official-site+usda,source,,"{""Email"":""official-site:https://dms.estes.org/WebLink/ElectronicFile.aspx?docid=322898&dbid=0"",""Facebook"":""official-site:https://dms.estes.org/WebLink/ElectronicFile.aspx?docid=322898&dbid=0"",""Hours"":""official-site:https://dms.estes.org/WebLink/ElectronicFile.aspx?docid=322898&dbid=0"",""Products"":""official-site:https://dms.estes.org/WebLink/ElectronicFile.aspx?docid=322898&dbid=0"",""Address"":""usda"",""Zip"":""usda"",""Phone"":""usda"",""County"":""census-geocoder""}",309051,"Mar 20th, 2023"
Evergreen Farmers Market,Farmers' Market,31880 Rocky Village Dr,Evergreen,Jefferson,CO,80439,(303) 674-0056,,https://evergreenarts.org/cae/evergreen-farmers-market/,info@evergreenarts.org,https://www.facebook.com/farmersmarketevergreen/,https://www.instagram.com/evergreenfarmersmarket/,Tue: 10:00am - 2:00pm,"May, June, July, August, September","Fresh produce, local goodies, and handmade treats from Colorado growers and makers",,,,,39.69302148029948,-105.35676279642104,official-site+usda,source,,"{""Address"":""official-site:https://evergreenarts.org/cae/evergreen-farmers-market/"",""Phone"":""official-site:https://evergreenarts.org/cae/evergreen-farmers-market/"",""Website"":""official-site:https://evergreenarts.org/cae/evergreen-farmers-market/"",""Email"":""official-site:https://evergreenarts.org/cae/evergreen-farmers-market/"",""Facebook"":""official-site:https://www.facebook.com/farmersmarketevergreen/"",""Instagram"":""official-site:https://evergreenarts.org/cae/evergreen-farmers-market/"",""Hours"":""official-site:https://www.facebook.com/farmersmarketevergreen/"",""Months Open"":""official-site:https://www.facebook.com/farmersmarketevergreen/"",""Products"":""official-site:https://evergreenarts.org/cae/evergreen-farmers-market/"",""Zip"":""usda"",""County"":""census-geocoder""}",309052,"Mar 20th, 2023"
Evergreen Farmers Market THE ORIGINAL,Farmers' Market,28253 Meadow Drive,Evergreen,Jefferson,CO,80439,(303) 525-8062,,https://www.coloradooutdoormarkets.com,loredanaspesto@aol.com,,https://instagram.com/the_og_evergreen_farmersmarket,Tue: 10:00am - 2:00pm,"June, July, August, September","Fresh-picked organic and conventional produce, Palisade fruit, fresh flowers and hanging baskets, handmade pies, honey, Italian foods, bread, gourmet mushrooms, coffee, Austrian pastries, and Middle Eastern food at the market cafe",No,No,Yes,"One of the most charming farmers markets in Colorado!25+ Years!  Dog & Elk Friendly!A picture-perfect farmersâ€™ market, tucked away in the beautiful Colorado mountains. The market shares its space with the beautiful Hiwan Park & trail. Picnic tables, shady pine trees, and a playground!",39.638655,-105.3209115,official-site+colorado_proud,source,,"{""Website"":""official-site:https://www.coloradooutdoormarkets.com/"",""Hours"":""official-site:https://downtownevergreen.com/do/the-original-evergreen-farmers-market"",""Months Open"":""official-site:https://www.coloradooutdoormarkets.com/"",""Products"":""official-site:https://downtownevergreen.com/do/the-original-evergreen-farmers-market"",""Address"":""colorado_proud"",""County"":""colorado_proud"",""Zip"":""colorado_proud"",""Phone"":""colorado_proud"",""Email"":""colorado_proud"",""Instagram"":""colorado_proud"",""Certified Organic"":""colorado_proud"",""SNAP"":""colorado_proud"",""ADA Accessible"":""colorado_proud"",""Notes"":""colorado_proud""}",,
Firestone Fall Festival,Agritourism,969 Firestone Blvd,Firestone,Weld,CO,80504,(303) 833-3291,,,,https://www.facebook.com/events/4969-firestone-blvd-firestone-co-80504-5212-united-states/6th-annual-fall-festival/2337624646346329/,,,,,,,,,40.1606500102955,-104.944723764016,usda,source,,"{""Business Name"":""usda"",""Address"":""usda"",""City"":""usda"",""Zip"":""usda"",""Phone"":""usda"",""Facebook"":""usda"",""County"":""census-geocoder""}",3107,"Feb 12th, 2024"
Forage Maze,Agritourism,550 Main Avenue,Flagler,Kit Carson,CO,80815,(719) 765-4740,,,toniebur@yahoo.com,,,,,,,,,,39.2942400000001,-103.06766,usda,source,,"{""Business Name"":""usda"",""Address"":""usda"",""City"":""usda"",""Zip"":""usda"",""Phone"":""usda"",""Email"":""usda"",""County"":""census-geocoder""}",12799,"Feb 12th, 2024"
Florence Farmers Market,Farmers' Market,E 3rd St & N Pikes Peak Ave,Florence,Fremont,CO,81226,(719) 784-6489,,http://www.florencecoloradochamber.com/calendar,FlorenceCoFarmersMarket@gmail.com,https://www.facebook.com/MarketinFlorence/,,Thu: 8:00am - 1:00pm,"June, July, August, September","Fresh fruit and vegetables, crafts, bakery items, stained glass, wood items, flowers, herbs, jams & jellies, honey, eggs, grass-fed beef, tamales, hot dogs and sausages",,,,Florence is a homemade and homegrown market.  We encourage local vendors to come and enjoy the market and meet their neighbors. | Season 06/04/2026–09/25/2026,38.3920146,-105.1171843,official-site+cfma+usda,source,,"{""Phone"":""official-site:https://www.coloradolandcan.org/local-resources/Florence-Farmers-Market/40484"",""Email"":""official-site:https://www.coloradolandcan.org/local-resources/Florence-Farmers-Market/40484"",""Facebook"":""official-site:https://www.facebook.com/MarketinFlorence/"",""Hours"":""official-site:https://www.coloradolandcan.org/local-resources/Florence-Farmers-Market/40484"",""Months Open"":""official-site:https://www.facebook.com/MarketinFlorence/"",""Products"":""official-site:https://www.colorado.com/florence/florence-farmers'-market"",""Address"":""cfma"",""Zip"":""cfma"",""Notes"":""cfma"",""Website"":""usda"",""County"":""census-geocoder""}",309056,"Mar 20th, 2023"
Bartels Farm Pumpkin Patch,Agritourism,,Fort Collins,Larimer,CO,80524,(970) 493-3853,,,shawn@thebartelsfarm.com,,,,,,,,,,40.6393449849632,-105.012398001278,usda,source,,"{""Business Name"":""usda"",""City"":""usda"",""Zip"":""usda"",""Phone"":""usda"",""Email"":""usda"",""County"":""census-geocoder""}",7502,"Feb 12th, 2024"
Bartels Land and Livestock; U-pick and Pumpkin Patch,Agritourism,East County Road 54,Fort Collins,Larimer,CO,80524,(970) 493-3853,,,llavud@frii.com,https://www.facebook.com/the-bartels-pumpkin-patch-137755902661/,,,,,,,,,40.6395459587816,-105.069336424138,usda,source,,"{""Business Name"":""usda"",""Address"":""usda"",""City"":""usda"",""Zip"":""usda"",""Phone"":""usda"",""Email"":""usda"",""Facebook"":""usda"",""County"":""census-geocoder""}",5941,"Feb 12th, 2024"
Bee Family Centennial Farm Museum,Agritourism,4320 E County Rd 58,Fort Collins,Larimer,CO,80524,,,https://www.beefamilyfarm.org,info@beefamilyfarm.com,https://www.facebook.com/beefamilyfarm,,,,,,,,,40.6691589954631,-104.995774005072,usda,source,,"{""Business Name"":""usda"",""Address"":""usda"",""City"":""usda"",""Zip"":""usda"",""Email"":""usda"",""Website"":""usda"",""Facebook"":""usda"",""County"":""census-geocoder""}",2144,"Feb 12th, 2024"
Belafonte Farm,CSA Farm,1807 W Vine Dr,Fort Collins,Larimer,CO,80521,,,http://belafontefarm.com/,,,,,,,,,,,40.596424890662,-105.111292553426,usda,census-geocoder,,"{""Business Name"":""usda"",""Address"":""usda"",""City"":""usda"",""Zip"":""usda"",""Website"":""usda"",""County"":""census-geocoder""}",,
Blue Barrel Farm,CSA Farm,40907 County Road15,Fort Collins,,CO,80524,(970) 692-3642,,http://bluebarrelfarm.com,,,,,,,,,,,,,usda,,,"{""Business Name"":""usda"",""Address"":""usda"",""City"":""usda"",""Zip"":""usda"",""Phone"":""usda"",""Website"":""usda""}",,
Drake Road Farmers Market,Farmers' Market,802 W Drake Rd,Fort Collins,Larimer,CO,80526,(970) 218-5521,,http://www.drakeroadfarmersmarket.com,,http://www.facebook.com/pages/Drake-Road-Farmers-Market/86853613720,,,,,,,,,40.55267995116347,-105.09061063352523,usda,source,,"{""Business Name"":""usda"",""Address"":""usda"",""City"":""usda"",""Zip"":""usda"",""Phone"":""usda"",""Website"":""usda"",""Facebook"":""usda"",""County"":""census-geocoder""}",309046,"Mar 20th, 2023"
Fat Donkey Farm,CSA Farm,2631 W Mulberry St,Fort Collins,Larimer,CO,80521,(970) 286-7384,,http://www.fatdonkey.farm,,,,,,,,,,,40.582081804887,-105.126673215513,usda,census-geocoder,,"{""Business Name"":""usda"",""Address"":""usda"",""City"":""usda"",""Zip"":""usda"",""Phone"":""usda"",""Website"":""usda"",""County"":""census-geocoder""}",,
Fort Collins Farmers' Market,Farmers' Market,"1001 E Harmony Rd., Fort Collins, CO 80525",Fort Collins,Larimer,CO,80521,(970) 495-4889,,https://www.fortcollinsfarmersmarket.org/,fortcollinsfarmersmarket@gmail.com,https://www.facebook.com/fortcollinsfarmersmarket,https://www.instagram.com/focofarmersmarket,Sun: 10:00am - 2:00pm (May 3 - Nov 8); Wed: 10:00am - 2:00pm (Jun 3 - Sep 30),"May, June, July, August, September, October, November","Colorado-grown seasonal produce (vegetables, herbs, tomatoes, cucumbers, carrots, garlic, onions, spinach), plus bread, desserts, dairy, eggs, flowers, fruit (Palisade peaches, apples, pears), honey, jam, pickles, locally raised beef and pork, Alaskan seafood, coffee, popcorn, tamales, tortillas, salsas, soap, and specialty/handmade crafts",,Yes,,,40.5237699814717,-105.05806001138784,official-site+usda,source,,"{""Address"":""official-site:https://www.fortcollinsfarmersmarket.org/"",""Website"":""official-site:https://www.fortcollinsfarmersmarket.org/"",""Email"":""official-site:https://www.fortcollinsfarmersmarket.org/about"",""Facebook"":""official-site:https://www.fortcollinsfarmersmarket.org/about"",""Instagram"":""official-site:https://www.fortcollinsfarmersmarket.org/about"",""Hours"":""official-site:https://www.fortcollinsfarmersmarket.org/locations"",""Months Open"":""official-site:https://www.fortcollinsfarmersmarket.org/locations"",""Products"":""official-site:https://www.fortcollinsfarmersmarket.org/"",""SNAP"":""official-site:https://www.fortcollinsfarmersmarket.org/"",""Zip"":""usda"",""Phone"":""usda"",""County"":""census-geocoder""}",309057,"Mar 20th, 2023"
Fort Collins Winter Farmers Market,Farmers' Market,215 E. Foothills Pkwy,Fort Collins,Larimer,CO,80525,(919) 480-4133,No,https://www.winterfarmersmarket.com/,hello@focowfm.com,https://facebook.com/fortcollinsmarkets,https://instagram.com/fortcollinsmarkets,Sat: 10am-2pm,"November, December, January, February, March, April","Apples, Beets, Broccoli, Brussels Sprouts, Cabbage, Carrots, Cucumbers, Eggplant, Garlic, Herbs, Kale, Leeks, Microgreens, Mushrooms, Onions, Pinto Beans, Potatoes, Pumpkins, Radishes, Spinach, Squash, Turnips, Beef, Buffalo, Jerky, Lamb, Pork, Poultry, Sausage, crab, salmon, goat, Baked Goods, Cheese, Eggs, Honey, Jams, Jellies, Pickles, Popcorn, Wine, Juices, Handcrafted Gifts, teas, pet treats, freeze dried food, kombucha, tempeh,  hot food.",No,Yes,Yes,"Heading into our 19th season, the Winter Farmers Market hosts 90 local producers a week inside the Foothills mall. Serving fresh produce, local meats and dairy, breads and sweets, local artists, handcrafted goods, and more to our incredible Fort Collins community!",40.54457450505113,-105.07377621874086,colorado_proud+cfma+usda,source,,"{""Business Name"":""colorado_proud"",""Address"":""colorado_proud"",""City"":""colorado_proud"",""County"":""colorado_proud"",""Zip"":""colorado_proud"",""Phone"":""colorado_proud"",""Website"":""colorado_proud"",""Email"":""colorado_proud"",""Facebook"":""colorado_proud"",""Instagram"":""colorado_proud"",""Hours"":""colorado_proud"",""Months Open"":""colorado_proud"",""Products"":""colorado_proud"",""Certified Organic"":""colorado_proud"",""SNAP"":""colorado_proud"",""ADA Accessible"":""colorado_proud"",""Notes"":""colorado_proud""}",309058,"Mar 20th, 2023"
Garden Sweet,"Agritourism, On-Farm / Ranch Sales",719 W Willox St,Fort Collins,Larimer,CO,80524,(970) 690-3286,,https://gardensweet.com/store/pick-your-own-c53491163,info@gardensweet.com,https://www.facebook.com/gardensweet,,,,,,,,,40.6102430171381,-105.088849004865,usda,source,,"{""Business Name"":""usda"",""Address"":""usda"",""City"":""usda"",""Zip"":""usda"",""Phone"":""usda"",""Email"":""usda"",""Website"":""usda"",""Facebook"":""usda"",""County"":""census-geocoder""}",3322,"Feb 12th, 2024"
Hope Farms,CSA Farm,1601 N Shields St,Fort Collins,Larimer,CO,80524,(970) 221-0213,,http://www.cultivatehopeco.org,,,,,,,,,,,40.607268875759,-105.095645723226,usda,census-geocoder,,"{""Business Name"":""usda"",""Address"":""usda"",""City"":""usda"",""Zip"":""usda"",""Phone"":""usda"",""Website"":""usda"",""County"":""census-geocoder""}",,
Larimer County Farmers' Market,Farmers' Market,200 W. Oak St.,Fort Collins,Larimer,CO,80524,(970) 498-6000,No,https://www.larimer.gov/extension/larimer-county-farmers-market,larimercountyfm@gmail.com,https://www.facebook.com/larimercountyfm,https://www.instagram.com/larimercountyfm,Sat: 9am - 1pm,"May, June, July, August, September, October","Apples, Apricots, Asparagus, Beets, Bell Peppers, Broccoli, Brussels Sprouts, Cabbage, Cantaloupe, Carrots, Cauliflower, Celery, Cherries, Chile Peppers, Chile - Roasted, Cucumbers, Eggplant, Garlic, Green Beans, Kale, Herbs, Leeks, Lettuce, Microgreens, Mushrooms, Nectarines, Onions, Peaches, Pears, Peas, Plums, Pinto Beans, Potatoes, Pumpkins, Radishes, Rhubarb, Spinach, Squash, Sweet Corn, Tomatoes, Turnips, Watermelon, Zucchini, Beef, Buffalo, Lamb, Pork, Poultry, Sausage, Baked Goods, Cheese, Eggs, Honey, Jams, Jellies, Pickles, Cider, Juices, Handcrafted Gifts",No,Yes,Yes,"The oldest farmers' market in northern Colorado, the Larimer County Farmers' Market is celebrating its 50th season in 2026, with over 100 vendors. The LCFM is Fort Collins' flagship market, and operated by the Larimer County CSU Extension Office.",40.58566529570034,-105.07905344519178,colorado_proud+cfma+usda,source,,"{""Business Name"":""colorado_proud"",""Address"":""colorado_proud"",""City"":""colorado_proud"",""County"":""colorado_proud"",""Zip"":""colorado_proud"",""Phone"":""colorado_proud"",""Website"":""colorado_proud"",""Email"":""colorado_proud"",""Facebook"":""colorado_proud"",""Instagram"":""colorado_proud"",""Hours"":""colorado_proud"",""Months Open"":""colorado_proud"",""Products"":""colorado_proud"",""Certified Organic"":""colorado_proud"",""SNAP"":""colorado_proud"",""ADA Accessible"":""colorado_proud"",""Notes"":""colorado_proud""}",301388,"Jan 25th, 2021"
Laughing Buck Farm,On-Farm / Ranch Sales,3724 North County Road 13,Fort Collins,Larimer,CO,80524,(970) 203-4568,,https://www.laughingbuckfarm.com,laughingbuckfarm@gmail.com,https://www.facebook.com/laughingbuckfarm,,,,,,,,,40.6404242,-105.05668,usda,source,,"{""Business Name"":""usda"",""Address"":""usda"",""City"":""usda"",""Zip"":""usda"",""Phone"":""usda"",""Email"":""usda"",""Website"":""usda"",""Facebook"":""usda"",""County"":""census-geocoder""}",700116,"Jul 26th, 2014"
LoCo Food Distribution,"Food Hub, Agritourism",229 N U.S. Hwy 287,Fort Collins,Larimer,CO,80524,(970) 493-3663,,http://www.locofooddistribution.com,info@LoCoFoodDistribution.com,https://www.facebook.com/LoCoFoodDistribution,,,"January, February, March, April, May, June, July, August, September, October, November, December",,,,,Open: Year-round<br>Available Products: Fresh fruits;Fresh vegetables;Baked goods;Canned or preserved fruits/vegetables;Coffee/tea;Dairy products;Dry beans;Eggs;Herbs;Grains/flour;Honey;Juices/non-alcoholic ciders;Mushrooms;Nuts;Poultry/fowl meat and products;Red/other non-poultry meat and products;Soap/body care products;,40.6180146,-105.0804,usda,source,,"{""Business Name"":""usda"",""Address"":""usda"",""City"":""usda"",""Zip"":""usda"",""Phone"":""usda"",""Email"":""usda"",""Website"":""usda"",""Facebook"":""usda"",""Months Open"":""usda"",""Notes"":""usda"",""County"":""census-geocoder""}",500004,"Jul 25th, 2014"
Lukens Farms,On-Farm / Ranch Sales,9320 East State Highway 14,Fort Collins,,CO,80524,,,,lukensfarms@email.com,,,,,,,,,,,,usda,,,"{""Business Name"":""usda"",""Address"":""usda"",""City"":""usda"",""Zip"":""usda"",""Email"":""usda""}",,
Mountain View Meats,On-Farm / Ranch Sales,5200 North County Rd 19,Fort Collins,Larimer,CO,80524,(970) 829-7846,,https://www.MVmeatsFC.com,mace.mvm@gmail.com,https://www.facebook.com/mvmeatsfc,https://www.instagram.com/mvmeatsfc,,,,,,,"At Mountain View Meats, our mission is to provide consumers with locally grown, fresh, high-quality beef and pork, at the best possible price.  Staying local is best for the cattle, the consumers, and for our business.",40.661499,-105.11135,usda,source,,"{""Business Name"":""usda"",""Address"":""usda"",""City"":""usda"",""Zip"":""usda"",""Phone"":""usda"",""Email"":""usda"",""Website"":""usda"",""Facebook"":""usda"",""Instagram"":""usda"",""Notes"":""usda"",""County"":""census-geocoder""}",701621,"Apr 13th, 2022"
Noco Virtual Farmers Market,Farmers' Market,3307 South College Avenue,Fort Collins,Larimer,CO,80524,(970) 402-6002,,https://www.nocovirtualfarmersmarket.com/,info@nocovirtualfarmersmarket.com*candida@nocovirtualfarmersmarket.com,https://www.facebook.com/groups/499722194053286/,,,,,,,,,40.58782498845264,-105.07757903313151,usda,source,,"{""Business Name"":""usda"",""Address"":""usda"",""City"":""usda"",""Zip"":""usda"",""Phone"":""usda"",""Email"":""usda"",""Website"":""usda"",""Facebook"":""usda"",""County"":""census-geocoder""}",309101,"Mar 20th, 2023"
Northern Colorado Corn Maze,Agritourism,2318 S. Cty. Rd. 5,Fort Collins,Larimer,CO,80525,(970) 308-5843,,,countrysidefarms2318@yahoo.com,,,,,,,,,,40.5558590419177,-104.982105759379,usda,source,,"{""Business Name"":""usda"",""Address"":""usda"",""City"":""usda"",""Zip"":""usda"",""Phone"":""usda"",""Email"":""usda"",""County"":""census-geocoder""}",7427,"Feb 12th, 2024"
Northern Colorado Winters Market,Farmers' Market,PO Box 1545,Fort Collins,Larimer,CO,80522,(970) 658-5198,,https://www.belocalnc.org/,,,,,,,,,,,40.583570000000066,-105.08074499999998,usda,source,,"{""Business Name"":""usda"",""Address"":""usda"",""City"":""usda"",""Zip"":""usda"",""Phone"":""usda"",""Website"":""usda"",""County"":""census-geocoder""}",309102,"Mar 20th, 2023"
On the Vine at Richmond Farms Urban Market,On-Farm / Ranch Sales,W. Horsetooth and Richmond Dr,Fort Collins,Larimer,CO,80526,(970) 443-4011,,https://www.onthevineatrichmondfarms.com,otvatrichmondfarms@yahoo.com,https://www.facebook.com/onthevinefarm,,,,,,,,,40.538248,-105.09942,usda,source,,"{""Business Name"":""usda"",""Address"":""usda"",""City"":""usda"",""Zip"":""usda"",""Phone"":""usda"",""Email"":""usda"",""Website"":""usda"",""Facebook"":""usda"",""County"":""census-geocoder""}",700607,"Jul 27th, 2014"
Rekaivery Food Hub,Food Hub,80521,Fort Collins,,CO,80521,,,https://www.endhungerco.org/partner-stories/rekaivery-food-hub-launches-kickstarter,,,,,,,,,,,,,usda,,,"{""Business Name"":""usda"",""Address"":""usda"",""City"":""usda"",""Zip"":""usda"",""Website"":""usda""}",,
Rocky Mountain Indoor Farmers Market,Farmers' Market,5816 South College Avenue,Fort Collins,Larimer,CO,80525,(970) 593-1076,,https://rockymountainfarmersmarket.com/,,,,,,,,,,,40.5060841819561,-105.07732291201906,usda,source,,"{""Business Name"":""usda"",""Address"":""usda"",""City"":""usda"",""Zip"":""usda"",""Phone"":""usda"",""Website"":""usda"",""County"":""census-geocoder""}",309116,"Mar 20th, 2023"
Something From the Farm,Agritourism,7755 South Timberline Road,Fort Collins,Larimer,CO,80525,(970) 214-6945,,,somethingfromthefarm@gmail.com,http://www.facebook.com/pages/something-from-the-farm-corn-maze-125041194208203,,,,,,,,,40.4787533389054,-105.039485170791,usda,source,,"{""Business Name"":""usda"",""Address"":""usda"",""City"":""usda"",""Zip"":""usda"",""Phone"":""usda"",""Email"":""usda"",""Facebook"":""usda"",""County"":""census-geocoder""}",1603,"Feb 12th, 2024"
Fort Morgan Farmers Market,Farmers' Market,"19592 E 8th Ave, Fort Morgan, CO 80701",Fort Morgan,Morgan,CO,19592,(970) 867-7887,,https://www.theblock-mc.com/the-block-farmers-market,julie@theblock-mc.com,https://www.facebook.com/theblockfortmorgan/,http://www.instagram.com/theblockfortmorgan,Sat: 9:00am - 1:00pm,"June, July, August, September","Locally-grown produce, flowers, coffee, honey, canned goods, and baked items from regional vendors",No,No,Yes,"The Fort Morgan Farmers Market began in 2023, we started our first season with 6 vendors and quickly grew it to 23 by the end of last season! We have connected with, supported and witnessed the growth of many local producers in a community that was lacking a farmers market prior to 2023. We are proud to be able to provide a consistent platform for these northeastern Colorado producers to build their network, ultimately strengthening our rural food ecosystem. | Season 07/18/2026–10/24/2026",40.2572079,-103.7805065,official-site+cfma+usda+colorado_proud,source,,"{""Address"":""official-site:https://www.theblock-mc.com/contact"",""Phone"":""official-site:https://www.theblock-mc.com/contact"",""Website"":""official-site:https://www.theblock-mc.com/the-block-farmers-market"",""Email"":""official-site:https://www.theblock-mc.com/contact"",""Facebook"":""official-site:https://www.theblock-mc.com/contact"",""Instagram"":""official-site:https://www.theblock-mc.com/contact"",""Hours"":""official-site:https://visitmorgancountycolorado.com/events/fort-morgan-farmers-market/"",""Months Open"":""official-site:https://visitmorgancountycolorado.com/events/fort-morgan-farmers-market/"",""Products"":""official-site:https://visitmorgancountycolorado.com/events/fort-morgan-farmers-market/"",""Zip"":""cfma"",""Notes"":""cfma"",""County"":""colorado_proud"",""Certified Organic"":""colorado_proud"",""SNAP"":""colorado_proud"",""ADA Accessible"":""colorado_proud""}",309059,"Mar 20th, 2023"
Fountain Farmers Market,Farmers' Market,205 S St,Fountain,El Paso,CO,80817,,,http://localvorecolorado.com,,,,,,,,,,,38.68219144414768,-104.70586738595367,official-site+usda,source,,"{""Address"":""usda"",""Zip"":""usda"",""Website"":""usda"",""County"":""census-geocoder""}",309060,"Mar 20th, 2023"
Heckman Hollow,Agritourism,Highway 50,Fowler,,CO,81039,,,,,,,,,,,,,,,,usda,,,"{""Business Name"":""usda"",""Address"":""usda"",""City"":""usda"",""Zip"":""usda""}",,
Vine Abiding Farms,Agritourism,295 highway 50,Fowler,Otero,CO,81039,(719) 469-4575,,,vineabidingfarms@gmail.com,https://www.facebook.com/vineabidingfarms,,,,,,,,,38.130483514844,-104.021227100405,usda,source,,"{""Business Name"":""usda"",""Address"":""usda"",""City"":""usda"",""Zip"":""usda"",""Phone"":""usda"",""Email"":""usda"",""Facebook"":""usda"",""County"":""census-geocoder""}",6280,"Feb 12th, 2024"
Frederick Farmers Market,Farmers' Market,105 5th Street,Frederick,Weld,CO,80530,(720) 382-5513,,https://www.frederickco.gov/241/Frederick-Market,events@frederickco.gov,https://www.facebook.com/TownofFrederick,,Frederick in Flight (Jun 27): 5:00pm - 9:00pm; Chainsaws and Chuckwagons (Jul 18): 12:00pm - 6:00pm; Miners Day (Sep 19): 11:00am - 4:00pm; Festival of Lights (Dec 5): 5:30pm - 8:00pm,"June, July, September, December","Handcrafted goods from local growers, farmers, artisans, crafters, and non-profits; original handcrafted items only (AI-generated art not permitted)",,,,,40.09892001752692,-104.94065896838003,official-site+usda,source,,"{""Website"":""official-site:https://www.frederickco.gov/241/Frederick-Market"",""Email"":""official-site:https://www.frederickco.gov/241/Frederick-Market"",""Facebook"":""official-site:https://www.frederickco.gov/facebook"",""Hours"":""official-site:https://www.frederickco.gov/241/Frederick-Market"",""Months Open"":""official-site:https://www.frederickco.gov/241/Frederick-Market"",""Products"":""official-site:https://www.frederickco.gov/241/Frederick-Market"",""Address"":""usda"",""Zip"":""usda"",""Phone"":""usda"",""County"":""census-geocoder""}",309062,"Mar 20th, 2023"
Fruita Farmers' Market,Farmers' Market,325 E. Aspen Ave.,Fruita,Mesa,CO,81521,(970) 858-3894,,https://www.fruitachamber.org/events/farmers-market,events@fruitachamber.org,https://www.facebook.com/GoFruita/,https://www.instagram.com/gofruita/,Sat: 8:30am - 12:00pm,"June, July, August, September, October","Local agriculture, artisan goods, fresh foods, and live entertainment",,Yes,,,39.158882837363485,-108.73101374190955,official-site+usda,source,,"{""Phone"":""official-site:https://gofruita.com/event/farmers-market/2026-10-03/"",""Website"":""official-site:https://www.fruitachamber.org/events/farmers-market"",""Email"":""official-site:https://gofruita.com/event/farmers-market/2026-10-03/"",""Facebook"":""official-site:https://gofruita.com/event/farmers-market/2026-10-03/"",""Instagram"":""official-site:https://gofruita.com/event/farmers-market/2026-10-03/"",""Hours"":""official-site:https://thebusinesstimes.com/fruita-farmers-market-returns-june-13-with-family-fun-day/"",""Months Open"":""official-site:https://thebusinesstimes.com/fruita-farmers-market-returns-june-13-with-family-fun-day/"",""Products"":""official-site:https://thebusinesstimes.com/fruita-farmers-market-returns-june-13-with-family-fun-day/"",""SNAP"":""official-site:https://thebusinesstimes.com/fruita-farmers-market-returns-june-13-with-family-fun-day/"",""Address"":""usda"",""Zip"":""usda"",""County"":""census-geocoder""}",309064,"Mar 20th, 2023"
Moon Farm Pumpkin Patch,Agritourism,360 18 1/2 Road,Fruita,Mesa,CO,81521,(970) 261-6490,,,,https://www.facebook.com/moonfarmpumpkinpatch/,,,,,,,,,39.1886712105831,-108.710530870771,usda,source,,"{""Business Name"":""usda"",""Address"":""usda"",""City"":""usda"",""Zip"":""usda"",""Phone"":""usda"",""Facebook"":""usda"",""County"":""census-geocoder""}",4427,"Feb 12th, 2024"
Bartels Land and Livestock Upick and Pumpkin Patch,On-Farm / Ranch Sales,3424 E. Douglas Road,Ft. Collins,Larimer,CO,80524,(970) 493-3853,,https://llavud@frii.com,llavud@frii.com,https://www.facebook.com/pages/The-Bartels-Pumpkin-Patch/137755902661,,,,,,,,,40.694011,-105.03118,usda,source,,"{""Business Name"":""usda"",""Address"":""usda"",""City"":""usda"",""Zip"":""usda"",""Phone"":""usda"",""Email"":""usda"",""Website"":""usda"",""Facebook"":""usda"",""County"":""census-geocoder""}",700684,"Aug 13th, 2014"
"Kovach Family Farms, LLC",On-Farm / Ranch Sales,754 South Denver Avenue,Ft. Lupton,Weld,CO,80621,,,,kovachfarms@gmail.com,,,,,,,,,,40.070144151211,-104.810323249946,usda,census-geocoder,,"{""Business Name"":""usda"",""Address"":""usda"",""City"":""usda"",""Zip"":""usda"",""Email"":""usda"",""County"":""census-geocoder""}",,
Glenwood Farmers Market,Farmers' Market,1412 Grand Ave,Glenwood Spgs,Garfield,CO,81601,,,,,,,,,,,,,,39.53874665641916,-107.3250112096019,usda,source,,"{""Business Name"":""usda"",""Address"":""usda"",""City"":""usda"",""Zip"":""usda"",""County"":""census-geocoder""}",309066,"Mar 20th, 2023"
Glenwood Springs Downtown Market on 7th,Farmers' Market,306 7th St,Glenwood Springs,Garfield,CO,81601,(970) 945-3650,,https://www.glenwoodspringsdda.com/market-on-7th/,glenwoodmarketon7th@gmail.com,https://www.facebook.com/DowntownGlenwoodSprings,https://www.instagram.com/downtownglenwoodsprings,Tue: 4:00pm - 8:00pm,"June, July, August, September","Food and food products grown or made in the region, local art, and food trucks",,Yes,,"The Glenwood Springs Market on 7th (also known as the Downtown Market) is a seasonal outdoor event featuring local produce, artisanal goods, live music, and food trucks. For the 2026 season, the market is scheduled to run every Tuesday from 4:00 PM to 8:00 PM starting June 23 through September 8, 2026. | Programs: SNAP, Double Up, County WIC incentive program; Season 06/23/2026–09/08/2026",39.547646,-107.3242006,official-site+cfma+usda,source,,"{""Website"":""official-site:https://www.glenwoodspringsdda.com/market-on-7th/"",""Email"":""official-site:https://www.glenwoodspringsdda.com/market-on-7th/"",""Facebook"":""official-site:https://www.glenwoodspringsdda.com/market-on-7th/"",""Instagram"":""official-site:https://www.glenwoodspringsdda.com/market-on-7th/"",""Hours"":""official-site:https://www.glenwoodspringsdda.com/market-on-7th/"",""Months Open"":""official-site:https://www.glenwoodspringsdda.com/market-on-7th/"",""Products"":""official-site:https://www.glenwoodspringsdda.com/market-on-7th/"",""Address"":""cfma"",""Zip"":""cfma"",""SNAP"":""cfma"",""Notes"":""cfma"",""Phone"":""usda"",""County"":""census-geocoder""}",309065,"Mar 20th, 2023"
Orchard Creek Ranch,Agritourism,0150 County Road 137,Glenwood Springs,Garfield,CO,81601,,,https://orchardcreekranch.com/,ocreekrmls@gmail.com,https://www.facebook.com/orchardcreekranchco/,,,,,,,,,39.577176867148,-107.45075471178,usda,source,,"{""Business Name"":""usda"",""Address"":""usda"",""City"":""usda"",""Zip"":""usda"",""Email"":""usda"",""Website"":""usda"",""Facebook"":""usda"",""County"":""census-geocoder""}",4636,"Feb 12th, 2024"
Golden Farmers Market,Farmers' Market,1019 10th St,Golden,Jefferson,CO,80401,(303) 279-3113,,https://www.goldenfarmersmarket.org,info@goldenfarmersmarket.org,https://www.facebook.com/goldenfarmersmarket/,https://www.instagram.com/goldenfarmersmarket/,Sat: 8:00am - 1:00pm; Wed: 3:00pm - 6:00pm,"May, June, July, August, September, October","Fresh produce, artisan foods, hand-crafted drinks, artwork, and clothing items",No,Yes,Yes,"Established in 2002, the Golden Farmers Market (GFM) is a cherished community event in Golden, Colorado, managed by the Golden Chamber of Commerce.

We are dedicated to promoting food equity, enhancing community connections, and nurturing growth and innovation. As an incubator for local businesses, our vendors infuse life into Golden, helping our community thrive. The GFM is a hub for bringing people together, aptly described by our tagline, “Community Sprouting Growth.” | Programs: SNAP, Double Up; Season 05/30/2026–10/03/2026",39.75589799999999,-105.2256059,official-site+cfma+usda+colorado_proud,source,,"{""Facebook"":""official-site:https://www.goldenfarmersmarket.org/contact"",""Instagram"":""official-site:https://www.goldenfarmersmarket.org/contact"",""Hours"":""official-site:https://www.goldenfarmersmarket.org"",""Months Open"":""official-site:https://www.goldenfarmersmarket.org"",""Products"":""official-site:https://www.goldenfarmersmarket.org"",""SNAP"":""official-site:https://www.goldenfarmersmarket.org"",""Address"":""cfma"",""Zip"":""cfma"",""Website"":""cfma"",""Notes"":""cfma"",""Phone"":""usda"",""County"":""colorado_proud"",""Email"":""colorado_proud"",""Certified Organic"":""colorado_proud"",""ADA Accessible"":""colorado_proud""}",309067,"Mar 20th, 2023"
Nelms Farm,Agritourism,5305 Orchard St,Golden,Jefferson,CO,80403,,,https://www.nelmsfarm.com/,ralphnelms@aol.com,,,,,,,,,,39.7923110051976,-105.179894997356,usda,source,,"{""Business Name"":""usda"",""Address"":""usda"",""City"":""usda"",""Zip"":""usda"",""Email"":""usda"",""Website"":""usda"",""County"":""census-geocoder""}",9935,"Feb 12th, 2024"
Skål Farm,Agritourism,590 W. Colfax,Golden,Jefferson,CO,80401,(414) 517-1679,,,skalfarm@gmail.com,,,,,,,,,,39.7213112688437,-105.198027662213,usda,source,,"{""Business Name"":""usda"",""Address"":""usda"",""City"":""usda"",""Zip"":""usda"",""Phone"":""usda"",""Email"":""usda"",""County"":""census-geocoder""}",1169,"Feb 12th, 2024"
Granby Farmers Market,Farmers' Market,"Polhamus Park, 99 W Jasper Ave, Granby, CO 80446",Granby,Grand,CO,80446,(970) 887-2311,,https://www.destinationgranby.com/events/music-market/,wiki@destinationgranby.com,https://www.facebook.com/VisitGranbyCO/,https://www.instagram.com/visitgranbyco/,Thu: 5:30pm - 8:00pm,"June, July, August","Honey, meat, eggs, art, fresh produce, baked goods, and more (plus food trucks and live music)",,,,,40.084913203066364,-105.9345021903961,official-site+usda,source,,"{""Address"":""official-site:https://www.destinationgranby.com/events/music-market/"",""Phone"":""official-site:https://www.destinationgranby.com/events/music-market/"",""Website"":""official-site:https://www.destinationgranby.com/events/music-market/"",""Email"":""official-site:https://www.destinationgranby.com/events/music-market/"",""Facebook"":""official-site:https://www.destinationgranby.com/events/music-market/"",""Instagram"":""official-site:https://www.destinationgranby.com/events/music-market/"",""Hours"":""official-site:https://www.destinationgranby.com/events/music-market/"",""Months Open"":""official-site:https://www.destinationgranby.com/events/music-market/"",""Products"":""official-site:https://www.destinationgranby.com/events/music-market/"",""Zip"":""usda"",""County"":""census-geocoder""}",309069,"Mar 20th, 2023"
Bolton's Orchards,"On-Farm / Ranch Sales, Agritourism",2257 L Road,Grand Junction,Mesa,CO,81505,(970) 241-9398,,http://www.boltonorchards.net,fortbolton@aol.com,https://www.facebook.com/pages/Boltons-Orchards-and-Farm-Market/342817158274,,,,,,,,,39.176872,-108.63187,usda,source,,"{""Business Name"":""usda"",""Address"":""usda"",""City"":""usda"",""Zip"":""usda"",""Phone"":""usda"",""Email"":""usda"",""Facebook"":""usda"",""Website"":""usda"",""County"":""census-geocoder""}",700357,"Aug 1st, 2014"
Downtown Farmers' Market Festival,Farmers' Market,Main St.,Grand Junction,Mesa,CO,81501,(970) 216-8657,,https://downtowngj.org/events/market-on-main/,,https://www.facebook.com/downtowngj,https://www.instagram.com/downtowngj/,Thu: 5:30pm - dusk,"July, August, September","Farm products from the Western Slope and around Colorado (Palisade Peaches featured), plus local maker goods and art vendors",,Yes,,,39.067303933538255,-108.55140601938072,official-site+usda,source,,"{""Website"":""official-site:https://downtowngj.org/events/market-on-main/"",""Facebook"":""official-site:https://downtowngj.org/"",""Instagram"":""official-site:https://downtowngj.org/"",""Hours"":""official-site:https://downtowngj.org/events/market-on-main/"",""Months Open"":""official-site:https://downtowngj.org/events/market-on-main/"",""Products"":""official-site:https://downtowngj.org/events/market-on-main/"",""SNAP"":""official-site:https://downtowngj.org/events/market-on-main/"",""Address"":""usda"",""Zip"":""usda"",""Phone"":""usda"",""County"":""census-geocoder""}",309042,"Mar 20th, 2023"
Downtown Grand Junction Market on Main,Farmers' Market,101 s 3rd Street Suite 100,Grand Junction,Mesa,CO,81501,(970) 245-9697,,https://downtowngj.org/events/market-on-main/,jed@downtowngj.org,https://www.facebook.com/downtowngj,https://www.instagram.com/downtowngj/,Thu: 5:30pm - dusk,"July, August, September",Farm products from the Western Slope and around Colorado,No,Yes,Yes,"Parking available along side streets and in the 5th & Rood parking garage. Parking is free after 4 p.m. All products are made or grown in the local region. We welcome SNAP, and Double Up Food Bucks.",39.067092,-108.5680845,official-site+colorado_proud+cfma+usda,source,,"{""Phone"":""official-site:https://downtowngj.org/contact/"",""Facebook"":""official-site:https://downtowngj.org/events/market-on-main/"",""Instagram"":""official-site:https://downtowngj.org/events/market-on-main/"",""Hours"":""official-site:https://downtowngj.org/events/market-on-main/"",""Months Open"":""official-site:https://downtowngj.org/events/market-on-main/"",""Products"":""official-site:https://downtowngj.org/events/market-on-main/"",""SNAP"":""official-site:https://downtowngj.org/events/market-on-main/"",""Address"":""colorado_proud"",""County"":""colorado_proud"",""Zip"":""colorado_proud"",""Website"":""colorado_proud"",""Email"":""colorado_proud"",""Certified Organic"":""colorado_proud"",""ADA Accessible"":""colorado_proud"",""Notes"":""colorado_proud""}",309043,"Mar 20th, 2023"
Farm and Ranch Market,Farmers' Market,"3073 F Rd, Grand Junction, CO 81504 (Cross Orchard Historic Site)",Grand Junction,Mesa,CO,81501,(970) 778-1781,,https://www.farmmarketgj.com/,farmandranchmarket@gmail.com,https://www.facebook.com/GrandJunctionFarmandRanchMarket/,,Wed: 8:00am - 12:00pm; Sat: 8:00am - 12:00pm,"June, July, August, September, October",Locally grown produce from family-owned farms and orchards,,,,,39.07730997962753,-108.53369998211679,official-site+usda,source,,"{""Address"":""official-site:https://www.farmmarketgj.com/"",""Phone"":""official-site:https://www.farmmarketgj.com/"",""Website"":""official-site:https://www.farmmarketgj.com/"",""Email"":""official-site:https://www.farmmarketgj.com/"",""Facebook"":""official-site:https://www.farmmarketgj.com/"",""Hours"":""official-site:https://www.farmmarketgj.com/"",""Months Open"":""official-site:https://www.farmmarketgj.com/"",""Products"":""official-site:https://www.farmmarketgj.com/"",""Zip"":""usda"",""County"":""census-geocoder""}",309053,"Mar 20th, 2023"
Fruit Basket Orchards,Agritourism,253 32 1/2 Rd,Grand Junction,Mesa,CO,81503,,,https://www.fruitbasketgj.com/,fruitbasketgj@gmail.com,https://www.facebook.com/fruitbasketgj,,,,,,,,,39.0420440021167,-108.450664993585,usda,source,,"{""Business Name"":""usda"",""Address"":""usda"",""City"":""usda"",""Zip"":""usda"",""Email"":""usda"",""Website"":""usda"",""Facebook"":""usda"",""County"":""census-geocoder""}",3292,"Feb 12th, 2024"
Grand Junction Agritourism,Agritourism,740 Horizon Drive,Grand Junction,Mesa,CO,81506,,,https://www.visitgrandjunction.com,,,,,,,,,,,39.1102550081491,-108.540062014265,usda,source,,"{""Business Name"":""usda"",""Address"":""usda"",""City"":""usda"",""Zip"":""usda"",""Website"":""usda"",""County"":""census-geocoder""}",11613,"Feb 12th, 2024"
Lower Valley Pumpkin Patch and Corn Maze,Agritourism,23 And L Road,Grand Junction,Mesa,CO,81505,(970) 270-7060,,http://www.lowervalleycornmaze.com/directions.html,constableslowervalleyag@msn.com,http://www.facebook.com/pagesgrand-junction-co/lower-valley-pumpkin-patch-and-corn-maze/112542552119168?ref=ts&ajaxpipe=1&__a=6,,,,,,,,,39.1786199897428,-108.626740029374,usda,source,,"{""Business Name"":""usda"",""Address"":""usda"",""City"":""usda"",""Zip"":""usda"",""Phone"":""usda"",""Email"":""usda"",""Website"":""usda"",""Facebook"":""usda"",""County"":""census-geocoder""}",1651,"Feb 12th, 2024"
Studt's Pumpkin Patch and Corn Maze,Agritourism,21 1/2 Road And I 1/2 Road,Grand Junction,Mesa,CO,81505,(970) 462-6361,,,jennifer.pumpkinpatch@gmail.com,https://www.facebook.com/pagesgrand-junction-co/studts-pumpkin-patch-and-corn-maze/138556982822627?ref=sgm,,,,,,,,,39.1425400037051,-108.65461002507,usda,source,,"{""Business Name"":""usda"",""Address"":""usda"",""City"":""usda"",""Zip"":""usda"",""Phone"":""usda"",""Email"":""usda"",""Facebook"":""usda"",""County"":""census-geocoder""}",4841,"Feb 12th, 2024"
Fern Hill Farm,Agritourism,001 Fern Avenue,Greeley,Weld,CO,80631,(970) 302-9118,,,cclift@what-wire.com,,,,,,,,,,40.4161867075833,-104.640095819111,usda,source,,"{""Business Name"":""usda"",""Address"":""usda"",""City"":""usda"",""Zip"":""usda"",""Phone"":""usda"",""Email"":""usda"",""County"":""census-geocoder""}",11706,"Feb 12th, 2024"
Greeley Farmers Market,Farmers' Market,902 7th Ave.,Greeley,Weld,CO,80631,(970) 336-4219,,https://greeleyco.gov/events/farmers-market/,farmers.market@greeleygov.com,https://www.facebook.com/greeleyfarmersmarket/,https://www.instagram.com/greeleyfarmersmarket/,Sat: 8:00am - 12:00pm,"May, June, July, August, September, October","Seasonal fruits, vegetables, flowers, seafood and meats, cheese, eggs, coffee, tea, bakery and bread, and a sampling of handmade goods",,Yes,Yes,Open: January to May; May to December; <br>Available Products: Fresh fruits;Fresh vegetables;Baked goods;Bedding plants;Canned or preserved fruits/vegetables;Coffee/tea;Crafts/woodworking items;Cut flowers;Dairy products.;Dry beans;Eggs;Fresh/dried herbs;Honey;Juices/non-alcoholic ciders;Mushrooms;Nursery stock;Poultry/fowl meat and products;Prepared foods;Red/other non-poultry meat and products;Soap/body care products;Wild harvested forest products;,40.424001,-104.6891,official-site+usda,source,,"{""Website"":""official-site:https://greeleyco.gov/events/farmers-market/"",""Email"":""official-site:https://greeleyco.gov/events/farmers-market/"",""Facebook"":""official-site:https://greeleyco.gov/events/farmers-market/"",""Instagram"":""official-site:https://greeleyco.gov/events/farmers-market/"",""Hours"":""official-site:https://greeleyco.gov/events/farmers-market/"",""Months Open"":""official-site:https://greeleyco.gov/events/farmers-market/"",""Products"":""official-site:https://greeleyco.gov/events/farmers-market/"",""SNAP"":""official-site:https://greeleyco.gov/events/farmers-market/"",""ADA Accessible"":""official-site:https://greeleyco.gov/events/farmers-market/"",""Address"":""usda"",""Zip"":""usda"",""Phone"":""usda"",""Notes"":""usda"",""County"":""census-geocoder""}",301387,"Jan 25th, 2021"
Greeley Winter Farmers' Market,Farmers' Market,1100 8th Avenue,Greeley,Weld,CO,80631,(970) 350-9783,,https://greeleyco.gov/events/farmers-market/,farmers.market@greeleygov.com,https://www.facebook.com/greeleyfarmersmarket/,https://www.instagram.com/greeleyfarmersmarket/,,,"Seasonal fruits, vegetables, flowers, seafood and meats, cheese, eggs, coffee, tea, bakery and bread, and handmade goods",,Yes,Yes,,40.42105551884572,-104.6908552268176,official-site+usda,source,,"{""Website"":""official-site:https://greeleyco.gov/events/farmers-market/"",""Email"":""official-site:https://greeleyco.gov/events/farmers-market/"",""Facebook"":""official-site:https://greeleyco.gov/events/farmers-market/"",""Instagram"":""official-site:https://greeleyco.gov/events/farmers-market/"",""Products"":""official-site:https://greeleyco.gov/events/farmers-market/"",""SNAP"":""official-site:https://greeleyco.gov/events/farmers-market/"",""ADA Accessible"":""official-site:https://greeleyco.gov/events/farmers-market/"",""Address"":""usda"",""Zip"":""usda"",""Phone"":""usda"",""County"":""census-geocoder""}",309070,"Mar 20th, 2023"
Hansen Family Barnyard,On-Farm / Ranch Sales,4425 83rd Ave,Greeley,Weld,CO,80634,(970) 590-1416,,https://Hansenfamilybarnyard.com,hansenfamilybarnyard@gmail.com,,,,,,,,,,40.369227,-104.81344,usda,source,,"{""Business Name"":""usda"",""Address"":""usda"",""City"":""usda"",""Zip"":""usda"",""Phone"":""usda"",""Email"":""usda"",""Website"":""usda"",""County"":""census-geocoder""}",701554,"Sep 1st, 2020"
Platte River Fort,Agritourism,22999 Highway 34,Greeley,Weld,CO,80631,,,https://www.platteriverfort.com,,,,,,,,,,,40.395410983076,-104.624667002179,usda,source,,"{""Business Name"":""usda"",""Address"":""usda"",""City"":""usda"",""Zip"":""usda"",""Website"":""usda"",""County"":""census-geocoder""}",11304,"Feb 12th, 2024"
Scarecrow Gardens,On-Farm / Ranch Sales,North 47th Avenue,Greeley,,CO,80631,,,,scarecrowgardens@email.com,,,,,,,,,,,,usda,,,"{""Business Name"":""usda"",""Address"":""usda"",""City"":""usda"",""Zip"":""usda"",""Email"":""usda""}",,
Tigges Farm Produce and Pumpkin Patch,Agritourism,404 Weld County Road 64 1/2,Greeley,Weld,CO,80631,(970) 686-7225,,,,https://www.facebook.com/tigges.farm,,,,,,,,,40.4503194141708,-104.673003410994,usda,source,,"{""Business Name"":""usda"",""Address"":""usda"",""City"":""usda"",""Zip"":""usda"",""Phone"":""usda"",""Facebook"":""usda"",""County"":""census-geocoder""}",6102,"Feb 12th, 2024"
Landmark Greenwood Village Fresh Market,Farmers' Market,7600 Landmark Way,Greenwood Village,Arapahoe,CO,80111,(303) 442-1837,,http://coloradofreshmarkets.com/markets/,freshmarkets@comcast.net,https://www.facebook.com/ColoradoFreshMarkets/,,,,,,,,,39.617653220631695,-104.90037356467911,official-site+usda,source,,"{""Address"":""usda"",""Zip"":""usda"",""Phone"":""usda"",""Website"":""usda"",""Email"":""usda"",""Facebook"":""usda"",""County"":""census-geocoder""}",309013,"Mar 20th, 2023"
South University Farmers Market,Farmers' Market,"5859 S University Blvd, Greenwood Village, CO 80121",Greenwood Village,Arapahoe,CO,80212,(720) 985-9607,,https://southuniversityfarmersmarket.com,toddandtoni3@msn.com,https://www.facebook.com/SouthUniversityFridayFarmersMarket/,https://www.instagram.com/sufarmersmarket/,Fri: 10:00am - 2:00pm,"May, June, July, August, September, October","Local produce from farmers; other vendor products (food, artisan goods) allowed with market manager approval",,,,,39.61048099659871,-104.9607890308652,official-site+usda,source,,"{""Address"":""official-site:https://southuniversityfarmersmarket.com/pages/store-locator"",""Phone"":""official-site:https://southuniversityfarmersmarket.com/pages/south-university-farmers-market-rules-regulations"",""Website"":""official-site:https://southuniversityfarmersmarket.com/pages/store-locator"",""Email"":""official-site:https://southuniversityfarmersmarket.com/pages/contact-us"",""Facebook"":""official-site:https://southuniversityfarmersmarket.com/"",""Instagram"":""official-site:https://southuniversityfarmersmarket.com/"",""Hours"":""official-site:https://southuniversityfarmersmarket.com/pages/store-locator"",""Months Open"":""official-site:https://southuniversityfarmersmarket.com/pages/store-locator"",""Products"":""official-site:https://southuniversityfarmersmarket.com/pages/south-university-farmers-market-rules-regulations"",""Zip"":""usda"",""County"":""census-geocoder""}",309121,"Mar 20th, 2023"
Gunnison Farmers Market,Farmers' Market,Main and Virginia,Gunnison,Gunnison,CO,81230,(970) 648-0580,No,https://www.gunnisonfarmersmarket.org,gunnyfarmersmarket@gmail.com,https://www.facebook.com/profile.php?id=100057396522608,https://instagram.com/gunnisonfarmersmarket,Sat: 9:30 a.m. - 1 p.m.,"June, July, August, September, October","Apples, Apricots, Beets, Bell Peppers, Broccoli, Brussels Sprouts, Cabbage, Carrots, Cauliflower, Cherries, Chile Peppers, Chile - Roasted, Cucumbers, Eggplant, Garlic, Green Beans, Grapes, Herbs, Kale, Honeydew, Leeks, Lettuce, Microgreens, Onions, Peaches, Pears, Peas, Plums, Potatoes, Pumpkins, Radishes, Raspberries, Rhubarb, Spinach, Squash, Strawberries, Sweet Corn, Tomatoes, Turnips, Zucchini, Pork, Poultry, Sausage, Beef, Baked Goods, Cheese, Eggs, Honey, Jams, Jellies, Pickles, Cider, Juices, Handcrafted Gifts, Rum, Local wine",No,Yes,Yes,"Seasonal farmers market in downtown Gunnison featuring an array of produce, meats, alcoholic and non alcoholic beverages, fresh baked goods including sourdough bread, jewelry, photography, clothing, and other artisan goods. Live music in IOOF Park.",38.54550198600003,-106.92689802799998,colorado_proud+cfma,source,,"{""Business Name"":""colorado_proud"",""Address"":""colorado_proud"",""City"":""colorado_proud"",""County"":""colorado_proud"",""Zip"":""colorado_proud"",""Phone"":""colorado_proud"",""Website"":""colorado_proud"",""Email"":""colorado_proud"",""Instagram"":""colorado_proud"",""Hours"":""colorado_proud"",""Months Open"":""colorado_proud"",""Products"":""colorado_proud"",""Certified Organic"":""colorado_proud"",""SNAP"":""colorado_proud"",""ADA Accessible"":""colorado_proud"",""Notes"":""colorado_proud"",""Facebook"":""cfma""}",,
Palombo Farms Market,On-Farm / Ranch Sales,11500 Havana Street,Henderson,Adams,CO,80640,(303) 287-0134,,https://www.PalomboMarket.com,Info@PalomboMarket.com,https://www.facebook.com/PalomboMarket,,,,,,,,,39.9030356,-104.86412,usda,source,,"{""Business Name"":""usda"",""Address"":""usda"",""City"":""usda"",""Zip"":""usda"",""Phone"":""usda"",""Email"":""usda"",""Website"":""usda"",""Facebook"":""usda"",""County"":""census-geocoder""}",700730,"Jul 29th, 2014"
Local Brands Farm and Ranch Markets Cooperative,Farmers' Market,9971 Cr 141,Hesperus,La Plata,CO,81326,(970) 799-1090,,,,https://www.facebook.com/lbfarmcoop,,,,,,,,,37.19660059382605,-108.05087049523475,official-site+usda,source,,"{""Address"":""usda"",""Zip"":""usda"",""Phone"":""usda"",""Facebook"":""usda"",""County"":""census-geocoder""}",309082,"Mar 20th, 2023"
Highlands Ranch Farmers' Market,Farmers' Market,"9288 Dorchester St, Highlands Ranch, CO (Highlands Ranch Town Center)",Highlands Ranch,Douglas,CO,80126,(303) 809-2865,,https://www.denverfarmersmarket.com/index.html,1977MDFM@gmail.com,https://www.facebook.com/denverfarmersmarket,https://www.instagram.com/metro_denver_farmers_market,Sun: 10:00am - 2:00pm (or sellout),"May, June, July, August, September, October, November",Fresh produce and locally-grown items,,Yes,,"METRO DENVER FARMERS' MARKET is the oldest farmers' market in the Denver area. We have been in business for 48 years. Support local - over 60 vendors | Programs: SNAP, Double Up; Season 05/02/2026–10/31/2026",39.5476921,-104.9997958,official-site+cfma+usda,source,,"{""Address"":""official-site:https://denverfarmersmarket.com/"",""Email"":""official-site:https://denverfarmersmarket.com/"",""Facebook"":""official-site:https://denverfarmersmarket.com/"",""Instagram"":""official-site:https://denverfarmersmarket.com/"",""Hours"":""official-site:https://denverfarmersmarket.com/"",""Months Open"":""official-site:https://denverfarmersmarket.com/"",""Products"":""official-site:https://denverfarmersmarket.com/"",""Zip"":""cfma"",""Website"":""cfma"",""SNAP"":""cfma"",""Notes"":""cfma"",""Phone"":""usda"",""County"":""census-geocoder""}",301414,"Jan 29th, 2021"
Pumpkins and More,Agritourism,183 East Hale Street,Holyoke,Phillips,CO,80734,(970) 854-2707,,,,,,,,,,,,,40.5816100000001,-102.301105,usda,source,,"{""Business Name"":""usda"",""Address"":""usda"",""City"":""usda"",""Zip"":""usda"",""Phone"":""usda"",""County"":""census-geocoder""}",6944,"Feb 12th, 2024"
"Big B's Delicious Orchards U-pick, Cafe & Tasting Room",Agritourism,39126 Co-133,Hotchkiss,Delta,CO,81419,,,https://www.bigbs.com/u-pick,,,,,,,,,,,38.8603999879493,-107.626159976994,usda,source,,"{""Business Name"":""usda"",""Address"":""usda"",""City"":""usda"",""Zip"":""usda"",""Website"":""usda"",""County"":""census-geocoder""}",9163,"Feb 12th, 2024"
Ela Family Farms CSA,CSA Farm,30753 L Rd,Hotchkiss,Delta,CO,81419,(720) 255-9552,,http://www.elafamilyfarms.com/farmers-marketscsasevents/csa,jeni@elafamilyfarms.com,https://www.facebook.com/elafamilyfarms/?hc_ref=SEARCH&fref=nf,,,"July, August, September, October",,,,,"Open: July to October<br>Available Products: Apples;Grapefruit (red, white, etc.);Grapes (black, green, red, etc.);Kiwi;Plums;Sweet potatoes;PlumsApples;Grapefruit (red, white, etc.);Grapes (black, green, red, etc.);Kiwi;Plums;;Sweet potatoes;;Canned or preserved fruits/vegetables: jams, jellies, preserves, salsas, pickles, dried fruit, etc.;",38.8153682,-107.7862013,usda,source,,"{""Business Name"":""usda"",""Address"":""usda"",""City"":""usda"",""Zip"":""usda"",""Phone"":""usda"",""Email"":""usda"",""Website"":""usda"",""Facebook"":""usda"",""Months Open"":""usda"",""Notes"":""usda"",""County"":""census-geocoder""}",200731,"Feb 10th, 2017"
Farm Runners LLC,"Food Hub, Agritourism",235 Co-133,Hotchkiss,Delta,CO,81419,(970) 310-1485,,https://FarmRunners.com,info@farmrunners.com,https://www.facebook.com/FarmRunners/,,,"January, February, March, April, May, June, July, August, September, October, November, December",,,,,Open: Year-round<br>Available Products: Fresh fruits;Fresh vegetables;Baked goods;Canned or preserved fruits/vegetables;Coffee/tea;Cut flowers;Dairy products;Dry beans;Eggs;Herbs;Honey;Juices/non-alcoholic ciders;Maple products;Mushrooms;Nuts;Red/other non-poultry meat and products;Soap/body care products;,38.800666,-107.71238,usda,source,,"{""Business Name"":""usda"",""Address"":""usda"",""City"":""usda"",""Zip"":""usda"",""Phone"":""usda"",""Email"":""usda"",""Website"":""usda"",""Facebook"":""usda"",""Months Open"":""usda"",""Notes"":""usda"",""County"":""census-geocoder""}",500184,"Jan 21st, 2019"
Mazzotti Farms,Agritourism,354 Cedar Street,Hudson,Weld,CO,80642,(303) 536-4089,,,amazzotti@aol.com,,,,,,,,,,40.0700650000001,-104.644005,usda,source,,"{""Business Name"":""usda"",""Address"":""usda"",""City"":""usda"",""Zip"":""usda"",""Phone"":""usda"",""Email"":""usda"",""County"":""census-geocoder""}",6688,"Feb 12th, 2024"
Wild West Maze,Agritourism,701 Main Street,Hudson,Weld,CO,80642,(303) 536-9200,,,info@wildwest.com,,,,,,,,,,40.0732300000001,-104.6427,usda,source,,"{""Business Name"":""usda"",""Address"":""usda"",""City"":""usda"",""Zip"":""usda"",""Phone"":""usda"",""Email"":""usda"",""County"":""census-geocoder""}",6746,"Feb 12th, 2024"
Idaho Springs Chamber Of Commerce Farmers Market,Farmers' Market,PO box 1641,Idaho Springs,Clear Creek,CO,80452,(303) 567-0387,,https://idaho-springs-chamber-of-commerce.square.site/,director@idahospringschamber.org,https://www.facebook.com/idahospringschamber/,https://www.instagram.com/idahospringschamber/,,,,,,,,39.74205500000005,-105.51443499999999,official-site+usda,source,,"{""Phone"":""official-site:https://idaho-springs-chamber-of-commerce.square.site/"",""Website"":""official-site:https://idaho-springs-chamber-of-commerce.square.site/"",""Email"":""official-site:https://idaho-springs-chamber-of-commerce.square.site/"",""Facebook"":""official-site:https://www.facebook.com/idahospringschamber/"",""Instagram"":""official-site:https://www.instagram.com/idahospringschamber/"",""Address"":""usda"",""Zip"":""usda"",""County"":""census-geocoder""}",309075,"Mar 20th, 2023"
Fox Fire Farms,Agritourism,,Ignacio,La Plata,CO,81137,(970) 563-4675,,http://www.foxfirefarms.com,Info@foxfirefarms.com,,,,,,,,,,37.0355255860279,-107.542538807479,usda,source,,"{""Business Name"":""usda"",""City"":""usda"",""Zip"":""usda"",""Phone"":""usda"",""Email"":""usda"",""Website"":""usda"",""County"":""census-geocoder""}",8173,"Feb 12th, 2024"
Happy Apple Orchard,Agritourism,1503 Co Rd 513,Ignacio,La Plata,CO,81137,,,https://www.happyappleorchard.com/,,,,,,,,,,,37.1889035219572,-107.717942393168,usda,source,,"{""Business Name"":""usda"",""Address"":""usda"",""City"":""usda"",""Zip"":""usda"",""Website"":""usda"",""County"":""census-geocoder""}",9455,"Feb 12th, 2024"
Jack-A-Lope Acres,Agritourism,7195 Cr 318,Ignacio,La Plata,CO,81137,(970) 769-9646,,,Info@jack-a-lopeacres.com,https://www.facebook.com/jackalopeacresfarm,,,,,,,,,37.0969092972946,-107.676592490159,usda,source,,"{""Business Name"":""usda"",""Address"":""usda"",""City"":""usda"",""Zip"":""usda"",""Phone"":""usda"",""Email"":""usda"",""Facebook"":""usda"",""County"":""census-geocoder""}",3841,"Feb 12th, 2024"
Indian Hills Farmer's Market,Farmers' Market,5381 Parmalee Gulch Rd,Indian Hills,Jefferson,CO,80454,,,,,http://www.facebook.com/Indian-Hills-Farmers-Market/275105069231823,,,,,,,,,39.61830073244233,-105.23721546063105,usda,source,,"{""Business Name"":""usda"",""Address"":""usda"",""City"":""usda"",""Zip"":""usda"",""Facebook"":""usda"",""County"":""census-geocoder""}",309076,"Mar 20th, 2023"
Ballinger Farm Crazy Maze,Agritourism,2805 Renfro rd,Jefferson City,Jefferson,CO,37760,,,,Damaha250@aol.com,,,,,,,,,,36.1697770078526,-83.5155089588442,usda,source,,"{""Business Name"":""usda"",""Address"":""usda"",""City"":""usda"",""Zip"":""usda"",""Email"":""usda"",""County"":""census-geocoder""}",6847,"Feb 12th, 2024"
Hankins Farms,Agritourism,26745 Weld County Road 17,Johnstown,Weld,CO,80534,,,https://hankinsfarms.com/,,,,,,,,,,,40.3898214816656,-104.907513507721,usda,source,,"{""Business Name"":""usda"",""Address"":""usda"",""City"":""usda"",""Zip"":""usda"",""Website"":""usda"",""County"":""census-geocoder""}",8838,"Feb 12th, 2024"
Scare Crow Farms,Agritourism,445 Hwy. 385,Julesburg,Sedgwick,CO,80737,(970) 854-2330,,,,,,,,,,,,,40.7551767903061,-102.286975612788,usda,source,,"{""Business Name"":""usda"",""Address"":""usda"",""City"":""usda"",""Zip"":""usda"",""Phone"":""usda"",""County"":""census-geocoder""}",12630,"Feb 12th, 2024"
Forty Mile Feed,On-Farm / Ranch Sales,10240 Highway 86,Kiowa,,CO,80117,,,,fortymilefeed@msn.com,,,,,,,,,,,,usda,,,"{""Business Name"":""usda"",""Address"":""usda"",""City"":""usda"",""Zip"":""usda"",""Email"":""usda""}",,
Conejos County Farmers' Market,Farmers' Market,211 Broadway Ave.,La Jara,Conejos,CO,81140,(719) 480-1677,,,hrael59@gmail.com,https://www.facebook.com/conejoscountymarket,,,,,,,,,37.27589025692734,-105.96020793153654,official-site+usda,source,,"{""Address"":""usda"",""Zip"":""usda"",""Phone"":""usda"",""Email"":""usda"",""Facebook"":""usda"",""County"":""census-geocoder""}",309037,"Mar 20th, 2023"
Lusk Farms Farmers Market,Farmers' Market,26020 West US Highway 50,La Junta,Otero,CO,81050,(719) 384-6200,,,,https://www.facebook.com/p/Lusk-Farms-Farmers-Market-100057364211893/,,,,,,,,,38.00406947810906,-103.60091969300993,official-site+usda,source,,"{""Facebook"":""official-site:https://www.facebook.com/p/Lusk-Farms-Farmers-Market-100057364211893/"",""Address"":""usda"",""Zip"":""usda"",""Phone"":""usda"",""County"":""census-geocoder""}",309090,"Mar 20th, 2023"
Fritzler Farms Inc dba Fritzler Corn Maze and Scream Acres,Agritourism,,La Salle,Weld,CO,80645,(970) 737-2129,,http://www.fritzlermaze.com  and www.screamacres.net,getlost@fritzlermaze.com,,,,,,,,,,40.299215987464,-104.760610994306,usda,source,,"{""Business Name"":""usda"",""City"":""usda"",""Zip"":""usda"",""Phone"":""usda"",""Email"":""usda"",""Website"":""usda"",""County"":""census-geocoder""}",1286,"Feb 12th, 2024"
La Veta Local Market,Farmers' Market,306 S. Main St.,La Veta,Huerfano,CO,81055,(719) 890-4047,,http://wahatoya.org/,kristina@wahatoya.org,https://www.facebook.com/p/La-Veta-Farmers-Market-100081771473675/,,Thu: 3:00pm - 5:00pm,,,,,,,37.50781929912777,-105.0090464776165,official-site+usda,source,,"{""Facebook"":""official-site:https://spanishpeakscountry.com/spc-event/la-veta-farmers-market/2025-03-27/"",""Hours"":""official-site:https://lvpl.org/events/la-veta-farmers-market/"",""Address"":""usda"",""Zip"":""usda"",""Phone"":""usda"",""Website"":""usda"",""Email"":""usda"",""County"":""census-geocoder""}",309078,"Mar 20th, 2023"
Jax Farmer's Market in Lafayette,Farmers' Market,400 W South Boulder Rd,Lafayette,Boulder,CO,80026,(303) 902-2451,,http://farmersmarketlouis.com,,http://www.facebook.com/pages/Jax-Farmers-Market-in-Lafayette/128567847324639,,,,,,,,,39.98689435034943,-105.09506915263555,usda,source,,"{""Business Name"":""usda"",""Address"":""usda"",""City"":""usda"",""Zip"":""usda"",""Phone"":""usda"",""Website"":""usda"",""Facebook"":""usda"",""County"":""census-geocoder""}",309077,"Mar 20th, 2023"
Lafayette Colorado Farmers Market,Farmers' Market,100 N Public Rd,Lafayette,Boulder,CO,80026,(303) 902-2451,No,https://www.lafayettefm.com/,info@lafayettefm.com,https://www.facebook.com/p/Lafayette-Farmers-Market-61571202432615/,https://instagram.com/lafayettefarmersmarket,Sun: 9am - 1pm,"May, June, July, August, September, October","Apples, Apricots, Asparagus, Beets, Bell Peppers, Broccoli, Brussels Sprouts, Cabbage, Cantaloupe, Carrots, Cauliflower, Celery, Cherries, Chile Peppers, Chile - Roasted, Cucumbers, Eggplant, Garlic, Grapes, Green Beans, Herbs, Honeydew, Kale, Leeks, Lettuce, Microgreens, Mushrooms, Nectarines, Okra, Onions, Peaches, Pears, Peas, Pinto Beans, Plums, Potatoes, Pumpkins, Radishes, Raspberries, Rhubarb, Spinach, Squash, Strawberries, Sweet Corn, Tomatoes, Turnips, Watermelon, Zucchini, Beef, Lamb, Pork, Poultry, Sausage, Baked Goods, Cheese, Eggs, Honey, Jams, Jellies, Pickles, Popcorn, Cider",No,Yes,Yes,"The Lafayette Farmers Market in Colorado operates every Sunday from May until October, from 9 a.m. to 1 p.m. in downtown Lafayette. It features a growers-only selection from local farmers, ranchers, and artisans, offering fresh produce, meats, dairy, and prepared foods.",39.998447999999996,-105.0902865,colorado_proud+cfma+usda,source,,"{""Business Name"":""colorado_proud"",""Address"":""colorado_proud"",""City"":""colorado_proud"",""County"":""colorado_proud"",""Zip"":""colorado_proud"",""Website"":""colorado_proud"",""Email"":""colorado_proud"",""Facebook"":""colorado_proud"",""Instagram"":""colorado_proud"",""Hours"":""colorado_proud"",""Months Open"":""colorado_proud"",""Products"":""colorado_proud"",""Certified Organic"":""colorado_proud"",""SNAP"":""colorado_proud"",""ADA Accessible"":""colorado_proud"",""Notes"":""colorado_proud"",""Phone"":""usda""}",309079,"Mar 20th, 2023"
Everitt Farms,"On-Farm / Ranch Sales, Agritourism",9400 W Alameda Ave,Lakewood,Jefferson,CO,80226,(303) 525-1116,,https://www.everittfarms.com,Derek@everittfarms.com,https://www.facebook.com/everittfarms,,,,,,,,,39.710797,-105.10169,usda,source,,"{""Business Name"":""usda"",""Address"":""usda"",""City"":""usda"",""Zip"":""usda"",""Phone"":""usda"",""Email"":""usda"",""Website"":""usda"",""Facebook"":""usda"",""County"":""census-geocoder""}",700795,"Aug 13th, 2014"
Flower Street Farm,Agritourism,848 South Flower Street,Lakewood,Jefferson,CO,80226,(303) 947-8607,,https://www.instagram.com/flowerstreetfarmbees/,flowerstfarm@gmail.com,https://www.facebook.com/flowerstreetfarrm,,,,,,,,,39.7013199979911,-105.098858003085,usda,source,,"{""Business Name"":""usda"",""Address"":""usda"",""City"":""usda"",""Zip"":""usda"",""Phone"":""usda"",""Email"":""usda"",""Website"":""usda"",""Facebook"":""usda"",""County"":""census-geocoder""}",3223,"Feb 12th, 2024"
Freeman Apple Orchard,Agritourism,225 Cody Street,Lakewood,Jefferson,CO,80215,(720) 341-3062,,https://rogerfreemanlaw.com/freeman-apple-orchard/,biz@michelledespres.com,,,,,,,,,,39.7124635893198,-105.092175648009,usda,source,,"{""Business Name"":""usda"",""Address"":""usda"",""City"":""usda"",""Zip"":""usda"",""Phone"":""usda"",""Email"":""usda"",""Website"":""usda"",""County"":""census-geocoder""}",8991,"Feb 12th, 2024"
Metro Denver Farmers' Market-Lakewood,Farmers' Market,9077 W Alameda Ave,Lakewood,Jefferson,CO,80226,(303) 887-3276,,http://www.denverfarmersmarket.com/index.html,melina@thepizzabandit.com*larabourdreaux@gmail.com*contact@buyMAHA.com*22uniquephotostj@gmail.com*in,,,,,,,,,,39.71102762899645,-105.09882199933506,usda,source,,"{""Business Name"":""usda"",""Address"":""usda"",""City"":""usda"",""Zip"":""usda"",""Phone"":""usda"",""Email"":""usda"",""Website"":""usda"",""County"":""census-geocoder""}",309095,"Mar 20th, 2023"
The Action Center Community Food Hub,Food Hub,8745 W 14th Ave,Lakewood,Jefferson,CO,80215,,,https://www.theactioncenter.org/community-food-hub,foodhub@theactioncenter.org,,,,,,,,,,39.73848968143,-105.094604028296,usda,census-geocoder,,"{""Business Name"":""usda"",""Address"":""usda"",""City"":""usda"",""Zip"":""usda"",""Email"":""usda"",""Website"":""usda"",""County"":""census-geocoder""}",,
Gaia's Farm & Gardens,CSA Farm,4328 W County Rd 54G,Laporte,Larimer,CO,80535,(970) 817-2186,,,gaiasfarmgardens@aol.com,https://www.facebook.com/gaiasfarmandgardens,,,"May, June, July, August, September, October",,,,,"Open: May to October<br>Available Products: Broccolini/baby broccoli;Carrots;Cauliflower;Collard Greens;Eggplant (Italian, Japanese, etc.);Green beans;Kale;Kohlrabi;Mixed leafy greens;Mustard Greens;Okra;Onions (pearl, red, white, etc.);Peanuts;Peas;Potatoes (new, red, russet, etc.);Pumpkin;Radicchio;Radishes;Rhubarb;Rutabaga;Shallots;Soybeans;Spinach: baby, regular;Squash, summer: zucchini, etc.;Squash, winter: butternut, etc.;Sweet potatoes;Swiss chard;Tomatoes (cherry, grape, etc.);Tomatoes (plum, round, etc.);Turnip greens;Turnips;Broccolini/baby broccoli;Carrots;Cauliflower;Collard Greens;Eggplant (Italian, Japanese, etc.);Green beans;Kale;Kohlrabi;Mixed leafy greens;Mustard Greens;Okra;Onions (pearl, red, white, etc.);Peanuts;Peas;Potatoes (new, red, russet, etc.);Pumpkin;Radicchio;Radishes;Rhubarb;Rutabaga;Shallots;Soybeans;Spinach: baby, regular;Squash, summer: zucchini, etc.;Squash, winter: butternut, etc.;Sweet potatoes;Swiss chard;Tomatoes (cherry, grape, etc.);Tomatoes (plum, round, etc.);Turnip greens;Turnips;;Baked goods: breads, pies, etc.;Cut flowers;Eggs;",40.6349556,-105.1573056,usda,source,,"{""Business Name"":""usda"",""Address"":""usda"",""City"":""usda"",""Zip"":""usda"",""Phone"":""usda"",""Email"":""usda"",""Facebook"":""usda"",""Months Open"":""usda"",""Notes"":""usda"",""County"":""census-geocoder""}",200036,"Feb 13th, 2017"
Busy Bee Farm,CSA Farm,,Larkspur,Douglas,CO,80118,(303) 657-5360,,https://www.busybeefarm.us,steven_lechner@msn.com,https://facebook.com/BusyBeeFarm-Larkspur,,,"January, February, March, April, May, June, July, August, September, October, November, December",,,,,Open: Year-round<br>Available Products: Honey;,39.2286021,-104.887203,usda,source,,"{""Business Name"":""usda"",""City"":""usda"",""Zip"":""usda"",""Phone"":""usda"",""Email"":""usda"",""Website"":""usda"",""Facebook"":""usda"",""Months Open"":""usda"",""Notes"":""usda"",""County"":""census-geocoder""}",200544,"Mar 21st, 2015"
Crooked Clove Farm & Ranch LLC,On-Farm / Ranch Sales,8222 S Perry Park Rd,Larkspur,Douglas,CO,80118,(720) 569-0955,,https://www.crookedclove.com,Info@crookedclove.com,https://www.facebook.com/crookedclove,,,,,,,,,39.241712,-104.956,usda,source,,"{""Business Name"":""usda"",""Address"":""usda"",""City"":""usda"",""Zip"":""usda"",""Phone"":""usda"",""Email"":""usda"",""Website"":""usda"",""Facebook"":""usda"",""County"":""census-geocoder""}",701367,"Aug 4th, 2016"
The Larkspur Farmers Market,Farmers' Market,8820 Spruce Mountain Road,Larkspur,Douglas,CO,80118,(720) 519-7178,Yes,https://www.thelarkspurfarmersmarket.com,thelarkspurfarmersmarket@gmail.com,,,Wed: 3PM - 7Pm,"June, July, August, September","Apples, Apricots, Asparagus, Beets, Bell Peppers, Brussels Sprouts, Broccoli, Cabbage, Cantaloupe, Carrots, Cauliflower, Celery, Cherries, Chile Peppers, Chile - Roasted, Cucumbers, Pears, Peaches, Onions, Okra, Nectarines, Mushrooms, Microgreens, Lettuce, Leeks, Kale, Honeydew, Herbs, Green Beans, Grapes, Garlic, Eggplant, Peas, Plums, Potatoes, Pumpkins, Radishes, Raspberries, Rhubarb, Spinach, Squash, Strawberries, Sweet Corn, Tomatoes, Turnips, Watermelon, Zucchini, Beef, Buffalo, Jerky, Lamb, Pork, Poultry, Sausage, Baked Goods, Cheese, Eggs, Honey, Jams, Jellies, Pickles, Popcorn, Cider, Juices, Mead, Handcrafted Gifts",No,No,Yes,"Find locally grown organic fruits and vegetables, farm-fresh eggs, and locally raised organic meats. Browse beautiful home dÃ©cor and handcrafted goods, artisan oils, soaps, and candles, along with unique local art and crafts and so much more!",39.23331300000001,-104.8823235,colorado_proud,source,,"{""Business Name"":""colorado_proud"",""Address"":""colorado_proud"",""City"":""colorado_proud"",""County"":""colorado_proud"",""Zip"":""colorado_proud"",""Phone"":""colorado_proud"",""Website"":""colorado_proud"",""Email"":""colorado_proud"",""Hours"":""colorado_proud"",""Months Open"":""colorado_proud"",""Products"":""colorado_proud"",""Certified Organic"":""colorado_proud"",""SNAP"":""colorado_proud"",""ADA Accessible"":""colorado_proud"",""Notes"":""colorado_proud""}",,
Fritzler Farms Inc,On-Farm / Ranch Sales,County Road 33,Lasalle,,CO,80645,,,,fritzlerfarms@msn.com,,,,,,,,,,,,usda,,,"{""Business Name"":""usda"",""Address"":""usda"",""City"":""usda"",""Zip"":""usda"",""Email"":""usda""}",,
Aspen Grove Farmers Market,Farmers' Market,7301 S Santa Fe Dr #150,Littleton,Arapahoe,CO,80120,(720) 515-0431,No,https://www.AspenGroveFarmersMarket.com,abmarketcolorado@gmail.com,https://www.facebook.com/AspenGroveFarmersMarket/,https://instagram.com/AspenGroveFarmersMarket,Fri: 10-2,"June, July, August, September","Apples, Apricots, Asparagus, Beets, Bell Peppers, Broccoli, Cabbage, Carrots, Cauliflower, Celery, Cherries, Chile - Roasted, Cucumbers, Garlic, Green Beans, Herbs, Kale, Leeks, Lettuce, Microgreens, Mushrooms, Onions, Peaches, Pears, Plums, Spinach, Squash, Strawberries, Tomatoes, Turnips, Zucchini, Beef, Baked Goods, Honey, Jams, Jellies, Handcrafted Gifts",No,No,Yes,"The Aspen Grove Farmers Market is proud to offer a weekday market option conveniently located just off Santa Fe in the Aspen Grove shopping center. With 20+ vendors offering fresh produce, baked goods, handmade items, and more, itâ€™s an easy Friday stop!",39.58632,-105.023655,colorado_proud+official-site+usda,source,,"{""Business Name"":""colorado_proud"",""Address"":""colorado_proud"",""City"":""colorado_proud"",""County"":""colorado_proud"",""Zip"":""colorado_proud"",""Phone"":""colorado_proud"",""Website"":""colorado_proud"",""Email"":""colorado_proud"",""Instagram"":""colorado_proud"",""Hours"":""colorado_proud"",""Months Open"":""colorado_proud"",""Products"":""colorado_proud"",""Certified Organic"":""colorado_proud"",""SNAP"":""colorado_proud"",""ADA Accessible"":""colorado_proud"",""Notes"":""colorado_proud"",""Facebook"":""official-site:https://www.facebook.com/AspenGroveFarmersMarket/""}",309017,"Mar 20th, 2023"
Downtown Littleton Farmers Market,Farmers' Market,7301 S. Santa Fe,Littleton,Arapahoe,CO,80120,(303) 887-3276,,https://thelocalcolorado.com/downtown-littleton-farmers-market/,melina@thepizzabandit.com*larabourdreaux@gmail.com*contact@buyMAHA.com*22uniquephotostj@gmail.com*in,,,Sat: 8:00am - 1:00pm,"May, June, July, August, September","Local produce, meats, baked goods, artisan foods, handmade products, and more (nearly 40 curated vendors)",,,,,39.588668490829825,-105.0225971771578,official-site+usda,source,,"{""Website"":""official-site:https://thelocalcolorado.com/downtown-littleton-farmers-market/"",""Hours"":""official-site:https://thelocalcolorado.com/downtown-littleton-farmers-market/"",""Months Open"":""official-site:https://thelocalcolorado.com/downtown-littleton-farmers-market/"",""Products"":""official-site:https://thelocalcolorado.com/downtown-littleton-farmers-market/"",""Address"":""usda"",""Zip"":""usda"",""Phone"":""usda"",""Email"":""usda"",""County"":""census-geocoder""}",309081,"Mar 20th, 2023"
Harvest Fest & Pumpkin Sale,Agritourism,028 S. Gallup Street,Littleton,Arapahoe,CO,80120,(303) 795-3950,,,,,,,,,,,,,39.6015658133605,-105.002223491669,usda,source,,"{""Business Name"":""usda"",""Address"":""usda"",""City"":""usda"",""Zip"":""usda"",""Phone"":""usda"",""County"":""census-geocoder""}",11727,"Feb 12th, 2024"
Jared's Pumpkin Patch,Agritourism,10500 W. Bowles Ave,Littleton,Jefferson,CO,80127,(303) 979-6022,,,,,,,,,,,,,39.6091110164342,-105.116831988616,usda,source,,"{""Business Name"":""usda"",""Address"":""usda"",""City"":""usda"",""Zip"":""usda"",""Phone"":""usda"",""County"":""census-geocoder""}",7640,"Feb 12th, 2024"
Mueller's Little Farm,Agritourism,190 W Bowles Ave,Littleton,Arapahoe,CO,80123,(303) 810-1466,,,,https://www.facebook.com/muellerslittlefarm/,,,,,,,,,39.6114764087836,-105.030241548257,usda,source,,"{""Business Name"":""usda"",""Address"":""usda"",""City"":""usda"",""Zip"":""usda"",""Phone"":""usda"",""Facebook"":""usda"",""County"":""census-geocoder""}",4465,"Feb 12th, 2024"
Southwest Plaza Farmers' Market,Farmers' Market,8501 W. Bowles Ave,Littleton,Jefferson,CO,80123,(303) 655-3784,No,https://www.denverfarmersmarket.com/,starnertoni@yahoo.com,https://www.facebook.com/denverfarmersmarket,https://www.instagram.com/metro.denver.farmers.market/,Sat: 8 a.m. - 2 p.m. or sellout,"May, June, July, August, September, October","Apples, Apricots, Asparagus, Beets, Bell Peppers, Broccoli, Brussels Sprouts, Cabbage, Cantaloupe, Carrots, Cauliflower, Celery, Cherries, Chile Peppers, Chile - Roasted, Cucumbers, Eggplant, Garlic, Grapes, Green Beans, Herbs, Honeydew, Kale, Leeks, Lettuce, Microgreens, Mushrooms, Nectarines, Okra, Onions, Peaches, Pears, Peas, Pinto Beans, Plums, Potatoes, Pumpkins, Radishes, Raspberries, Rhubarb, Spinach, Squash, Strawberries, Sweet Corn, Tomatoes, Turnips, Watermelon, Zucchini, Beef, Jerky, Sausage, Alaskan Seafood
(Seasonal - frozen), Baked Goods, Cheese, Eggs, Honey, Jams, Jellies, Pickles, Popcorn, Cider, Juices, Wine, Handcrafted Gifts, Spirits",No,Yes,Yes,"Baked goods, BBQ, black-eyed peas, body oils, candles, candy, flowers (fresh-cut & dried), honey, jellies, kettle korn, kohlrabi, leeks, nuts, okra, pasta, pesto, pickles, tortillas, & wild rice. Gardening supplies & shoes. Specialty foods (German, African, French, and Mexican)",39.61075500000001,-105.0955875,colorado_proud+cfma+usda,source,,"{""Business Name"":""colorado_proud"",""Address"":""colorado_proud"",""City"":""colorado_proud"",""County"":""colorado_proud"",""Zip"":""colorado_proud"",""Phone"":""colorado_proud"",""Website"":""colorado_proud"",""Email"":""colorado_proud"",""Facebook"":""colorado_proud"",""Instagram"":""colorado_proud"",""Hours"":""colorado_proud"",""Months Open"":""colorado_proud"",""Products"":""colorado_proud"",""Certified Organic"":""colorado_proud"",""SNAP"":""colorado_proud"",""ADA Accessible"":""colorado_proud"",""Notes"":""colorado_proud""}",301413,"Jan 28th, 2021"
Sterling Ranch Farmers' Market,Farmers' Market,"Providence Park, 8100 Piney River Avenue",Littleton,Douglas,CO,80125,,,https://www.denverfarmersmarket.com/,dfmmgrrich@comcast.net,https://www.facebook.com/denverfarmersmarket,https://www.instagram.com/metro.denver.farmers.market,Wed: 3:00pm - 7:00pm (or sellout),"June, July, August, September, October",Fresh produce,,Yes,,"Metro Denver Farmers' Market is the oldest farmers' market in the Denver area. We have been in business for 49 years. Our market is farmer owned and operated. Support local - over 30 vendors! | Programs: SNAP, Double Up; Season 06/24/2026–10/14/2026",39.5065761,-105.035698,official-site+cfma,source,,"{""Address"":""official-site:https://www.denverfarmersmarket.com/"",""Email"":""official-site:https://www.denverfarmersmarket.com/"",""Facebook"":""official-site:https://www.denverfarmersmarket.com/"",""Instagram"":""official-site:https://www.denverfarmersmarket.com/"",""Hours"":""official-site:https://www.denverfarmersmarket.com/"",""Months Open"":""official-site:https://www.denverfarmersmarket.com/"",""Products"":""official-site:https://www.denverfarmersmarket.com/"",""Zip"":""cfma"",""Website"":""cfma"",""SNAP"":""cfma"",""Notes"":""cfma"",""County"":""census-geocoder""}",,
LadyMoon.Org,CSA Farm,1198 Bald Mountain Drive,Livermore,Larimer,CO,80536,(970) 413-9506,,http://ladymoon.org,,,,,,,,,,,40.739255318399,-105.431562661993,usda,census-geocoder,,"{""Business Name"":""usda"",""Address"":""usda"",""City"":""usda"",""Zip"":""usda"",""Phone"":""usda"",""Website"":""usda"",""County"":""census-geocoder""}",,
Roots From Eden CSA Market and Bakery,CSA Farm,2024 16 Rd,Loma,Mesa,CO,81524,(970) 589-9297,,http://www.RootsFromEden.com,,,,,,,,,,,39.294806620761,-108.771133039406,usda,census-geocoder,,"{""Business Name"":""usda"",""Address"":""usda"",""City"":""usda"",""Zip"":""usda"",""Phone"":""usda"",""Website"":""usda"",""County"":""census-geocoder""}",,
Lone Tree Farmers' Market,Farmers' Market,8585 S. Yosemite St.,Lone Tree,Douglas,CO,80124,(303) 621-8081,,,simmons03@att.net,,,,,,,,,,39.56153198124912,-104.88120202202406,official-site+usda,source,,"{""Address"":""usda"",""Zip"":""usda"",""Phone"":""usda"",""Email"":""usda"",""County"":""census-geocoder""}",309083,"Mar 20th, 2023"
Aspen Moon Farm LLC,CSA Farm,7940 Hygiene Rd,Longmont,Boulder,CO,80503,,,http://www.aspenmoonfarm.com,,,,,,,,,,,40.188645482577,-105.172533425994,usda,census-geocoder,,"{""Business Name"":""usda"",""Address"":""usda"",""City"":""usda"",""Zip"":""usda"",""Website"":""usda"",""County"":""census-geocoder""}",,
Bonavida Growers,CSA Farm,10729 Airport Rd,Longmont,Boulder,CO,80503,(303) 449-6735,,,,,,,,,,,,,40.169144644934,-105.154663946194,usda,census-geocoder,,"{""Business Name"":""usda"",""Address"":""usda"",""City"":""usda"",""Zip"":""usda"",""Phone"":""usda"",""County"":""census-geocoder""}",,
Five Freedoms Dairy,Agritourism,13850 North 87th Street,Longmont,Boulder,CO,80503,(970) 290-1955,,https://www.fivefreedomsdairy,kevinmcsweeney@fivefreedomsdairy.com,,,,,,,,,,40.226287621734,-105.150043488539,usda,census-geocoder,,"{""Business Name"":""usda"",""Address"":""usda"",""City"":""usda"",""Zip"":""usda"",""Phone"":""usda"",""Email"":""usda"",""Website"":""usda"",""County"":""census-geocoder""}",,
Hergenreder Farms,Agritourism,332 Co Rd 5,Longmont,Weld,CO,80504,(303) 349-5711,,,,https://www.facebook.com/hergenrederfarms/,,,,,,,,,40.1585102043723,-105.017679702168,usda,source,,"{""Business Name"":""usda"",""Address"":""usda"",""City"":""usda"",""Zip"":""usda"",""Phone"":""usda"",""Facebook"":""usda"",""County"":""census-geocoder""}",3635,"Feb 12th, 2024"
Kilt Farm,CSA Farm,8140 Oxford Rd,Longmont,Boulder,CO,80503,(970) 846-6233,,http://www.kiltfarm.com,,,,,,,,,,,40.116082885378,-105.16554478911,usda,census-geocoder,,"{""Business Name"":""usda"",""Address"":""usda"",""City"":""usda"",""Zip"":""usda"",""Phone"":""usda"",""Website"":""usda"",""County"":""census-geocoder""}",,
Longmont Farmers Market,Farmers' Market,9595 Nelson Rd Unit D,Longmont,Boulder,CO,80501,(720) 612-8185,No,https://bcfm.org/markets/longmont-farmers-market/,hello@bcfm.org,https://www.facebook.com/LongmontFarmersMarket,https://www.instagram.com/longmontfarmersmarket/,Sat: 8:00 a.m. - 1:00 p.m.,"April, May, June, July, August, September, October, November","Apples, Apricots, Asparagus, Beets, Bell Peppers, Broccoli, Cabbage, Cantaloupe, Carrots, Cauliflower, Celery, Cherries, Chile Peppers, Chile - Roasted, Cucumbers, Eggplant, Garlic, Green Beans, Herbs, Honeydew, Kale, Leeks, Lettuce, Microgreens, Mushrooms, Nectarines, Okra, Onions, Peaches, Pears, Peas, Pinto Beans, Plums, Potatoes, Pumpkins, Radishes, Raspberries, Rhubarb, Spinach, Squash, Strawberries, Sweet Corn, Tomatoes, Turnips, Watermelon, Zucchini, Beef, Lamb, Pork, Sausage, Jerky, Baked Goods, Cheese, Eggs, Honey, Jams, Jellies, Pickles, Popcorn",No,Yes,Yes,"Come see whatâ€™s fresh at the Longmont Farmers Market! Here you'll meet your local farmers, ranchers, beekeepers, and entrepreneurs selling everything from fresh produce, meat, cheese, fresh bread and pastries, as well as delicious ready-to-eat options for breakfast and lunch.",40.155552,-105.129036,colorado_proud,source,,"{""Business Name"":""colorado_proud"",""Address"":""colorado_proud"",""City"":""colorado_proud"",""County"":""colorado_proud"",""Zip"":""colorado_proud"",""Phone"":""colorado_proud"",""Website"":""colorado_proud"",""Email"":""colorado_proud"",""Facebook"":""colorado_proud"",""Instagram"":""colorado_proud"",""Hours"":""colorado_proud"",""Months Open"":""colorado_proud"",""Products"":""colorado_proud"",""Certified Organic"":""colorado_proud"",""SNAP"":""colorado_proud"",""ADA Accessible"":""colorado_proud"",""Notes"":""colorado_proud""}",,
Plowshares Community Farm,"Agritourism, On-Farm / Ranch Sales",040 Oxford Rd,Longmont,Boulder,CO,80503,(720) 259-1954,,,manager@plowsharescommunityfarm.com,https://www.facebook.com/ploughshares-community-farm-545815258804057/,,,,,,,,,40.1161840764482,-105.228170703657,usda,source,,"{""Business Name"":""usda"",""Address"":""usda"",""City"":""usda"",""Zip"":""usda"",""Phone"":""usda"",""Email"":""usda"",""Facebook"":""usda"",""County"":""census-geocoder""}",5044,"Feb 12th, 2024"
Rocky Mountain Pumpkin Ranch / dba Full Circle Farms,Agritourism,9057 Ute Highway/Hwy 66,Longmont,Boulder,CO,80503,,,https://www.rockymtnpumpkinranch.com,,,,,,,,,,,40.2038070048223,-105.140862988839,usda,source,,"{""Business Name"":""usda"",""Address"":""usda"",""City"":""usda"",""Zip"":""usda"",""Website"":""usda"",""County"":""census-geocoder""}",11357,"Feb 12th, 2024"
Sunflower Farm Acres,CSA Farm,11150 Prospect Rd,Longmont,Boulder,CO,80504,(303) 774-8001,,http://www.sunflowerfarmacres.com,,,,,,,,,,,40.134405113042,-105.083524368835,usda,census-geocoder,,"{""Business Name"":""usda"",""Address"":""usda"",""City"":""usda"",""Zip"":""usda"",""Phone"":""usda"",""Website"":""usda"",""County"":""census-geocoder""}",,
YA YA Farm & Orchard,Agritourism,914 Ute Hwy,Longmont,Boulder,CO,80503,(303) 485-5585,,http://www.yayafarmandorchard.com,info@yayafarmandorchard.com,https://www.facebook.com/yayafarmorchard/,,,,,,,,,40.2161632985486,-105.256130573804,usda,source,,"{""Business Name"":""usda"",""Address"":""usda"",""City"":""usda"",""Zip"":""usda"",""Phone"":""usda"",""Email"":""usda"",""Website"":""usda"",""Facebook"":""usda"",""County"":""census-geocoder""}",6521,"Feb 12th, 2024"
Zweck's Fresh,On-Farm / Ranch Sales,10901 Airport Road,Longmont,Boulder,CO,80503,,,,,,,,,,,,,,40.172545525149,-105.154711403389,usda,census-geocoder,,"{""Business Name"":""usda"",""Address"":""usda"",""City"":""usda"",""Zip"":""usda"",""County"":""census-geocoder""}",,
Louisville Farmers Market,Farmers' Market,824 Front Street,Louisville,Boulder,CO,80027,(303) 902-2451,Yes,https://realfarmersmarketco.com,kellyenterprisesltd@gmail.com,https://www.facebook.com/LouisvilleFarmersMarket/,https://instagram.com/realfarmersmarket,Sat: 9am - 1pm,"May, June, July, August, September, October","Apples, Apricots, Asparagus, Beets, Bell Peppers, Broccoli, Brussels Sprouts, Cabbage, Cantaloupe, Carrots, Cauliflower, Celery, Cherries, Chile Peppers, Chile - Roasted, Cucumbers, Eggplant, Garlic, Green Beans, Herbs, Honeydew, Kale, Leeks, Lettuce, Microgreens, Mushrooms, Nectarines, Okra, Onions, Peaches, Pears, Peas, Plums, Potatoes, Pumpkins, Radishes, Rhubarb, Spinach, Squash, Sweet Corn, Tomatoes, Turnips, Watermelon, Zucchini, Beef, Buffalo, Jerky, Pork, Sausage, Alaskan Salmon, Crab and Cod, Baked Goods, Cheese, Eggs, Honey, Jams, Jellies, Pickles, Juices, Handcrafted Gifts",No,Yes,Yes,"Weekly farmers market featuring Colorado-grown fruits, vegetables, eggs, and meat. Live music, dog friendly and plenty of ready to consume breakfast and lunch offerings.",39.97841016900003,-105.13075826899995,colorado_proud+usda,source,,"{""Business Name"":""colorado_proud"",""Address"":""colorado_proud"",""City"":""colorado_proud"",""County"":""colorado_proud"",""Zip"":""colorado_proud"",""Phone"":""colorado_proud"",""Website"":""colorado_proud"",""Email"":""colorado_proud"",""Facebook"":""colorado_proud"",""Instagram"":""colorado_proud"",""Hours"":""colorado_proud"",""Months Open"":""colorado_proud"",""Products"":""colorado_proud"",""Certified Organic"":""colorado_proud"",""SNAP"":""colorado_proud"",""ADA Accessible"":""colorado_proud"",""Notes"":""colorado_proud""}",309084,"Mar 20th, 2023"
Olde Towne Village Market,Farmers' Market,611 Front Street,Louisville,Boulder,CO,80027,(303) 664-0251,,,,https://www.facebook.com/OldeTowneVillageMarket,,,,,,,,,39.976060085365646,-105.130791789852,usda,source,,"{""Business Name"":""usda"",""Address"":""usda"",""City"":""usda"",""Zip"":""usda"",""Phone"":""usda"",""Facebook"":""usda"",""County"":""census-geocoder""}",309107,"Mar 20th, 2023"
Loveland East Farmers Market at Jax,Farmers' Market,950 E.Eisenhower Blvd,Loveland,Larimer,CO,80537,(970) 231-2020,,,,https://www.facebook.com/p/Loveland-East-Farmers-Market-at-Jax-100083436094676/,,,,,,,,,40.40723256913324,-105.06405141633412,official-site+usda,source,,"{""Facebook"":""official-site:https://www.facebook.com/p/Loveland-East-Farmers-Market-at-Jax-100083436094676/"",""Address"":""usda"",""Zip"":""usda"",""Phone"":""usda"",""County"":""census-geocoder""}",309085,"Mar 20th, 2023"
Loveland Farmers Market at Fairgrounds Park,Farmers' Market,700 S Railroad Ave,Loveland,Larimer,CO,80537,(970) 962-2446,,https://www.lovgov.org/services/parks-recreation/events/farmers-market,samantha.rofloc@cityofloveland.org,https://www.facebook.com/CityofLovelandFarmersMarket/,https://instagram.com/lovelandcofarmersmarket,Sun: 9:00am - 1:00pm,"June, July, August, September","Local produce, dairy, meat, poultry, baked goods, craft beer, bath and body care, artisan goods, and concessions",No,Yes,Yes,"The Loveland Farmers Market is hosted at Fairgrounds Park on Sundays 9:00A-1:00P from June through September. The market provides farm-fresh produce, baked goods, crafters, entertainment, and more. It is fun for the whole family! The market also offers special event markets with themed and children's activities. Voted one of the 10 best farmers markets in Colorado and one of the top 3 best farmers markets in NOCO Lifestyle Magazine! | Programs: SNAP, Double Up; Season 06/07/2026–09/27/2026",40.3883963,-105.0791619,official-site+cfma+usda+colorado_proud,source,,"{""Facebook"":""official-site:https://www.facebook.com/CityofLovelandFarmersMarket/"",""Hours"":""official-site:https://www.lovgov.org/services/parks-recreation/events/farmers-market"",""Months Open"":""official-site:https://www.lovgov.org/services/parks-recreation/events/farmers-market"",""Products"":""official-site:https://www.lovgov.org/services/parks-recreation/events/farmers-market"",""SNAP"":""official-site:https://www.lovgov.org/services/parks-recreation/events/farmers-market"",""Address"":""cfma"",""Zip"":""cfma"",""Website"":""cfma"",""Instagram"":""cfma"",""Notes"":""cfma"",""Phone"":""usda"",""Email"":""usda"",""County"":""colorado_proud"",""Certified Organic"":""colorado_proud"",""ADA Accessible"":""official-site:https://www.lovgov.org/farmersmarket""}",300121,"Sep 10th, 2020"
Loveland Farmers' Market,Farmers' Market,3133 N. Garfield,Loveland,Larimer,CO,80538,(970) 495-4889,,https://www.fortnet.org/market,,,,,,,,,,,40.42451589657412,-105.07755688416826,usda,source,,"{""Business Name"":""usda"",""Address"":""usda"",""City"":""usda"",""Zip"":""usda"",""Phone"":""usda"",""Website"":""usda"",""County"":""census-geocoder""}",309086,"Mar 20th, 2023"
Loveland Green Market,Farmers' Market,4229 W. Eisenhower Blvd.,Loveland,Larimer,CO,80537,(970) 495-4889,,http://www.fortnet.org/market/,fcfm2008@wildblue.net,,,,,,,,,,40.407319559284375,-105.13746546778371,usda,source,,"{""Business Name"":""usda"",""Address"":""usda"",""City"":""usda"",""Zip"":""usda"",""Phone"":""usda"",""Email"":""usda"",""Website"":""usda"",""County"":""census-geocoder""}",309087,"Mar 20th, 2023"
Loveland West Farmers Market at JAX,Farmers' Market,2665 W Eisenhower Blvd,Loveland,Larimer,CO,80537,(970) 231-2020,Yes,,treatsbyagnes@hotmail.com,https://www.facebook.com/LovelandWestFarmersMarket/,https://www.instagram.com/loveland.west.farmers.market/,Tue: 9 a.m. - 1 p.m.,"April, May, June, July, August, September, October, November","Apples, Apricots, Asparagus, Beets, Bell Peppers, Broccoli, Brussels Sprouts, Cabbage, Cantaloupe, Carrots, Cauliflower, Celery, Cherries, Chile Peppers, Chile - Roasted, Cucumbers, Eggplant, Garlic, Green Beans, Herbs, Honeydew, Kale, Leeks, Lettuce, Microgreens, Mushrooms, Nectarines, Okra, Onions, Peaches, Pears, Peas, Pinto Beans, Plums, Potatoes, Pumpkins, Radishes, Raspberries, Rhubarb, Spinach, Squash, Strawberries, Sweet Corn, Tomatoes, Turnips, Watermelon, Zucchini, Corn, Beef, Pork, Sausage, Baked Goods, Eggs, Honey, Jams, Jellies, Pickles, Popcorn, Handcrafted Gifts, Hot Sauce, Tamales, House Plants, Dumplings, GF Items, Ice Cream, Snow Cones, Face Painting",No,Yes,Yes,"The market is open from April 22nd to November 3rd and is located in the JAX West parking lot, where plenty of parking is available. Rain or shine, stop by to enjoy breakfast or lunch while exploring our offerings. Don't miss our monthly specials! Plus, during summer break, we host a kids' program.",40.40743719427048,-105.11302420486611,colorado_proud+cfma,source,,"{""Business Name"":""colorado_proud"",""Address"":""colorado_proud"",""City"":""colorado_proud"",""County"":""colorado_proud"",""Zip"":""colorado_proud"",""Phone"":""colorado_proud"",""Email"":""colorado_proud"",""Facebook"":""colorado_proud"",""Instagram"":""colorado_proud"",""Hours"":""colorado_proud"",""Months Open"":""colorado_proud"",""Products"":""colorado_proud"",""Certified Organic"":""colorado_proud"",""SNAP"":""colorado_proud"",""ADA Accessible"":""colorado_proud"",""Notes"":""colorado_proud""}",,
Osborn Farm,Agritourism,933 S.E. 14th Street,Loveland,Larimer,CO,80537,(970) 669-4407,,,,,,,,,,,,,40.3783873012076,-105.065357491217,usda,source,,"{""Business Name"":""usda"",""Address"":""usda"",""City"":""usda"",""Zip"":""usda"",""Phone"":""usda"",""County"":""census-geocoder""}",13309,"Feb 12th, 2024"
River Ranch Farms,Agritourism,220 Langston Lane,Loveland,Larimer,CO,80537,(720) 276-3772,,,,,,,,,,,,,40.4057457949367,-105.145804706518,usda,source,,"{""Business Name"":""usda"",""Address"":""usda"",""City"":""usda"",""Zip"":""usda"",""Phone"":""usda"",""County"":""census-geocoder""}",7052,"Feb 12th, 2024"
Zippity Zoo Barnyard,Agritourism,6921 Ridge Valley Ct,Loveland,Larimer,CO,80538,(970) 231-6444,,,zippityzoofun@gmail.com,http://www.facebook.com/zippityzoobarnyard,,,,,,,,,40.4312989816215,-105.178148963106,usda,source,,"{""Business Name"":""usda"",""Address"":""usda"",""City"":""usda"",""Zip"":""usda"",""Phone"":""usda"",""Email"":""usda"",""Facebook"":""usda"",""County"":""census-geocoder""}",1782,"Feb 12th, 2024"
Lyons Farmers Market,Farmers' Market,350 4th Ave,Lyons,Boulder,CO,80540,(423) 443-2440,No,https://fosterabundantspaces.com,abundant.spaces@gmail.com,,https://instagram.com/abundant.spaces,Sun: 9am - 1pm,"May, June, July, August, September, October","Cucumbers, Cauliflower, Carrots, Cabbage, Brussels Sprouts, Broccoli, Bell Peppers, Beets, Apples, Eggplant, Garlic, Green Beans, Herbs, Kale, Leeks, Lettuce, Microgreens, Mushrooms, Onions, Peaches, Plums, Potatoes, Pumpkins, Radishes, Spinach, Squash, Tomatoes, Turnips, Zucchini, Beef, Lamb, Pork, Poultry, Baked Goods, Eggs, Honey, Jams, Pickles, Popcorn, Juices, Handcrafted Gifts",No,No,Yes,"The Lyons Farmers Market is a curated Sunday market celebrating local food and seasonal craftsmanship. It is a living cultural space where food, land, creativity, and community converge. The 2026 Lyons Farmers Market will be held every Sunday 9a-1p in Sandstone Park, from May 10th - October 4th.",40.222011377261474,-105.26983745261687,colorado_proud,source,,"{""Business Name"":""colorado_proud"",""Address"":""colorado_proud"",""City"":""colorado_proud"",""County"":""colorado_proud"",""Zip"":""colorado_proud"",""Phone"":""colorado_proud"",""Website"":""colorado_proud"",""Email"":""colorado_proud"",""Instagram"":""colorado_proud"",""Hours"":""colorado_proud"",""Months Open"":""colorado_proud"",""Products"":""colorado_proud"",""Certified Organic"":""colorado_proud"",""SNAP"":""colorado_proud"",""ADA Accessible"":""colorado_proud"",""Notes"":""colorado_proud""}",,
Lyons Outdoor Market,Farmers' Market,446 Main St,Lyons,Boulder,CO,80540,(303) 444-8078,,http://www.lyonsoutdoormarket.com,,,,,,,,,,,40.224679204441195,-105.27071804569668,usda,source,,"{""Business Name"":""usda"",""Address"":""usda"",""City"":""usda"",""Zip"":""usda"",""Phone"":""usda"",""Website"":""usda"",""County"":""census-geocoder""}",309091,"Mar 20th, 2023"
Mancos Valley Farmers Market,"Farmers' Market, CSA Farm",150 Grand Ave,Mancos,Montezuma,CO,81328,(970) 533-7725,,https://www.mancosvalleyresources.com/2019/07/mancos-farmers-market/,info@mancosvalleyresources.com,https://www.facebook.com/MancosValleyFarmersMarket,https://www.instagram.com/mancos_valley_farmers_market/,Thu: 4:00pm - 7:00pm,"June, July, August, September, October",High-quality products from local Mancos Valley producers of all kinds,,Yes,,"The Mancos Valley Farmers Market is a friendly, intimate community gathering place for farmers and artisans to sell their outstanding locally-grown and locally made products to residents and visitors.  Live music and other entertainment are a part of the weekly market, which is located under the trees in Boyle Park and within a block or two of downtown, where folks can find restaurants, a cidery, a brewery, a print shop, an opera house and art galleries. | Programs: SNAP, Double Up; Season 6/18/2026–10/08/2026",37.3456578,-108.2877124,official-site+cfma+usda,source,,"{""Website"":""official-site:https://www.mancosvalleyresources.com/2019/07/mancos-farmers-market/"",""Email"":""official-site:https://www.mancosvalleyresources.com/2019/07/mancos-farmers-market/"",""Facebook"":""official-site:https://www.mancosvalleyresources.com/2019/07/mancos-farmers-market/"",""Instagram"":""official-site:https://www.mancosvalleyresources.com/2019/07/mancos-farmers-market/"",""Hours"":""official-site:https://www.mancosvalleyresources.com/2019/07/mancos-farmers-market/"",""Months Open"":""official-site:https://www.mancosvalleyresources.com/2019/07/mancos-farmers-market/"",""Products"":""official-site:https://www.mancosvalleyresources.com/2019/07/mancos-farmers-market/"",""Address"":""cfma"",""Zip"":""cfma"",""SNAP"":""cfma"",""Notes"":""cfma"",""Phone"":""usda"",""County"":""census-geocoder""}",309129,"Mar 20th, 2023"
Mountain Roots Produce,CSA Farm,41095 Rd G,Mancos,Montezuma,CO,81328,(828) 319-5252,,https://Mountainrootsproduce.com,Mike@mountainrootsproduce.com,,,,"May, June, July, August, September, October",,,,,"Open: May to October<br>Available Products: Arugula;Beans, other (lima, etc.);Beets;Bok Choy;Broccolini/baby broccoli;Cabbage;Carrots;Cauliflower;Celery;Collard Greens;Cucumbers;Eggplant (Italian, Japanese, etc.);Endives;Garlic;Green beans;Kale;Kohlrabi;Mixed leafy greens;Mustard Greens;Okra;Onions (pearl, red, white, etc.);Peanuts;Peas;Peppers, hot;Potatoes (new, red, russet, etc.);Radicchio;Radishes;Rhubarb;Soybeans;Spinach: baby, regular;Squash, summer: zucchini, etc.;Squash, winter: butternut, etc.;Sweet potatoes;Tomatoes (cherry, grape, etc.);Tomatoes (plum, round, etc.);Turnip greens;Arugula;Beans, other (lima, etc.);Beets;Bok Choy;Broccolini/baby broccoli;Cabbage;Carrots;Cauliflower;Celery;Collard Greens;Cucumbers;Eggplant (Italian, Japanese, etc.);Endives;Garlic;Green beans;Kale;Kohlrabi;Mixed leafy greens;Mustard Greens;Okra;Onions (pearl, red, white, etc.);Peanuts;Peas;Peppers, hot;Potatoes (new, red, russet, etc.);Radicchio;Radishes;Rhubarb;Soybeans;Spinach: baby, regular;Squash, summer: zucchini, etc.;Squash, winter: butternut, etc.;Sweet potatoes;Tomatoes (cherry, grape, etc.);Tomatoes (plum, round, etc.);Turnip greens;;",37.3165705,-108.5739778,usda,source,,"{""Business Name"":""usda"",""Address"":""usda"",""City"":""usda"",""Zip"":""usda"",""Phone"":""usda"",""Email"":""usda"",""Website"":""usda"",""Months Open"":""usda"",""Notes"":""usda"",""County"":""census-geocoder""}",200839,"Aug 13th, 2019"
Downtown Mead Farmers' Market,Farmers' Market,P.O. Box 55,Mead,Weld,CO,80542,(303) 358-9294,,https://www.townofmead.org/parksandrec/page/downtown-mead-farmers-market,,https://www.facebook.com/DMFM2017/,,,,,,,,,40.23740500000008,-105.00235499999997,official-site+usda,source,,"{""Website"":""official-site:https://www.townofmead.org/parksandrec/page/downtown-mead-farmers-market"",""Facebook"":""official-site:https://www.facebook.com/DMFM2017/"",""Address"":""usda"",""Zip"":""usda"",""Phone"":""usda"",""County"":""census-geocoder""}",309044,"Mar 20th, 2023"
Kiowa Creek Coaches,Agritourism,14200 Co Rd 7,Mead,Weld,CO,80542,,,http://www.kiowac3.com,kiowacreekranch@gmail.com,,,,,,,,,,40.2072370053303,-104.99765699962,usda,source,,"{""Business Name"":""usda"",""Address"":""usda"",""City"":""usda"",""Zip"":""usda"",""Email"":""usda"",""Website"":""usda"",""County"":""census-geocoder""}",8277,"Feb 12th, 2024"
Becker's Produce,On-Farm / Ranch Sales,CR 18,Merino,,CO,80741,,,,,,,,,,,,,,,,usda,,,"{""Business Name"":""usda"",""Address"":""usda"",""City"":""usda"",""Zip"":""usda""}",,
Pumpkin Pickin' Paradise,Agritourism,000 Road 52 And highway 257,Milliken,Weld,CO,80543,(970) 587-5751,,,,https://www.facebook.com/pumpkin-pickin-paradise-544731495553197,,,,,,,,,40.3634299991482,-104.869800035316,usda,source,,"{""Business Name"":""usda"",""Address"":""usda"",""City"":""usda"",""Zip"":""usda"",""Phone"":""usda"",""Facebook"":""usda"",""County"":""census-geocoder""}",5184,"Feb 12th, 2024"
Minturn Market,Farmers' Market,100 Main St.,Minturn,Eagle,CO,81645,(970) 445-2415,No,https://www.minturn.org,events@minturn.org,https://www.facebook.com/minturnmarket/,https://www.instagram.com/minturnmarket/,"Sat: 9am - 2pm, Saturdays  June 20th through September 12th (Closed on July 4th)","June, July, August, September","Apples, Apricots, Bell Peppers, Beets, Cantaloupe, Carrots, Cherries, Cucumbers, Green Beans, Herbs, Honeydew, Microgreens, Mushrooms, Nectarines, Onions, Peaches, Pears, Eggplant, Peas, Plums, Potatoes, Radishes, Raspberries, Squash, Strawberries, Sweet Corn, Tomatoes, Watermelon, Zucchini, Beef, Lamb, Pork, Baked Goods, Cheese, Eggs, Honey, Jams, Jellies, Wine, Handcrafted Gifts",No,No,Yes,"Family-friendly artisan market featuring food trucks, fresh produce, baked goods, art & pottery, clothing & jewelry, pet products & more.  Live music, live art demonstrations, whisky and wine tastings, as well as a Kids Zone.",39.589326,-106.4317455,colorado_proud+usda,source,,"{""Business Name"":""colorado_proud"",""Address"":""colorado_proud"",""City"":""colorado_proud"",""County"":""colorado_proud"",""Zip"":""colorado_proud"",""Phone"":""colorado_proud"",""Website"":""colorado_proud"",""Email"":""colorado_proud"",""Facebook"":""colorado_proud"",""Instagram"":""colorado_proud"",""Hours"":""colorado_proud"",""Months Open"":""colorado_proud"",""Products"":""colorado_proud"",""Certified Organic"":""colorado_proud"",""SNAP"":""colorado_proud"",""ADA Accessible"":""colorado_proud"",""Notes"":""colorado_proud""}",300206,"Jan 19th, 2021"
East Denver Food Hub,Food Hub,5080 Paris St,Montbello,Denver,CO,80239,(720) 481-6128,,https://www.eastdenverfoodhub.com,salvador@eastdenverfoodhub.com,https://www.facebook.com/eastdenverfoodhub/,,,"January, February, March, April, May, June, July, August, September, October, November, December",,,,,Open: Year-round<br>Available Products: Fresh fruits;Fresh vegetables;Baked goods;Canned or preserved fruits/vegetables;Dry beans;Eggs;Herbs;Grains/flour;Honey;Juices/non-alcoholic ciders;Mushrooms;Poultry/fowl meat and products;Red/other non-poultry meat and products;Tofu/non-animal protein;,39.7897946,-104.84833,usda,source,,"{""Business Name"":""usda"",""Address"":""usda"",""City"":""usda"",""Zip"":""usda"",""Phone"":""usda"",""Email"":""usda"",""Website"":""usda"",""Facebook"":""usda"",""Months Open"":""usda"",""Notes"":""usda"",""County"":""census-geocoder""}",500220,"Oct 20th, 2021"
Monte Vista Farmers Market,Farmers' Market,"947 1st Ave (at 1st Ave & Jefferson St), Monte Vista, CO 81144",Monte Vista,Rio Grande,CO,81144,(719) 469-7381,,https://www.facebook.com/MonteVistaFarmersMarket,montefarmersmarket@gmail.com,https://www.facebook.com/MonteVistaFarmersMarket,https://instagram.com/monte_vista_farmers_market,Fri: 9:00am - 1:00pm,"July, August, September","Apples, apricots, beets, bell peppers, broccoli, cantaloupe, carrots, cherries, chile peppers, roasted chiles, cucumbers, garlic, green beans, herbs, honeydew, kale, lettuce, microgreens, nectarines, onion, peaches, pears, peas, pinto beans, potatoes, pumpkins, radishes, rhubarb, spinach, squash, sweet corn, tomatoes, turnips, watermelon, zucchini, baked goods, cheese, honey, jams/jellies, pickles, handcrafted gifts, goat milk soap, lotion, salvage art sculptures, fudge, local specialty drinks and lunches",,Yes,,"The Monte Vista Farmers Market is dedicated to bringing local (Colorado and New Mexico) foods, crafts and art to the community. We are also dedicated to helping those most in need of fresh food access be connected to local foods. | Programs: SNAP, Double Up; Season 07/17/2026–09/25/2026",37.5799049,-106.1432995,official-site+cfma+usda,source,,"{""Address"":""official-site:https://www.coloradolandcan.org/local-resources/Monte-Vista-Farmers-Market/40560"",""Phone"":""official-site:https://www.coloradolandcan.org/local-resources/Monte-Vista-Farmers-Market/40560"",""Website"":""official-site:https://www.coloradolandcan.org/local-resources/Monte-Vista-Farmers-Market/40560"",""Email"":""official-site:https://www.coloradolandcan.org/local-resources/Monte-Vista-Farmers-Market/40560"",""Facebook"":""official-site:https://www.facebook.com/MonteVistaFarmersMarket"",""Hours"":""official-site:https://www.coloradolandcan.org/local-resources/Monte-Vista-Farmers-Market/40560"",""Months Open"":""official-site:https://www.coloradolandcan.org/local-resources/Monte-Vista-Farmers-Market/40560"",""Products"":""official-site:https://www.coloradolandcan.org/local-resources/Monte-Vista-Farmers-Market/40560"",""SNAP"":""official-site:https://www.coloradolandcan.org/local-resources/Monte-Vista-Farmers-Market/40560"",""Zip"":""cfma"",""Instagram"":""cfma"",""Notes"":""cfma"",""County"":""census-geocoder""}",309098,"Mar 20th, 2023"
Black Canyon Hydroponics,On-Farm / Ranch Sales,1850 Launa Drive,Montrose,Montrose,CO,81401,,,,scott@blackcanyonhydroponics.com,,,,,,,,,,38.496333858592,-107.897567074702,usda,census-geocoder,,"{""Business Name"":""usda"",""Address"":""usda"",""City"":""usda"",""Zip"":""usda"",""Email"":""usda"",""County"":""census-geocoder""}",,
Circle A Garden,CSA Farm,20341 Pahgre Rd,Montrose,Montrose,CO,81403,(970) 249-9725,,https://www.circleagarden.com,circlea@skybeam.com,,,,"April, May, June, July, August, September, October, November, December",,,,,"Open: April to December<br>Available Products: Apples;Apricots;Figs;Artichoke;Arugula;Asparagus;Beans, other (lima, etc.);Beets;Bok Choy;Broccoli;Broccolini/baby broccoli;Carrots;Cauliflower;Collard Greens;Corn (sweet);Cucumbers;Eggplant (Italian, Japanese, etc.);Endives;Garlic;Green beans;Kale;Kohlrabi;Mizuna;Mustard Greens;Okra;Onions (pearl, red, white, etc.);Parsnips;Peanuts;Peas;Peppers, hot;Peppers, sweet;Potatoes (new, red, russet, etc.);Pumpkin;Radicchio;Radishes;Rhubarb;Rutabaga;Shallots;Soybeans;Spinach: baby, regular;Squash, summer: zucchini, etc.;Squash, winter: butternut, etc.;Sweet potatoes;Tomatoes (cherry, grape, etc.);Tomatoes (plum, round, etc.);Turnip greens;Apples;Apricots;Figs;;Artichoke;Arugula;Asparagus;Beans, other (lima, etc.);Beets;Bok Choy;Broccoli;Broccolini/baby broccoli;Carrots;Cauliflower;Collard Greens;Corn (sweet);Cucumbers;Eggplant (Italian, Japanese, etc.);Endives;Garlic;Green beans;Kale;Kohlrabi;Mizuna;Mustard Greens;Okra;Onions (pearl, red, white, etc.);Parsnips;Peanuts;Peas;Peppers, hot;Peppers, sweet;Potatoes (new, red, russet, etc.);Pumpkin;Radicchio;Radishes;Rhubarb;Rutabaga;Shallots;Soybeans;Spinach: baby, regular;Squash, summer: zucchini, etc.;Squash, winter: butternut, etc.;Sweet potatoes;Tomatoes (cherry, grape, etc.);Tomatoes (plum, round, etc.);Turnip greens;;Dry beans;Fresh and/or dried herbs;",38.385808,-107.813915,usda,source,,"{""Business Name"":""usda"",""Address"":""usda"",""City"":""usda"",""Zip"":""usda"",""Phone"":""usda"",""Email"":""usda"",""Website"":""usda"",""Months Open"":""usda"",""Notes"":""usda"",""County"":""census-geocoder""}",200596,"Jan 8th, 2015"
Covered Bridge Ranch,Agritourism,249 6250 Road,Montrose,Montrose,CO,81403,,,,,https://www.facebook.com/devriesfruitandveggies,,,,,,,,,38.4391471724168,-107.918818073282,usda,source,,"{""Business Name"":""usda"",""Address"":""usda"",""City"":""usda"",""Zip"":""usda"",""Facebook"":""usda"",""County"":""census-geocoder""}",2954,"Feb 12th, 2024"
DELYAKS,On-Farm / Ranch Sales,14679 5875 Rd,Montrose,Montrose,CO,81403,(970) 249-1734,,https://www.yakmeat.us,orders@yakmeat.us,https://facebook.com/DELYAKS,,,,,,,,,38.480011,-107.99123,usda,source,,"{""Business Name"":""usda"",""Address"":""usda"",""City"":""usda"",""Zip"":""usda"",""Phone"":""usda"",""Email"":""usda"",""Website"":""usda"",""Facebook"":""usda"",""County"":""census-geocoder""}",701547,"Aug 6th, 2020"
Life Cycles Pasture,On-Farm / Ranch Sales,1875 Locust Rd,Montrose,Montrose,CO,81401,(541) 350-4261,,https://www.lifecyclespasture.com,batw2012@gmail.com,https://www.facebook.com/pages/Life-Cycles-Pasture/400632466741298?ref=bookmarks,,,,,,,,,38.491708,-107.8606,usda,source,,"{""Business Name"":""usda"",""Address"":""usda"",""City"":""usda"",""Zip"":""usda"",""Phone"":""usda"",""Email"":""usda"",""Website"":""usda"",""Facebook"":""usda"",""County"":""census-geocoder""}",700902,"Aug 23rd, 2014"
Montrose Farmers Market,Farmers' Market,Centennial Plaza,Montrose,Montrose,CO,81401,(970) 249-0705,,https://www.valleyfoodpartnership.org,office@valleyfoodpartnership.org,https://www.facebook.com/MontroseFarmersMarket,https://www.instagram.com/montrosecoloradofarmersmarket/?hl=en,"Sat: Summer Season: 9 am - 1 pm, Winter Season: 10 am - 1 pm","January, February, March, April, May, June, July, August, September, November, October, December","Apples, Apricots, Asparagus, Beets, Bell Peppers, Broccoli, Cabbage, Cantaloupe, Carrots, Cauliflower, Celery, Cherries, Chile Peppers, Chile - Roasted, Cucumbers, Eggplant, Garlic, Grapes, Green Beans, Herbs, Honeydew, Kale, Leeks, Microgreens, Mushrooms, Onions, Nectarines, Peaches, Pears, Peas, Pinto Beans, Plums, Potatoes, Pumpkins, Radishes, Rhubarb, Spinach, Squash, Sweet Corn, Tomatoes, Turnips, Watermelon, Zucchini, Beef, Pork, Poultry, Sausage, Baked Goods, Cheese, Eggs, Honey, Jams, Jellies, Pickles, Cider, Juices, Handcrafted Gifts",No,Yes,Yes,"The Montrose Farmers Market is a year-round market featuring farmers, ranchers, producers, and artisans of the Western Slope. Our mission is to connect local producers to local people, provide food access services (SNAP and Double Up Food Bucks), help to incubate new businesses and producers, and support community building.",38.47814846800003,-107.86221239799994,colorado_proud+usda,source,,"{""Business Name"":""colorado_proud"",""Address"":""colorado_proud"",""City"":""colorado_proud"",""County"":""colorado_proud"",""Zip"":""colorado_proud"",""Phone"":""colorado_proud"",""Website"":""colorado_proud"",""Email"":""colorado_proud"",""Facebook"":""colorado_proud"",""Instagram"":""colorado_proud"",""Hours"":""colorado_proud"",""Months Open"":""colorado_proud"",""Products"":""colorado_proud"",""Certified Organic"":""colorado_proud"",""SNAP"":""colorado_proud"",""ADA Accessible"":""colorado_proud"",""Notes"":""colorado_proud""}",309099,"Mar 20th, 2023"
Uncompahgre Farms,On-Farm / Ranch Sales,20413 U.S. 550,Montrose,Montrose,CO,81403,(305) 216-4682,,https://www.uncofarms.com,uncofarm@gmail.com,,,,,,,,,,38.394940651605,-107.833468109728,usda,census-geocoder,,"{""Business Name"":""usda"",""Address"":""usda"",""City"":""usda"",""Zip"":""usda"",""Phone"":""usda"",""Email"":""usda"",""Website"":""usda"",""County"":""census-geocoder""}",,
Colorado Kids Ranch,Agritourism,2205 E Hwy 105,Monument,El Paso,CO,80132,,,https://coloradokidsranch.com/,hello@coloradokidsranch.com,,,,,,,,,,39.100011109418,-104.786617942648,usda,census-geocoder,,"{""Business Name"":""usda"",""Address"":""usda"",""City"":""usda"",""Zip"":""usda"",""Email"":""usda"",""Website"":""usda"",""County"":""census-geocoder""}",,
Monument Hill Farmers' Market,Farmers' Market,"66 Jefferson Street, Monument, CO 80132",Monument,El Paso,CO,80132,(719) 351-0012,,,corderamarket@yahoo.com,https://www.facebook.com/monumenthillfarmersmarket/,,Sat: 8:00am - 2:00pm,"May, June, July, August, September, October",,,,,,39.090785984457824,-104.8707290016444,official-site+usda,source,,"{""Address"":""official-site:https://www.townofmonument.org/Calendar.aspx?EID=194"",""Phone"":""official-site:https://www.springsfarmersmarkets.com/monument"",""Email"":""official-site:https://www.springsfarmersmarkets.com/monument"",""Facebook"":""official-site:https://www.facebook.com/monumenthillfarmersmarket/"",""Hours"":""official-site:https://www.townofmonument.org/Calendar.aspx?EID=194"",""Months Open"":""official-site:https://www.townofmonument.org/Calendar.aspx?EID=194"",""Zip"":""usda"",""County"":""census-geocoder""}",309100,"Mar 20th, 2023"
Searle Ranch,On-Farm / Ranch Sales,18911 Cherry Springs Ranch Dr.,Monument,El Paso,CO,80132,(719) 481-3735,,https://searleranch.com,stan@searleranch.com,https://www.facebook.com/pages/Searle-Ranch-Grass-Fed-Beef,,,,,,,,,39.107269,-104.78193,usda,source,,"{""Business Name"":""usda"",""Address"":""usda"",""City"":""usda"",""Zip"":""usda"",""Phone"":""usda"",""Email"":""usda"",""Website"":""usda"",""Facebook"":""usda"",""County"":""census-geocoder""}",700233,"Mar 23rd, 2015"
Valley Roots Food Hub,Food Hub,5401 Terry St,Mosca,Alamosa,CO,81146,(719) 588-8245,,https://www.valleyrootsfoodhub.com,nick@valleyrootsfoodhub.com,https://facebook.com/valleyrootsfoodhub,,,"January, February, March, April, May, June, July, August, September, October, November, December",,,,,Open: Year-round<br>Available Products: Fresh fruits;Fresh vegetables;Baked goods;Canned or preserved fruits/vegetables;Coffee/tea;Dairy products;Dry beans;Eggs;Fish/seafood;Herbs;Grains/flour;Honey;Juices/non-alcoholic ciders;Mushrooms;Nuts;Poultry/fowl meat and products;Red/other non-poultry meat and products;,37.6529292,-105.87582,usda,source,,"{""Business Name"":""usda"",""Address"":""usda"",""City"":""usda"",""Zip"":""usda"",""Phone"":""usda"",""Email"":""usda"",""Website"":""usda"",""Facebook"":""usda"",""Months Open"":""usda"",""Notes"":""usda"",""County"":""census-geocoder""}",500213,"Apr 14th, 2022"
Market on the Plaza,Farmers' Market,Heritage Plaza,Mountain Village,San Miguel,CO,81435,(970) 369-8606,No,https://www.marketontheplaza.com,marketontheplaza@mtnvillage.org,https://www.facebook.com/townofmountainvillage,https://instagram.com/townofmountainvillage,Wed: 11 a.m. - 4 p.m.,"June, July, August, September","Apples, Apricots, Asparagus, Beets, Bell Peppers, Cabbage, Cantaloupe, Carrots, Cherries, Cucumbers, Green Beans, Herbs, Kale, Lettuce, Microgreens, Nectarines, Onions, Peaches, Eggplant, Garlic, Pumpkins, Potatoes, Radishes, Spinach, Squash, Strawberries, Sweet Corn, Tomatoes, Turnips, Watermelon, Zucchini, Beef, Lamb, Pork, Sausage, Baked Goods, Cheese, Eggs, Honey, Jams, Jellies, Popcorn, Pickles, Cider, Juices, Handcrafted Gifts, Free Wine Tastings",No,No,Yes,"June 10 - September 9, 2026
Located in the heart of Mountain Village
Free family friendly entertainment daily",37.936061100000074,-107.84798519999998,colorado_proud,source,,"{""Business Name"":""colorado_proud"",""Address"":""colorado_proud"",""City"":""colorado_proud"",""County"":""colorado_proud"",""Zip"":""colorado_proud"",""Phone"":""colorado_proud"",""Website"":""colorado_proud"",""Email"":""colorado_proud"",""Facebook"":""colorado_proud"",""Instagram"":""colorado_proud"",""Hours"":""colorado_proud"",""Months Open"":""colorado_proud"",""Products"":""colorado_proud"",""Certified Organic"":""colorado_proud"",""SNAP"":""colorado_proud"",""ADA Accessible"":""colorado_proud"",""Notes"":""colorado_proud""}",,
Arrowpoint Cattle Company,On-Farm / Ranch Sales,21900 County Road 196,Nathrop,Chaffee,CO,81236,(303) 618-3135,,https://www.arrowpointcattle.com,arrowpointcc@aol.com,,https://www.instagram.com/arrowpointprovisions/,,,"Grass-fed Highland beef, pork, dog treats, soaps, salves, candles, tanned hides, breeding stock",,,,"All natural grass-fed highland beef. Holistically raised from start to finish at 8,000 ft. in Colorado. Established in 1959.",38.73034699999999,-106.0742298,official-site+chaffee_provides,source,,"{""Phone"":""official-site:https://www.arrowpointcattle.com/contact"",""Email"":""official-site:https://www.arrowpointcattle.com/contact"",""Instagram"":""official-site:https://www.arrowpointcattle.com/contact"",""Products"":""official-site:https://www.arrowpointcattle.com"",""Address"":""chaffee_provides"",""Zip"":""chaffee_provides"",""Website"":""chaffee_provides"",""Notes"":""chaffee_provides"",""County"":""census-geocoder""}",arrowpoint-cattle-company,
Copper Canyon Suri Ranch,Agritourism,6583 Magnolia Drive,Nederland,Boulder,CO,80466,,,https://www.alpacanation.com/coppercanyon.asp,,,,,,,,,,,39.972885991434,-105.427094001987,usda,source,,"{""Business Name"":""usda"",""Address"":""usda"",""City"":""usda"",""Zip"":""usda"",""Website"":""usda"",""County"":""census-geocoder""}",10529,"Feb 12th, 2024"
Nederland Farmers Market,Farmers' Market,80 E Second St,Nederland,Boulder,CO,80466,(303) 596-9164,No,https://www.nederlandfarmersmarket.org,Vending@nederlandfarmersmarket.com,https://www.facebook.com/NederlandFarmersMarket,https://instagram.com/nederlandfarmersmarket,Sun: 10:00am-2:00pm,"May, June, July, August, September, October, November","Apples, Apricots, Asparagus, Bell Peppers, Beets, Broccoli, Cantaloupe, Carrots, Celery, Cherries, Chile Peppers, Chile - Roasted, Cucumbers, Brussels Sprouts, Cabbage, Cauliflower, Eggplant, Garlic, Green Beans, Herbs, Honeydew, Kale, Leeks, Lettuce, Microgreens, Mushrooms, Onions, Peaches, Pears, Nectarines, Okra, Peas, Pinto Beans, Plums, Potatoes, Pumpkins, Radishes, Rhubarb, Spinach, Squash, Sweet Corn, Strawberries, Tomatoes, Turnips, Watermelon, Zucchini, Raspberries, Beef, Lamb, Pork, Poultry, Sausage, Salmon, Baked Goods, Cheese, Eggs, Honey, Pickles, Popcorn",No,Yes,Yes,"A vibrant mountain community market featuring fresh local produce, pasture-raised meats, baked goods, handmade crafts, and live music in the heart of Nederland.",39.962529575130986,-105.50897570901505,colorado_proud+cfma+usda,source,,"{""Business Name"":""colorado_proud"",""Address"":""colorado_proud"",""City"":""colorado_proud"",""County"":""colorado_proud"",""Zip"":""colorado_proud"",""Website"":""colorado_proud"",""Email"":""colorado_proud"",""Facebook"":""colorado_proud"",""Instagram"":""colorado_proud"",""Hours"":""colorado_proud"",""Months Open"":""colorado_proud"",""Products"":""colorado_proud"",""Certified Organic"":""colorado_proud"",""SNAP"":""colorado_proud"",""ADA Accessible"":""colorado_proud"",""Notes"":""colorado_proud"",""Phone"":""usda""}",301616,"Dec 10th, 2021"
Fresh Foundation - DBA Fresh Food Hub,Food Hub,161 Gurley Dr,Norwood,San Miguel,CO,,,,https://freshfoodhub.net/,norwoodcollective@gmail.com,,,,,,,,,,38.099399097215,-108.241890551323,usda,census-geocoder,,"{""Business Name"":""usda"",""Address"":""usda"",""City"":""usda"",""Email"":""usda"",""Website"":""usda"",""County"":""census-geocoder""}",,
Indian Ridge Farm,CSA Farm,1401 CR 43ZN,Norwood,,CO,81423,(970) 327-4762,,http://indianridgefarm.org,,,,,,,,,,,,,usda,,,"{""Business Name"":""usda"",""Address"":""usda"",""City"":""usda"",""Zip"":""usda"",""Phone"":""usda"",""Website"":""usda""}",,
Norwood Farm and Craft Market,Farmers' Market,1165 Summit Street,Norwood,San Miguel,CO,81423,(970) 327-4393,,https://www.norwoodfarmmarket.org/,,https://www.facebook.com/Norwood-Farm-Craft-Market-349308959339/,,Sat: 9:00am - 1:00pm (June-September); Sat: 10:00am - 12:00pm (October-May),"January, February, March, April, May, June, July, August, September, October, November, December","Fruits, vegetables, flowers, and herbs in season (organic and conventional); grass-fed beef and pastured pork; farm fresh eggs; artisan baked goods; honey; homemade jams; lavender products; hard shell gourds; handcrafted glass jewelry; handspun alpaca and wool yarn and handmade garments; local silversmith jewelry; handcrafted quilts and sewn items; also children's activities, music, cooking and canning demonstrations, flea market items, and CSU Extension information",,Yes,,,38.13177756667583,-108.29652518750727,official-site+usda,source,,"{""Facebook"":""official-site:https://www.facebook.com/Norwood-Farm-Craft-Market-349308959339/"",""Hours"":""official-site:https://www.localharvest.org/norwood-farm-and-craft-market-M36178"",""Months Open"":""official-site:https://www.localharvest.org/norwood-farm-and-craft-market-M36178"",""Products"":""official-site:https://www.localharvest.org/norwood-farm-and-craft-market-M36178"",""SNAP"":""official-site:https://www.topfarmersmarkets.com/colorado/norwood/norwood-farm-and-craft-market"",""Address"":""usda"",""Zip"":""usda"",""Phone"":""usda"",""Website"":""usda"",""County"":""census-geocoder""}",309104,"Mar 20th, 2023"
Grace Hill Farm LLC,CSA Farm,10695 County Road 102,Nunn,,CO,80648,(970) 515-2885,,http://gracehillfarmco.com,,,,,,,,,,,,,usda,,,"{""Business Name"":""usda"",""Address"":""usda"",""City"":""usda"",""Zip"":""usda"",""Phone"":""usda"",""Website"":""usda""}",,
Dayspring Farm,Agritourism,,Olathe,Montrose,CO,81425,,,https://www.dayspringfarm.net,bob@dayspringfarm.net,,,,,,,,,,38.6168727598232,-107.963845901174,usda,source,,"{""Business Name"":""usda"",""City"":""usda"",""Zip"":""usda"",""Email"":""usda"",""Website"":""usda"",""County"":""census-geocoder""}",9301,"Feb 12th, 2024"
DeVries Fruit & Veggie Roadside Stand / The Friend-ly Farm,"Agritourism, On-Farm / Ranch Sales",451 South 3rd Street,Olathe,Montrose,CO,81425,(970) 209-7508,,,pam@stardrivein.com,https://www.facebook.com/devries-fruit-veggies-2015213168694491/,,,,,,,,,38.6071850000001,-107.98118,usda,source,,"{""Business Name"":""usda"",""Address"":""usda"",""City"":""usda"",""Zip"":""usda"",""Phone"":""usda"",""Email"":""usda"",""Facebook"":""usda"",""County"":""census-geocoder""}",2953,"Feb 12th, 2024"
Pagosa Springs Farmers Market,Farmers' Market,"225 S. Pagosa Blvd, Pagosa Springs, CO 81147",Pagosa Spgs,Archuleta,CO,81147,(970) 264-5232,,https://www.pagosafarmersmarket.net/,Info@PagosaFarmersMarket.net,https://www.facebook.com/PagosaFarmersMarket/,https://www.instagram.com/pagosafarmersmarket/,Sat: 9:00am - 1:00pm,"May, June, July, August, September","Garden-fresh vegetables, mushrooms, fruit, and plant starts from growers; artisan breads, prepared foods, grass-fed meat, eggs, and coffee from producers; jewelry, cards, and fabric goods from makers",,Yes,,,37.268886086535446,-107.00470746521046,official-site+usda,source,,"{""Address"":""official-site:https://www.pagosafarmersmarket.net/"",""Phone"":""official-site:https://www.pagosafarmersmarket.net/"",""Website"":""official-site:https://www.pagosafarmersmarket.net/"",""Email"":""official-site:https://www.pagosafarmersmarket.net/"",""Facebook"":""official-site:https://www.pagosafarmersmarket.net/"",""Instagram"":""official-site:https://www.instagram.com/pagosafarmersmarket/"",""Hours"":""official-site:https://www.pagosafarmersmarket.net/"",""Months Open"":""official-site:https://www.pagosafarmersmarket.net/"",""Products"":""official-site:https://www.pagosafarmersmarket.net/"",""SNAP"":""official-site:https://www.pagosafarmersmarket.net/"",""Zip"":""usda"",""County"":""census-geocoder""}",309109,"Mar 20th, 2023"
Pagosa Farmers Market,Farmers' Market,"225 S. Pagosa Blvd, Pagosa Springs, CO 81147 (at St. Patrick's Episcopal Church)",Pagosa Springs,Archuleta,CO,81147,(970) 264-5232,,https://www.pagosafarmersmarket.net/,pagosafarmersmarket@gmail.com,https://www.facebook.com/PagosaFarmersMarket/,,Sat: 9:00am - 1:00pm,"May, June, July, August, September","Garden fresh vegetables, mushrooms, fruit and plant starts; artisan breads; grass-fed meats; farm eggs; coffee; honey; jewelry and crafts",,Yes,,,37.26902698039497,-107.0509409751049,official-site+usda,source,,"{""Address"":""official-site:https://www.pagosafarmersmarket.net/"",""Phone"":""official-site:https://www.pagosafarmersmarket.net/"",""Website"":""official-site:https://www.pagosafarmersmarket.net/"",""Email"":""official-site:https://www.pagosafarmersmarket.net/"",""Facebook"":""official-site:https://www.pagosafarmersmarket.net/"",""Hours"":""official-site:https://www.pagosafarmersmarket.net/"",""Months Open"":""official-site:https://www.pagosafarmersmarket.net/"",""Products"":""official-site:https://www.pagosafarmersmarket.net/market/"",""SNAP"":""official-site:https://www.pagosafarmersmarket.net/"",""Zip"":""usda"",""County"":""census-geocoder""}",309108,"Mar 20th, 2023"
Herman Produce,On-Farm / Ranch Sales,753 Elberta,Palisade,Mesa,CO,81526,,,,,,,,,,,,,,39.112789708843,-108.360291838526,usda,census-geocoder,Palisade Peach Shack,"{""Business Name"":""usda"",""Address"":""usda"",""City"":""usda"",""Zip"":""usda"",""County"":""census-geocoder""}",,
Morton's Organic Orchards,On-Farm / Ranch Sales,3651 E 1/2 Road,Palisade,Mesa,CO,81526,,,https://www.mortonsorchards.com,hburtness1@msn.com,,,,,,,,,,39.083522,-108.37491,usda,source,,"{""Business Name"":""usda"",""Address"":""usda"",""City"":""usda"",""Zip"":""usda"",""Email"":""usda"",""Website"":""usda"",""County"":""census-geocoder""}",700340,"Aug 25th, 2014"
Palisade Peach Shack,"Roadside Market, U-Pick",757 37 3/10 Rd,Palisade,Mesa,CO,81526,(970) 464-2091,,https://www.palisadepeachshack.com/,,https://www.facebook.com/PalisadePeachShackWesternSlope/,https://www.instagram.com/palisadepeachshack/,U-pick orchard tours in summer season,,"Peaches, cherries, apricots, pears, melons, corn, jams, peach butter, salsas, pies, coffee, ice cream",,,,"Pin is the u-pick tour start (757 37 3/10 Rd, per the business's own site). The fruit stand / local market is at 451 Wine Valley Rd, Palisade (per the Palisade Chamber and Yelp).",39.114129568607,-108.360267102487,curated,census-geocoder,Herman Produce,"{""Business Name"":""curated"",""Address"":""curated"",""City"":""curated"",""Zip"":""curated"",""Phone"":""curated"",""Website"":""curated"",""Facebook"":""curated"",""Instagram"":""curated"",""Hours"":""curated"",""Products"":""curated"",""Notes"":""curated"",""County"":""census-geocoder""}",https://www.palisadepeachshack.com/,2026-10-04
Palisade Sunday Farmers' Market,Farmers' Market,3rd St. & Main St.,Palisade,Mesa,CO,81526,(970) 464-5602,,https://palisade.colorado.gov/sunday-farmers-market,mgossage@townofpalisade.org,https://www.facebook.com/PalisadeFarmersMarket,,Sun: 9:00am - 1:00pm,"June, July, August, September, October","Fresh produce and an ever-changing collection of handcrafted/artisan goods (baked goods, lavender, soaps, jewelry, juice, flowers), plus rotating food trucks and live music",,,,,39.11030001896913,-108.35093995945107,official-site+usda,source,,"{""Phone"":""official-site:https://palisade.colorado.gov/sunday-farmers-market"",""Website"":""official-site:https://palisade.colorado.gov/sunday-farmers-market"",""Facebook"":""official-site:https://palisade.colorado.gov/sunday-farmers-market"",""Hours"":""official-site:https://palisade.colorado.gov/sunday-farmers-market"",""Months Open"":""official-site:https://palisade.colorado.gov/sunday-farmers-market"",""Products"":""official-site:https://palisade.colorado.gov/sunday-farmers-market"",""Address"":""usda"",""Zip"":""usda"",""Email"":""usda"",""County"":""census-geocoder""}",309110,"Mar 20th, 2023"
Z's Orchard,On-Farm / Ranch Sales,315 33 34 Rd,Palisade,Mesa,CO,81526,,,,zorchard@email.com,,,,,,,,,,39.050158500999,-108.441157232284,usda,census-geocoder,,"{""Business Name"":""usda"",""Address"":""usda"",""City"":""usda"",""Zip"":""usda"",""Email"":""usda"",""County"":""census-geocoder""}",,
Camelot farms,Agritourism,15911 black bridge road,Paonia,Delta,CO,81428,,,,toniharmony@yahoo.com,,,,,,,,,,38.8828989858194,-107.5894719677,usda,source,,"{""Business Name"":""usda"",""Address"":""usda"",""City"":""usda"",""Zip"":""usda"",""Email"":""usda"",""County"":""census-geocoder""}",12006,"Feb 12th, 2024"
"Desert Weyr, LLC","On-Farm / Ranch Sales, Agritourism",16870 Garvin Mesa Road,Paonia,Delta,CO,81428,(970) 527-3573,,http://www.desertweyr.com,Sales@desertweyr.com,https://www.facebook.com/pages/Desert-Weyr-LLC/56496179294,,,,,,,,,38.898061,-107.57408,usda,source,,"{""Business Name"":""usda"",""Address"":""usda"",""City"":""usda"",""Zip"":""usda"",""Phone"":""usda"",""Email"":""usda"",""Website"":""usda"",""Facebook"":""usda"",""County"":""census-geocoder""}",700845,"Jun 7th, 2015"
"First Fruits Organic Farms, Inc.",Agritourism,221 Orchard Avenue,Paonia,Delta,CO,81428,(970) 527-6122,,,,https://www.facebook.com/first-fruits-organic-farms-449502835075,,,,,,,,,38.8680200000001,-107.591955,usda,source,,"{""Business Name"":""usda"",""City"":""usda"",""Zip"":""usda"",""Phone"":""usda"",""Facebook"":""usda"",""Address"":""usda"",""County"":""census-geocoder""}",3191,"Feb 12th, 2024"
Full Spectrum Farms,Agritourism,877 Grange Road,Paonia,Delta,CO,81428,(720) 256-3364,,,info@theyakboys.com,,,,,,,,,,38.8935722695007,-107.570797269688,usda,source,,"{""Business Name"":""usda"",""Address"":""usda"",""City"":""usda"",""Zip"":""usda"",""Phone"":""usda"",""Email"":""usda"",""County"":""census-geocoder""}",13241,"Feb 12th, 2024"
McClure Orchards - ORGANIC,Agritourism,179 O Road,Paonia,Delta,CO,81428,(970) 527-6241,,,mccluresorchard@gmail.com,https://www.facebook.com/mcclures.orchard,,,,,,,,,38.8565947803229,-107.590707182966,usda,source,,"{""Business Name"":""usda"",""Address"":""usda"",""City"":""usda"",""Zip"":""usda"",""Phone"":""usda"",""Email"":""usda"",""Facebook"":""usda"",""County"":""census-geocoder""}",4303,"Feb 12th, 2024"
Orchard Valley Farms & Market.   Black Bridge Winery,Farmers' Market,15836 Black Bridge Rd,Paonia,Delta,CO,81428,(970) 527-6838,,https://orchardvalleyfarms.com,webaction@orchardvalleyfarms.com,https://www.facebook.com/OrchardValleyFarms/,https://www.instagram.com/orchardvalleyfarms/,Daily: 10:00am - 6:00pm,"May, June, July, August, September, October","U-pick raspberries, cherries, peaches, pumpkins, fresh fruits and vegetables, wine grapes, Black Bridge wines, balsamic vinegars, infused olive oils, jams, salsas, mustards, chutneys, honey, jerky, cheese, pickles, Black Bridge Beef, jewelry, decor and yard sculpture",No,No,Yes,We are family owned and operated.  Visitors enjoy u-picking fruit and vegetables and sipping on a glass of Black Bridge wine by the river.  We have an on site market with local products and our tasting room with a large selection of our estate grown wines.,38.887091999999996,-107.580996,official-site+colorado_proud,source,,"{""Phone"":""official-site:https://orchardvalleyfarms.com"",""Facebook"":""official-site:https://www.facebook.com/OrchardValleyFarms/"",""Instagram"":""official-site:https://www.instagram.com/orchardvalleyfarms/"",""Hours"":""official-site:https://orchardvalleyfarms.com/visit"",""Months Open"":""official-site:https://orchardvalleyfarms.com/visit"",""Products"":""official-site:https://orchardvalleyfarms.com/farm-market"",""Address"":""colorado_proud"",""County"":""colorado_proud"",""Zip"":""colorado_proud"",""Website"":""colorado_proud"",""Email"":""colorado_proud"",""Certified Organic"":""colorado_proud"",""SNAP"":""colorado_proud"",""ADA Accessible"":""colorado_proud"",""Notes"":""colorado_proud""}",,
Orchard Valley Farms and Black Ridge Winery,"Agritourism, On-Farm / Ranch Sales",836 Black Bridge Road,Paonia,Delta,CO,81428,(970) 527-6838,,,kendal.butterfield@gmail.com,https://www.facebook.com/orchardvalleyfarms,,,,,,,,,38.8820756382918,-107.578933959066,usda,source,,"{""Business Name"":""usda"",""Address"":""usda"",""City"":""usda"",""Zip"":""usda"",""Phone"":""usda"",""Email"":""usda"",""Facebook"":""usda"",""County"":""census-geocoder""}",4640,"Feb 12th, 2024"
The Arbol Farmers Market,Farmers' Market,708 4th St,Paonia,Delta,CO,81428,(970) 433-5852,No,https://thelearningcouncil.org,arbolfarmersmarket@thelearningcouncil.org,,https://instagram.com/arbolfarmersmarket,Tue: 5 - 7:30PM,"May, June, July, August, September, October","Apples, Apricots, Beets, Cabbage, Carrots, Cherries, Chile Peppers, Chile - Roasted, Cucumbers, Celery, Broccoli, Bell Peppers, Eggplant, Garlic, Grapes, Green Beans, Herbs, Kale, Leeks, Lettuce, Microgreens, Mushrooms, Onions, Peaches, Pears, Nectarines, Peas, Potatoes, Pumpkins, Radishes, Tomatoes, Turnips, Squash, Sweet Corn, Zucchini, Beef, Baked Goods, Cheese, Eggs, Honey, Pickles, Jellies, Jams, Popcorn, Handcrafted Gifts, Willow Baskets, herbal products, local art",No,Yes,Yes,"From Highway 133, follow the signs to Downtown
Paonia. From the intersection of Grand Avenue
and 4th St., follow 4th street down to Town Park.",38.871036000000004,-107.591742,colorado_proud+cfma,source,,"{""Business Name"":""colorado_proud"",""Address"":""colorado_proud"",""City"":""colorado_proud"",""County"":""colorado_proud"",""Zip"":""colorado_proud"",""Phone"":""colorado_proud"",""Website"":""colorado_proud"",""Email"":""colorado_proud"",""Instagram"":""colorado_proud"",""Hours"":""colorado_proud"",""Months Open"":""colorado_proud"",""Products"":""colorado_proud"",""Certified Organic"":""colorado_proud"",""SNAP"":""colorado_proud"",""ADA Accessible"":""colorado_proud"",""Notes"":""colorado_proud""}",,
The Living Farm,Agritourism,39776 Green Tractor Rd,Paonia,Delta,CO,81428,,,https://thelivingfarm.org,,,,,,,,,,,38.833280004949,-107.615475984111,usda,source,,"{""Business Name"":""usda"",""Address"":""usda"",""City"":""usda"",""Zip"":""usda"",""Website"":""usda"",""County"":""census-geocoder""}",10455,"Feb 12th, 2024"
Zephyros Farm and Garden,On-Farm / Ranch Sales,3725 Road,Paonia,,CO,,,,,,,,,,,,,,,,,usda,,,"{""Business Name"":""usda"",""Address"":""usda"",""City"":""usda""}",,
Flat Acres Farm,Agritourism,11321 Dransfeldt Road,Parker,Douglas,CO,80134,(303) 805-1038,,http://www.flatacresfarm.com,info@flatacresfarm.com,,,,,,,,,,39.5098930036229,-104.77344000003,usda,source,,"{""Business Name"":""usda"",""Address"":""usda"",""City"":""usda"",""Zip"":""usda"",""Phone"":""usda"",""Email"":""usda"",""Website"":""usda"",""County"":""census-geocoder""}",1280,"Feb 12th, 2024"
Parker Farmers Market,Farmers' Market,Parker Road & Main Street,Parker,Douglas,CO,80138,(303) 693-3662,,https://www.parkercolorado.net/parker-farmers-market-dates-and-time,,https://www.facebook.com/parkerfarmersmarket/,,Sun: 8:00am - 1:00pm,"May, June, July, August, September, October","Fresh vegetables, fresh fruit, homemade salsa, flowers, herbs, baked goods, fresh bread, meats, dog treats, pasta, cosmetics, crafts, plus ready-made foods like breakfast burritos, quesadillas, and wine tasting; over 100 vendors",,,,,39.51848998643388,-104.7236899681034,official-site+usda,source,,"{""Facebook"":""official-site:https://www.facebook.com/parkerfarmersmarket/"",""Hours"":""official-site:https://www.parkercolorado.net/parker-farmers-market-dates-and-times/"",""Months Open"":""official-site:https://www.parkercolorado.net/parker-farmers-market-dates-and-times/"",""Products"":""official-site:https://www.parkercolorado.net/parker-farmers-market-dates-and-times/"",""Address"":""usda"",""Zip"":""usda"",""Phone"":""usda"",""Website"":""usda"",""County"":""census-geocoder""}",309111,"Mar 20th, 2023"
Williams Family Markets,Farmers' Market,P.O. Box 2916,Parker,Douglas,CO,80134,(303) 693-3662,,https://thelocalcolorado.com/parker-farmers-market/,,https://www.facebook.com/parkerfarmersmarket/,https://www.instagram.com/theparkerfarmersmarket/,Sun: 8:00am - 1:00pm,"May, June, July, August, September, October","Fresh vegetables, fruit, herbs, flowers, homemade salsa, baked goods, bread, meats, ready-made foods, artwork, and home/body care items from over 100 vendors",,,,,39.51182200000005,-104.7991472,official-site+usda,source,,"{""Website"":""official-site:https://thelocalcolorado.com/parker-farmers-market/"",""Facebook"":""official-site:https://thelocalcolorado.com/parker-farmers-market/"",""Instagram"":""official-site:https://thelocalcolorado.com/parker-farmers-market/"",""Hours"":""official-site:https://thelocalcolorado.com/parker-farmers-market/"",""Months Open"":""official-site:https://thelocalcolorado.com/parker-farmers-market/"",""Products"":""official-site:https://www.parkercolorado.net/parker-farmers-market-dates-and-times/"",""Address"":""usda"",""Zip"":""usda"",""Phone"":""usda"",""County"":""census-geocoder""}",309137,"Mar 20th, 2023"
Plants Beautiful Nursery Christmas Tree Farm,Agritourism,15927 Co Hwy 42,Parkers Prairie,Otter Tail,CO,56361,,,https://www.christmastreesandwreaths.com,,,,,,,,,,,46.1936109867848,-95.2111699782364,usda,source,,"{""Business Name"":""usda"",""Address"":""usda"",""City"":""usda"",""Zip"":""usda"",""Website"":""usda"",""County"":""census-geocoder""}",10723,"Feb 12th, 2024"
Ferrara's Happy Apple Farm,Agritourism,1190 1st. Street,Penrose,Fremont,CO,81240,(719) 372-6300,,https://www.happyapplefarm.com,atf@bresnan.net,,,,,,,,,,38.4530949818218,-104.998857036698,usda,source,,"{""Business Name"":""usda"",""City"":""usda"",""Zip"":""usda"",""Phone"":""usda"",""Address"":""usda"",""Website"":""usda"",""Email"":""usda"",""County"":""census-geocoder""}",6891,"Feb 12th, 2024"
Jenkin's Farms and Western Skies Winery,Agritourism,448 K St,Penrose,Fremont,CO,81240,(719) 372-6337,,https://www.penroseapples.com/hours-of-operation.php,applevalleyorchard@yahoo.com,https://www.facebook.com/jenkins-farms-western-skies-winery-144841218865336/,,,,,,,,,38.4417310070441,-105.000468038488,usda,source,,"{""Business Name"":""usda"",""Address"":""usda"",""City"":""usda"",""Zip"":""usda"",""Phone"":""usda"",""Email"":""usda"",""Website"":""usda"",""Facebook"":""usda"",""County"":""census-geocoder""}",3870,"Feb 12th, 2024"
Third Street Apples,Agritourism,935 3rd Street,Penrose,Fremont,CO,81240,,,,applelance@bresnan.net,https://www.facebook.com/third-street-apples-323916597777060/,,,,,,,,,38.4478669792637,-105.008383991666,usda,source,,"{""Business Name"":""usda"",""Address"":""usda"",""City"":""usda"",""Zip"":""usda"",""Email"":""usda"",""Facebook"":""usda"",""County"":""census-geocoder""}",6081,"Feb 12th, 2024"
Upper Beaver Creek Ranch,On-Farm / Ranch Sales,116 Red Rock Dr.,Penrose,Fremont,CO,81240,(719) 372-6677,,,mvh876@gmail.com,,,,,,,,,,38.534429,-105.05136,usda,source,,"{""Business Name"":""usda"",""Address"":""usda"",""City"":""usda"",""Zip"":""usda"",""Phone"":""usda"",""Email"":""usda"",""County"":""census-geocoder""}",700911,"Aug 24th, 2014"
Ahavah Farm,CSA Farm,7545 Log Rd,Peyton,El Paso,CO,80831,(719) 233-7828,,http://www.ahavahfarm.com,,,,,,,,,,,38.940276040714,-104.423397205239,usda,census-geocoder,,"{""Business Name"":""usda"",""Address"":""usda"",""City"":""usda"",""Zip"":""usda"",""Phone"":""usda"",""Website"":""usda"",""County"":""census-geocoder""}",,
Miller Farms Corn Maze & Fall Festival,Agritourism,13912 Cr 19,Platteville,Weld,CO,80651,(970) 785-6133,,,,,,,,,,,,,40.2036759956757,-104.885168003331,usda,source,,"{""Business Name"":""usda"",""Address"":""usda"",""City"":""usda"",""Zip"":""usda"",""Phone"":""usda"",""County"":""census-geocoder""}",7214,"Feb 12th, 2024"
Poncha Creek Gardens,On-Farm / Ranch Sales,P.O. Box 654,Poncha Springs,Chaffee,CO,81242,(720) 380-2121,,https://ponchacreekgardens.wordpress.com/our-products/,ponchacreekgardens@gmail.com,,,By appointment,,"Microgreens, sunflower shoots, pea shoots",,,,"We are a small family farm focusing on microgreens. We also grow seasonal produce from our veggie plot on our homestead in progress. We also produce garden starts, potted herbs and indoor house plants. We offer a weekly farmstand newsletter for easy ordering and offer on farm pickup and delivery within the Poncha springs and Salida limits. We have lots of information about microgreens, our farm and easy ordering instructions on our website.",38.51396039999999,-106.0768953,official-site+chaffee_provides,source,,"{""Phone"":""official-site:https://ponchacreekgardens.wordpress.com/"",""Email"":""official-site:https://ponchacreekgardens.wordpress.com/"",""Hours"":""official-site:https://ponchacreekgardens.wordpress.com/"",""Products"":""official-site:https://ponchacreekgardens.wordpress.com/our-products/"",""Address"":""chaffee_provides"",""Zip"":""chaffee_provides"",""Website"":""maintainer"",""Notes"":""chaffee_provides"",""County"":""census-geocoder""}",poncha-creek-gardens,
A Wren's Nest Farm,On-Farm / Ranch Sales,402 S Neilson Ave,Pueblo,Pueblo,CO,81001,(719) 214-6686,,http://awrensnest.com/nest/,palhadef@gmail.com,https://www.facebook.com/AWrensNestFarm,,,,,,,,,38.2639407,-104.55794,usda,source,,"{""Business Name"":""usda"",""Address"":""usda"",""City"":""usda"",""Zip"":""usda"",""Phone"":""usda"",""Email"":""usda"",""Website"":""usda"",""Facebook"":""usda"",""County"":""census-geocoder""}",700179,"Sep 16th, 2014"
Kean Urban Farm,Agritourism,511 Arthur St,Pueblo,Pueblo,CO,81004,(801) 455-4017,,,kean.hammond@aggiemail.usu.edu,,,,,,,,,,38.2642049799972,-104.63817502588,usda,source,,"{""Business Name"":""usda"",""Address"":""usda"",""City"":""usda"",""Zip"":""usda"",""Phone"":""usda"",""Email"":""usda"",""County"":""census-geocoder""}",12734,"Feb 12th, 2024"
Pantaleo Farms The Great Pumpkin Patch by Moonlight,Agritourism,39651 South Road,Pueblo,Pueblo,CO,81006,(719) 948-4556,,,pantaleofarms@hotmail.com,https://www.facebook.com/profile.php?id=100069402337060,,,,,,,,,38.227340992646,-104.426142966573,usda,source,,"{""Business Name"":""usda"",""Address"":""usda"",""City"":""usda"",""Zip"":""usda"",""Phone"":""usda"",""Email"":""usda"",""Facebook"":""usda"",""County"":""census-geocoder""}",5140,"Feb 12th, 2024"
Pueblo Farmers Market,Farmers' Market,1604 N Santa Fe Ave,Pueblo,Pueblo,CO,81001,(719) 778-6041,No,https://pueblofarmersmarket.org,pueblofarmersmarket@gmail.com,https://www.facebook.com/PuebloFarmerMarket,https://www.instagram.com/pueblofarmersmarket,"Sat: 7:30am - Noon, except for select Eastside Pop-ups","May, June, July, August, September, October","Apples, Beets, Bell Peppers, Cabbage, Cantaloupe, Carrots, Cauliflower, Cherries, Chile Peppers, Cucumbers, Eggplant, Garlic, Grapes, Green Beans, Herbs, Honeydew, Lettuce, Microgreens, Mushrooms, Okra, Onions, Peaches, Pears, Pinto Beans, Plums, Potatoes, Pumpkins, Radishes, Squash, Sweet Corn, Tomatoes, Watermelon, Zucchini, Beef, Lamb, Pork, Poultry, Baked Goods, Cheese, Eggs, Honey, Jams, Jellies, Pickles, Juices, Handcrafted Gifts",No,Yes,Yes,"We gladly accept SNAP, Double Up, CO SNAP Produce Bonus and PowerUp Protein",38.28128944458684,-104.60723501749888,colorado_proud+cfma+usda,source,,"{""Business Name"":""colorado_proud"",""Address"":""colorado_proud"",""City"":""colorado_proud"",""County"":""colorado_proud"",""Zip"":""colorado_proud"",""Phone"":""colorado_proud"",""Website"":""colorado_proud"",""Email"":""colorado_proud"",""Facebook"":""colorado_proud"",""Instagram"":""colorado_proud"",""Hours"":""colorado_proud"",""Months Open"":""colorado_proud"",""Products"":""colorado_proud"",""Certified Organic"":""colorado_proud"",""SNAP"":""colorado_proud"",""ADA Accessible"":""colorado_proud"",""Notes"":""colorado_proud""}",309113,"Mar 20th, 2023"
Pueblo Farmers Market Eastside Pop-ups,Farmers' Market,1346 E 8th Street,Pueblo,Pueblo,CO,81001,(719) 778-6041,No,https://pueblofarmersmarket.org,pueblofarmersmarket@gmail.com,https://www.facebook.com/pueblofarmermarket,https://www.instagram.com/pueblofarmersmarket,Sat: 7:30am - Noon  May 16  June 6    July 18    October 3,"July, October, May, June","Apples, Apricots, Beets, Bell Peppers, Broccoli, Cabbage, Cantaloupe, Carrots, Cauliflower, Cherries, Chile Peppers, Cucumbers, Eggplant, Garlic, Green Beans, Herbs, Kale, Lettuce, Microgreens, Mushrooms, Okra, Onions, Peaches, Pears, Peas, Pinto Beans, Potatoes, Plums, Pumpkins, Radishes, Squash, Sweet Corn, Tomatoes, Watermelon, Zucchini, Beef, Lamb, Pork, Poultry, Baked Goods, Cheese, Eggs, Honey, Jams, Jellies, Pickles, Juices, Handcrafted Gifts",No,Yes,Yes,"We gladly accept SNAP, CO Produce Bonus, Double Up Food Bucks, Fresh to Flourish and PowerUp Protein.
Pop-ups at this location will be:
May 16
June 6
July 18
October 3",38.27457900000002,-104.5873215,colorado_proud,source,,"{""Business Name"":""colorado_proud"",""Address"":""colorado_proud"",""City"":""colorado_proud"",""County"":""colorado_proud"",""Zip"":""colorado_proud"",""Phone"":""colorado_proud"",""Website"":""colorado_proud"",""Email"":""colorado_proud"",""Facebook"":""colorado_proud"",""Instagram"":""colorado_proud"",""Hours"":""colorado_proud"",""Months Open"":""colorado_proud"",""Products"":""colorado_proud"",""Certified Organic"":""colorado_proud"",""SNAP"":""colorado_proud"",""ADA Accessible"":""colorado_proud"",""Notes"":""colorado_proud""}",,
Two Springs Ranch/ Harvest Days,Agritourism,32999 Daniel Rd,Pueblo,Pueblo,CO,81006,(719) 320-5822,,http://www.the maize.com,twospringsranch@yahoo.com,https://www.facebook.com/harvestdays/,,,,,,,,,38.2576302483195,-104.4856601056,usda,source,,"{""Business Name"":""usda"",""Address"":""usda"",""City"":""usda"",""Zip"":""usda"",""Phone"":""usda"",""Email"":""usda"",""Website"":""usda"",""Facebook"":""usda"",""County"":""census-geocoder""}",1184,"Feb 12th, 2024"
Virgil Produce,On-Farm / Ranch Sales,41st Lane,Pueblo,,CO,81006,,,,virgil@cs.com,,,,,,,,,,,,usda,,,"{""Business Name"":""usda"",""Address"":""usda"",""City"":""usda"",""Zip"":""usda"",""Email"":""usda""}",,
Ridgway Farmers Market,Farmers' Market,Hartwell Park,Ridgway,Ouray,CO,81432,(970) 497-0755,,https://www.ridgwayfarmersmarket.com,manager@ridgwayfarmersmarket.com,https://www.facebook.com/RidgwayFarmersMarket,https://www.instagram.com/ridgway_farmersmarket,Fri: 10:00am - 2:00pm,"May, June, July, August, September, October","Fresh produce and handcrafted goods from local farmers, ranchers, bakers, and artisans",No,Yes,Yes,"Ridgway Farmers Market is a vibrant weekly market in Ridgway, Colorado, featuring local farmers, ranchers, food producers, and artisans. Weâ€™re dedicated to fresh food, handmade goods, and building strong community connections through local commerce.",38.08930451900005,-107.71635496399995,official-site+colorado_proud+cfma+usda,source,,"{""Phone"":""official-site:https://www.ridgwayfarmersmarket.com"",""Email"":""official-site:https://www.ridgwayfarmersmarket.com"",""Facebook"":""official-site:https://www.ridgwayfarmersmarket.com"",""Instagram"":""official-site:https://www.ridgwayfarmersmarket.com"",""Hours"":""official-site:https://www.ridgwayfarmersmarket.com"",""Months Open"":""official-site:https://www.ridgwayfarmersmarket.com"",""Products"":""official-site:https://www.ridgwayfarmersmarket.com"",""SNAP"":""official-site:https://www.ridgwayfarmersmarket.com"",""Address"":""colorado_proud"",""County"":""colorado_proud"",""Zip"":""colorado_proud"",""Website"":""colorado_proud"",""Certified Organic"":""colorado_proud"",""ADA Accessible"":""colorado_proud"",""Notes"":""colorado_proud""}",309114,"Mar 20th, 2023"
Rifle Farmers Market,Farmers' Market,839 Whiteriver Ave,Rifle,Garfield,CO,81650,(970) 309-0803,Yes,https://riflefarmersmarket.com,elissamnye@gmail.com,https://www.facebook.com/riflefarmersmarket?mibextid=LQQJ4d,https://www.instagram.com/riflefarmersmarket,Fri: 4-8pm,"June, July, August, September","Apples, Apricots, Beets, Bell Peppers, Broccoli, Brussels Sprouts, Cabbage, Cantaloupe, Carrots, Cauliflower, Cherries, Chile Peppers, Chile - Roasted, Cucumbers, Eggplant, Garlic, Green Beans, Herbs, Honeydew, Kale, Leeks, Lettuce, Microgreens, Mushrooms, Nectarines, Okra, Onions, Peaches, Pears, Peas, Potatoes, Radishes, Rhubarb, Spinach, Squash, Sweet Corn, Tomatoes, Zucchini, Baked Goods, Eggs, Honey, Jams, Jellies, Handcrafted Gifts",No,Yes,Yes,"We are the Rifle Farmers Market. A Friday night gathering space with local produce, eggs, honey and handmade products. We have live music, food trucks and beer and wine to be enjoyed onsite.",39.53692636230148,-107.78098352909718,colorado_proud+cfma+usda+official-site,source,,"{""Business Name"":""colorado_proud"",""Address"":""colorado_proud"",""City"":""colorado_proud"",""County"":""colorado_proud"",""Zip"":""colorado_proud"",""Phone"":""colorado_proud"",""Website"":""colorado_proud"",""Email"":""colorado_proud"",""Hours"":""colorado_proud"",""Months Open"":""colorado_proud"",""Products"":""colorado_proud"",""Certified Organic"":""colorado_proud"",""SNAP"":""colorado_proud"",""ADA Accessible"":""colorado_proud"",""Notes"":""colorado_proud"",""Facebook"":""cfma"",""Instagram"":""official-site:https://riflefarmersmarket.com/""}",309115,"Mar 20th, 2023"
Hanagan Farms,Agritourism,,Rocky Ford,Otero,CO,81077,(719) 384-5067,,https://www.hanaganfarms.com,hanaganmargret@hotmail.com,https://www.facebook.com/hanagan.farms,,,,,,,,,38.0209600124606,-103.637309988792,usda,source,,"{""Business Name"":""usda"",""City"":""usda"",""Zip"":""usda"",""Phone"":""usda"",""Email"":""usda"",""Website"":""usda"",""Facebook"":""usda"",""County"":""census-geocoder""}",3531,"Feb 12th, 2024"
Mills Bros Farm Market,On-Farm / Ranch Sales,Hwy. 50,Rocky Ford,,CO,,,,,,,,,,,,,,,,,usda,,,"{""Business Name"":""usda"",""Address"":""usda"",""City"":""usda""}",,
Green Earth Farm,CSA Farm,,Saguache,Saguache,CO,81149,(719) 655-2655,,http://www.greenearthfarm.com,tom@greenearthfarm.com,,,,"June, July, August, September, October",,,,,"Open: June to October<br>Available Products: Beans (string);Beans, other (lima, etc.);Beets;Bok Choy;Broccoli rabe;Broccolini/baby broccoli;Brussels sprouts;Cabbage;Carrots;Cauliflower;Collard Greens;Corn (sweet);Cucumbers;Garlic;Green beans;Kale;Kohlrabi;Mixed leafy greens;Mustard Greens;Okra;Parsnips;Peas;Peppers, hot;Radicchio;Rhubarb;Spinach: baby, regular;Squash, winter: butternut, etc.;Swiss chard;Tomatoes (plum, round, etc.);Beans (string);Beans, other (lima, etc.);Beets;Bok Choy;Broccoli rabe;Broccolini/baby broccoli;Brussels sprouts;Cabbage;Carrots;Cauliflower;Collard Greens;Corn (sweet);Cucumbers;Garlic;Green beans;Kale;Kohlrabi;Mixed leafy greens;Mustard Greens;Okra;Parsnips;Peas;Peppers, hot;Radicchio;Rhubarb;Spinach: baby, regular;Squash, winter: butternut, etc.;Swiss chard;Tomatoes (plum, round, etc.);;Eggs;Fresh and/or dried herbs;Soap and/or body care products;",38.0875,-106.1419671,usda,source,,"{""Business Name"":""usda"",""City"":""usda"",""Zip"":""usda"",""Phone"":""usda"",""Email"":""usda"",""Website"":""usda"",""Months Open"":""usda"",""Notes"":""usda"",""County"":""census-geocoder""}",200037,"Jul 30th, 2014"
Banyan Breads,Bakery,110 E 1st Street,Salida,Chaffee,CO,81201,,,https://banyanbreads.com/,,,https://www.instagram.com/banyan_breads/,"Shop open mornings; preorder pickup Thu, Fri, Sun",,"Country sourdough, maple whole wheat, sourdough bagels, baguette, whole-grain German rye, babka",,,,,38.536236604798,-105.99158301805,curated,census-geocoder,Copper Kettle Apothecary,"{""Business Name"":""curated"",""Address"":""curated"",""City"":""curated"",""Zip"":""curated"",""Website"":""curated"",""Instagram"":""curated"",""Hours"":""curated"",""Products"":""curated"",""County"":""census-geocoder""}",https://banyanbreads.com/,2026-10-04
Colorado Farm to Table,On-Farm / Ranch Sales,"PO Box 826, Salida, CO 81201 (mailing address)",Salida,Chaffee,CO,81201,(719) 207-2209,,http://coloradofarmtotable.org/,info@coloradofarmtotable.org,https://www.facebook.com/nonprofitfarm/,https://www.instagram.com/colorado_farm_to_table/,,,"Corn, acorn squash, cabbage, broccoli, pumpkins",,,,"Get involved in growing produce, relationships, and community! At Salida’s not-for-profit Colorado Farm to Table (CFTT) we grow approximately 10 acres of fresh produce for distribution to Coloradans in need. Starting in 2022, we are going to have a separate 1 acre plot of fresh vegetables to sell at the farmers market with all proceeds going back to our donation farm. The summer of 2022 will be our 26th season, CFTT has been welcoming people of all backgrounds in volunteer farming experiences to grow top-quality, nutritious produce for hungry families. Volunteer farm hands work with the farmer in 3-hour shifts. No experience is necessary – instruction and tools are provided. Join us! It’s a lot of fun and a great opportunity to meet and network with some awesome people. CFTT’s sustainably grown produce is distributed via partner nonprofit food pantries, soup kitchens, low-income housing, and feeding programs that redistribute the freshly harvested produce onto the plates of those most in need of nutrition relief. We encourage and welcome new volunteers, distribution partners, and innovative collaborative partnerships. Contact info@coloradofarmtotable.org for more information!",38.5539557,-106.0198285,official-site+chaffee_provides,source,,"{""Address"":""official-site:http://coloradofarmtotable.org/"",""Phone"":""official-site:http://coloradofarmtotable.org/"",""Email"":""official-site:http://coloradofarmtotable.org/"",""Facebook"":""official-site:http://coloradofarmtotable.org/"",""Instagram"":""official-site:http://coloradofarmtotable.org/"",""Products"":""official-site:http://coloradofarmtotable.org/"",""Zip"":""chaffee_provides"",""Website"":""chaffee_provides"",""Notes"":""chaffee_provides"",""County"":""census-geocoder""}",colorado-farm-to-table,
Copper Kettle Apothecary,On-Farm / Ranch Sales,138 w 1st street,Salida,Chaffee,CO,81201,(719) 221-3158,,http://www.copperkettleapothecary.com,Copperkettleapothecary4@gmail.com,https://www.facebook.com/copperkettleapothecary/,,,,Spices/Garlic,,,,"Copper Kettle Apothecary is a true herbal apothecary with a selection of over 400 medicinal herbs, teas and cooking spices sold in bulk. Feel free to bring a jar to be filled or we can use a paper bag supplied in store. Also available are prepacked herbal supplements, botanical body care products and naturalistic themed gifts and homewares, books, candles, and sometimes houseplants. We are fully prepared to serve every one interested in traditional remedies from the person having their first cup of herbal tea to the sixty year herbal practitioner. Consultations are available for anyone needing more guidance.",38.5367145,-105.9923509,official-site+chaffee_provides,source,Market on Main St. (The Triangle Oasis),"{""Facebook"":""official-site:https://www.facebook.com/copperkettleapothecary/"",""Address"":""chaffee_provides"",""Zip"":""chaffee_provides"",""Phone"":""chaffee_provides"",""Website"":""chaffee_provides"",""Email"":""chaffee_provides"",""Products"":""chaffee_provides"",""Notes"":""chaffee_provides"",""County"":""census-geocoder""}",copper-kettle-apothecary,
Everett Ranch Beef,On-Farm / Ranch Sales,8955 County Road 166,Salida,Chaffee,CO,81201,,,,,https://www.facebook.com/everettranchbeef/,,,,Beef/Meat,,,,Family owned and operated fifth generation historic cattle ranch producing 100% grassfed beef. No hormones or antibiotics. Find us on Facebook @everettranchbeef.,38.565968,-106.046544,official-site+chaffee_provides,source,,"{""Facebook"":""official-site:https://www.facebook.com/everettranchbeef/"",""Address"":""chaffee_provides"",""Zip"":""chaffee_provides"",""Products"":""chaffee_provides"",""Notes"":""chaffee_provides"",""County"":""census-geocoder""}",everett-ranch-beef,
Gina Marcell,CSA Farm,9582 US Hwy,Salida,,CO,81201,(206) 218-8201,,https://pinterest.com/mountaingoatlodge,,,,,,,,,,,,,usda,,,"{""Business Name"":""usda"",""Address"":""usda"",""City"":""usda"",""Zip"":""usda"",""Phone"":""usda"",""Website"":""usda""}",,
Guidestone Colorado,"Organization, Agritourism",PO Box 1056,Salida,Chaffee,CO,81201,(719) 239-0955,,http://www.GuidestoneColorado.org,info@guidestonecolorado.org,https://www.facebook.com/guidestonecolorado/,https://www.instagram.com/guidestonecolorado/,,,Veggies,,,,"Guidestone Colorado is a Chaffee County-based, 501c3 nonprofit dedicated to growing a vibrant agricultural future through education, community building and partnerships. We serve our local community and the statewide agriculture community through our four cornerstone programs: Farm to School, Farmhands Education, Colorado Land Link, and the Hutchinson Homestead & Learning Center. The Farm to School Program fosters garden education at two school gardens and the Community & School Farm, and grows produce for Salida School District, ensuring access to local produce in school meals. Guidestone’s food production activities also include growing food for the Heart of the Rockies Regional Medical Center, supporting area CSAs and community members in growing and purchasing local food, and working with community partners on food distribution. Guidestone’s additional food system work in Chaffee County includes implementing and participating in the Chaffee Local Food Coalition, partnering with City of Salida on their Community Garden Program, and serving as a partner on several regional food system collaborations.",38.524029423773,-105.992164177391,official-site+chaffee_provides+usda,source,,"{""Phone"":""official-site:https://www.guidestonecolorado.org/"",""Email"":""official-site:https://www.guidestonecolorado.org/"",""Facebook"":""official-site:https://www.guidestonecolorado.org/"",""Instagram"":""official-site:https://www.guidestonecolorado.org/"",""Address"":""chaffee_provides"",""Zip"":""chaffee_provides"",""Website"":""chaffee_provides"",""Products"":""chaffee_provides"",""Notes"":""chaffee_provides"",""County"":""census-geocoder""}",guidestone-colorado,
Hutchinson Ranch,On-Farm / Ranch Sales,"6700 Old Corral Road, Salida, CO 81201",Salida,,CO,81201,(719) 221-4672,,https://www.hutchranchsalida.com,HutchSalida@gmail.com,https://www.facebook.com/HutchinsonRanch/,https://www.instagram.com/hutchranch/,,,Grass-fed beef,,,,"Looking for local beef! We are as local as it gets! Our Family has been raising quality grass fed beef in Chaffee County for 7 generations! You can see our beautiful herd of Red Angus cross cattle right along hwy 50 between Salida and Poncha Springs, we are the only green pastures left in this corridor of development. We handle each animal humanly from birth to butcher we are the single owner of the animal. All beef is 100% grass fed and all natural. We pride ourselves on providing an outstanding product so you know where your meat comes from. We love our cows, you will love our beef. Please call if you’d like a tour to come visit the ranch and learn more about our operation.",,,official-site+chaffee_provides,,,"{""Address"":""official-site:https://www.hutchranchsalida.com/beef"",""Phone"":""official-site:https://www.hutchranchsalida.com/beef"",""Email"":""official-site:https://www.hutchranchsalida.com/beef"",""Facebook"":""official-site:https://www.hutchranchsalida.com"",""Instagram"":""official-site:https://www.hutchranchsalida.com"",""Products"":""official-site:https://www.hutchranchsalida.com/beef"",""Zip"":""chaffee_provides"",""Website"":""chaffee_provides"",""Notes"":""chaffee_provides""}",hutchinson-ranch,
Lewis Lazy L Ranch,On-Farm / Ranch Sales,7980 CR 250,Salida,Chaffee,CO,81201,(719) 850-3440,,,Kate.dvm93@gmail.com,https://www.facebook.com/myredcows/,,,,Beef/Meat,,,,"Lewis Ranch cows have been raised in the Arkansas Valley for 30 years. Our cows graze on public and private land between Poncha Springs and Leadville year round. We offer grass fat beef by the half in the fall and grass fed burger year round. All our beef is processed locally and USDA inspected. Contact Kate or Brice by phone, email, or Facebook at Lewis Lazy L Ranch. We are also happy to provide beef delivery on larger orders and ranch tours by appointment!",38.53126,-106.117607,official-site+chaffee_provides,source,,"{""Address"":""chaffee_provides"",""Zip"":""chaffee_provides"",""Phone"":""chaffee_provides"",""Email"":""chaffee_provides"",""Facebook"":""maintainer"",""Products"":""chaffee_provides"",""Notes"":""chaffee_provides"",""County"":""census-geocoder""}",lewis-lazy-l-ranch,
Market on Main St. (The Triangle Oasis),Farm Store,125 N. F St,Salida,Chaffee,CO,,,,https://www.thetriangleoasis.com/markets,thetriangleoasis@gmail.com,,,,,"Food, produce, veggies, flowers, locally made goods",,,,The Triangle Oasis's downtown store; also a CSA pickup point.,38.536706125788,-105.991271193061,curated,census-geocoder,Copper Kettle Apothecary,"{""Business Name"":""curated"",""Address"":""curated"",""City"":""curated"",""Website"":""curated"",""Email"":""curated"",""Products"":""curated"",""Notes"":""curated"",""County"":""census-geocoder""}",https://www.thetriangleoasis.com/markets,2026-10-04
Mountain Goat Lodge,On-Farm / Ranch Sales,9582 US Highway 285,Salida,Chaffee,CO,81201,(206) 218-8201,,https://mountaingoatlodge.com,mtglodge@gmail.com,,,,,Dairy,,,,Goatmilk herd shares available. $50 per month entitles you to 1 gallon fresh raw goats milk per week.,38.5586049,-106.0830097,official-site+chaffee_provides,source,,"{""Phone"":""official-site:https://mountaingoatlodge.com"",""Email"":""official-site:https://mountaingoatlodge.com"",""Address"":""chaffee_provides"",""Zip"":""chaffee_provides"",""Website"":""chaffee_provides"",""Products"":""chaffee_provides"",""Notes"":""chaffee_provides"",""County"":""census-geocoder""}",mountain-goat-lodge,
Rocky Mountain Garlic,On-Farm / Ranch Sales,9241 County Road 156,Salida,Chaffee,CO,81201,(719) 221-6943,,http://rockymountaingarlic.net/,rockymountaingarlicllc@gmail.com,https://www.facebook.com/RockyMountainGarlic,https://www.instagram.com/rockymountaingarlic1,,,"Hardneck garlic, vegetables",,,,"Growing gourmet garlic in Salida, Rocky Mountain Garlic specializes in hard neck Garlic as well as Shallots and Onions. Last season, we experimented with many different root crops and are expanding into other hardy vegetables. We are offering “shares” for purchase! Please contact us for more information and to sign up. We — Mike and Tiffany Collette — grow following organic and biodynamic processes, using an earth-friendly mentality. Our garlic is tended by hand, one clove at a time, on land that is free of chemicals. We place much importance on minimal tillage using mulches, manures, and cover crops in order to hold nutrients and rejuvenate the soil. We use drip irrigation to conserve water and bring to market a unique crop of high desert garlic. From seed to harvest to storage, our garlic is grown for you and good for you. Our mission is to provide fresh and local food, grown by people you can meet face-to-face. It is the heritage of our country and we are proud to continue the tradition!",38.5521859,-106.0108174,official-site+chaffee_provides,source,,"{""Email"":""official-site:http://rockymountaingarlic.net/"",""Facebook"":""official-site:http://rockymountaingarlic.net/"",""Instagram"":""official-site:http://rockymountaingarlic.net/"",""Products"":""official-site:http://rockymountaingarlic.net/"",""Address"":""chaffee_provides"",""Zip"":""chaffee_provides"",""Phone"":""chaffee_provides"",""Website"":""chaffee_provides"",""Notes"":""chaffee_provides"",""County"":""census-geocoder""}",rocky-mountain-garlic,
Salida Farmers Market,"Farmers' Market, Organization, Food Bank","Alpine Park, 404 E Street, Salida, CO 81201",Salida,Chaffee,CO,81201,(719) 207-5787,,https://foodshedalliance.com,info@foodshedalliance.com,,https://instagram.com/Salida_Farmers_Market,Sat: 8:00am - 12:00pm (Jun 6 - Sep 11); Sat: 9:00am - 12:00pm (Sep 12 - Oct 24),"June, July, August, September, October","Apples, Apricots, Asparagus, Beets, Bell Peppers, Broccoli, Brussels Sprouts, Cabbage, Cantaloupe, Carrots, Cauliflower, Celery, Cherries, Chile Peppers, Chile - Roasted, Cucumbers, Eggplant, Garlic, Green Beans, Herbs, Honeydew, Kale, Leeks, Lettuce, Microgreens, Mushrooms, Nectarines, Okra, Onions, Pears, Peaches, Peas, Plums, Potatoes, Pumpkins, Radishes, Raspberries, Rhubarb, Spinach, Squash, Strawberries, Sweet Corn, Tomatoes, Turnips, Watermelon, Zucchini, Beef, Jerky, Pork, Poultry, Sausage, Baked Goods, Cheese, Eggs, Honey, Jams, Jellies, Pickles, Popcorn, Cider, Juices, Christmas Trees, Handcrafted Gifts",No,Yes,Yes,"Salidaâ€™s Farmers Market takes place at Alpine Park, a centrally located 2-acre park adjacent to Salidaâ€™s vibrant downtown. Filled with grass and trees, Alpine Park provides an easy and ideal retreat. This community-focused event invites you to fill your basket with fresh local food and connect with the community!",38.53305197700007,-105.99330412699999,official-site+colorado_proud+cfma+chaffee_provides+usda,source,,"{""Address"":""official-site:https://foodshedalliance.com"",""Phone"":""official-site:https://foodshedalliance.com"",""Instagram"":""official-site:https://foodshedalliance.com"",""Hours"":""official-site:https://foodshedalliance.com"",""Months Open"":""official-site:https://foodshedalliance.com"",""County"":""colorado_proud"",""Zip"":""colorado_proud"",""Website"":""colorado_proud"",""Email"":""colorado_proud"",""Products"":""colorado_proud"",""Certified Organic"":""colorado_proud"",""SNAP"":""colorado_proud"",""ADA Accessible"":""colorado_proud"",""Notes"":""colorado_proud""}",foodshed-alliance,
Salida First Presbyterian Church,Food Bank,"7 Poncha Blvd, Salida, CO 81201",Salida,Chaffee,CO,81201,(719) 539-6422,,https://www.salidapresbyterian.org/,clocklady8@yahoo.com,,,Thu: 1:00pm - 3:30pm,,Non-perishable pantry staples,,,,"First Presbyterian Church Food Pantry distributes meals each Monday at 12:00pm, and offers a food pantry on Thursdays from 1:00 p.m. – 4:00 p.m. We issue food according to the size of your family. Boxes of assorted food, bread, vegetables (when available), assorted types of frozen meat, and many other items when available. We ask you to drive up in our 3rd Street parking lot and we come out to meet you and serve you and your family.",38.5363519,-105.9964061,official-site+chaffee_provides,source,,"{""Address"":""official-site:https://www.salidapresbyterian.org/ministries/serving-our-community/"",""Phone"":""official-site:https://www.salidapresbyterian.org/ministries/serving-our-community/"",""Website"":""official-site:https://www.salidapresbyterian.org/ministries/serving-our-community/"",""Hours"":""official-site:https://www.salidapresbyterian.org/ministries/serving-our-community/"",""Products"":""official-site:https://www.salidapresbyterian.org/ministries/serving-our-community/"",""Zip"":""chaffee_provides"",""Email"":""chaffee_provides"",""Notes"":""chaffee_provides"",""County"":""census-geocoder""}",salida-first-presbyterian-church,
Scanga Meat Company,Meat Producer & Packer,"9250 County Road 156, Salida, CO",Salida,Chaffee,CO,81201,(719) 539-3511,,http://www.scangameat.com/,retailoffice@scangameat.com,,,,,"Beef/Meat, Poultry/Eggs",,,,"Meat producer and meat packer. We are a small, family-run meat market, open since 1952. It is a USDA-inspected wholesale and retail meat market with beef, pork, lamb, buffalo, poultry, sausage, deli meats & cheeses, seafood, fish, smoked & cured items, and lots more! Many Italian products are available as well. We pride ourselves on a small business atmosphere that is very clean with great competitive pricing. We also offer slaughter and processing services for beef, pork, lamb, and buffalo! Find us on Facebook at @SCANGAMEATCO",38.5539273,-106.0086696,official-site+chaffee_provides,source,,"{""Address"":""official-site:http://www.scangameat.com/"",""Phone"":""official-site:http://www.scangameat.com/"",""Zip"":""chaffee_provides"",""Website"":""chaffee_provides"",""Email"":""chaffee_provides"",""Products"":""chaffee_provides"",""Notes"":""override"",""County"":""census-geocoder"",""Category"":""override""}",scanga-meat-company,
Sweet Pea Farm’s Wildflower Honey,On-Farm / Ranch Sales,7465 COUNTY ROAD 146,Salida,Chaffee,CO,81201,(719) 539-7452,,,onepony@gmail.com,,,,,"Beef/Meat, Poultry/Eggs, Staples, Flowers",,,,"Purveyors of the finest Colorado High Altitude Wildflower Honey. Raising Happy Hens for Eggs and Meat. Offering Organic Layer Feeds at the farm. Coming next fall, Grass fed beef on regerative pastures. Call or Email. Or find us at Salida Farmer’s Market.",38.5259907,-106.0430725,official-site+chaffee_provides,source,,"{""Address"":""chaffee_provides"",""Zip"":""chaffee_provides"",""Phone"":""chaffee_provides"",""Email"":""chaffee_provides"",""Products"":""chaffee_provides"",""Notes"":""chaffee_provides"",""County"":""census-geocoder""}",sweet-pea-farms-wildflower-honey,
The Grainery Ministries,Food Bank,1348 E Street,Salida,Chaffee,CO,81201,(719) 207-2359,,http://www.thegraineryministries.org,lssurdez@bresnan.net,,,,,Food Bank,,,,"We are a need-based service. Anyone that walks through our door with a hunger need will be taken care of. Food Pantry on Fridays, 10 am – 3:30 pm.",38.5250787,-106.001502,official-site+chaffee_provides,source,,"{""Address"":""chaffee_provides"",""Zip"":""chaffee_provides"",""Phone"":""chaffee_provides"",""Website"":""chaffee_provides"",""Email"":""chaffee_provides"",""Products"":""chaffee_provides"",""Notes"":""chaffee_provides"",""County"":""census-geocoder""}",the-grainery-ministries,
The Triangle Oasis,"On-Farm / Ranch Sales, CSA Farm, U-Pick",8875 Co Rd 150,Salida,Chaffee,CO,81201,,,https://www.thetriangleoasis.com/,thetriangleoasis@gmail.com,,https://www.instagram.com/thetriangleoasisproject/,"Pick-your-own flowers by appointment, June–October",,"Seasonal produce, vegetables, herbs, flowers, seedlings, roasted chilies, sausages, frozen treats",,,,Farm with a seasonal farm store and a 2026 CSA (pickup at the Salida Farmers Market or the downtown Market on Main St. store at 125 N. F St).,38.561560417431,-106.036496197503,curated,census-geocoder,Market on Main St. (The Triangle Oasis),"{""Business Name"":""curated"",""Address"":""curated"",""City"":""curated"",""Zip"":""curated"",""Website"":""curated"",""Email"":""curated"",""Instagram"":""curated"",""Hours"":""curated"",""Products"":""curated"",""Notes"":""curated"",""County"":""census-geocoder""}",https://www.thetriangleoasis.com/markets,2026-10-04
Sandys Way Microfarm,CSA Farm,3833 BEAR CANYON CIR,Sedalia,Douglas,CO,80135,(720) 722-3633,,http://www.sandyswayfarm.com,,,,,,,,,,,39.356180683878,-104.957326728684,usda,census-geocoder,,"{""Business Name"":""usda"",""Address"":""usda"",""City"":""usda"",""Zip"":""usda"",""Phone"":""usda"",""Website"":""usda"",""County"":""census-geocoder""}",,
Highwater Farm,CSA Farm,7001 County Road 346,Silt,,CO,81652,,,http://www.highwaterfarm.org,,,,,,,,,,,,,usda,,,"{""Business Name"":""usda"",""Address"":""usda"",""City"":""usda"",""Zip"":""usda"",""Website"":""usda""}",,
Wade Acres,Agritourism,800 State Highway 86,Simla,Elbert,CO,80835,(719) 541-5555,,,,https://www.facebook.com/wadeacres,,,,,,,,,39.2737450185209,-104.101137766944,usda,source,,"{""Business Name"":""usda"",""Address"":""usda"",""City"":""usda"",""Zip"":""usda"",""Phone"":""usda"",""Facebook"":""usda"",""County"":""census-geocoder""}",6298,"Feb 12th, 2024"
South Fork Farmers Market,Farmers' Market,"28 Silver Thread Ln, South Fork, CO 81154",South Fork,Rio Grande,CO,81154,(719) 873-5512,,https://www.southfork.org/market-at-south-fork,,https://www.facebook.com/SouthForkCOFarmersMarket/,,"Fri, Sat: 9:00am - 1:00pm","June, July, August, September","Artisans, farmers and vendors offering items grown or produced in Colorado, New Mexico and other nearby states; artisan crafts, culinary delights, and handmade treasures",,,,,37.67071289448492,-106.63043897490363,official-site+usda,source,,"{""Address"":""official-site:https://www.southfork.org/market-at-south-fork"",""Phone"":""official-site:https://www.southfork.org/market-at-south-fork"",""Website"":""official-site:https://www.southfork.org/market-at-south-fork"",""Facebook"":""official-site:https://www.facebook.com/SouthForkCOFarmersMarket/"",""Hours"":""official-site:https://www.southfork.org/market-at-south-fork"",""Months Open"":""official-site:https://www.southfork.org/market-at-south-fork"",""Products"":""official-site:https://www.southfork.org/market-at-south-fork"",""Zip"":""usda"",""County"":""census-geocoder""}",309118,"Mar 20th, 2023"
"Boulder Couny Fair, Livestock Show & Rodeo",Agritourism,,Ste 200,Boulder,CO,80501,,,https://www.bouldercountyfair.org,,,,,,,,,,,40.1536429906979,-105.127627041716,usda,source,,"{""Business Name"":""usda"",""City"":""usda"",""Zip"":""usda"",""Website"":""usda"",""County"":""census-geocoder""}",10666,"Feb 12th, 2024"
Yampa Valley Foods,Farmers' Market,35 11th Street,Steamboat Springs,Routt,CO,80487,(970) 879-4370,,https://communityagalliance.org/programs/valley-foods/,katie@communityagalliance.org,https://www.facebook.com/AgAlliance/,https://www.instagram.com/agalliance/,Mon: 10:00am - 5:30pm; Tue: 10:00am - 5:30pm; Wed: 10:00am - 5:30pm; Thu: 10:00am - 5:30pm; Fri: 10:00am - 5:30pm; Sat: 10:00am - 4:00pm,"January, February, March, April, May, June, July, August, September, October, November, December","Apples, Apricots, Beets, Bell Peppers, Brussels Sprouts, Cabbage, Carrots, Cauliflower, Celery, Cherries, Cucumbers, Garlic, Herbs, Kale, Leeks, Lettuce, Microgreens, Mushrooms, Onions, Peaches, Pears, Peas, Potatoes, Pumpkins, Radishes, Rhubarb, Spinach, Squash, Sweet Corn, Tomatoes, Turnips, Watermelon, Zucchini, Beef, Buffalo, Jerky, Lamb, Pork, Poultry, Sausage, Baked Goods, Cheese, Eggs, Honey, Jams, Jellies, Pickles, Popcorn, Juices, Handcrafted Gifts",No,No,Yes,"Yampa Valley Foods is a nonprofit marketplace that brings locally raised, grown, and produced goods to the people of the Yampa Valley. We offer a year-round selection of beef, pork, lamb, chicken, eggs, honey, cheese, seasonal veggies, and more and work with over 80 local producers.",40.48757389900004,-106.83857567999996,colorado_proud,source,,"{""Business Name"":""colorado_proud"",""Address"":""colorado_proud"",""City"":""colorado_proud"",""County"":""colorado_proud"",""Zip"":""colorado_proud"",""Phone"":""colorado_proud"",""Website"":""colorado_proud"",""Email"":""colorado_proud"",""Facebook"":""colorado_proud"",""Instagram"":""colorado_proud"",""Hours"":""colorado_proud"",""Months Open"":""colorado_proud"",""Products"":""colorado_proud"",""Certified Organic"":""colorado_proud"",""SNAP"":""colorado_proud"",""ADA Accessible"":""colorado_proud"",""Notes"":""colorado_proud""}",,
"Colorado Prime Beef, LLC",Agritourism,250 County Road 80,Stoneham,Weld,CO,80754,(970) 520-3216,,https://www.coprimebeef.com,sales@coprimebeef.com,https://www.facebook.com/coloradoprimebeef/,,,,,,,,,40.5663200004801,-103.648505026311,usda,source,,"{""Business Name"":""usda"",""Address"":""usda"",""City"":""usda"",""Zip"":""usda"",""Phone"":""usda"",""Email"":""usda"",""Website"":""usda"",""Facebook"":""usda"",""County"":""census-geocoder""}",2770,"Feb 12th, 2024"
Pinon Ridge Ranch,Agritourism,928 East County Road 46,Strasburg,Arapahoe,CO,80136,(303) 913-7314,,,katydidklv@hotmail.com,,,,,,,,,,39.5789499708924,-104.333864939891,usda,source,,"{""Business Name"":""usda"",""Address"":""usda"",""City"":""usda"",""Zip"":""usda"",""Phone"":""usda"",""Email"":""usda"",""County"":""census-geocoder""}",7808,"Feb 12th, 2024"
Wolf Creek Fresh,Farmers' Market,6625 Wolf Creek Road,Strasburg,Adams,CO,80136,(720) 288-0829,Yes,https://Www.wolfcreekfresh.com,charlie@wokfcreekfresh.com,,,Mon: By appointment; Sat: By appointment,"May, June, July, August, September, October, November","Beets, Bell Peppers, Broccoli, Cabbage, Cantaloupe, Carrots, Celery, Chile Peppers, Cucumbers, Garlic, Eggplant, Green Beans, Herbs, Honeydew, Kale, Lettuce, Onions, Peaches, Pears, Peas, Potatoes, Pumpkins, Radishes, Rhubarb, Spinach, Squash, Tomatoes, Turnips, Watermelon, Zucchini, Goat, Eggs, Baked Goods, Jams, Soup, bread, and cookie mixes in mason jars",No,Yes,No,"Family-owned and operated in Strasburg, Wolf Creek Fresh is dedicated to providing 100% natural, free-range, and regeneratively farmed food. We offer a variety of fresh seasonal produce, free-range eggs, and specialty items. We can accept Snap/EBT benefits at the Bennett Farmersâ€™ Market only. Visit our website.",39.594657790350176,-104.36133305987643,colorado_proud,source,,"{""Business Name"":""colorado_proud"",""Address"":""colorado_proud"",""City"":""colorado_proud"",""County"":""colorado_proud"",""Zip"":""colorado_proud"",""Phone"":""colorado_proud"",""Website"":""colorado_proud"",""Email"":""colorado_proud"",""Hours"":""colorado_proud"",""Months Open"":""colorado_proud"",""Products"":""colorado_proud"",""Certified Organic"":""colorado_proud"",""SNAP"":""colorado_proud"",""ADA Accessible"":""colorado_proud"",""Notes"":""colorado_proud""}",,
Telluride Farmers' Market,Farmers' Market,S. Oak St.,Telluride,San Miguel,CO,81435,(646) 245-6580,,http://www.thetelluridefarmersmarket.com/,telluridefarmersmarket@gmail.com,https://www.facebook.com/thetelluridefarmersmarket/,https://www.instagram.com/telluridefarmersmarket/,Fri: 10:30am - 3:30pm,"May, June, July, August, September, October","Produce, animal products, prepared food, and artisan goods produced within 100 miles of Telluride; organic focus (vendors require minimum 75% organic ingredients)",,Yes,,,37.93664575528502,-107.81319304546403,official-site+usda,source,,"{""Phone"":""official-site:http://www.thetelluridefarmersmarket.com/contact"",""Website"":""official-site:http://www.thetelluridefarmersmarket.com/"",""Email"":""official-site:http://www.thetelluridefarmersmarket.com/contact"",""Facebook"":""official-site:https://www.facebook.com/thetelluridefarmersmarket/"",""Instagram"":""official-site:http://www.thetelluridefarmersmarket.com/contact"",""Hours"":""official-site:http://www.thetelluridefarmersmarket.com/"",""Months Open"":""official-site:http://www.thetelluridefarmersmarket.com/"",""Products"":""official-site:http://www.thetelluridefarmersmarket.com/our-market"",""SNAP"":""official-site:https://www.telluridenews.com/news/article_223fc0fa-1ed8-11ef-af94-ff303a58f723.html"",""Address"":""usda"",""Zip"":""usda"",""County"":""census-geocoder""}",309125,"Mar 20th, 2023"
Sunday Market on Main Street,Farmers' Market,"4138 Main St, Unit A",Timnath,Larimer,CO,80547,(970) 402-8591,,,,,,,,,,,,,40.52928394735328,-104.9822920632046,usda,source,,"{""Business Name"":""usda"",""Address"":""usda"",""City"":""usda"",""Zip"":""usda"",""Phone"":""usda"",""County"":""census-geocoder""}",309124,"Mar 20th, 2023"
Trinidad Community Farmers Market,Farmers' Market,"Cimino Park, Trinidad, Colorado 81082",Trinidad,Las Animas,CO,81082,(719) 680-0184,,https://trinidadcofarmersmarket.com/,theteam@trinidadcofarmersmarket.com,https://www.facebook.com/TrinidadFarmersMktColorado,,Sat: 8:00am - 12:00pm,"June, July, August, September",,,Yes,,"The Trinidad Community Farmers Market is the place to be on Satruday mornings! Besides offering access to seasonal fresh fruit, vegetables, eggs, meat, poultry, cheese, and flowers, there is a wide variety of hand-crafted items made by local artirsts. And usually this is all accompanied by local musicians. | Season 06/20/2026–09/26/2026",37.1701692,-104.5085463,official-site+cfma+usda,source,,"{""Address"":""official-site:https://trinidadcofarmersmarket.com/"",""Website"":""official-site:https://trinidadcofarmersmarket.com/"",""Email"":""official-site:https://trinidadcofarmersmarket.com/"",""Facebook"":""official-site:https://trinidadcofarmersmarket.com/"",""Hours"":""official-site:https://trinidadcofarmersmarket.com/"",""Months Open"":""official-site:https://trinidadcofarmersmarket.com/"",""SNAP"":""official-site:https://trinidadcofarmersmarket.com/"",""Zip"":""cfma"",""Notes"":""cfma"",""Phone"":""usda"",""County"":""census-geocoder""}",309130,"Mar 20th, 2023"
Colorado Aromatics,Agritourism,340 Lashley St,Unit 220 Longmont,Boulder,CO,80504,,,https://sagescript.com/,info@sagescript.com,,,,,,,,,,40.164631674137,-105.088100100909,usda,census-geocoder,,"{""Business Name"":""usda"",""Address"":""usda"",""City"":""usda"",""Zip"":""usda"",""Email"":""usda"",""Website"":""usda"",""County"":""census-geocoder""}",,
Vail Farmers' Market,Farmers' Market,Meadow Dr.,Vail,Eagle,CO,81658,(970) 747-1711,,http://www.vailfarmersmarket.com/,vail@vailfarmermarket.com,https://www.facebook.com/VailFarmersMarket,https://www.instagram.com/vailfarmersmarket/,Sun: 9:30am - 3:00pm; Thu: 1:00pm - 5:30pm,"June, July, August, September, October","Farm-fresh produce, artisan foods, Colorado-made art, handcrafted goods, clothing, jewelry, and prepared foods from over 155 vendors",,,,,39.62907917537029,-106.28926545444702,official-site+usda,source,,"{""Facebook"":""official-site:https://www.vailfarmersmarket.com/"",""Instagram"":""official-site:https://www.vailfarmersmarket.com/"",""Hours"":""official-site:https://www.vailfarmersmarket.com/vendor-opportunities/event-one-mbxeg"",""Months Open"":""official-site:https://www.vailfarmersmarket.com/sunday-market-1"",""Products"":""official-site:https://www.vailfarmersmarket.com/sunday-market-1"",""Address"":""usda"",""Zip"":""usda"",""Phone"":""usda"",""Website"":""usda"",""Email"":""usda"",""County"":""census-geocoder""}",309133,"Mar 20th, 2023"
Hugs Farm,On-Farm / Ranch Sales,616 Stout St,Walsenburg,Huerfano,CO,81089,(720) 365-0767,,https://www.HugsFarm.weebly.com,editor.gazelle@gmail.com,,,,,,,,,,37.6300888,-104.79355,usda,source,,"{""Business Name"":""usda"",""Address"":""usda"",""City"":""usda"",""Zip"":""usda"",""Phone"":""usda"",""Email"":""usda"",""Website"":""usda"",""County"":""census-geocoder""}",700821,"Aug 7th, 2014"
Walsenburg Farmers Market,Farmers' Market,400 Main Street,Walsenburg,Huerfano,CO,81089,(738) 520-0410,,,,https://www.facebook.com/walsenburgfarmersmarket/,,Sun: 12:00pm - 2:00pm,"May, June, July, August, September",,,,,,37.62557933074802,-104.78189654180994,official-site+usda,source,,"{""Facebook"":""official-site:https://www.facebook.com/walsenburgfarmersmarket/"",""Hours"":""official-site:https://www.facebook.com/walsenburgfarmersmarket/"",""Months Open"":""official-site:https://www.facebook.com/walsenburgfarmersmarket/"",""Address"":""usda"",""Zip"":""usda"",""Phone"":""usda"",""County"":""census-geocoder""}",309134,"Mar 20th, 2023"
Grant Farms CSA,CSA Farm,12155 Ncr 15,Wellington,Larimer,CO,80549,(970) 286-0080,,http://www.grantfarms.com/,howdy@grantfarms.com,https://www.facebook.com/GrantFarmsCSA,,,"June, July, August, September, October, November, December",,,,,"Open: June to December<br>Available Products: Apples;Avocados;Dates;Grapefruit (red, white, etc.);Grapes (black, green, red, etc.);Oranges, clementine, mandarins, tangerines, tangelos;Arugula;Beans, other (lima, etc.);Beets;Bok Choy;Broccoli;Broccolini/baby broccoli;Cabbage;Carrots;Cauliflower;Collard Greens;Corn (sweet);Cucumbers;Eggplant (Italian, Japanese, etc.);Garlic;Green beans;Kale;Kohlrabi;Mixed leafy greens;Mustard Greens;Okra;Onions (pearl, red, white, etc.);Peanuts;Peas;Peppers, hot;Potatoes (new, red, russet, etc.);Radicchio;Radishes;Rhubarb;Soybeans;Spinach: baby, regular;Squash, summer: zucchini, etc.;Sweet potatoes;Swiss chard;Tomatoes (cherry, grape, etc.);Tomatoes (plum, round, etc.);Turnip greens;Turnips;Chicken;Quail;Turkey;Beef/veal (cold cuts);Beef/veal (sausage);Beef/veal (steaks, roasts);Bison (ground);Elk;Goat;Lamb (ground);Lamb (sausage);Pork (bacon);Pork (cold cuts);Rabbit;Apples;Avocados;Dates;Grapefruit (red, white, etc.);Grapes (black, green, red, etc.);Oranges, clementine, mandarins, tangerines, tangelos;;Arugula;Beans, other (lima, etc.);Beets;Bok Choy;Broccoli;Broccolini/baby broccoli;Cabbage;Carrots;Cauliflower;Collard Greens;Corn (sweet);Cucumbers;Eggplant (Italian, Japanese, etc.);Garlic;Green beans;Kale;Kohlrabi;Mixed leafy greens;Mustard Greens;Okra;Onions (pearl, red, white, etc.);Peanuts;Peas;Peppers, hot;Potatoes (new, red, russet, etc.);Radicchio;Radishes;Rhubarb;Soybeans;Spinach: baby, regular;Squash, summer: zucchini, etc.;Sweet potatoes;Swiss chard;Tomatoes (cherry, grape, etc.);Tomatoes (plum, round, etc.);Turnip greens;Turnips;;Canned or preserved fruits/vegetables: jams, jellies, preserves, salsas, pickles, dried fruit, etc.;Coffee and/or tea;Dairy products: milk, cheese, etc.;Eggs;Fresh and/or dried herbs;Honey;Mushrooms;Chicken;Quail;Turkey;;Beef/veal (cold cuts);Beef/veal (sausage);Beef/veal (steaks, roasts);Bison (ground);Elk;Goat;Lamb (ground);Lamb (sausage);Pork (bacon);Pork (cold cuts);Rabbit;;Tofu and/or non-animal protein;",40.7038712,-105.0085856,usda,source,,"{""Business Name"":""usda"",""Address"":""usda"",""City"":""usda"",""Zip"":""usda"",""Phone"":""usda"",""Email"":""usda"",""Website"":""usda"",""Facebook"":""usda"",""Months Open"":""usda"",""Notes"":""usda"",""County"":""census-geocoder""}",200043,"Jul 29th, 2014"
Grant Farms Farmstand,Agritourism,,Wellington,Larimer,CO,97124,(970) 215-2490,,,,https://www.facebook.com/grantfarmsfreshmarket,,,,,,,,,40.8487892798146,-105.07596472175,usda,source,,"{""Business Name"":""usda"",""City"":""usda"",""Zip"":""usda"",""Phone"":""usda"",""Facebook"":""usda"",""County"":""census-geocoder""}",3428,"Feb 12th, 2024"
Harvest Farm,Agritourism,4240 East County Road 66,Wellington,Larimer,CO,80549,(970) 569-9803,,https://www.harvestfarm.net,info@denrescue.org,https://www.facebook.com/denverrescue,,,,,,,,,40.7297539947227,-104.997006983029,usda,source,,"{""Business Name"":""usda"",""Address"":""usda"",""City"":""usda"",""Zip"":""usda"",""Phone"":""usda"",""Email"":""usda"",""Website"":""usda"",""Facebook"":""usda"",""County"":""census-geocoder""}",2941,"Feb 12th, 2024"
Wellington Farmers Market,Farmers' Market,4th & Cleveland,Wellington,Larimer,CO,80549,(720) 346-6871,,http://www.wellingtoncofarmersmarket.org/,,https://www.facebook.com/wellingtoncofarmersmarket,,,,,,,,,40.70395001243054,-105.00338996993536,official-site+usda,source,,"{""Address"":""usda"",""Zip"":""usda"",""Phone"":""usda"",""Website"":""usda"",""Facebook"":""usda"",""County"":""census-geocoder""}",309135,"Mar 20th, 2023"
Westcliffe Farmers Market,Farmers' Market,"Jess Price Park, 315 Main St, Westcliffe, CO 81252",Westcliffe,Custer,CO,81252,(719) 942-3397,,https://www.westcliffefarmersmarket.com/,WestcliffeFarmersMarket@gmail.com,https://www.facebook.com/WestcliffeFarmersMarket,,Fri: 9:00am - 1:00pm,"June, July, August, September","Local produce, local art and handcrafted artisan goods, herbal products, honey, fresh baked goods, locally raised meat, Amish foods/crafts",,,,,38.13599691393431,-105.46712002579255,official-site+usda,source,,"{""Address"":""official-site:https://www.westcliffefarmersmarket.com/contact"",""Website"":""official-site:https://www.westcliffefarmersmarket.com/"",""Email"":""official-site:https://www.westcliffefarmersmarket.com/contact"",""Hours"":""official-site:https://www.westcliffefarmersmarket.com/"",""Months Open"":""official-site:https://www.westcliffefarmersmarket.com/about"",""Products"":""official-site:https://www.westcliffefarmersmarket.com/about"",""Zip"":""usda"",""Phone"":""usda"",""Facebook"":""usda"",""County"":""census-geocoder""}",309136,"Mar 20th, 2023"
Orchard Farmers MArket,Farmers' Market,14535 S Delaware Street #150,Westminster,Adams,CO,80023,(720) 515-0431,No,https://www.orchardfarmersmarket.com,abmarketcolorado@gmail.com,,https://instagram.com/TheOrchardFarmersMarket,Sun: 9 a.m. - 2 p.m.,"June, July, August, September","Apples, Apricots, Asparagus, Beets, Bell Peppers, Broccoli, Cabbage, Cantaloupe, Carrots, Cauliflower, Celery, Cherries, Chile Peppers, Chile - Roasted, Cucumbers, Eggplant, Garlic, Green Beans, Herbs, Honeydew, Kale, Leeks, Lettuce, Microgreens, Mushrooms, Okra, Onions, Nectarines, Peaches, Pears, Peas, Plums, Potatoes, Pumpkins, Radishes, Raspberries, Rhubarb, Spinach, Squash, Strawberries, Sweet Corn, Tomatoes, Turnips, Watermelon, Zucchini, Beef, Buffalo, Pork, Sausage, Baked Goods, Eggs, Honey, Jams, Jellies, Pickles, Popcorn, Juices, Handcrafted Gifts",No,No,Yes,"The Orchard Farmers Market features 50+ market vendors each Sunday in the Macy's parking lot at the Orchard Town Center off 144th and I25. Join us for produce, food items, baked goods, beverages, crafts and more!",39.96106256300004,-104.99162420899995,colorado_proud,source,,"{""Business Name"":""colorado_proud"",""Address"":""colorado_proud"",""City"":""colorado_proud"",""County"":""colorado_proud"",""Zip"":""colorado_proud"",""Phone"":""colorado_proud"",""Website"":""colorado_proud"",""Email"":""colorado_proud"",""Instagram"":""colorado_proud"",""Hours"":""colorado_proud"",""Months Open"":""colorado_proud"",""Products"":""colorado_proud"",""Certified Organic"":""colorado_proud"",""SNAP"":""colorado_proud"",""ADA Accessible"":""colorado_proud"",""Notes"":""colorado_proud""}",,
Four Seasons Farmers and Artisans Market,Farmers' Market,7043 W 38th Ave,Wheat Ridge,Jefferson,CO,80033,(720) 560-6648,,http://www.fourseasonsfam.com,,http://www.facebook.com/fourseasonsfam,,,,,,,,,39.76937622613763,-105.07517888312354,usda,source,,"{""Business Name"":""usda"",""Address"":""usda"",""City"":""usda"",""Zip"":""usda"",""Phone"":""usda"",""Website"":""usda"",""Facebook"":""usda"",""County"":""census-geocoder""}",309061,"Mar 20th, 2023"
Metro Denver Farmers' Market at Wheat Ridge,Farmers' Market,4260 Wadsworth Blvd,Wheat Ridge,Jefferson,CO,80033,(303) 887-3276,,http://www.denverfarmersmarket.com,melina@thepizzabandit.com*larabourdreaux@gmail.com*contact@buyMAHA.com*22uniquephotostj@gmail.com*in,http://www.facebook.com/denverfarmersmarket,,,,,,,,,39.77537967504266,-105.08139009095976,usda,source,,"{""Business Name"":""usda"",""Address"":""usda"",""City"":""usda"",""Zip"":""usda"",""Phone"":""usda"",""Website"":""usda"",""Facebook"":""usda"",""Email"":""usda"",""County"":""census-geocoder""}",309094,"Mar 20th, 2023"
Pope Farms/Pope's Pumpkin Patch & Corn Maze,Agritourism,,Wiggins,Morgan,CO,80654,(970) 483-6124,,,,,,,,,,,,,40.2833920020067,-104.092612035616,usda,source,,"{""Business Name"":""usda"",""City"":""usda"",""Zip"":""usda"",""Phone"":""usda"",""County"":""census-geocoder""}",6621,"Feb 12th, 2024"
Town of Windsor,Farmers' Market,"250 11th St., Windsor",Windsor,Weld,CO,80550,(970) 388-7354,No,https://www.recreationliveshere.com,slaub@windsorgov.com,,,Sat: 8-12:30,"June, July, August, September","Bell Peppers, Broccoli, Brussels Sprouts, Cabbage, Cantaloupe, Carrots, Cherries, Chile - Roasted, Cucumbers, Green Beans, Herbs, Lettuce, Mushrooms, Onions, Peaches, Pears, Potatoes, Pumpkins, Raspberries, Spinach, Squash, Strawberries, Sweet Corn, Tomatoes, Zucchini, Beef, Jerky, Baked Goods, Honey, Jams, Jellies, Pickles, Popcorn, Handcrafted Gifts",No,No,Yes,Windsor Farmer's Market at Boardwalk Park,40.482684000000006,-104.918886,colorado_proud,source,,"{""Business Name"":""colorado_proud"",""Address"":""colorado_proud"",""City"":""colorado_proud"",""County"":""colorado_proud"",""Zip"":""colorado_proud"",""Phone"":""colorado_proud"",""Website"":""colorado_proud"",""Email"":""colorado_proud"",""Hours"":""colorado_proud"",""Months Open"":""colorado_proud"",""Products"":""colorado_proud"",""Certified Organic"":""colorado_proud"",""SNAP"":""colorado_proud"",""ADA Accessible"":""colorado_proud"",""Notes"":""colorado_proud""}",,
Woodland Park Farmers Market,Farmers' Market,117 Center Ave,Woodland Park,Teller,CO,80863,(719) 229-3767,,https://wpfarmersmarket.com,info@wpfarmersmarket.com,https://www.facebook.com/wpfarmersmarket,https://www.instagram.com/wpfarmersmarket,Fri: 8:00am - 1:00pm,"June, July, August, September","Local and regionally grown fruits & vegetables, local and regionally raised meats, plants, flowers & herbs, farm-fresh eggs & dairy products, baked goods, snacks, spices",,Yes,,"Teller County Farmers Market Association, (TCFMA) is a 501(c)3 organization which provides a forum for sales of local produce and items associated with agriculture, gardens & food. The association, originally formed in 1990 as Woodland Park Farmers Market, is operated by volunteers and administered by a volunteer Board of Directors.  It oversees the Woodland Park Farmers' Market (Summer) and Woodland Park Holiday Market (November). MISSION: to enhance the quality of life for Teller County residents and visitors by providing access to safe and affordable produce and other food, promoting agricultural land use through a direct market for growers, encouraging organic and pesticide-free growing techniques, and fostering health and well-being through community education. The summer market has been a lively and hugely popular part of Teller County life since 1991. Products that can be found at the market include a wide variety of locally grown and produced vegetables and fruits, eggs and meats; various cheeses; locally made bread, pies & pastries, jams, honey, salsas, pickles; popcorn, lemonade, candy, high-quality locally-made crafts, and food trucks. We have Live Music each week and periodic demonstrations and educational programs. Local non-profit charitable organizations as well as other public organizations (i.e. physical and mental-health care) are well represented at our market, along with our sponsors and occasional local businesses with informational booths. | Programs: SNAP, Double Up; Season 06/05/2026–09/25/2026",38.995722,-105.0538667,official-site+cfma+usda,source,,"{""Phone"":""official-site:https://wpfarmersmarket.com/contact-us"",""Website"":""official-site:https://wpfarmersmarket.com"",""Email"":""official-site:https://wpfarmersmarket.com/contact-us"",""Facebook"":""official-site:https://wpfarmersmarket.com"",""Instagram"":""official-site:https://wpfarmersmarket.com"",""Hours"":""official-site:https://wpfarmersmarket.com/faq"",""Months Open"":""official-site:https://wpfarmersmarket.com/faq"",""Products"":""official-site:https://wpfarmersmarket.com/faq"",""SNAP"":""official-site:https://wpfarmersmarket.com/faq"",""Address"":""cfma"",""Zip"":""cfma"",""Notes"":""cfma"",""County"":""census-geocoder""}",309138,"Mar 20th, 2023"
