Date,Event,Business Name,City,Field,Old Value,New Value,Source,Batch,Note
2026-10-05,baseline,100x Farm,Longmont,,,,colorado_proud_finder,baseline from origin/main,present when the ledger started; first-seen date is this or earlier
2026-10-05,baseline,Laz U 2 Bar Goat Dairy & Farm,Del Norte,,,,colorado_proud_farm_fresh,baseline from origin/main,present when the ledger started; first-seen date is this or earlier
2026-10-05,baseline,Circle of 2 Ranch,Montrose,,,,colorado_proud_finder,baseline from origin/main,present when the ledger started; first-seen date is this or earlier
2026-10-05,baseline,2BeeKPers,Elizabeth,,,,colorado_proud_finder,baseline from origin/main,present when the ledger started; first-seen date is this or earlier
2026-10-05,baseline,2nd Ave Farms LLC,La Salle,,,,colorado_proud_finder,baseline from origin/main,present when the ledger started; first-seen date is this or earlier
2026-10-05,baseline,Nunya Beeswax 303,Broomfield,,,,colorado_proud_finder,baseline from origin/main,present when the ledger started; first-seen date is this or earlier
2026-10-05,baseline,CRE8TiV 303s LLC,Colorado Springs,,,,colorado_proud_finder,baseline from origin/main,present when the ledger started; first-seen date is this or earlier
2026-10-05,baseline,Lazy 3X Ranch,Mack,,,,colorado_proud_finder,baseline from origin/main,present when the ledger started; first-seen date is this or earlier
2026-10-05,baseline,XLVII's Bakery/ 47 Bakery,Northglenn,,,,colorado_proud_finder,baseline from origin/main,present when the ledger started; first-seen date is this or earlier
2026-10-05,baseline,"4B Ranch Livestock, LLC",FORT MORGAN,,,,colorado_proud_farm_fresh+colorado_proud_finder,baseline from origin/main,present when the ledger started; first-seen date is this or earlier
2026-10-05,baseline,"4D Ranch, LLC",Colorado Springs,,,,colorado_proud_finder,baseline from origin/main,present when the ledger started; first-seen date is this or earlier
2026-10-05,baseline,4M Ranch LLC,Meeker,,,,colorado_proud_finder,baseline from origin/main,present when the ledger started; first-seen date is this or earlier
2026-10-05,baseline,5 Bar Angus Ranch,Craig,,,,colorado_proud_finder,baseline from origin/main,present when the ledger started; first-seen date is this or earlier
2026-10-05,baseline,5 Rings Seasoning Co,Norwood,,,,colorado_proud_finder,baseline from origin/main,present when the ledger started; first-seen date is this or earlier
2026-10-05,baseline,Peak View 52 Farms LLC.,Calhan,,,,colorado_proud_finder,baseline from origin/main,present when the ledger started; first-seen date is this or earlier
2026-10-05,baseline,Boulter's 5280 Urban Market,Castle Pines,,,,official-site+usda,baseline from origin/main,present when the ledger started; first-seen date is this or earlier
2026-10-05,baseline,"5280 Mushrooms, LLC",Thornton,,,,colorado_proud_finder,baseline from origin/main,present when the ledger started; first-seen date is this or earlier
2026-10-05,baseline,63rd St. Farm,Boulder,,,,usda,baseline from origin/main,present when the ledger started; first-seen date is this or earlier
2026-10-05,baseline,7 Anubis Farms,Akron,,,,usda+colorado_proud_finder,baseline from origin/main,present when the ledger started; first-seen date is this or earlier
2026-10-05,baseline,Bootheel 7 Ranch,Parker,,,,colorado_proud_finder,baseline from origin/main,present when the ledger started; first-seen date is this or earlier
2026-10-05,baseline,T-Lazy-7 Ranch,Aspen,,,,curated,baseline from origin/main,present when the ledger started; first-seen date is this or earlier
2026-10-05,baseline,7 Rivers Farmers Market,Durango,,,,colorado_proud_finder,baseline from origin/main,present when the ledger started; first-seen date is this or earlier
2026-10-05,baseline,Vines 79 Wine Barn,Palisade,,,,colorado_proud_finder,baseline from origin/main,present when the ledger started; first-seen date is this or earlier
2026-10-05,baseline,7th Street Community Cafe,Grand Junction,,,,colorado_proud_finder,baseline from origin/main,present when the ledger started; first-seen date is this or earlier
2026-10-05,baseline,Glenwood Springs Downtown Market on 7th,Glenwood Springs,,,,official-site+cfma+usda,baseline from origin/main,present when the ledger started; first-seen date is this or earlier
2026-10-05,baseline,Quarter Acre and a Mule Farm,Pueblo,,,,colorado_proud_farm_fresh,baseline from origin/main,present when the ledger started; first-seen date is this or earlier
2026-10-05,baseline,Jack-A-Lope Acres,Ignacio,,,,usda,baseline from origin/main,present when the ledger started; first-seen date is this or earlier
2026-10-05,baseline,Circle A Garden,Montrose,,,,usda,baseline from origin/main,present when the ledger started; first-seen date is this or earlier
2026-10-05,baseline,A Wren's Nest Farm,Pueblo,,,,usda,baseline from origin/main,present when the ledger started; first-seen date is this or earlier
2026-10-05,baseline,"S. A. Wiley Sustainable Fresh Farmed Fish Hatchery, LLC",Fort Collins,,,,colorado_proud_finder,baseline from origin/main,present when the ledger started; first-seen date is this or earlier
2026-10-05,baseline,"This is a test, Inc.",Broomfield,,,,colorado_proud_finder,baseline from origin/main,present when the ledger started; first-seen date is this or earlier
2026-10-05,baseline,A&J Ranch,,,,,colorado_proud_finder,baseline from origin/main,present when the ledger started; first-seen date is this or earlier
2026-10-05,baseline,Jon-a-thins,Fort Collins,,,,colorado_proud_finder,baseline from origin/main,present when the ledger started; first-seen date is this or earlier
2026-10-05,baseline,A Kitchen Mouse,Arvada,,,,colorado_proud_finder,baseline from origin/main,present when the ledger started; first-seen date is this or earlier
2026-10-05,baseline,A Pinch of Lavender LLC,Palisade,,,,colorado_proud_finder,baseline from origin/main,present when the ledger started; first-seen date is this or earlier
2026-10-05,baseline,The Winery at Holy Cross Abbey,CANON CITY,,,,colorado_proud_farm_fresh,baseline from origin/main,present when the ledger started; first-seen date is this or earlier
2026-10-05,baseline,ABC Farm,brighton,,,,usda,baseline from origin/main,present when the ledger started; first-seen date is this or earlier
2026-10-05,baseline,ABF Farms,Berthoud,,,,colorado_proud_finder,baseline from origin/main,present when the ledger started; first-seen date is this or earlier
2026-10-05,baseline,Vine Abiding Farms,Fowler,,,,usda,baseline from origin/main,present when the ledger started; first-seen date is this or earlier
2026-10-05,baseline,Abundant Life Organic Farms,HOTCHKISS,,,,colorado_proud_farm_fresh,baseline from origin/main,present when the ledger started; first-seen date is this or earlier
2026-10-05,baseline,Rock Bottom Ranch (ACES),Basalt,,,,curated,baseline from origin/main,present when the ledger started; first-seen date is this or earlier
2026-10-05,baseline,Lazy acre beef,Evergreen,,,,colorado_proud_finder,baseline from origin/main,present when the ledger started; first-seen date is this or earlier
2026-10-05,baseline,"The One Acre Farm, LLC",Craig,,,,colorado_proud_finder,baseline from origin/main,present when the ledger started; first-seen date is this or earlier
2026-10-05,baseline,LaZyB Acres Alpacas,Bennett,,,,colorado_proud_finder,baseline from origin/main,present when the ledger started; first-seen date is this or earlier
2026-10-05,baseline,"Wild Bunch Acres, LLC",,,,,colorado_proud_finder,baseline from origin/main,present when the ledger started; first-seen date is this or earlier
2026-10-05,baseline,White Elm Acres LLC,Erie,,,,colorado_proud_finder,baseline from origin/main,present when the ledger started; first-seen date is this or earlier
2026-10-05,baseline,Flat Acres Farm,Parker,,,,usda,baseline from origin/main,present when the ledger started; first-seen date is this or earlier
2026-10-05,baseline,Fritzler Farm Park (Scream Acres),La Salle,,,,usda,baseline from origin/main,present when the ledger started; first-seen date is this or earlier
2026-10-05,baseline,Sunflower Farm Acres,LONGMONT,,,,colorado_proud_farm_fresh+usda,baseline from origin/main,present when the ledger started; first-seen date is this or earlier
2026-10-05,baseline,"Trinity Acres Farm, LLC",Byers,,,,colorado_proud_finder,baseline from origin/main,present when the ledger started; first-seen date is this or earlier
2026-10-05,baseline,Freedom Acres Ranch,Denver,,,,colorado_proud_finder,baseline from origin/main,present when the ledger started; first-seen date is this or earlier
2026-10-05,baseline,Golden Acres,Fort Collins,,,,colorado_proud_finder,baseline from origin/main,present when the ledger started; first-seen date is this or earlier
2026-10-05,baseline,Holly Acres Nursery,Elizabeth,,,,usda,baseline from origin/main,present when the ledger started; first-seen date is this or earlier
2026-10-05,baseline,Jamber Acres,Cotopaxi,,,,colorado_proud_farm_fresh+colorado_proud_finder,baseline from origin/main,present when the ledger started; first-seen date is this or earlier
2026-10-05,baseline,Johnson's Acres,Brighton,,,,usda,baseline from origin/main,present when the ledger started; first-seen date is this or earlier
2026-10-05,baseline,Lazy Acres Ranch LLC,Longmont,,,,colorado_proud_farm_fresh+colorado_proud_finder,baseline from origin/main,present when the ledger started; first-seen date is this or earlier
2026-10-05,baseline,RAD Acres,Guffey,,,,colorado_proud_finder,baseline from origin/main,present when the ledger started; first-seen date is this or earlier
2026-10-05,baseline,Wade Acres,Simla,,,,usda,baseline from origin/main,present when the ledger started; first-seen date is this or earlier
2026-10-05,baseline,The Action Center Community Food Hub,Lakewood,,,,usda,baseline from origin/main,present when the ledger started; first-seen date is this or earlier
2026-10-05,baseline,PIFCA – Partnership for Community Action,,,,,official-site+chaffee_provides,baseline from origin/main,present when the ledger started; first-seen date is this or earlier
2026-10-05,baseline,Adam's Apple Orchard & Country Store,Ault,,,,usda,baseline from origin/main,present when the ledger started; first-seen date is this or earlier
2026-10-05,baseline,Adams Apple Country Store,Ault,,,,usda,baseline from origin/main,present when the ledger started; first-seen date is this or earlier
2026-10-05,baseline,Adams Natural Meats,Evergreen,,,,colorado_proud_finder,baseline from origin/main,present when the ledger started; first-seen date is this or earlier
2026-10-05,baseline,Adobe House Farm,Durango,,,,usda,baseline from origin/main,present when the ledger started; first-seen date is this or earlier
2026-10-05,baseline,Evergood Adventure Wines,Palmer Lake,,,,colorado_proud_finder,baseline from origin/main,present when the ledger started; first-seen date is this or earlier
2026-10-05,baseline,M & H Ag llc,Paonia,,,,colorado_proud_finder,baseline from origin/main,present when the ledger started; first-seen date is this or earlier
2026-10-05,baseline,Schenck Ag LLC,Holly,,,,colorado_proud_finder,baseline from origin/main,present when the ledger started; first-seen date is this or earlier
2026-10-05,baseline,Colorado Agritourism Association,Delta,,,,colorado_proud_finder,baseline from origin/main,present when the ledger started; first-seen date is this or earlier
2026-10-05,baseline,Grand Junction Agritourism,Grand Junction,,,,usda,baseline from origin/main,present when the ledger started; first-seen date is this or earlier
2026-10-05,baseline,Delta County Colorado Agritours,Delta,,,,usda,baseline from origin/main,present when the ledger started; first-seen date is this or earlier
2026-10-05,baseline,Ahavah Farm,Peyton,,,,usda,baseline from origin/main,present when the ledger started; first-seen date is this or earlier
2026-10-05,baseline,Painted Prairie Open Air Markets (Presented by Grateful Garden llc),Aurora,,,,colorado_proud+colorado_proud_farm_fresh,baseline from origin/main,present when the ledger started; first-seen date is this or earlier
2026-10-05,baseline,Alamosa Farmers' Market,Alamosa,,,,colorado_proud+colorado_proud_farm_fresh+cfma+colorado_proud_finder+usda,baseline from origin/main,present when the ledger started; first-seen date is this or earlier
2026-10-05,baseline,"AlcheMeats, LLC",Aurora,,,,colorado_proud_finder,baseline from origin/main,present when the ledger started; first-seen date is this or earlier
2026-10-05,baseline,Alida's Fruits,Palisade,,,,colorado_proud_finder,baseline from origin/main,present when the ledger started; first-seen date is this or earlier
2026-10-05,baseline,Foodshed Alliance,Salida,,,,chaffee_provides,baseline from origin/main,present when the ledger started; first-seen date is this or earlier
2026-10-05,baseline,Living Water Fibers and Alpacas,Craig,,,,usda,baseline from origin/main,present when the ledger started; first-seen date is this or earlier
2026-10-05,baseline,Lone Pine Alpacas,Colorado Springs,,,,usda,baseline from origin/main,present when the ledger started; first-seen date is this or earlier
2026-10-05,baseline,Alpen Dough,Edwards,,,,colorado_proud_finder,baseline from origin/main,present when the ledger started; first-seen date is this or earlier
2026-10-05,baseline,High Alpine Genetics LLC,Glenwood Springs,,,,colorado_proud_finder,baseline from origin/main,present when the ledger started; first-seen date is this or earlier
2026-10-05,baseline,Alpine Valley Mushrooms,Saguache,,,,colorado_proud_finder,baseline from origin/main,present when the ledger started; first-seen date is this or earlier
2026-10-05,baseline,High Altitude Rhubarb--Farm & Nursery,Black Forest,,,,colorado_proud_finder+usda,baseline from origin/main,present when the ledger started; first-seen date is this or earlier
2026-10-05,baseline,High Altitude Rhubarb,Colorado Springs,,,,usda,baseline from origin/main,present when the ledger started; first-seen date is this or earlier
2026-10-05,baseline,"Altius Farms, Inc.",Denver,,,,colorado_proud_finder,baseline from origin/main,present when the ledger started; first-seen date is this or earlier
2026-10-05,baseline,Farm Fresh Direct of America,Monte Vista,,,,colorado_proud_finder,baseline from origin/main,present when the ledger started; first-seen date is this or earlier
2026-10-05,baseline,Meet America Inc.,,,,,colorado_proud_finder,baseline from origin/main,present when the ledger started; first-seen date is this or earlier
2026-10-05,baseline,River Bear American Meats,Denver,,,,colorado_proud_finder,baseline from origin/main,present when the ledger started; first-seen date is this or earlier
2026-10-05,baseline,Anavera Farm,La Jara,,,,colorado_proud_finder,baseline from origin/main,present when the ledger started; first-seen date is this or earlier
2026-10-05,baseline,Ancestral Skincare Co,Bennett,,,,colorado_proud_finder,baseline from origin/main,present when the ledger started; first-seen date is this or earlier
2026-10-05,baseline,Bartels Land and Livestock; U-pick and Pumpkin Patch,Fort Collins,,,,usda,baseline from origin/main,present when the ledger started; first-seen date is this or earlier
2026-10-05,baseline,"Creede Farmers, Local Artisan and Antique Market",Creede,,,,official-site+usda,baseline from origin/main,present when the ledger started; first-seen date is this or earlier
2026-10-05,baseline,Zen and the Art of Beeing,,,,,colorado_proud_finder,baseline from origin/main,present when the ledger started; first-seen date is this or earlier
2026-10-05,baseline,Colorado Farm and Art Market,Colorado Springs,,,,colorado_proud+colorado_proud_farm_fresh+usda,baseline from origin/main,present when the ledger started; first-seen date is this or earlier
2026-10-05,baseline,Four Seasons Farmers and Artisans Market,Wheat Ridge,,,,usda,baseline from origin/main,present when the ledger started; first-seen date is this or earlier
2026-10-05,baseline,Peak and Crumb Bakery LLC,Denver,,,,colorado_proud_finder,baseline from origin/main,present when the ledger started; first-seen date is this or earlier
2026-10-05,baseline,Roots From Eden CSA Market and Bakery,Loma,,,,usda+colorado_proud_finder,baseline from origin/main,present when the ledger started; first-seen date is this or earlier
2026-10-05,baseline,Petal and Press Bakery,,,,,colorado_proud_finder,baseline from origin/main,present when the ledger started; first-seen date is this or earlier
2026-10-05,baseline,Tart and Soul Bakery,Littleton,,,,colorado_proud_finder,baseline from origin/main,present when the ledger started; first-seen date is this or earlier
2026-10-05,baseline,Baseggio Pumpkin Patch and Corn Maze,Atwood,,,,usda,baseline from origin/main,present when the ledger started; first-seen date is this or earlier
2026-10-05,baseline,Buddha And The Bees,Longmont,,,,colorado_proud_finder,baseline from origin/main,present when the ledger started; first-seen date is this or earlier
2026-10-05,baseline,"Beth's Bobbins and Buns, LLC",Milliken,,,,colorado_proud_finder,baseline from origin/main,present when the ledger started; first-seen date is this or earlier
2026-10-05,baseline,Orchard Valley Farms and Black Ridge Winery,Paonia,,,,usda,baseline from origin/main,present when the ledger started; first-seen date is this or earlier
2026-10-05,baseline,Buck and Bloom Cheese Co,Buena Vista,,,,curated+colorado_proud_finder,baseline from origin/main,present when the ledger started; first-seen date is this or earlier
2026-10-05,baseline,Local Brands Farm and Ranch Markets Cooperative,Hesperus,,,,official-site+usda,baseline from origin/main,present when the ledger started; first-seen date is this or earlier
2026-10-05,baseline,Maggie’s Bread and Butter LLC,Ault,,,,colorado_proud_finder,baseline from origin/main,present when the ledger started; first-seen date is this or earlier
2026-10-05,baseline,Bugling Elk Vineyard and Winery,Penrose,,,,colorado_proud_finder,baseline from origin/main,present when the ledger started; first-seen date is this or earlier
2026-10-05,baseline,Dove Creek Care and Share Food Pantry,Dove Creek,,,,colorado_proud_finder,baseline from origin/main,present when the ledger started; first-seen date is this or earlier
2026-10-05,baseline,Creole Roots Catering and Food Truck,,,,,colorado_proud_finder,baseline from origin/main,present when the ledger started; first-seen date is this or earlier
2026-10-05,baseline,High Plains Cattle and Meats Co.,wellington,,,,colorado_proud_finder,baseline from origin/main,present when the ledger started; first-seen date is this or earlier
2026-10-05,baseline,Chalk and Flour,Littleton,,,,colorado_proud_finder,baseline from origin/main,present when the ledger started; first-seen date is this or earlier
2026-10-05,baseline,Charcutnuvo Organic and Natural Sausage,Denver,,,,colorado_proud_finder,baseline from origin/main,present when the ledger started; first-seen date is this or earlier
2026-10-05,baseline,Milk and Honey Coffee,Denver,,,,colorado_proud_finder,baseline from origin/main,present when the ledger started; first-seen date is this or earlier
2026-10-05,baseline,Dietz Livestock Land and Contracting,Peyton,,,,colorado_proud_finder,baseline from origin/main,present when the ledger started; first-seen date is this or earlier
2026-10-05,baseline,Harvest Days-corn maze and pumpkin patch,Pueblo,,,,colorado_proud_finder,baseline from origin/main,present when the ledger started; first-seen date is this or earlier
2026-10-05,baseline,Studt Farms (Pumpkin Patch and Corn Maze),Grand Junction,,,,usda,baseline from origin/main,present when the ledger started; first-seen date is this or earlier
2026-10-05,baseline,Lower Valley Pumpkin Patch and Corn Maze,Grand Junction,,,,usda,baseline from origin/main,present when the ledger started; first-seen date is this or earlier
2026-10-05,baseline,Country Road Vines and Wines,Fort Morgan,,,,colorado_proud_farm_fresh+colorado_proud_finder,baseline from origin/main,present when the ledger started; first-seen date is this or earlier
2026-10-05,baseline,Cowgirl's Favorite Sweets and Treats,Littleton,,,,colorado_proud_finder,baseline from origin/main,present when the ledger started; first-seen date is this or earlier
2026-10-05,baseline,Norwood Farm and Craft Market,Norwood,,,,official-site+usda,baseline from origin/main,present when the ledger started; first-seen date is this or earlier
2026-10-05,baseline,Hearth and Crunch LLC,New Castle,,,,colorado_proud_finder,baseline from origin/main,present when the ledger started; first-seen date is this or earlier
2026-10-05,baseline,Polka Dots And Curry,Colorado Springs,,,,colorado_proud_finder,baseline from origin/main,present when the ledger started; first-seen date is this or earlier
2026-10-05,baseline,Zephyros Farm and Garden,Paonia,,,,usda,baseline from origin/main,present when the ledger started; first-seen date is this or earlier
2026-10-05,baseline,Hope Ranch and Farm,Livermore,,,,colorado_proud_finder,baseline from origin/main,present when the ledger started; first-seen date is this or earlier
2026-10-05,baseline,"Suárez Wines and Market LLC, Mariposa Farm LLC",Longmont,,,,colorado_proud_finder,baseline from origin/main,present when the ledger started; first-seen date is this or earlier
2026-10-05,baseline,Mesa Winds Farm and Winery,Hotchkiss,,,,colorado_proud_finder,baseline from origin/main,present when the ledger started; first-seen date is this or earlier
2026-10-05,baseline,Mollohan Farm and Ranch,Otis,,,,colorado_proud_finder,baseline from origin/main,present when the ledger started; first-seen date is this or earlier
2026-10-05,baseline,Tigges Farm Produce and Pumpkin Patch,Greeley,,,,usda,baseline from origin/main,present when the ledger started; first-seen date is this or earlier
2026-10-05,baseline,Valere Farm and Ranch,Hudson,,,,colorado_proud_finder,baseline from origin/main,present when the ledger started; first-seen date is this or earlier
2026-10-05,baseline,Willowbrook Farm and Ranch,FORT COLLINS,,,,colorado_proud_finder,baseline from origin/main,present when the ledger started; first-seen date is this or earlier
2026-10-05,baseline,Farm and Ranch Market,Grand Junction,,,,official-site+usda,baseline from origin/main,present when the ledger started; first-seen date is this or earlier
2026-10-05,baseline,Jenkin's Farms and Western Skies Winery,Penrose,,,,usda,baseline from origin/main,present when the ledger started; first-seen date is this or earlier
2026-10-05,baseline,Farm and Market,Denver,,,,colorado_proud_finder,baseline from origin/main,present when the ledger started; first-seen date is this or earlier
2026-10-05,baseline,Stretch and Fold Sourdough Co.,Ignacio,,,,colorado_proud_finder,baseline from origin/main,present when the ledger started; first-seen date is this or earlier
2026-10-05,baseline,Valley Meat and Foods LLC,Alamosa,,,,colorado_proud_finder,baseline from origin/main,present when the ledger started; first-seen date is this or earlier
2026-10-05,baseline,Golden Poultry And Meats,Golden,,,,colorado_proud_finder,baseline from origin/main,present when the ledger started; first-seen date is this or earlier
2026-10-05,baseline,Grama Grass and Livestock,Longmont,,,,colorado_proud_finder,baseline from origin/main,present when the ledger started; first-seen date is this or earlier
2026-10-05,baseline,HG Honey and Hives,Loveland,,,,colorado_proud_finder,baseline from origin/main,present when the ledger started; first-seen date is this or earlier
2026-10-05,baseline,Hops and Honey Colorado,Dacono,,,,colorado_proud_finder,baseline from origin/main,present when the ledger started; first-seen date is this or earlier
2026-10-05,baseline,Norwegian Kransekake and Lefse Colorado,Fort Collins,,,,colorado_proud_finder,baseline from origin/main,present when the ledger started; first-seen date is this or earlier
2026-10-05,baseline,Pleasant Valley Market and Meats LLC,Laporte,,,,colorado_proud_finder,baseline from origin/main,present when the ledger started; first-seen date is this or earlier
2026-10-05,baseline,Wheat Ridge Poultry and Meats,Wheat Ridge,,,,colorado_proud_finder,baseline from origin/main,present when the ledger started; first-seen date is this or earlier
2026-10-05,baseline,Pumpkins and More,Holyoke,,,,usda+colorado_proud_finder,baseline from origin/main,present when the ledger started; first-seen date is this or earlier
2026-10-05,baseline,Sweet and Savory,Centennial,,,,colorado_proud_finder,baseline from origin/main,present when the ledger started; first-seen date is this or earlier
2026-10-05,baseline,Tinctures and Tallow,Firestone,,,,colorado_proud_finder,baseline from origin/main,present when the ledger started; first-seen date is this or earlier
2026-10-05,baseline,Anderson Farms,Erie,,,,colorado_proud_farm_fresh+colorado_proud_finder+usda,baseline from origin/main,present when the ledger started; first-seen date is this or earlier
2026-10-05,baseline,Anderson's Patchwork Pumpkins,Ault,,,,usda,baseline from origin/main,present when the ledger started; first-seen date is this or earlier
2026-10-05,baseline,The Ark Angel,Buena Vista,,,,colorado_proud_finder,baseline from origin/main,present when the ledger started; first-seen date is this or earlier
2026-10-05,baseline,Angels Bakehouse,,,,,colorado_proud_finder,baseline from origin/main,present when the ledger started; first-seen date is this or earlier
2026-10-05,baseline,Vision Angus Beef,Amherst,,,,colorado_proud_finder,baseline from origin/main,present when the ledger started; first-seen date is this or earlier
2026-10-05,baseline,Antelope Creek Ranch Wagyu,Wiggins,,,,colorado_proud_farm_fresh+colorado_proud_finder,baseline from origin/main,present when the ledger started; first-seen date is this or earlier
2026-10-05,baseline,Anthony's Pizza & Pasta,Denver,,,,colorado_proud_finder,baseline from origin/main,present when the ledger started; first-seen date is this or earlier
2026-10-05,baseline,"Julie Comer, LLC Dan AnyTime Pancakes",Fort Collins,,,,colorado_proud_finder,baseline from origin/main,present when the ledger started; first-seen date is this or earlier
2026-10-05,baseline,Bee Squared Apiaries,Berthoud,,,,colorado_proud_farm_fresh+colorado_proud_finder,baseline from origin/main,present when the ledger started; first-seen date is this or earlier
2026-10-05,baseline,Copper Kettle Apothecary,Salida,,,,official-site+chaffee_provides,baseline from origin/main,present when the ledger started; first-seen date is this or earlier
2026-10-05,baseline,Ravens Three Apothecary,Boulder,,,,colorado_proud_finder,baseline from origin/main,present when the ledger started; first-seen date is this or earlier
2026-10-05,baseline,SLV Apothecary,Alamosa,,,,curated,baseline from origin/main,present when the ledger started; first-seen date is this or earlier
2026-10-05,baseline,Ferrara's Happy Apple Farm,Penrose,,,,usda,baseline from origin/main,present when the ledger started; first-seen date is this or earlier
2026-10-05,baseline,Happy Apple Orchard,Ignacio,,,,usda,baseline from origin/main,present when the ledger started; first-seen date is this or earlier
2026-10-05,baseline,Third Street Apples,Penrose,,,,usda,baseline from origin/main,present when the ledger started; first-seen date is this or earlier
2026-10-05,baseline,Aqua Duck Farms L.L.C.,Littleton,,,,colorado_proud_finder,baseline from origin/main,present when the ledger started; first-seen date is this or earlier
2026-10-05,baseline,Emerge Aquaponics,Colorado Springs,,,,colorado_proud_finder+usda,baseline from origin/main,present when the ledger started; first-seen date is this or earlier
2026-10-05,baseline,Viking Aquaponics,Stratton,,,,colorado_proud_finder,baseline from origin/main,present when the ledger started; first-seen date is this or earlier
2026-10-05,baseline,Aragon Farms LLC,Greeley,,,,colorado_proud_finder,baseline from origin/main,present when the ledger started; first-seen date is this or earlier
2026-10-05,baseline,The Arbol Farmers Market,Paonia,,,,colorado_proud+colorado_proud_farm_fresh+cfma+colorado_proud_finder,baseline from origin/main,present when the ledger started; first-seen date is this or earlier
2026-10-05,baseline,ArborScape Inc,Sheridan,,,,colorado_proud_finder,baseline from origin/main,present when the ledger started; first-seen date is this or earlier
2026-10-05,baseline,Arkansas Valley Christian Mission,,,,,official-site+chaffee_provides,baseline from origin/main,present when the ledger started; first-seen date is this or earlier
2026-10-05,baseline,Marc Arnusch Farms,Keenesburg,,,,colorado_proud_finder,baseline from origin/main,present when the ledger started; first-seen date is this or earlier
2026-10-05,baseline,Colorado Aromatics,Unit 220 Longmont,,,,usda,baseline from origin/main,present when the ledger started; first-seen date is this or earlier
2026-10-05,baseline,Arriola Sunshine Farm,Dolores,,,,colorado_proud_farm_fresh+colorado_proud_finder,baseline from origin/main,present when the ledger started; first-seen date is this or earlier
2026-10-05,baseline,Arrowpoint Cattle Company,Nathrop,,,,official-site+chaffee_provides,baseline from origin/main,present when the ledger started; first-seen date is this or earlier
2026-10-05,baseline,izzio artisan bakery,Louisville,,,,colorado_proud_finder,baseline from origin/main,present when the ledger started; first-seen date is this or earlier
2026-10-05,baseline,Arvada Five Parks Farmers Market,Arvada,,,,usda,baseline from origin/main,present when the ledger started; first-seen date is this or earlier
2026-10-05,baseline,Arvada Farmers Market,Arvada,,,,usda,baseline from origin/main,present when the ledger started; first-seen date is this or earlier
2026-10-05,baseline,The Asian Palate Marketplace & Catering,Buena Vista,,,,official-site+chaffee_provides,baseline from origin/main,present when the ledger started; first-seen date is this or earlier
2026-10-05,baseline,Chin Dribblin Asian Fusion Sauces,Denver,,,,colorado_proud_finder,baseline from origin/main,present when the ledger started; first-seen date is this or earlier
2026-10-05,baseline,Lotus Asian Market,Aurora,,,,colorado_proud_finder,baseline from origin/main,present when the ledger started; first-seen date is this or earlier
2026-10-05,baseline,Aspen Baking Company,Denver,,,,colorado_proud_finder,baseline from origin/main,present when the ledger started; first-seen date is this or earlier
2026-10-05,baseline,Aspen Moon Farm,Longmont,,,,colorado_proud_farm_fresh+colorado_proud_finder+usda,baseline from origin/main,present when the ledger started; first-seen date is this or earlier
2026-10-05,baseline,Aspen Grove Farmers Market,Littleton,,,,colorado_proud+colorado_proud_farm_fresh+official-site+usda,baseline from origin/main,present when the ledger started; first-seen date is this or earlier
2026-10-05,baseline,Aspen Lodge Resort & Spa,Estes Park,,,,usda,baseline from origin/main,present when the ledger started; first-seen date is this or earlier
2026-10-05,baseline,Aspen Saturday Market,Aspen,,,,official-site+usda,baseline from origin/main,present when the ledger started; first-seen date is this or earlier
2026-10-05,baseline,Jefferson County Beekeeper Association,Arvada,,,,colorado_proud_finder,baseline from origin/main,present when the ledger started; first-seen date is this or earlier
2026-10-05,baseline,Lavender Association of Colorado,Palisade,,,,colorado_proud_farm_fresh,baseline from origin/main,present when the ledger started; first-seen date is this or earlier
2026-10-05,baseline,Old South Pearl Street Association - Farmers Market,Denver,,,,official-site+usda,baseline from origin/main,present when the ledger started; first-seen date is this or earlier
2026-10-05,baseline,Attimo Wine,Denver,,,,colorado_proud_finder,baseline from origin/main,present when the ledger started; first-seen date is this or earlier
2026-10-05,baseline,Mershops Market Days at Town Center Aurora (Presented by Grateful Garden llc),Aurora,,,,colorado_proud_farm_fresh,baseline from origin/main,present when the ledger started; first-seen date is this or earlier
2026-10-05,baseline,City of Aurora Pumpkin Patch,Aurora,,,,usda,baseline from origin/main,present when the ledger started; first-seen date is this or earlier
2026-10-05,baseline,Denver Urban Gardens  DeLaney Community Farm (Aurora),Denver,,,,usda,baseline from origin/main,present when the ledger started; first-seen date is this or earlier
2026-10-05,baseline,Aurora South Farmers Market II,Aurora,,,,official-site+usda,baseline from origin/main,present when the ledger started; first-seen date is this or earlier
2026-10-05,baseline,Autumn's Harvest Granola,Windsor,,,,colorado_proud_finder,baseline from origin/main,present when the ledger started; first-seen date is this or earlier
2026-10-05,baseline,Avant Vineyards,Palisade,,,,colorado_proud_finder,baseline from origin/main,present when the ledger started; first-seen date is this or earlier
2026-10-05,baseline,The Extremely Average Farm,Deer Trail,,,,colorado_proud_finder,baseline from origin/main,present when the ledger started; first-seen date is this or earlier
2026-10-05,baseline,Azteca Gourmet Tamales,Colorado Springs,,,,colorado_proud_finder,baseline from origin/main,present when the ledger started; first-seen date is this or earlier
2026-10-05,baseline,Azula home bakery,Milliken,,,,colorado_proud_finder,baseline from origin/main,present when the ledger started; first-seen date is this or earlier
2026-10-05,baseline,Flying B Bar Ranch,Strasburg,,,,colorado_proud_finder,baseline from origin/main,present when the ledger started; first-seen date is this or earlier
2026-10-05,baseline,"Big B's Delicious Orchards U-pick, Cafe & Tasting Room",Hotchkiss,,,,usda,baseline from origin/main,present when the ledger started; first-seen date is this or earlier
2026-10-05,baseline,B sweet cupcakes,Loveland,,,,colorado_proud_finder,baseline from origin/main,present when the ledger started; first-seen date is this or earlier
2026-10-05,baseline,Back Home Butchery,Denver,,,,colorado_proud_finder,baseline from origin/main,present when the ledger started; first-seen date is this or earlier
2026-10-05,baseline,Back Gate Farm,Fort Collins,,,,colorado_proud_farm_fresh,baseline from origin/main,present when the ledger started; first-seen date is this or earlier
2026-10-05,baseline,Backcountry Pantry llc,La Jara,,,,colorado_proud_finder,baseline from origin/main,present when the ledger started; first-seen date is this or earlier
2026-10-05,baseline,Backpack Up Plan,Littleton,,,,colorado_proud_finder,baseline from origin/main,present when the ledger started; first-seen date is this or earlier
2026-10-05,baseline,Belle's Backyard LLC,FORT COLLINS,,,,colorado_proud_finder,baseline from origin/main,present when the ledger started; first-seen date is this or earlier
2026-10-05,baseline,Backyard Market in Black Forest - Holiday,Colorado Springs,,,,official-site+usda,baseline from origin/main,present when the ledger started; first-seen date is this or earlier
2026-10-05,baseline,Backyard Market in Black Forest - Winter,Colorado Springs,,,,official-site+usda,baseline from origin/main,present when the ledger started; first-seen date is this or earlier
2026-10-05,baseline,The Backyard Market in Black Forest,Colorado Springs,,,,colorado_proud+colorado_proud_farm_fresh+cfma+usda+colorado_proud_finder,baseline from origin/main,present when the ledger started; first-seen date is this or earlier
2026-10-05,baseline,Badger Creek Ranch,Cañon City,,,,official-site+chaffee_provides,baseline from origin/main,present when the ledger started; first-seen date is this or earlier
2026-10-05,baseline,Dirt Bag BBQ,Pueblo,,,,colorado_proud_finder,baseline from origin/main,present when the ledger started; first-seen date is this or earlier
2026-10-05,baseline,Whispering Woods Whisk & Bake,Timnath,,,,colorado_proud_finder,baseline from origin/main,present when the ledger started; first-seen date is this or earlier
2026-10-05,baseline,The Baked Cottage Bakery,Denver,,,,colorado_proud_finder,baseline from origin/main,present when the ledger started; first-seen date is this or earlier
2026-10-05,baseline,Real Deal Baked Goods,Del Norte,,,,colorado_proud_finder,baseline from origin/main,present when the ledger started; first-seen date is this or earlier
2026-10-05,baseline,Buttah Bakehouse,Colorado Springs,,,,colorado_proud_finder,baseline from origin/main,present when the ledger started; first-seen date is this or earlier
2026-10-05,baseline,Three Cubs Bakehouse,Greeley,,,,colorado_proud_finder,baseline from origin/main,present when the ledger started; first-seen date is this or earlier
2026-10-05,baseline,Lazar Family Bakehouse,Cherry Hills Village,,,,colorado_proud_finder,baseline from origin/main,present when the ledger started; first-seen date is this or earlier
2026-10-05,baseline,Rampart Bakehouse,,,,,colorado_proud_finder,baseline from origin/main,present when the ledger started; first-seen date is this or earlier
2026-10-05,baseline,Vaughnderful Bakehouse,Colorado Springs,,,,colorado_proud_finder,baseline from origin/main,present when the ledger started; first-seen date is this or earlier
2026-10-05,baseline,BakeOff LLC,Northglenn,,,,colorado_proud_finder,baseline from origin/main,present when the ledger started; first-seen date is this or earlier
2026-10-05,baseline,Renee the Baker,Fort Collins,,,,colorado_proud_finder,baseline from origin/main,present when the ledger started; first-seen date is this or earlier
2026-10-05,baseline,Queen Bee Bakery,Walsenburg,,,,colorado_proud_finder,baseline from origin/main,present when the ledger started; first-seen date is this or earlier
2026-10-05,baseline,Biscotti Hound Dog Biscuit Bakery,DENVER,,,,colorado_proud_finder,baseline from origin/main,present when the ledger started; first-seen date is this or earlier
2026-10-05,baseline,Blossom Bakery LLC,Erie,,,,colorado_proud_finder,baseline from origin/main,present when the ledger started; first-seen date is this or earlier
2026-10-05,baseline,Bread Truck Bakery,Fort Collins,,,,colorado_proud_finder,baseline from origin/main,present when the ledger started; first-seen date is this or earlier
2026-10-05,baseline,Cattle Queen Craft Bakery,Centennial,,,,colorado_proud_finder,baseline from origin/main,present when the ledger started; first-seen date is this or earlier
2026-10-05,baseline,Mimi's Place Cottage Bakery,Englewood,,,,colorado_proud_finder,baseline from origin/main,present when the ledger started; first-seen date is this or earlier
2026-10-05,baseline,Ever Risen Bakery,Evergreen,,,,colorado_proud_finder,baseline from origin/main,present when the ledger started; first-seen date is this or earlier
2026-10-05,baseline,Furry Feet Bakery,,,,,colorado_proud_finder,baseline from origin/main,present when the ledger started; first-seen date is this or earlier
2026-10-05,baseline,Fig & Olive Bakery,Aurora,,,,colorado_proud_finder,baseline from origin/main,present when the ledger started; first-seen date is this or earlier
2026-10-05,baseline,Styria Bakery II,Denver,,,,colorado_proud_finder,baseline from origin/main,present when the ledger started; first-seen date is this or earlier
2026-10-05,baseline,Three Little Pigs Bakery,Estes Park,,,,colorado_proud_finder,baseline from origin/main,present when the ledger started; first-seen date is this or earlier
2026-10-05,baseline,Mountain Mama Bakery,Parachute,,,,colorado_proud_finder,baseline from origin/main,present when the ledger started; first-seen date is this or earlier
2026-10-05,baseline,Marketplace Bakery,Longmont,,,,colorado_proud_finder,baseline from origin/main,present when the ledger started; first-seen date is this or earlier
2026-10-05,baseline,The Mill Bakery LLC,Pueblo,,,,colorado_proud_finder,baseline from origin/main,present when the ledger started; first-seen date is this or earlier
2026-10-05,baseline,Valley Of The Moon Bakery,Aurora,,,,colorado_proud_finder,baseline from origin/main,present when the ledger started; first-seen date is this or earlier
2026-10-05,baseline,Mountain Oven Organic Bakery,Paonia,,,,colorado_proud_finder,baseline from origin/main,present when the ledger started; first-seen date is this or earlier
2026-10-05,baseline,Sun Mountain Bakery,Colorado Springs,,,,colorado_proud_finder,baseline from origin/main,present when the ledger started; first-seen date is this or earlier
2026-10-05,baseline,Mountainside Bakery,Conifer,,,,colorado_proud_finder,baseline from origin/main,present when the ledger started; first-seen date is this or earlier
2026-10-05,baseline,Sweet P's Bakery LLC,Florence,,,,colorado_proud_finder,baseline from origin/main,present when the ledger started; first-seen date is this or earlier
2026-10-05,baseline,Rudi's Bakery,Boulder,,,,colorado_proud_finder,baseline from origin/main,present when the ledger started; first-seen date is this or earlier
2026-10-05,baseline,Vollmer's Bakery,Denver,,,,colorado_proud_finder,baseline from origin/main,present when the ledger started; first-seen date is this or earlier
2026-10-05,baseline,Teal Velvet Bakery,Pine,,,,colorado_proud_finder,baseline from origin/main,present when the ledger started; first-seen date is this or earlier
2026-10-05,baseline,SauerDough Bakes,Aurora,,,,colorado_proud_finder,baseline from origin/main,present when the ledger started; first-seen date is this or earlier
2026-10-05,baseline,Bristlecone Bakeshop,Alma,,,,curated,baseline from origin/main,present when the ledger started; first-seen date is this or earlier
2026-10-05,baseline,NoCo Gluten Free Bakeshop,Wellington,,,,colorado_proud_finder,baseline from origin/main,present when the ledger started; first-seen date is this or earlier
2026-10-05,baseline,Blossom.Baking,Colorado Springs,,,,colorado_proud_finder,baseline from origin/main,present when the ledger started; first-seen date is this or earlier
2026-10-05,baseline,Pauline's Bonafide Baking,Colorado Springs,,,,colorado_proud_finder,baseline from origin/main,present when the ledger started; first-seen date is this or earlier
2026-10-05,baseline,Bully Boy Baking,Denver,,,,colorado_proud_finder,baseline from origin/main,present when the ledger started; first-seen date is this or earlier
2026-10-05,baseline,Little Bread Hen Baking Company,Grand Junction,,,,colorado_proud_finder,baseline from origin/main,present when the ledger started; first-seen date is this or earlier
2026-10-05,baseline,Gammy's Baklava,,,,,colorado_proud_finder,baseline from origin/main,present when the ledger started; first-seen date is this or earlier
2026-10-05,baseline,Baklava Unlimited,Boulder,,,,colorado_proud_finder,baseline from origin/main,present when the ledger started; first-seen date is this or earlier
2026-10-05,baseline,Baklava Unlimited,Longmont,,,,colorado_proud_finder,baseline from origin/main,present when the ledger started; first-seen date is this or earlier
2026-10-05,baseline,Balcony Botanicals,Hotchkiss,,,,colorado_proud_finder,baseline from origin/main,present when the ledger started; first-seen date is this or earlier
2026-10-05,baseline,Balistreri Vineyards,Denver,,,,colorado_proud_finder,baseline from origin/main,present when the ledger started; first-seen date is this or earlier
2026-10-05,baseline,Ballinger Farm Crazy Maze,Jefferson City,,,,usda,baseline from origin/main,present when the ledger started; first-seen date is this or earlier
2026-10-05,baseline,Bamber Ranch,Denver,,,,colorado_proud_finder,baseline from origin/main,present when the ledger started; first-seen date is this or earlier
2026-10-05,baseline,Banyan Breads,Salida,,,,curated,baseline from origin/main,present when the ledger started; first-seen date is this or earlier
2026-10-05,baseline,Masala Mingle Indian Bistro & Bar,Colorado Springs,,,,colorado_proud_finder,baseline from origin/main,present when the ledger started; first-seen date is this or earlier
2026-10-05,baseline,"Copper Bar Ranch, LLLC",Edwards,,,,colorado_proud_finder,baseline from origin/main,present when the ledger started; first-seen date is this or earlier
2026-10-05,baseline,Phun Bar,Wheat Ridge,,,,colorado_proud_finder,baseline from origin/main,present when the ledger started; first-seen date is this or earlier
2026-10-05,baseline,Rocky Mountain Barkery,Cañon City,,,,colorado_proud_finder,baseline from origin/main,present when the ledger started; first-seen date is this or earlier
2026-10-05,baseline,Barn to Basket,,,,,colorado_proud_finder,baseline from origin/main,present when the ledger started; first-seen date is this or earlier
2026-10-05,baseline,BEEF BARN,Holyoke,,,,colorado_proud_finder,baseline from origin/main,present when the ledger started; first-seen date is this or earlier
2026-10-05,baseline,Red Barn Pumpkin Farm,Eaton,,,,usda,baseline from origin/main,present when the ledger started; first-seen date is this or earlier
2026-10-05,baseline,Our Red Barn Ranch LLC,Calhan,,,,colorado_proud_farm_fresh+colorado_proud_finder,baseline from origin/main,present when the ledger started; first-seen date is this or earlier
2026-10-05,baseline,Hansen Family Barnyard,Greeley,,,,usda,baseline from origin/main,present when the ledger started; first-seen date is this or earlier
2026-10-05,baseline,Zippity Zoo Barnyard,Loveland,,,,usda,baseline from origin/main,present when the ledger started; first-seen date is this or earlier
2026-10-05,baseline,Blue Barrel Farm,Fort Collins,,,,usda,baseline from origin/main,present when the ledger started; first-seen date is this or earlier
2026-10-05,baseline,Bartels Farm Pumpkin Patch,Fort Collins,,,,usda,baseline from origin/main,present when the ledger started; first-seen date is this or earlier
2026-10-05,baseline,Bartels Land & Livestock,Ft. Collins,,,,colorado_proud_farm_fresh+usda,baseline from origin/main,present when the ledger started; first-seen date is this or earlier
2026-10-05,baseline,Basalt Sunday Market,Basalt,,,,official-site+usda,baseline from origin/main,present when the ledger started; first-seen date is this or earlier
2026-10-05,baseline,Fruit Basket Orchards,Grand Junction,,,,usda,baseline from origin/main,present when the ledger started; first-seen date is this or earlier
2026-10-05,baseline,Crusty Batch Sourdough,Castle Rock,,,,colorado_proud_finder,baseline from origin/main,present when the ledger started; first-seen date is this or earlier
2026-10-05,baseline,Battle Creek Ranch LLC,Arvada,,,,colorado_proud_finder,baseline from origin/main,present when the ledger started; first-seen date is this or earlier
2026-10-05,baseline,Georgia Boys BBQ,Longmont,,,,colorado_proud_finder,baseline from origin/main,present when the ledger started; first-seen date is this or earlier
2026-10-05,baseline,Nana's house Cafe/ Nana's BBQ,Avondale,,,,colorado_proud_finder,baseline from origin/main,present when the ledger started; first-seen date is this or earlier
2026-10-05,baseline,"Commando Dave's BBQ Seasonings, LLC",Monument,,,,colorado_proud_finder,baseline from origin/main,present when the ledger started; first-seen date is this or earlier
2026-10-05,baseline,Frank's BBQ Trading Post,Loveland,,,,colorado_proud_finder,baseline from origin/main,present when the ledger started; first-seen date is this or earlier
2026-10-05,baseline,Psycho Pig BBQ,Cedaredge,,,,colorado_proud_finder,baseline from origin/main,present when the ledger started; first-seen date is this or earlier
2026-10-05,baseline,Smoke Something BBq,Pueblo,,,,colorado_proud_finder,baseline from origin/main,present when the ledger started; first-seen date is this or earlier
2026-10-05,baseline,Vanilla Bean Kitchen LLC,Aurora,,,,colorado_proud_finder,baseline from origin/main,present when the ledger started; first-seen date is this or earlier
2026-10-05,baseline,The Sweetest Bean,Greenwood Village,,,,colorado_proud_finder,baseline from origin/main,present when the ledger started; first-seen date is this or earlier
2026-10-05,baseline,Black Bear Orchards,Palisade,,,,colorado_proud_finder,baseline from origin/main,present when the ledger started; first-seen date is this or earlier
2026-10-05,baseline,Bear Creek Cattle Co,Evergreen,,,,colorado_proud_finder,baseline from origin/main,present when the ledger started; first-seen date is this or earlier
2026-10-05,baseline,Ten Bears Winery,Laporte,,,,colorado_proud_finder,baseline from origin/main,present when the ledger started; first-seen date is this or earlier
2026-10-05,baseline,Plants Beautiful Nursery Christmas Tree Farm,Parkers Prairie,,,,usda,baseline from origin/main,present when the ledger started; first-seen date is this or earlier
2026-10-05,baseline,Upper Beaver Creek Ranch,Penrose,,,,usda,baseline from origin/main,present when the ledger started; first-seen date is this or earlier
2026-10-05,baseline,Because I Love You Dog Treats,Brighton,,,,colorado_proud_finder,baseline from origin/main,present when the ledger started; first-seen date is this or earlier
2026-10-05,baseline,Becker's Produce,Merino,,,,usda,baseline from origin/main,present when the ledger started; first-seen date is this or earlier
2026-10-05,baseline,Busy Bee Farm,Larkspur,,,,colorado_proud_finder+usda,baseline from origin/main,present when the ledger started; first-seen date is this or earlier
2026-10-05,baseline,Busy Green Bee,Westcliffe,,,,colorado_proud_finder,baseline from origin/main,present when the ledger started; first-seen date is this or earlier
2026-10-05,baseline,Bee Family Centennial Farm Museum,Fort Collins,,,,usda,baseline from origin/main,present when the ledger started; first-seen date is this or earlier
2026-10-05,baseline,Ladybug & Bee LLC,Westmimster,,,,colorado_proud_finder,baseline from origin/main,present when the ledger started; first-seen date is this or earlier
2026-10-05,baseline,Queen Bee Sweets & Treats LLC,,,,,colorado_proud_finder,baseline from origin/main,present when the ledger started; first-seen date is this or earlier
2026-10-05,baseline,Sweet Bee & Co.,Denver,,,,colorado_proud_finder,baseline from origin/main,present when the ledger started; first-seen date is this or earlier
2026-10-05,baseline,Bershenyi Beef,Grand Junction,,,,colorado_proud_finder,baseline from origin/main,present when the ledger started; first-seen date is this or earlier
2026-10-05,baseline,Colorado's Best Beef Company,Boulder,,,,colorado_proud_finder,baseline from origin/main,present when the ledger started; first-seen date is this or earlier
2026-10-05,baseline,Shaw Brand Beef,Joes,,,,colorado_proud_finder,baseline from origin/main,present when the ledger started; first-seen date is this or earlier
2026-10-05,baseline,Fire Chief Beef,Ignacio,,,,colorado_proud_finder,baseline from origin/main,present when the ledger started; first-seen date is this or earlier
2026-10-05,baseline,Cletas Natural Beef-Piedmontese,Limon,,,,colorado_proud_finder,baseline from origin/main,present when the ledger started; first-seen date is this or earlier
2026-10-05,baseline,"Holy Cow, That's Great Beef!",Simla,,,,colorado_proud_finder,baseline from origin/main,present when the ledger started; first-seen date is this or earlier
2026-10-05,baseline,Cowboy Cuts - Wyoming Raised Beef,Elizabeth,,,,usda,baseline from origin/main,present when the ledger started; first-seen date is this or earlier
2026-10-05,baseline,Colorado Craft Beef LLC,Akron,,,,colorado_proud_finder,baseline from origin/main,present when the ledger started; first-seen date is this or earlier
2026-10-05,baseline,Everett Ranch Beef,Salida,,,,official-site+chaffee_provides,baseline from origin/main,present when the ledger started; first-seen date is this or earlier
2026-10-05,baseline,Oswald Grassfed Beef,Cotopaxi,,,,colorado_proud_farm_fresh+colorado_proud_finder,baseline from origin/main,present when the ledger started; first-seen date is this or earlier
2026-10-05,baseline,Hilltop Beef,Fort Collins,,,,colorado_proud_finder,baseline from origin/main,present when the ledger started; first-seen date is this or earlier
2026-10-05,baseline,Slash J Beef Co LLC,Fort Morgan,,,,colorado_proud_finder,baseline from origin/main,present when the ledger started; first-seen date is this or earlier
2026-10-05,baseline,Mountain River Beef Co.,Fowler,,,,colorado_proud_finder,baseline from origin/main,present when the ledger started; first-seen date is this or earlier
2026-10-05,baseline,Nieslanik Beef,CARBONDALE,,,,colorado_proud_farm_fresh+colorado_proud_finder,baseline from origin/main,present when the ledger started; first-seen date is this or earlier
2026-10-05,baseline,"WR Premium Beef, LLC",Sedalia,,,,colorado_proud_finder,baseline from origin/main,present when the ledger started; first-seen date is this or earlier
2026-10-05,baseline,"Colorado Prime Beef, LLC",Stoneham,,,,usda,baseline from origin/main,present when the ledger started; first-seen date is this or earlier
2026-10-05,baseline,Princess Beef,Hotchkiss,,,,colorado_proud_farm_fresh,baseline from origin/main,present when the ledger started; first-seen date is this or earlier
2026-10-05,baseline,Wiley Ranch Beef,Wiley,,,,colorado_proud_finder,baseline from origin/main,present when the ledger started; first-seen date is this or earlier
2026-10-05,baseline,Sacred Song Beef,Mancos,,,,colorado_proud_finder,baseline from origin/main,present when the ledger started; first-seen date is this or earlier
2026-10-05,baseline,"Free Range Beehives, LLC",Denver,,,,colorado_proud_finder,baseline from origin/main,present when the ledger started; first-seen date is this or earlier
2026-10-05,baseline,Burley Bees,Cañon City,,,,colorado_proud_finder+colorado_proud_farm_fresh,baseline from origin/main,present when the ledger started; first-seen date is this or earlier
2026-10-05,baseline,Papi's Honey Bees,Kit Carson,,,,colorado_proud_finder,baseline from origin/main,present when the ledger started; first-seen date is this or earlier
2026-10-05,baseline,Laurie Lee's Bees,Parker,,,,colorado_proud_finder,baseline from origin/main,present when the ledger started; first-seen date is this or earlier
2026-10-05,baseline,Lee's Bees,Highlands Ranch,,,,colorado_proud_finder,baseline from origin/main,present when the ledger started; first-seen date is this or earlier
2026-10-05,baseline,Peak Bees,Montrose,,,,colorado_proud_finder,baseline from origin/main,present when the ledger started; first-seen date is this or earlier
2026-10-05,baseline,Colorado Survivor Bees,Westminster,,,,colorado_proud_finder,baseline from origin/main,present when the ledger started; first-seen date is this or earlier
2026-10-05,baseline,Off Beet Farm,Boulder,,,,usda,baseline from origin/main,present when the ledger started; first-seen date is this or earlier
2026-10-05,baseline,Beewildered,Denver,,,,colorado_proud_finder,baseline from origin/main,present when the ledger started; first-seen date is this or earlier
2026-10-05,baseline,Beeyond the Hive,Elizabeth,,,,colorado_proud_finder,baseline from origin/main,present when the ledger started; first-seen date is this or earlier
2026-10-05,baseline,"Beezy’s Granola, LLC",Louisville,,,,colorado_proud_finder,baseline from origin/main,present when the ledger started; first-seen date is this or earlier
2026-10-05,baseline,Belafonte Farm,Fort Collins,,,,usda,baseline from origin/main,present when the ledger started; first-seen date is this or earlier
2026-10-05,baseline,Belleza Pura Farm &Ranch,Silt,,,,colorado_proud_finder,baseline from origin/main,present when the ledger started; first-seen date is this or earlier
2026-10-05,baseline,Belli Fiori Lavender,Grand Junction,,,,colorado_proud_finder,baseline from origin/main,present when the ledger started; first-seen date is this or earlier
2026-10-05,baseline,Bennett Summer Pop-up Market,"Bennett,",,,,colorado_proud+colorado_proud_farm_fresh,baseline from origin/main,present when the ledger started; first-seen date is this or earlier
2026-10-05,baseline,Bennett Rock Ranch,Nunn,,,,colorado_proud_finder,baseline from origin/main,present when the ledger started; first-seen date is this or earlier
2026-10-05,baseline,Bennett Community Market,Bennett,,,,official-site+usda,baseline from origin/main,present when the ledger started; first-seen date is this or earlier
2026-10-05,baseline,Berg Harvest LLC dba Berg Harvest Mercantile,Paonia,,,,colorado_proud_farm_fresh,baseline from origin/main,present when the ledger started; first-seen date is this or earlier
2026-10-05,baseline,"Berry Patch Farms, LLC",Brighton,,,,colorado_proud_farm_fresh+colorado_proud_finder+usda,baseline from origin/main,present when the ledger started; first-seen date is this or earlier
2026-10-05,baseline,Berthoud Farmers' Market,Berthoud,,,,usda,baseline from origin/main,present when the ledger started; first-seen date is this or earlier
2026-10-05,baseline,Bessemer Bread Co. LLC,Pueblo,,,,colorado_proud_finder,baseline from origin/main,present when the ledger started; first-seen date is this or earlier
2026-10-05,baseline,The Best Honey,Denver,,,,colorado_proud_finder,baseline from origin/main,present when the ledger started; first-seen date is this or earlier
2026-10-05,baseline,Sangres Best,Westcliffe,,,,colorado_proud_finder,baseline from origin/main,present when the ledger started; first-seen date is this or earlier
2026-10-05,baseline,"Bet On Me, LLC",Denver,,,,colorado_proud_finder,baseline from origin/main,present when the ledger started; first-seen date is this or earlier
2026-10-05,baseline,Big Nugget Farm,,,,,colorado_proud_finder,baseline from origin/main,present when the ledger started; first-seen date is this or earlier
2026-10-05,baseline,"WorldWide Hot Dogs, LLC (Biker Jim's Gourmet Dogs)",Denver,,,,colorado_proud_finder,baseline from origin/main,present when the ledger started; first-seen date is this or earlier
2026-10-05,baseline,Bills' Pumpkin Patch,Delta,,,,usda,baseline from origin/main,present when the ledger started; first-seen date is this or earlier
2026-10-05,baseline,Billy Goat Hop Farm,Montrose,,,,colorado_proud_farm_fresh+colorado_proud_finder,baseline from origin/main,present when the ledger started; first-seen date is this or earlier
2026-10-05,baseline,Bingo Burger,Pueblo,,,,colorado_proud_finder,baseline from origin/main,present when the ledger started; first-seen date is this or earlier
2026-10-05,baseline,Early Bird Restaurant,Denver,,,,colorado_proud_finder,baseline from origin/main,present when the ledger started; first-seen date is this or earlier
2026-10-05,baseline,Twin Hounds Biscuit Company,Colorado Springs,,,,colorado_proud_finder,baseline from origin/main,present when the ledger started; first-seen date is this or earlier
2026-10-05,baseline,Canine Candy Biscuits,Loveland,,,,colorado_proud_finder,baseline from origin/main,present when the ledger started; first-seen date is this or earlier
2026-10-05,baseline,Not Your Momma's Biscuits,Peyton,,,,colorado_proud_finder,baseline from origin/main,present when the ledger started; first-seen date is this or earlier
2026-10-05,baseline,Black Mountain Bison,JOHNSTOWN,,,,colorado_proud_farm_fresh+colorado_proud_finder,baseline from origin/main,present when the ledger started; first-seen date is this or earlier
2026-10-05,baseline,RL Bison Ranch / Colorado Buffalo Grill Inc.,Elizabeth,,,,colorado_proud_finder,baseline from origin/main,present when the ledger started; first-seen date is this or earlier
2026-10-05,baseline,White Peaks Bison Ranch,Deer Trail,,,,colorado_proud_finder,baseline from origin/main,present when the ledger started; first-seen date is this or earlier
2026-10-05,baseline,"Camille's Yum Bites, LLC",Centennial,,,,colorado_proud_finder,baseline from origin/main,present when the ledger started; first-seen date is this or earlier
2026-10-05,baseline,Orchard Valley Farms & Market.   Black Bridge Winery,Paonia,,,,official-site+colorado_proud+colorado_proud_farm_fresh,baseline from origin/main,present when the ledger started; first-seen date is this or earlier
2026-10-05,baseline,Black Forest Brownies,Elbert,,,,colorado_proud_finder,baseline from origin/main,present when the ledger started; first-seen date is this or earlier
2026-10-05,baseline,Black Canyon Hydroponics,Montrose,,,,usda,baseline from origin/main,present when the ledger started; first-seen date is this or earlier
2026-10-05,baseline,Black Cat Organic Farm,Boulder,,,,colorado_proud_finder,baseline from origin/main,present when the ledger started; first-seen date is this or earlier
2026-10-05,baseline,Black Forest Farmers Market,Black Forest,,,,official-site+usda,baseline from origin/main,present when the ledger started; first-seen date is this or earlier
2026-10-05,baseline,Black Fox Provisions,Evergreen,,,,colorado_proud_finder,baseline from origin/main,present when the ledger started; first-seen date is this or earlier
2026-10-05,baseline,Blaine's Farm Store,Clifton,,,,colorado_proud_farm_fresh+colorado_proud_finder,baseline from origin/main,present when the ledger started; first-seen date is this or earlier
2026-10-05,baseline,Blam Superfoods,Commerce city,,,,colorado_proud_finder,baseline from origin/main,present when the ledger started; first-seen date is this or earlier
2026-10-05,baseline,Blendings at The Hillside Vineyard,Fort Collins,,,,colorado_proud_finder,baseline from origin/main,present when the ledger started; first-seen date is this or earlier
2026-10-05,baseline,Rky Mtn Blends Ltd,New Castle,,,,colorado_proud_finder,baseline from origin/main,present when the ledger started; first-seen date is this or earlier
2026-10-05,baseline,Blessing's Neighborhood Market,,,,,colorado_proud_finder,baseline from origin/main,present when the ledger started; first-seen date is this or earlier
2026-10-05,baseline,BLISSTIX,Windsor,,,,colorado_proud_finder,baseline from origin/main,present when the ledger started; first-seen date is this or earlier
2026-10-05,baseline,Blooma Farms,Arvada,,,,colorado_proud_finder,baseline from origin/main,present when the ledger started; first-seen date is this or earlier
2026-10-05,baseline,Cotton Blossom Caramel,Elbert,,,,colorado_proud_finder,baseline from origin/main,present when the ledger started; first-seen date is this or earlier
2026-10-05,baseline,Blue Ridge Farm LLC,Kiowa,,,,colorado_proud_finder,baseline from origin/main,present when the ledger started; first-seen date is this or earlier
2026-10-05,baseline,"Blue Sky Farm, LLC",Windsor,,,,colorado_proud_finder,baseline from origin/main,present when the ledger started; first-seen date is this or earlier
2026-10-05,baseline,"Blue Shed Urban Gardens, LLC",Denver,,,,colorado_proud_finder,baseline from origin/main,present when the ledger started; first-seen date is this or earlier
2026-10-05,baseline,Blue Ribbon Processing,Fowler,,,,colorado_proud_finder,baseline from origin/main,present when the ledger started; first-seen date is this or earlier
2026-10-05,baseline,Blue Range Ranch,Saguache,,,,curated,baseline from origin/main,present when the ledger started; first-seen date is this or earlier
2026-10-05,baseline,BlueTrane Heritage Farm,Elbert,,,,colorado_proud_farm_fresh+colorado_proud_finder+usda,baseline from origin/main,present when the ledger started; first-seen date is this or earlier
2026-10-05,baseline,Bly Ranch,Westcliffe,,,,colorado_proud_finder,baseline from origin/main,present when the ledger started; first-seen date is this or earlier
2026-10-05,baseline,Phood Boards,Colorado Springs,,,,colorado_proud_finder,baseline from origin/main,present when the ledger started; first-seen date is this or earlier
2026-10-05,baseline,Bodtker Family Farm,Elizabeth,,,,colorado_proud_finder,baseline from origin/main,present when the ledger started; first-seen date is this or earlier
2026-10-05,baseline,Bollinger Breads,Frederick,,,,colorado_proud_finder,baseline from origin/main,present when the ledger started; first-seen date is this or earlier
2026-10-05,baseline,Bolton's Orchards,Grand Junction,,,,usda,baseline from origin/main,present when the ledger started; first-seen date is this or earlier
2026-10-05,baseline,Bonacquisti Wine Company,Denver,,,,colorado_proud_finder,baseline from origin/main,present when the ledger started; first-seen date is this or earlier
2026-10-05,baseline,Bonavida Growers,Longmont,,,,usda,baseline from origin/main,present when the ledger started; first-seen date is this or earlier
2026-10-05,baseline,Casa Bonita,Lakewood,,,,colorado_proud_finder,baseline from origin/main,present when the ledger started; first-seen date is this or earlier
2026-10-05,baseline,Bonverts Farm,Denver,,,,colorado_proud_finder+usda,baseline from origin/main,present when the ledger started; first-seen date is this or earlier
2026-10-05,baseline,Bookcliff Vineyards,Boulder,,,,colorado_proud_finder,baseline from origin/main,present when the ledger started; first-seen date is this or earlier
2026-10-05,baseline,Books on Main,Fort Morgan,,,,colorado_proud_finder,baseline from origin/main,present when the ledger started; first-seen date is this or earlier
2026-10-05,baseline,Pedro's Farm (formerly Borden Farms),Delta,,,,colorado_proud_finder+usda,baseline from origin/main,present when the ledger started; first-seen date is this or earlier
2026-10-05,baseline,Bougie Tailz,Louisville,,,,colorado_proud_finder,baseline from origin/main,present when the ledger started; first-seen date is this or earlier
2026-10-05,baseline,"Boulder Couny Fair, Livestock Show & Rodeo",Ste 200,,,,usda,baseline from origin/main,present when the ledger started; first-seen date is this or earlier
2026-10-05,baseline,Boulder Valley School District,Boulder,,,,colorado_proud_finder,baseline from origin/main,present when the ledger started; first-seen date is this or earlier
2026-10-05,baseline,Boulder Family Farms,Boulder,,,,usda,baseline from origin/main,present when the ledger started; first-seen date is this or earlier
2026-10-05,baseline,Boulder Valley Honey,Boulder,,,,colorado_proud_farm_fresh+colorado_proud_finder,baseline from origin/main,present when the ledger started; first-seen date is this or earlier
2026-10-05,baseline,Boulder Farmers Market,Boulder,,,,colorado_proud+colorado_proud_farm_fresh+cfma+usda,baseline from origin/main,present when the ledger started; first-seen date is this or earlier
2026-10-05,baseline,Bountiful Meats & Processing,La Jara,,,,colorado_proud_finder,baseline from origin/main,present when the ledger started; first-seen date is this or earlier
2026-10-05,baseline,The County With The Bounty & Wild West Excursions,Cortez,,,,colorado_proud_farm_fresh+colorado_proud_finder,baseline from origin/main,present when the ledger started; first-seen date is this or earlier
2026-10-05,baseline,Timberline Bovine,Ignacio,,,,colorado_proud_finder,baseline from origin/main,present when the ledger started; first-seen date is this or earlier
2026-10-05,baseline,Bread In The Box LLC,Denver,,,,colorado_proud_finder,baseline from origin/main,present when the ledger started; first-seen date is this or earlier
2026-10-05,baseline,Danny Cash's Branded Sauces,Sheridan,,,,colorado_proud_finder,baseline from origin/main,present when the ledger started; first-seen date is this or earlier
2026-10-05,baseline,The Bread Chic,Fort Collins,,,,colorado_proud_finder,baseline from origin/main,present when the ledger started; first-seen date is this or earlier
2026-10-05,baseline,Great Harvest Bread Co & Yogurt Shack,Greenwood Village,,,,colorado_proud_finder,baseline from origin/main,present when the ledger started; first-seen date is this or earlier
2026-10-05,baseline,Little Spouse Bread House,Longmont,,,,colorado_proud_finder,baseline from origin/main,present when the ledger started; first-seen date is this or earlier
2026-10-05,baseline,Moxie Bread Co,Louisville,,,,colorado_proud_finder,baseline from origin/main,present when the ledger started; first-seen date is this or earlier
2026-10-05,baseline,Tumbleweed Bread,Monte Vista,,,,colorado_proud_finder,baseline from origin/main,present when the ledger started; first-seen date is this or earlier
2026-10-05,baseline,Outside the Breadbox,Colorado Springs,,,,colorado_proud_finder,baseline from origin/main,present when the ledger started; first-seen date is this or earlier
2026-10-05,baseline,Happy Hippie Breads,Pueblo,,,,colorado_proud_finder,baseline from origin/main,present when the ledger started; first-seen date is this or earlier
2026-10-05,baseline,Breckenridge Sunday Market,Breckenridge,,,,colorado_proud+colorado_proud_farm_fresh+colorado_proud_finder,baseline from origin/main,present when the ledger started; first-seen date is this or earlier
2026-10-05,baseline,Breckenridge Farmers Market,Breckenridge,,,,curated,baseline from origin/main,present when the ledger started; first-seen date is this or earlier
2026-10-05,baseline,Briargate Farmers' Market,Colorado Springs,,,,official-site+usda,baseline from origin/main,present when the ledger started; first-seen date is this or earlier
2026-10-05,baseline,Covered Bridge Ranch,Montrose,,,,usda,baseline from origin/main,present when the ledger started; first-seen date is this or earlier
2026-10-05,baseline,Broadway Farmers' Market,Denver,,,,official-site+usda,baseline from origin/main,present when the ledger started; first-seen date is this or earlier
2026-10-05,baseline,Brody’s Fluffy Butt Hut,,,,,colorado_proud_finder,baseline from origin/main,present when the ledger started; first-seen date is this or earlier
2026-10-05,baseline,Broken Gringo LLC,Parker,,,,colorado_proud_finder,baseline from origin/main,present when the ledger started; first-seen date is this or earlier
2026-10-05,baseline,Broomfield Farmers' Market,Broomfield,,,,usda,baseline from origin/main,present when the ledger started; first-seen date is this or earlier
2026-10-05,baseline,Mills Bros Farm Market,Rocky Ford,,,,usda,baseline from origin/main,present when the ledger started; first-seen date is this or earlier
2026-10-05,baseline,Rooted Broth,denver,,,,colorado_proud_finder,baseline from origin/main,present when the ledger started; first-seen date is this or earlier
2026-10-05,baseline,Brown Grain & Livestock,Pierce,,,,colorado_proud_finder,baseline from origin/main,present when the ledger started; first-seen date is this or earlier
2026-10-05,baseline,Brunson Meat Co.,Denver,,,,colorado_proud_finder,baseline from origin/main,present when the ledger started; first-seen date is this or earlier
2026-10-05,baseline,Buck Up Buttercup Ranch,Canon City,,,,colorado_proud_finder,baseline from origin/main,present when the ledger started; first-seen date is this or earlier
2026-10-05,baseline,Laughing Buck Farm,Fort Collins,,,,usda,baseline from origin/main,present when the ledger started; first-seen date is this or earlier
2026-10-05,baseline,Buckel Family Wine,Gunnison,,,,colorado_proud_finder,baseline from origin/main,present when the ledger started; first-seen date is this or earlier
2026-10-05,baseline,Buckhead Meat & Seafood,Aurora,,,,colorado_proud_finder,baseline from origin/main,present when the ledger started; first-seen date is this or earlier
2026-10-05,baseline,Buena Vista Farmers' Market,Buena Vista,,,,official-site+usda,baseline from origin/main,present when the ledger started; first-seen date is this or earlier
2026-10-05,baseline,The Buffalo Rose,Golden,,,,colorado_proud_finder,baseline from origin/main,present when the ledger started; first-seen date is this or earlier
2026-10-05,baseline,Bunkhouse Custom Meats,Bristol,,,,colorado_proud_finder,baseline from origin/main,present when the ledger started; first-seen date is this or earlier
2026-10-05,baseline,Mother Bunny LLC,Golden,,,,colorado_proud_finder,baseline from origin/main,present when the ledger started; first-seen date is this or earlier
2026-10-05,baseline,Simple But Delicious,,,,,colorado_proud_finder,baseline from origin/main,present when the ledger started; first-seen date is this or earlier
2026-10-05,baseline,Nothing But,Colorado Springs,,,,colorado_proud_finder,baseline from origin/main,present when the ledger started; first-seen date is this or earlier
2026-10-05,baseline,Crested Butte Farmers Market,Crested Butte,,,,colorado_proud+colorado_proud_farm_fresh+cfma+colorado_proud_finder,baseline from origin/main,present when the ledger started; first-seen date is this or earlier
2026-10-05,baseline,Ray Road Nut Butter,Longmont,,,,colorado_proud_finder,baseline from origin/main,present when the ledger started; first-seen date is this or earlier
2026-10-05,baseline,Dream Butters,Colorado Springs,,,,colorado_proud_finder,baseline from origin/main,present when the ledger started; first-seen date is this or earlier
2026-10-05,baseline,Confections by Charlee LLC,Colorado Springs,,,,colorado_proud_finder,baseline from origin/main,present when the ledger started; first-seen date is this or earlier
2026-10-05,baseline,DeLaney Community Farm - by Project Worthmore,Aurora,,,,colorado_proud_farm_fresh+usda,baseline from origin/main,present when the ledger started; first-seen date is this or earlier
2026-10-05,baseline,Green Vally Ranch NE Denver Farmers Market (Presented by Grateful Garden llc),Denver,,,,colorado_proud+colorado_proud_farm_fresh+cfma+colorado_proud_finder,baseline from origin/main,present when the ledger started; first-seen date is this or earlier
2026-10-05,baseline,Pantaleo Farms The Great Pumpkin Patch by Moonlight,Pueblo,,,,usda,baseline from origin/main,present when the ledger started; first-seen date is this or earlier
2026-10-05,baseline,Homemade by Hammett,Steamboat Springs,,,,colorado_proud_finder,baseline from origin/main,present when the ledger started; first-seen date is this or earlier
2026-10-05,baseline,Llama Trekking by Lookin Up Outfitters,Westcliffe,,,,colorado_proud_finder,baseline from origin/main,present when the ledger started; first-seen date is this or earlier
2026-10-05,baseline,Sourdough by Tori,Craig,,,,colorado_proud_finder,baseline from origin/main,present when the ledger started; first-seen date is this or earlier
2026-10-05,baseline,Cross Rafter C,Cortez,,,,colorado_proud_finder,baseline from origin/main,present when the ledger started; first-seen date is this or earlier
2026-10-05,baseline,Donald C Mauro Farms,Pueblo,,,,colorado_proud_farm_fresh,baseline from origin/main,present when the ledger started; first-seen date is this or earlier
2026-10-05,baseline,"Jenkins Farm, L.L.C.",Divide,,,,usda,baseline from origin/main,present when the ledger started; first-seen date is this or earlier
2026-10-05,baseline,Triple C Farm,Fort Collins,,,,colorado_proud_finder,baseline from origin/main,present when the ledger started; first-seen date is this or earlier
2026-10-05,baseline,C & R Farms LLC,Palisade,,,,colorado_proud_farm_fresh,baseline from origin/main,present when the ledger started; first-seen date is this or earlier
2026-10-05,baseline,Cozy Cabin Snacks,Bayfield,,,,colorado_proud_finder,baseline from origin/main,present when the ledger started; first-seen date is this or earlier
2026-10-05,baseline,Cabri Creamery,Wellington,,,,colorado_proud_finder,baseline from origin/main,present when the ledger started; first-seen date is this or earlier
2026-10-05,baseline,Nathy’s Cake Shop,Aurora,,,,colorado_proud_finder,baseline from origin/main,present when the ledger started; first-seen date is this or earlier
2026-10-05,baseline,Snakes & Cakes,Alamosa,,,,colorado_proud_finder,baseline from origin/main,present when the ledger started; first-seen date is this or earlier
2026-10-05,baseline,Camelot farms,Paonia,,,,usda,baseline from origin/main,present when the ledger started; first-seen date is this or earlier
2026-10-05,baseline,Cannolo Family Farms,Greenwood Village,,,,colorado_proud_finder,baseline from origin/main,present when the ledger started; first-seen date is this or earlier
2026-10-05,baseline,Cantwell Farms LLC,Keenesburg,,,,colorado_proud_finder,baseline from origin/main,present when the ledger started; first-seen date is this or earlier
2026-10-05,baseline,Dominguez Canyon Fruit Company,Delta,,,,colorado_proud_finder,baseline from origin/main,present when the ledger started; first-seen date is this or earlier
2026-10-05,baseline,Copper Canyon Suri Ranch,Nederland,,,,usda,baseline from origin/main,present when the ledger started; first-seen date is this or earlier
2026-10-05,baseline,Carbondale Farmers' Market,Carbondale,,,,usda,baseline from origin/main,present when the ledger started; first-seen date is this or earlier
2026-10-05,baseline,Carboy Winery,Littleton,,,,colorado_proud_finder,baseline from origin/main,present when the ledger started; first-seen date is this or earlier
2026-10-05,baseline,Chaffee Cares,,,,,official-site+chaffee_provides,baseline from origin/main,present when the ledger started; first-seen date is this or earlier
2026-10-05,baseline,Clayton Cares Market,Denver,,,,colorado_proud_finder,baseline from origin/main,present when the ledger started; first-seen date is this or earlier
2026-10-05,baseline,Caring & Sharing – Sanctuary Soup Kitchen,,,,,official-site+chaffee_provides,baseline from origin/main,present when the ledger started; first-seen date is this or earlier
2026-10-05,baseline,Carniceria Chihuahua,Broomfield,,,,colorado_proud_finder,baseline from origin/main,present when the ledger started; first-seen date is this or earlier
2026-10-05,baseline,Castle Rock Farmers Market,Castle Rock,,,,official-site+colorado_proud+colorado_proud_farm_fresh+usda,baseline from origin/main,present when the ledger started; first-seen date is this or earlier
2026-10-05,baseline,CastleDough,Castle Rock,,,,colorado_proud_finder,baseline from origin/main,present when the ledger started; first-seen date is this or earlier
2026-10-05,baseline,Sun Catcher Farms Ldt.,Brighton,,,,usda,baseline from origin/main,present when the ledger started; first-seen date is this or earlier
2026-10-05,baseline,Colorado Catch  LLC,Sanford,,,,colorado_proud_finder,baseline from origin/main,present when the ledger started; first-seen date is this or earlier
2026-10-05,baseline,Gourmet for Good Corporate Catering,Sheridan,,,,colorado_proud_finder,baseline from origin/main,present when the ledger started; first-seen date is this or earlier
2026-10-05,baseline,Epicurean Catering,Centennial,,,,colorado_proud_finder,baseline from origin/main,present when the ledger started; first-seen date is this or earlier
2026-10-05,baseline,Loutzenhiser Cattle Company,Flagler,,,,colorado_proud_finder,baseline from origin/main,present when the ledger started; first-seen date is this or earlier
2026-10-05,baseline,Martino Cattle Company LLC,,,,,colorado_proud_finder,baseline from origin/main,present when the ledger started; first-seen date is this or earlier
2026-10-05,baseline,Midnite Cattle Company,Trinidad,,,,colorado_proud_finder,baseline from origin/main,present when the ledger started; first-seen date is this or earlier
2026-10-05,baseline,PBJ Cattle Company,Divide,,,,colorado_proud_finder,baseline from origin/main,present when the ledger started; first-seen date is this or earlier
2026-10-05,baseline,Salida Cattle Company,,,,,official-site+chaffee_provides,baseline from origin/main,present when the ledger started; first-seen date is this or earlier
2026-10-05,baseline,Double K Cattle,Colorado Springs,,,,colorado_proud_finder,baseline from origin/main,present when the ledger started; first-seen date is this or earlier
2026-10-05,baseline,Next Horizon Land & Cattle,Longmont,,,,colorado_proud_finder,baseline from origin/main,present when the ledger started; first-seen date is this or earlier
2026-10-05,baseline,Rancho Largo Cattle Co.,Fowler,,,,colorado_proud_farm_fresh+colorado_proud_finder,baseline from origin/main,present when the ledger started; first-seen date is this or earlier
2026-10-05,baseline,SG Cattle Co LLC,Colorado Springs,,,,colorado_proud_finder,baseline from origin/main,present when the ledger started; first-seen date is this or earlier
2026-10-05,baseline,Caviness Farms,,,,,colorado_proud_finder,baseline from origin/main,present when the ledger started; first-seen date is this or earlier
2026-10-05,baseline,Cedaredge Main Street Farmer's Market,Cedaredge,,,,official-site+usda,baseline from origin/main,present when the ledger started; first-seen date is this or earlier
2026-10-05,baseline,Celestial Creek Ranch,Pueblo,,,,colorado_proud_finder,baseline from origin/main,present when the ledger started; first-seen date is this or earlier
2026-10-05,baseline,The Storm Cellar,Hotchkiss,,,,colorado_proud_farm_fresh+colorado_proud_finder,baseline from origin/main,present when the ledger started; first-seen date is this or earlier
2026-10-05,baseline,Purgatory Cellars LLP dba Purgatory Cellars Winery,Parker,,,,colorado_proud_finder,baseline from origin/main,present when the ledger started; first-seen date is this or earlier
2026-10-05,baseline,Red Fox Cellars,Palisade,,,,colorado_proud_finder,baseline from origin/main,present when the ledger started; first-seen date is this or earlier
2026-10-05,baseline,Vino Salida Wine Cellars,Poncha Springs,,,,colorado_proud_finder,baseline from origin/main,present when the ledger started; first-seen date is this or earlier
2026-10-05,baseline,Colorado Cellars Winery,Palisade,,,,colorado_proud_finder,baseline from origin/main,present when the ledger started; first-seen date is this or earlier
2026-10-05,baseline,Graze Craze (Centennial),Centennial,,,,colorado_proud_finder,baseline from origin/main,present when the ledger started; first-seen date is this or earlier
2026-10-05,baseline,Centennial cuts,Fowler,,,,colorado_proud_finder,baseline from origin/main,present when the ledger started; first-seen date is this or earlier
2026-10-05,baseline,Chaffee Community Resource Center,,,,,chaffee_provides,baseline from origin/main,present when the ledger started; first-seen date is this or earlier
2026-10-05,baseline,Cloud City Farm (Cloud City Conservation Center),Leadville,,,,colorado_proud_finder,baseline from origin/main,present when the ledger started; first-seen date is this or earlier
2026-10-05,baseline,Pope Farms Produce & Garden Center LLC,Greeley,,,,colorado_proud_farm_fresh,baseline from origin/main,present when the ledger started; first-seen date is this or earlier
2026-10-05,baseline,Young's Market & Garden Center,Wheat Ridge,,,,colorado_proud_finder,baseline from origin/main,present when the ledger started; first-seen date is this or earlier
2026-10-05,baseline,Salida Community Center,Salida,,,,chaffee_provides,baseline from origin/main,present when the ledger started; first-seen date is this or earlier
2026-10-05,baseline,Ch'il indigenous foods,Wheatridge,,,,colorado_proud_finder,baseline from origin/main,present when the ledger started; first-seen date is this or earlier
2026-10-05,baseline,Yatri Chai,Denver,,,,colorado_proud_finder,baseline from origin/main,present when the ledger started; first-seen date is this or earlier
2026-10-05,baseline,Idaho Springs Chamber Of Commerce Farmers Market,Idaho Springs,,,,official-site+usda,baseline from origin/main,present when the ledger started; first-seen date is this or earlier
2026-10-05,baseline,Sweet Chaos LLC,Craig,,,,colorado_proud_finder,baseline from origin/main,present when the ledger started; first-seen date is this or earlier
2026-10-05,baseline,Pueblo Charcuterie,Pueblo,,,,colorado_proud_finder,baseline from origin/main,present when the ledger started; first-seen date is this or earlier
2026-10-05,baseline,Muriel L MacGregor Charitable Trust | MacGregor Ranch,Estes Park,,,,colorado_proud_finder,baseline from origin/main,present when the ledger started; first-seen date is this or earlier
2026-10-05,baseline,Cranor Charolais,Gunnison,,,,colorado_proud_finder,baseline from origin/main,present when the ledger started; first-seen date is this or earlier
2026-10-05,baseline,MouCo Cheese Company,Fort Collins,,,,colorado_proud_finder,baseline from origin/main,present when the ledger started; first-seen date is this or earlier
2026-10-05,baseline,Westcliffe Cheese Company,Westcliffe,,,,colorado_proud_finder,baseline from origin/main,present when the ledger started; first-seen date is this or earlier
2026-10-05,baseline,Rocking W Cheese,Olathe,,,,colorado_proud_finder,baseline from origin/main,present when the ledger started; first-seen date is this or earlier
2026-10-05,baseline,Cheez Me LLC,Denver,,,,colorado_proud_finder,baseline from origin/main,present when the ledger started; first-seen date is this or earlier
2026-10-05,baseline,Olive & Finch Cherry Creek,Denver,,,,colorado_proud_finder,baseline from origin/main,present when the ledger started; first-seen date is this or earlier
2026-10-05,baseline,Cherry Creek Fresh Market,Denver,,,,official-site+usda,baseline from origin/main,present when the ledger started; first-seen date is this or earlier
2026-10-05,baseline,Roasted Chili,Centennial,,,,curated,baseline from origin/main,present when the ledger started; first-seen date is this or earlier
2026-10-05,baseline,Roasted Chili,Denver,,,,usda,baseline from origin/main,present when the ledger started; first-seen date is this or earlier
2026-10-05,baseline,Roasted Chili,Golden,,,,curated,baseline from origin/main,present when the ledger started; first-seen date is this or earlier
2026-10-05,baseline,Chimney Rock Farm,Chimney Rock,,,,usda,baseline from origin/main,present when the ledger started; first-seen date is this or earlier
2026-10-05,baseline,Chinampas,Cortez,,,,colorado_proud_farm_fresh+colorado_proud_finder,baseline from origin/main,present when the ledger started; first-seen date is this or earlier
2026-10-05,baseline,Miette et Chocolat,Aurora,,,,colorado_proud_finder,baseline from origin/main,present when the ledger started; first-seen date is this or earlier
2026-10-05,baseline,Greek Delicious & Monica's Chocolate Creations,Highlands Ranch,,,,colorado_proud_finder,baseline from origin/main,present when the ledger started; first-seen date is this or earlier
2026-10-05,baseline,Christensen Ranch,Weldona,,,,colorado_proud_farm_fresh+colorado_proud_finder,baseline from origin/main,present when the ledger started; first-seen date is this or earlier
2026-10-05,baseline,Salida First Presbyterian Church,Salida,,,,official-site+chaffee_provides,baseline from origin/main,present when the ledger started; first-seen date is this or earlier
2026-10-05,baseline,Happy Hollow Hard Cider,Cedaredge,,,,colorado_proud_finder,baseline from origin/main,present when the ledger started; first-seen date is this or earlier
2026-10-05,baseline,Wild Cider,Firestone,,,,colorado_proud_finder,baseline from origin/main,present when the ledger started; first-seen date is this or earlier
2026-10-05,baseline,St. Vrain Cidery,Longmont,,,,colorado_proud_finder,baseline from origin/main,present when the ledger started; first-seen date is this or earlier
2026-10-05,baseline,Quarter Circle Kunekunes,Montrose,,,,colorado_proud_finder,baseline from origin/main,present when the ledger started; first-seen date is this or earlier
2026-10-05,baseline,City of Edgewater Farmers Market,Edgewater,,,,official-site+usda,baseline from origin/main,present when the ledger started; first-seen date is this or earlier
2026-10-05,baseline,Sprout City Farms,Denver,,,,colorado_proud_farm_fresh+colorado_proud_finder,baseline from origin/main,present when the ledger started; first-seen date is this or earlier
2026-10-05,baseline,Queen City Greens,Denver,,,,colorado_proud_finder,baseline from origin/main,present when the ledger started; first-seen date is this or earlier
2026-10-05,baseline,Old Colorado City Farmers Market,Colorado Springs,,,,official-site+usda,baseline from origin/main,present when the ledger started; first-seen date is this or earlier
2026-10-05,baseline,City Park Farmers Market,Denver,,,,colorado_proud+colorado_proud_farm_fresh+cfma+colorado_proud_finder+usda,baseline from origin/main,present when the ledger started; first-seen date is this or earlier
2026-10-05,baseline,Hall Family Farmstand (Clearwater Spring Highlands),Brighton,,,,colorado_proud_farm_fresh+colorado_proud_finder,baseline from origin/main,present when the ledger started; first-seen date is this or earlier
2026-10-05,baseline,Meat Cleaver,Denver,,,,colorado_proud_finder,baseline from origin/main,present when the ledger started; first-seen date is this or earlier
2026-10-05,baseline,Cliff Dweller Wine Co.,Palisade,,,,colorado_proud_finder,baseline from origin/main,present when the ledger started; first-seen date is this or earlier
2026-10-05,baseline,Crooked Clove Farm & Ranch LLC,Larkspur,,,,usda,baseline from origin/main,present when the ledger started; first-seen date is this or earlier
2026-10-05,baseline,Cloverleaf Farms West,Elizabeth,,,,colorado_proud_finder,baseline from origin/main,present when the ledger started; first-seen date is this or earlier
2026-10-05,baseline,Kiowa Creek Coaches,Mead,,,,usda,baseline from origin/main,present when the ledger started; first-seen date is this or earlier
2026-10-05,baseline,TwoInTents Farm / Coastalfields Feed,Agate,,,,usda,baseline from origin/main,present when the ledger started; first-seen date is this or earlier
2026-10-05,baseline,Cobblestone Farm LLC,Hotchkiss,,,,colorado_proud_finder,baseline from origin/main,present when the ledger started; first-seen date is this or earlier
2026-10-05,baseline,Susan Cochran,Centennial,,,,colorado_proud_finder,baseline from origin/main,present when the ledger started; first-seen date is this or earlier
2026-10-05,baseline,The Cockeyed Coop,Fort Collins,,,,colorado_proud_finder,baseline from origin/main,present when the ledger started; first-seen date is this or earlier
2026-10-05,baseline,Coyote Coffee Company llc,Fort Collins,,,,colorado_proud_finder,baseline from origin/main,present when the ledger started; first-seen date is this or earlier
2026-10-05,baseline,Cooper's Coffee,Denver,,,,colorado_proud_finder,baseline from origin/main,present when the ledger started; first-seen date is this or earlier
2026-10-05,baseline,Mill Haus Coffee,Milliken,,,,colorado_proud_finder,baseline from origin/main,present when the ledger started; first-seen date is this or earlier
2026-10-05,baseline,HOPELANDS COFFEE,Boulder,,,,colorado_proud_finder,baseline from origin/main,present when the ledger started; first-seen date is this or earlier
2026-10-05,baseline,The Sleepy Turtle Coffee Co,Colorado Springs,,,,colorado_proud_finder,baseline from origin/main,present when the ledger started; first-seen date is this or earlier
2026-10-05,baseline,The Farm Collaborative,Aspen,,,,colorado_proud_farm_fresh,baseline from origin/main,present when the ledger started; first-seen date is this or earlier
2026-10-05,baseline,The Grasshopper Collective,Mancos,,,,colorado_proud_finder,baseline from origin/main,present when the ledger started; first-seen date is this or earlier
2026-10-05,baseline,Fort Lewis College-Old Fort at Hesperus,Hesperus,,,,colorado_proud_finder,baseline from origin/main,present when the ledger started; first-seen date is this or earlier
2026-10-05,baseline,Collier Farms,FIRESTONE,,,,colorado_proud_finder,baseline from origin/main,present when the ledger started; first-seen date is this or earlier
2026-10-05,baseline,Fort Collins Winter Farmers Market,Fort Collins,,,,colorado_proud+colorado_proud_farm_fresh+cfma+usda+colorado_proud_finder,baseline from origin/main,present when the ledger started; first-seen date is this or earlier
2026-10-05,baseline,Fort Collins Farmers' Market,Fort Collins,,,,official-site+usda,baseline from origin/main,present when the ledger started; first-seen date is this or earlier
2026-10-05,baseline,"Colo-Pac Produce, Inc.",Denver,,,,colorado_proud_farm_fresh,baseline from origin/main,present when the ledger started; first-seen date is this or earlier
2026-10-05,baseline,Colon Orchards,Canon City,,,,usda+colorado_proud_finder,baseline from origin/main,present when the ledger started; first-seen date is this or earlier
2026-10-05,baseline,Hoffmann Commercial Real Estate Farmers' Market,Avon,,,,official-site+usda,baseline from origin/main,present when the ledger started; first-seen date is this or earlier
2026-10-05,baseline,Wilde Cookie Compant,,,,,colorado_proud_finder,baseline from origin/main,present when the ledger started; first-seen date is this or earlier
2026-10-05,baseline,Sweet Flower Cookie Company,Brighton,,,,colorado_proud_finder,baseline from origin/main,present when the ledger started; first-seen date is this or earlier
2026-10-05,baseline,THE PERUVIAN COOKIE COMPANY LLC,Arvada,,,,colorado_proud_finder,baseline from origin/main,present when the ledger started; first-seen date is this or earlier
2026-10-05,baseline,SugarBee Cookie Company,Loveland,,,,colorado_proud_finder,baseline from origin/main,present when the ledger started; first-seen date is this or earlier
2026-10-05,baseline,The Outback Cookin' Company,Haxtun,,,,colorado_proud_finder,baseline from origin/main,present when the ledger started; first-seen date is this or earlier
2026-10-05,baseline,Tuxedo Corn Company LLC,Olathe,,,,colorado_proud_finder,baseline from origin/main,present when the ledger started; first-seen date is this or earlier
2026-10-05,baseline,The Country Lady Foods Company LLC,Pueblo,,,,colorado_proud_finder,baseline from origin/main,present when the ledger started; first-seen date is this or earlier
2026-10-05,baseline,Northern Cowgirl & Company,EATON,,,,colorado_proud_finder,baseline from origin/main,present when the ledger started; first-seen date is this or earlier
2026-10-05,baseline,Crowded Table Sourdough Company,Arvada,,,,colorado_proud_finder,baseline from origin/main,present when the ledger started; first-seen date is this or earlier
2026-10-05,baseline,Happy Stuff Dog Treat Company,Wheat Ridge,,,,colorado_proud_finder,baseline from origin/main,present when the ledger started; first-seen date is this or earlier
2026-10-05,baseline,Radical Sasquatch Dumpling Company,Lakewood,,,,colorado_proud_finder,baseline from origin/main,present when the ledger started; first-seen date is this or earlier
2026-10-05,baseline,Filla Honey Company,,,,,colorado_proud_finder,baseline from origin/main,present when the ledger started; first-seen date is this or earlier
2026-10-05,baseline,The Lettucehead Food Company,Buena Vista,,,,official-site+chaffee_provides,baseline from origin/main,present when the ledger started; first-seen date is this or earlier
2026-10-05,baseline,San Luis Valley Food Company,Del Norte,,,,curated,baseline from origin/main,present when the ledger started; first-seen date is this or earlier
2026-10-05,baseline,Pueblo Seed & Food Company,Cortez,,,,colorado_proud_finder,baseline from origin/main,present when the ledger started; first-seen date is this or earlier
2026-10-05,baseline,The Stone Fruit Company LLC,Palisade,,,,colorado_proud_finder,baseline from origin/main,present when the ledger started; first-seen date is this or earlier
2026-10-05,baseline,Gold Star Hotlink Company LLC,Aurora,,,,colorado_proud_finder,baseline from origin/main,present when the ledger started; first-seen date is this or earlier
2026-10-05,baseline,Pueblo West Honey Company,Pueblo West,,,,colorado_proud_finder,baseline from origin/main,present when the ledger started; first-seen date is this or earlier
2026-10-05,baseline,Horizon Verjus Company,Littleton,,,,colorado_proud_finder,baseline from origin/main,present when the ledger started; first-seen date is this or earlier
2026-10-05,baseline,Colorado Juice Company,Montrose,,,,colorado_proud_finder,baseline from origin/main,present when the ledger started; first-seen date is this or earlier
2026-10-05,baseline,Kinikin Processing Company LLC,Montrose,,,,colorado_proud_finder,baseline from origin/main,present when the ledger started; first-seen date is this or earlier
2026-10-05,baseline,colorado kolache company,Fort Collins,,,,colorado_proud_finder,baseline from origin/main,present when the ledger started; first-seen date is this or earlier
2026-10-05,baseline,No-MaTer Sauce Company LLC,Littleton,,,,colorado_proud_finder,baseline from origin/main,present when the ledger started; first-seen date is this or earlier
2026-10-05,baseline,Scanga Meat Company,Salida,,,,official-site+chaffee_provides,baseline from origin/main,present when the ledger started; first-seen date is this or earlier
2026-10-05,baseline,Stagecoach Meat Company,Wiggins,,,,colorado_proud_finder,baseline from origin/main,present when the ledger started; first-seen date is this or earlier
2026-10-05,baseline,Pacific Mercantile Company,Denver,,,,colorado_proud_finder,baseline from origin/main,present when the ledger started; first-seen date is this or earlier
2026-10-05,baseline,Pasture Provisions Company,Denver,,,,colorado_proud_farm_fresh+colorado_proud_finder,baseline from origin/main,present when the ledger started; first-seen date is this or earlier
2026-10-05,baseline,Steamboat Salt Company,Hayden,,,,colorado_proud_finder,baseline from origin/main,present when the ledger started; first-seen date is this or earlier
2026-10-05,baseline,The York Spice Company,Greeley,,,,colorado_proud_finder,baseline from origin/main,present when the ledger started; first-seen date is this or earlier
2026-10-05,baseline,Elements Mountain Compost,Salida,,,,colorado_proud_finder,baseline from origin/main,present when the ledger started; first-seen date is this or earlier
2026-10-05,baseline,Conditional Gardens,Golden,,,,colorado_proud_finder,baseline from origin/main,present when the ledger started; first-seen date is this or earlier
2026-10-05,baseline,Conejos County Farmers' Market,La Jara,,,,official-site+usda,baseline from origin/main,present when the ledger started; first-seen date is this or earlier
2026-10-05,baseline,The Conscious Farms,Seibert,,,,colorado_proud_finder,baseline from origin/main,present when the ledger started; first-seen date is this or earlier
2026-10-05,baseline,ConsciouSweets,Lafayette,,,,colorado_proud_finder,baseline from origin/main,present when the ledger started; first-seen date is this or earlier
2026-10-05,baseline,The Cookie Coven,Brighton,,,,colorado_proud_finder,baseline from origin/main,present when the ledger started; first-seen date is this or earlier
2026-10-05,baseline,Dot's Pizzelle Cookies,Northglenn,,,,colorado_proud_finder,baseline from origin/main,present when the ledger started; first-seen date is this or earlier
2026-10-05,baseline,Romero Mexican Wedding Cookies,Denver,,,,colorado_proud_finder,baseline from origin/main,present when the ledger started; first-seen date is this or earlier
2026-10-05,baseline,Tatay Cookies,Fort collins,,,,colorado_proud_finder,baseline from origin/main,present when the ledger started; first-seen date is this or earlier
2026-10-05,baseline,Coombs Farms Colorado,La Jara,,,,colorado_proud_finder,baseline from origin/main,present when the ledger started; first-seen date is this or earlier
2026-10-05,baseline,Rio Grande Organic Growers COOP,Alamosa,,,,colorado_proud_farm_fresh,baseline from origin/main,present when the ledger started; first-seen date is this or earlier
2026-10-05,baseline,High Plains Food Cooperative,Denver Tech Center,,,,usda,baseline from origin/main,present when the ledger started; first-seen date is this or earlier
2026-10-05,baseline,Colorado Coops,Black Hawk,,,,colorado_proud_finder,baseline from origin/main,present when the ledger started; first-seen date is this or earlier
2026-10-05,baseline,Copoco 's Honey,Fort Collins,,,,colorado_proud_finder,baseline from origin/main,present when the ledger started; first-seen date is this or earlier
2026-10-05,baseline,"Crafty Crow Corn Creations, LLC.",Aurora,,,,colorado_proud_finder,baseline from origin/main,present when the ledger started; first-seen date is this or earlier
2026-10-05,baseline,Diana's Pumpkin Patch & Corn Maze,Canon City,,,,usda,baseline from origin/main,present when the ledger started; first-seen date is this or earlier
2026-10-05,baseline,Miller Farms Corn Maze & Fall Festival,Platteville,,,,usda,baseline from origin/main,present when the ledger started; first-seen date is this or earlier
2026-10-05,baseline,Frederika Fall Festival & Corn Maxe,Avondale,,,,usda,baseline from origin/main,present when the ledger started; first-seen date is this or earlier
2026-10-05,baseline,Pope Farms/Pope's Pumpkin Patch & Corn Maze,Wiggins,,,,usda,baseline from origin/main,present when the ledger started; first-seen date is this or earlier
2026-10-05,baseline,Northern Colorado Corn Maze,Fort Collins,,,,usda,baseline from origin/main,present when the ledger started; first-seen date is this or earlier
2026-10-05,baseline,Edwards Corner Farmers' Market,Edwards,,,,official-site+usda,baseline from origin/main,present when the ledger started; first-seen date is this or earlier
2026-10-05,baseline,Four Corners Farm,Colorado Springs,,,,usda,baseline from origin/main,present when the ledger started; first-seen date is this or earlier
2026-10-05,baseline,Mulays' Sausage Corporation,Longmont,,,,colorado_proud_finder,baseline from origin/main,present when the ledger started; first-seen date is this or earlier
2026-10-05,baseline,Cortez Creamery,Cortez,,,,usda,baseline from origin/main,present when the ledger started; first-seen date is this or earlier
2026-10-05,baseline,Cortez Farmers Market,Cortez,,,,official-site+cfma+usda,baseline from origin/main,present when the ledger started; first-seen date is this or earlier
2026-10-05,baseline,CostaCustoms,weston,,,,colorado_proud_finder,baseline from origin/main,present when the ledger started; first-seen date is this or earlier
2026-10-05,baseline,Cotopaxi Farmers Market,Cotopaxi,,,,official-site+usda,baseline from origin/main,present when the ledger started; first-seen date is this or earlier
2026-10-05,baseline,Sunflower Cottage Foods,Boulder,,,,colorado_proud_finder,baseline from origin/main,present when the ledger started; first-seen date is this or earlier
2026-10-05,baseline,Smokey Pines Cottage Kitchen,Boncarbo,,,,colorado_proud_finder,baseline from origin/main,present when the ledger started; first-seen date is this or earlier
2026-10-05,baseline,Cottonwood Farm,Boulder,,,,usda,baseline from origin/main,present when the ledger started; first-seen date is this or earlier
2026-10-05,baseline,Cottonwood Farm,Lafayette,,,,colorado_proud_farm_fresh,baseline from origin/main,present when the ledger started; first-seen date is this or earlier
2026-10-05,baseline,Cottonwood Spirit Ranch,,,,,official-site+chaffee_provides,baseline from origin/main,present when the ledger started; first-seen date is this or earlier
2026-10-05,baseline,High Country Environmental Grazing,Mack,,,,colorado_proud_finder,baseline from origin/main,present when the ledger started; first-seen date is this or earlier
2026-10-05,baseline,Elbert County Marketplace,Elizabeth,,,,colorado_proud_finder,baseline from origin/main,present when the ledger started; first-seen date is this or earlier
2026-10-05,baseline,Larimer County Farmers' Market,Fort Collins,,,,colorado_proud+colorado_proud_farm_fresh+cfma+usda,baseline from origin/main,present when the ledger started; first-seen date is this or earlier
2026-10-05,baseline,Hippie Cow Co.,Ignacio,,,,colorado_proud_finder,baseline from origin/main,present when the ledger started; first-seen date is this or earlier
2026-10-05,baseline,Paula's Cozy Kitchen LLC,Pueblo West,,,,colorado_proud_finder,baseline from origin/main,present when the ledger started; first-seen date is this or earlier
2026-10-05,baseline,SALT Craft Meat Market,Castle Rock,,,,colorado_proud_farm_fresh,baseline from origin/main,present when the ledger started; first-seen date is this or earlier
2026-10-05,baseline,Crafton's Summit Sourdough,Peyton,,,,colorado_proud_finder,baseline from origin/main,present when the ledger started; first-seen date is this or earlier
2026-10-05,baseline,"Crazy Daisy Farm, LLC",Berthoud,,,,colorado_proud_finder,baseline from origin/main,present when the ledger started; first-seen date is this or earlier
2026-10-05,baseline,Springs Ice Cream,Colorado Springs,,,,colorado_proud_finder,baseline from origin/main,present when the ledger started; first-seen date is this or earlier
2026-10-05,baseline,RK Creations Farm,Elizabeth,,,,usda,baseline from origin/main,present when the ledger started; first-seen date is this or earlier
2026-10-05,baseline,Grandpas Garden Creations,Frederick,,,,colorado_proud_finder,baseline from origin/main,present when the ledger started; first-seen date is this or earlier
2026-10-05,baseline,Douglas Creek Enterprises LLC dba Douglas Creek Tallow,Rangely,,,,colorado_proud_finder,baseline from origin/main,present when the ledger started; first-seen date is this or earlier
2026-10-05,baseline,Dooley Creek Farm,Carbondale,,,,usda,baseline from origin/main,present when the ledger started; first-seen date is this or earlier
2026-10-05,baseline,Rock Creek Farm U-Pick-em Pumpkin Patch,Broomfield,,,,usda,baseline from origin/main,present when the ledger started; first-seen date is this or earlier
2026-10-05,baseline,Gordon Creek Farm LLC,Livermore,,,,colorado_proud_finder,baseline from origin/main,present when the ledger started; first-seen date is this or earlier
2026-10-05,baseline,Sambrito Creek Farm,Ignacio,,,,colorado_proud_farm_fresh+colorado_proud_finder,baseline from origin/main,present when the ledger started; first-seen date is this or earlier
2026-10-05,baseline,Trout Creek Farm,Buena Vista,,,,official-site+chaffee_provides,baseline from origin/main,present when the ledger started; first-seen date is this or earlier
2026-10-05,baseline,Wolf Creek Fresh,Strasburg,,,,colorado_proud+colorado_proud_farm_fresh,baseline from origin/main,present when the ledger started; first-seen date is this or earlier
2026-10-05,baseline,Poncha Creek Gardens,Poncha Springs,,,,official-site+chaffee_provides,baseline from origin/main,present when the ledger started; first-seen date is this or earlier
2026-10-05,baseline,Creek Side Gardens,Littleton,,,,colorado_proud_farm_fresh,baseline from origin/main,present when the ledger started; first-seen date is this or earlier
2026-10-05,baseline,Kiana Creek Ranch,Sedalia,,,,colorado_proud_finder,baseline from origin/main,present when the ledger started; first-seen date is this or earlier
2026-10-05,baseline,Spring Creek Meats LLC,Ault,,,,colorado_proud_finder,baseline from origin/main,present when the ledger started; first-seen date is this or earlier
2026-10-05,baseline,Orchard Creek Ranch,Glenwood Springs,,,,usda,baseline from origin/main,present when the ledger started; first-seen date is this or earlier
2026-10-05,baseline,Spring Creeks Ranch,Carbondale,,,,curated,baseline from origin/main,present when the ledger started; first-seen date is this or earlier
2026-10-05,baseline,Crescendum Flower Farm,Arvada,,,,usda,baseline from origin/main,present when the ledger started; first-seen date is this or earlier
2026-10-05,baseline,Crestone Farmers Market,Crestone,,,,official-site+usda,baseline from origin/main,present when the ledger started; first-seen date is this or earlier
2026-10-05,baseline,SOIL Sangre de Cristo,,,,,official-site+chaffee_provides,baseline from origin/main,present when the ledger started; first-seen date is this or earlier
2026-10-05,baseline,Crooked Sky Ranch,CORTEZ,,,,colorado_proud_finder,baseline from origin/main,present when the ledger started; first-seen date is this or earlier
2026-10-05,baseline,Scare Crow Farms,Julesburg,,,,usda,baseline from origin/main,present when the ledger started; first-seen date is this or earlier
2026-10-05,baseline,White Crow Ranch SLV,Fort Garland,,,,colorado_proud_finder,baseline from origin/main,present when the ledger started; first-seen date is this or earlier
2026-10-05,baseline,The Crumb Keeper,Aurora,,,,colorado_proud_finder,baseline from origin/main,present when the ledger started; first-seen date is this or earlier
2026-10-05,baseline,Grant Farms CSA,Wellington,,,,usda,baseline from origin/main,present when the ledger started; first-seen date is this or earlier
2026-10-05,baseline,GOUDY'S FRENCH CUISINE,Aurora,,,,colorado_proud_finder,baseline from origin/main,present when the ledger started; first-seen date is this or earlier
2026-10-05,baseline,Esoterra Culinary Garden,Boulder,,,,colorado_proud_farm_fresh,baseline from origin/main,present when the ledger started; first-seen date is this or earlier
2026-10-05,baseline,Cultiva! Youth Project,Boulder,,,,usda,baseline from origin/main,present when the ledger started; first-seen date is this or earlier
2026-10-05,baseline,Curry Culture,Colorado Springs,,,,colorado_proud_finder,baseline from origin/main,present when the ledger started; first-seen date is this or earlier
2026-10-05,baseline,Tin Cup Ranch,Johnstown,,,,colorado_proud_finder,baseline from origin/main,present when the ledger started; first-seen date is this or earlier
2026-10-05,baseline,Cure Organic Farm,Boulder,,,,usda,baseline from origin/main,present when the ledger started; first-seen date is this or earlier
2026-10-05,baseline,Curtis Ranch,Rye,,,,colorado_proud_finder,baseline from origin/main,present when the ledger started; first-seen date is this or earlier
2026-10-05,baseline,Colorado Custom Meat Co,Kersey,,,,colorado_proud_finder,baseline from origin/main,present when the ledger started; first-seen date is this or earlier
2026-10-05,baseline,Rugged Cut Soaps,Colorado springs,,,,colorado_proud_finder,baseline from origin/main,present when the ledger started; first-seen date is this or earlier
2026-10-05,baseline,Something Cute Co.,Cortez,,,,colorado_proud_finder,baseline from origin/main,present when the ledger started; first-seen date is this or earlier
2026-10-05,baseline,Life Cycles Pasture,Montrose,,,,usda,baseline from origin/main,present when the ledger started; first-seen date is this or earlier
2026-10-05,baseline,D E R M TRUCK FARMS,Weldona,,,,colorado_proud_finder,baseline from origin/main,present when the ledger started; first-seen date is this or earlier
2026-10-05,baseline,D & H Farms,Ault,,,,usda,baseline from origin/main,present when the ledger started; first-seen date is this or earlier
2026-10-05,baseline,J & D Heirloom Seeds,Montrose,,,,colorado_proud_finder,baseline from origin/main,present when the ledger started; first-seen date is this or earlier
2026-10-05,baseline,"Uff Da Waffles, LLC",Colorado Springs,,,,colorado_proud_finder,baseline from origin/main,present when the ledger started; first-seen date is this or earlier
2026-10-05,baseline,Green Thumb Daddy,Bayfield,,,,colorado_proud_finder,baseline from origin/main,present when the ledger started; first-seen date is this or earlier
2026-10-05,baseline,Daddy's Homemade,,,,,colorado_proud_finder,baseline from origin/main,present when the ledger started; first-seen date is this or earlier
2026-10-05,baseline,Daily Grains,Lafayette,,,,colorado_proud_finder,baseline from origin/main,present when the ledger started; first-seen date is this or earlier
2026-10-05,baseline,The Daily Knead,Englewood,,,,colorado_proud_finder,baseline from origin/main,present when the ledger started; first-seen date is this or earlier
2026-10-05,baseline,"LDF, Inc. dba Longmont Dairy Farm",Longmont,,,,colorado_proud_finder,baseline from origin/main,present when the ledger started; first-seen date is this or earlier
2026-10-05,baseline,Three Sisters Farm & Dairy,Boone,,,,colorado_proud_farm_fresh+colorado_proud_finder,baseline from origin/main,present when the ledger started; first-seen date is this or earlier
2026-10-05,baseline,Five Freedoms Dairy,Longmont,,,,usda,baseline from origin/main,present when the ledger started; first-seen date is this or earlier
2026-10-05,baseline,Morning Fresh Dairy,Bellvue,,,,colorado_proud_finder,baseline from origin/main,present when the ledger started; first-seen date is this or earlier
2026-10-05,baseline,Dao House,Estes Park,,,,usda,baseline from origin/main,present when the ledger started; first-seen date is this or earlier
2026-10-05,baseline,"DAO, INC",Holyoke,,,,colorado_proud_finder,baseline from origin/main,present when the ledger started; first-seen date is this or earlier
2026-10-05,baseline,Davis Family Livestock,Platteville,,,,colorado_proud_farm_fresh+colorado_proud_finder,baseline from origin/main,present when the ledger started; first-seen date is this or earlier
2026-10-05,baseline,Happy Day Ranch,Basalt,,,,curated,baseline from origin/main,present when the ledger started; first-seen date is this or earlier
2026-10-05,baseline,Two Springs Ranch/ Harvest Days,Pueblo,,,,usda,baseline from origin/main,present when the ledger started; first-seen date is this or earlier
2026-10-05,baseline,Dayspring Farm,Olathe,,,,usda,baseline from origin/main,present when the ledger started; first-seen date is this or earlier
2026-10-05,baseline,IE Mills dba Dry Storage Mills,Boulder,,,,colorado_proud_finder,baseline from origin/main,present when the ledger started; first-seen date is this or earlier
2026-10-05,baseline,Fresh Foundation - DBA Fresh Food Hub,Norwood,,,,usda,baseline from origin/main,present when the ledger started; first-seen date is this or earlier
2026-10-05,baseline,Meat Sweats LLC; DBA: Littleton Meats,Littleton,,,,colorado_proud_finder,baseline from origin/main,present when the ledger started; first-seen date is this or earlier
2026-10-05,baseline,Decadence Gourmet,Grand Junction,,,,colorado_proud_finder,baseline from origin/main,present when the ledger started; first-seen date is this or earlier
2026-10-05,baseline,Mercado Del Norte,Del Norte,,,,colorado_proud_finder,baseline from origin/main,present when the ledger started; first-seen date is this or earlier
2026-10-05,baseline,Solomon's Grocery & Deli,Aurora,,,,colorado_proud_finder,baseline from origin/main,present when the ledger started; first-seen date is this or earlier
2026-10-05,baseline,Dianes's Delights,Castle Pines,,,,colorado_proud_finder,baseline from origin/main,present when the ledger started; first-seen date is this or earlier
2026-10-05,baseline,Dory Dozens Delights LLC,Central City,,,,colorado_proud_finder,baseline from origin/main,present when the ledger started; first-seen date is this or earlier
2026-10-05,baseline,Deliteful Greens,Northglenn,,,,colorado_proud_finder,baseline from origin/main,present when the ledger started; first-seen date is this or earlier
2026-10-05,baseline,Hazel Dell Mushrooms,Fort Collins,,,,colorado_proud_farm_fresh+colorado_proud_finder,baseline from origin/main,present when the ledger started; first-seen date is this or earlier
2026-10-05,baseline,Delta Farmers Market,Delta,,,,official-site+usda+colorado_proud+colorado_proud_farm_fresh+colorado_proud_finder,baseline from origin/main,present when the ledger started; first-seen date is this or earlier
2026-10-05,baseline,DELYAKS,Montrose,,,,usda,baseline from origin/main,present when the ledger started; first-seen date is this or earlier
2026-10-05,baseline,East Denver Food Hub,Montbello,,,,usda,baseline from origin/main,present when the ledger started; first-seen date is this or earlier
2026-10-05,baseline,Metro Denver Farmers' Market-Lakewood,Lakewood,,,,usda,baseline from origin/main,present when the ledger started; first-seen date is this or earlier
2026-10-05,baseline,Metro Denver Farmers' Market-Littleton,Littleton,,,,usda,baseline from origin/main,present when the ledger started; first-seen date is this or earlier
2026-10-05,baseline,Metro Denver Farmers' Market at Wheat Ridge,Wheat Ridge,,,,usda,baseline from origin/main,present when the ledger started; first-seen date is this or earlier
2026-10-05,baseline,Denver Mushroom Co LLC,Denver,,,,colorado_proud_finder,baseline from origin/main,present when the ledger started; first-seen date is this or earlier
2026-10-05,baseline,Desert Edge Farm,Grand Junction,,,,colorado_proud_finder,baseline from origin/main,present when the ledger started; first-seen date is this or earlier
2026-10-05,baseline,"Desert Weyr, LLC",Paonia,,,,colorado_proud_finder+usda,baseline from origin/main,present when the ledger started; first-seen date is this or earlier
2026-10-05,baseline,Simply Natural at Desiderata Ranch,Berthoud,,,,usda,baseline from origin/main,present when the ledger started; first-seen date is this or earlier
2026-10-05,baseline,Lafayette Garden Design,Denver,,,,colorado_proud_finder,baseline from origin/main,present when the ledger started; first-seen date is this or earlier
2026-10-05,baseline,J2 Farms & Designs,Ordway,,,,colorado_proud_finder,baseline from origin/main,present when the ledger started; first-seen date is this or earlier
2026-10-05,baseline,DeVries Fruit & Veggie Roadside Stand / The Friend-ly Farm,Olathe,,,,colorado_proud_farm_fresh+usda,baseline from origin/main,present when the ledger started; first-seen date is this or earlier
2026-10-05,baseline,Diede Family Farm,Berthoud,,,,colorado_proud_finder,baseline from origin/main,present when the ledger started; first-seen date is this or earlier
2026-10-05,baseline,Dillon Farmers Market,Dillon,,,,colorado_proud+colorado_proud_farm_fresh,baseline from origin/main,present when the ledger started; first-seen date is this or earlier
2026-10-05,baseline,Frontier Diner,Cheraw,,,,colorado_proud_finder,baseline from origin/main,present when the ledger started; first-seen date is this or earlier
2026-10-05,baseline,Sweet Diplomacy,Louisville,,,,colorado_proud_finder,baseline from origin/main,present when the ledger started; first-seen date is this or earlier
2026-10-05,baseline,Ranch Foods Direct,Colorado Springs,,,,colorado_proud_finder,baseline from origin/main,present when the ledger started; first-seen date is this or earlier
2026-10-05,baseline,DiSanti Farms,Pueblo,,,,colorado_proud_farm_fresh+colorado_proud_finder,baseline from origin/main,present when the ledger started; first-seen date is this or earlier
2026-10-05,baseline,LoCo Food Distribution,Fort Collins,,,,usda,baseline from origin/main,present when the ledger started; first-seen date is this or earlier
2026-10-05,baseline,"Gunner Dog Treats, LLC",Craig,,,,colorado_proud_finder,baseline from origin/main,present when the ledger started; first-seen date is this or earlier
2026-10-05,baseline,La Dolce Vita Ranch,Guffey,,,,colorado_proud_finder,baseline from origin/main,present when the ledger started; first-seen date is this or earlier
2026-10-05,baseline,domī,Denver,,,,colorado_proud_finder,baseline from origin/main,present when the ledger started; first-seen date is this or earlier
2026-10-05,baseline,Don's Market,Paonia,,,,colorado_proud_finder,baseline from origin/main,present when the ledger started; first-seen date is this or earlier
2026-10-05,baseline,Fat Donkey Farm,Fort Collins,,,,usda,baseline from origin/main,present when the ledger started; first-seen date is this or earlier
2026-10-05,baseline,Donoma Farms,Carr,,,,usda,baseline from origin/main,present when the ledger started; first-seen date is this or earlier
2026-10-05,baseline,Dottie's Garden Spot,Berthoud,,,,usda,baseline from origin/main,present when the ledger started; first-seen date is this or earlier
2026-10-05,baseline,Scratch Dough Co,Highlands Ranch,,,,colorado_proud_finder,baseline from origin/main,present when the ledger started; first-seen date is this or earlier
2026-10-05,baseline,Purebread Doughs,Fort Collins,,,,colorado_proud_finder,baseline from origin/main,present when the ledger started; first-seen date is this or earlier
2026-10-05,baseline,Dragon meadery,AURORA,,,,colorado_proud_finder,baseline from origin/main,present when the ledger started; first-seen date is this or earlier
2026-10-05,baseline,Dragon Mountain Mushrooms,Crestone,,,,colorado_proud_finder,baseline from origin/main,present when the ledger started; first-seen date is this or earlier
2026-10-05,baseline,Dragonfly Farm,Delta,,,,usda,baseline from origin/main,present when the ledger started; first-seen date is this or earlier
2026-10-05,baseline,PTOM'S FOOD & DRAINAmerican  at The Ptarmigan Inn,Steamboat Springs,,,,colorado_proud_finder,baseline from origin/main,present when the ledger started; first-seen date is this or earlier
2026-10-05,baseline,Drake Road Farmers Market,Fort Collins,,,,usda,baseline from origin/main,present when the ledger started; first-seen date is this or earlier
2026-10-05,baseline,Mutual Dream Farm,Bailey,,,,colorado_proud_farm_fresh+colorado_proud_finder,baseline from origin/main,present when the ledger started; first-seen date is this or earlier
2026-10-05,baseline,Two Drifters Farm,,,,,colorado_proud_finder,baseline from origin/main,present when the ledger started; first-seen date is this or earlier
2026-10-05,baseline,Drubeez Honey LLC,Pueblo,,,,colorado_proud_finder,baseline from origin/main,present when the ledger started; first-seen date is this or earlier
2026-10-05,baseline,"Sage Mountain Freeze-Dry, LLC",Aurora,,,,colorado_proud_finder,baseline from origin/main,present when the ledger started; first-seen date is this or earlier
2026-10-05,baseline,Duckberry Farm,Berthoud,,,,colorado_proud_finder,baseline from origin/main,present when the ledger started; first-seen date is this or earlier
2026-10-05,baseline,Venezuela dulce LLC,Boulder,,,,colorado_proud_finder,baseline from origin/main,present when the ledger started; first-seen date is this or earlier
2026-10-05,baseline,Durango Farmers Market,Durango,,,,colorado_proud+colorado_proud_farm_fresh+cfma+colorado_proud_finder+usda,baseline from origin/main,present when the ledger started; first-seen date is this or earlier
2026-10-05,baseline,Dusty Fox Farm,Kiowa,,,,colorado_proud_finder,baseline from origin/main,present when the ledger started; first-seen date is this or earlier
2026-10-05,baseline,The Dyna,Pagosa Springs,,,,colorado_proud_finder,baseline from origin/main,present when the ledger started; first-seen date is this or earlier
2026-10-05,baseline,Eagle Rock Organic Eggs LLC,Del Norte,,,,colorado_proud_finder,baseline from origin/main,present when the ledger started; first-seen date is this or earlier
2026-10-05,baseline,EAGLE SPRINGS ORGANIC,Rifle,,,,colorado_proud_finder,baseline from origin/main,present when the ledger started; first-seen date is this or earlier
2026-10-05,baseline,Eagle Rock Ranch,Fairplay,,,,colorado_proud_finder,baseline from origin/main,present when the ledger started; first-seen date is this or earlier
2026-10-05,baseline,Eagle Farmers Market,Edwards,,,,official-site+usda,baseline from origin/main,present when the ledger started; first-seen date is this or earlier
2026-10-05,baseline,Early Morning Orchard,Palisade,,,,colorado_proud_finder,baseline from origin/main,present when the ledger started; first-seen date is this or earlier
2026-10-05,baseline,Earth Mountain Education Farm,Weston,,,,colorado_proud_farm_fresh,baseline from origin/main,present when the ledger started; first-seen date is this or earlier
2026-10-05,baseline,Father Earth Organic Farm LLC,Lafayette,,,,colorado_proud_farm_fresh,baseline from origin/main,present when the ledger started; first-seen date is this or earlier
2026-10-05,baseline,Gentle Earth Farm,Arvada,,,,colorado_proud_finder,baseline from origin/main,present when the ledger started; first-seen date is this or earlier
2026-10-05,baseline,Green Earth Farm,Saguache,,,,usda+colorado_proud_finder,baseline from origin/main,present when the ledger started; first-seen date is this or earlier
2026-10-05,baseline,Loveland East Farmers Market at Jax,Loveland,,,,official-site+usda,baseline from origin/main,present when the ledger started; first-seen date is this or earlier
2026-10-05,baseline,Pueblo Farmers Market Eastside Pop-ups,Pueblo,,,,colorado_proud+colorado_proud_farm_fresh,baseline from origin/main,present when the ledger started; first-seen date is this or earlier
2026-10-05,baseline,"ECOburn, LLC",Mack,,,,colorado_proud_finder,baseline from origin/main,present when the ledger started; first-seen date is this or earlier
2026-10-05,baseline,Eddyline Restaurant at Southmain,Buena Vista,,,,official-site+chaffee_provides,baseline from origin/main,present when the ledger started; first-seen date is this or earlier
2026-10-05,baseline,Edfoodyo LLC,Paonia,,,,colorado_proud_finder,baseline from origin/main,present when the ledger started; first-seen date is this or earlier
2026-10-05,baseline,Meadows Edge Farm,Buena Vista,,,,official-site+chaffee_provides,baseline from origin/main,present when the ledger started; first-seen date is this or earlier
2026-10-05,baseline,Colorado Edible Forest at Rivendell Farms,Glenwood Springs,,,,colorado_proud_finder,baseline from origin/main,present when the ledger started; first-seen date is this or earlier
2026-10-05,baseline,Jewels' Edible Gems,Pueblo,,,,colorado_proud_finder,baseline from origin/main,present when the ledger started; first-seen date is this or earlier
2026-10-05,baseline,"Rainbow Farms, Rainbow Eggs",AURORA,,,,colorado_proud_finder,baseline from origin/main,present when the ledger started; first-seen date is this or earlier
2026-10-05,baseline,Mercadillo en el Rio,Alamosa,,,,official-site+cfma+colorado_proud_finder,baseline from origin/main,present when the ledger started; first-seen date is this or earlier
2026-10-05,baseline,Ela Family Farms,Hotchkiss,,,,colorado_proud_farm_fresh+colorado_proud_finder+usda,baseline from origin/main,present when the ledger started; first-seen date is this or earlier
2026-10-05,baseline,Electric Microgreens LLC,OAK CREEK,,,,colorado_proud_finder,baseline from origin/main,present when the ledger started; first-seen date is this or earlier
2026-10-05,baseline,Elevated Microgreens LLC,Indian Hills,,,,colorado_proud_finder,baseline from origin/main,present when the ledger started; first-seen date is this or earlier
2026-10-05,baseline,"Elevation Mountain Grown Herbal Tea, LLC",Hotchkiss,,,,colorado_proud_farm_fresh,baseline from origin/main,present when the ledger started; first-seen date is this or earlier
2026-10-05,baseline,Elevation Meat Market,Westcliffe,,,,colorado_proud_finder,baseline from origin/main,present when the ledger started; first-seen date is this or earlier
2026-10-05,baseline,The Patch in Elizabeth,Elizabeth,,,,usda,baseline from origin/main,present when the ledger started; first-seen date is this or earlier
2026-10-05,baseline,Old Elm Farm,Boulder,,,,colorado_proud_farm_fresh+colorado_proud_finder,baseline from origin/main,present when the ledger started; first-seen date is this or earlier
2026-10-05,baseline,ELXR Ltd.,Denver,,,,colorado_proud_finder,baseline from origin/main,present when the ledger started; first-seen date is this or earlier
2026-10-05,baseline,Empirical Genetics LLC,Campo,,,,colorado_proud_finder,baseline from origin/main,present when the ledger started; first-seen date is this or earlier
2026-10-05,baseline,OVER THE MOON EMPORIUM,Byers,,,,colorado_proud_finder,baseline from origin/main,present when the ledger started; first-seen date is this or earlier
2026-10-05,baseline,The Farm at the End of the Road,Paonia,,,,usda,baseline from origin/main,present when the ledger started; first-seen date is this or earlier
2026-10-05,baseline,Your Peak Energy,Colorado Springs,,,,colorado_proud_finder,baseline from origin/main,present when the ledger started; first-seen date is this or earlier
2026-10-05,baseline,Enjoy Halal,Aurora,,,,colorado_proud_finder,baseline from origin/main,present when the ledger started; first-seen date is this or earlier
2026-10-05,baseline,Ent Wise Farm,Fort Collins,,,,colorado_proud_farm_fresh+colorado_proud_finder,baseline from origin/main,present when the ledger started; first-seen date is this or earlier
2026-10-05,baseline,"Wing Shack Enterprises, Inc.",Greeley,,,,colorado_proud_finder,baseline from origin/main,present when the ledger started; first-seen date is this or earlier
2026-10-05,baseline,Water Tiger Enterprises LLC,Lafayette,,,,colorado_proud_finder,baseline from origin/main,present when the ledger started; first-seen date is this or earlier
2026-10-05,baseline,Erie Farmers Market,Erie,,,,official-site+usda,baseline from origin/main,present when the ledger started; first-seen date is this or earlier
2026-10-05,baseline,Esh's Grocery Market,Windsor,,,,colorado_proud_finder,baseline from origin/main,present when the ledger started; first-seen date is this or earlier
2026-10-05,baseline,Sauvage Spectrum Estate Wainery,Palisade,,,,colorado_proud_finder,baseline from origin/main,present when the ledger started; first-seen date is this or earlier
2026-10-05,baseline,Estes Park Farmers Market,Estes Park,,,,official-site+usda,baseline from origin/main,present when the ledger started; first-seen date is this or earlier
2026-10-05,baseline,Estes Valley Farmers Market,Estes Park,,,,official-site+usda,baseline from origin/main,present when the ledger started; first-seen date is this or earlier
2026-10-05,baseline,Eternal Greens,Longmont,,,,colorado_proud_finder,baseline from origin/main,present when the ledger started; first-seen date is this or earlier
2026-10-05,baseline,Evergreen Farmers Market THE ORIGINAL,Evergreen,,,,official-site+colorado_proud+colorado_proud_farm_fresh,baseline from origin/main,present when the ledger started; first-seen date is this or earlier
2026-10-05,baseline,Evergreen Sweets,Evergreen,,,,colorado_proud_finder,baseline from origin/main,present when the ledger started; first-seen date is this or earlier
2026-10-05,baseline,Evergreen Farmers Market,Evergreen,,,,official-site+usda,baseline from origin/main,present when the ledger started; first-seen date is this or earlier
2026-10-05,baseline,Everitt Farms,Lakewood,,,,usda,baseline from origin/main,present when the ledger started; first-seen date is this or earlier
2026-10-05,baseline,"Restore & Evolve, LLC",Superior,,,,colorado_proud_finder,baseline from origin/main,present when the ledger started; first-seen date is this or earlier
2026-10-05,baseline,Fagerberg Produce,Eaton,,,,colorado_proud_finder,baseline from origin/main,present when the ledger started; first-seen date is this or earlier
2026-10-05,baseline,Loveland Farmers Market at Fairgrounds Park,Loveland,,,,official-site+cfma+colorado_proud+colorado_proud_farm_fresh+colorado_proud_finder+usda,baseline from origin/main,present when the ledger started; first-seen date is this or earlier
2026-10-05,baseline,Falcon Microgreens Ltd.,Peyton,,,,colorado_proud_finder,baseline from origin/main,present when the ledger started; first-seen date is this or earlier
2026-10-05,baseline,Falfa Pumpkin Patch,Durango,,,,usda,baseline from origin/main,present when the ledger started; first-seen date is this or earlier
2026-10-05,baseline,Firestone Fall Festival,Firestone,,,,usda,baseline from origin/main,present when the ledger started; first-seen date is this or earlier
2026-10-05,baseline,Pupusas familia,Boulder,,,,colorado_proud_finder,baseline from origin/main,present when the ledger started; first-seen date is this or earlier
2026-10-05,baseline,Fleischer Family Farm,Lakewood,,,,colorado_proud_farm_fresh,baseline from origin/main,present when the ledger started; first-seen date is this or earlier
2026-10-05,baseline,Lancaster Family Farm,Ridgway,,,,colorado_proud_finder,baseline from origin/main,present when the ledger started; first-seen date is this or earlier
2026-10-05,baseline,"Monroe Family Farm, LLC",KERSEY,,,,colorado_proud_farm_fresh,baseline from origin/main,present when the ledger started; first-seen date is this or earlier
2026-10-05,baseline,Ray Family Farm,Joes,,,,colorado_proud_finder,baseline from origin/main,present when the ledger started; first-seen date is this or earlier
2026-10-05,baseline,Trujillo Family Farm,Broomfield,,,,colorado_proud_finder,baseline from origin/main,present when the ledger started; first-seen date is this or earlier
2026-10-05,baseline,Unsung family farm,,,,,colorado_proud_finder,baseline from origin/main,present when the ledger started; first-seen date is this or earlier
2026-10-05,baseline,Fresh Start Family Farms LLC.,Aurora,,,,usda,baseline from origin/main,present when the ledger started; first-seen date is this or earlier
2026-10-05,baseline,Hillis Family Farms LLC,PEYTON,,,,colorado_proud_finder,baseline from origin/main,present when the ledger started; first-seen date is this or earlier
2026-10-05,baseline,"Kovach Family Farms, LLC",Ft. Lupton,,,,usda,baseline from origin/main,present when the ledger started; first-seen date is this or earlier
2026-10-05,baseline,Larson Family Farms,Haxtun,,,,colorado_proud_finder,baseline from origin/main,present when the ledger started; first-seen date is this or earlier
2026-10-05,baseline,Lenz Family Farms,Holyoke,,,,colorado_proud_finder,baseline from origin/main,present when the ledger started; first-seen date is this or earlier
2026-10-05,baseline,Rasmussen Family Farms LLP,Longmont,,,,colorado_proud_finder,baseline from origin/main,present when the ledger started; first-seen date is this or earlier
2026-10-05,baseline,Milan Family Farms,Fountain,,,,colorado_proud_finder,baseline from origin/main,present when the ledger started; first-seen date is this or earlier
2026-10-05,baseline,The Ross Family Farmstead,Elizabeth,,,,colorado_proud_finder,baseline from origin/main,present when the ledger started; first-seen date is this or earlier
2026-10-05,baseline,Family Food Town,Palisade,,,,colorado_proud_finder,baseline from origin/main,present when the ledger started; first-seen date is this or earlier
2026-10-05,baseline,Keelor Family Ranch,Colorado Springs,,,,usda,baseline from origin/main,present when the ledger started; first-seen date is this or earlier
2026-10-05,baseline,Family Panda microgreens LLC,Parker,,,,colorado_proud_finder,baseline from origin/main,present when the ledger started; first-seen date is this or earlier
2026-10-05,baseline,Ruckman Family Orchards,Palisade,,,,colorado_proud_finder,baseline from origin/main,present when the ledger started; first-seen date is this or earlier
2026-10-05,baseline,Smith Family Orchards,Palisade,,,,colorado_proud_farm_fresh+colorado_proud_finder,baseline from origin/main,present when the ledger started; first-seen date is this or earlier
2026-10-05,baseline,Pitts Family Ranch,Cortez,,,,usda,baseline from origin/main,present when the ledger started; first-seen date is this or earlier
2026-10-05,baseline,Fitzys Famous Sauce LLC,Castle Rock,,,,colorado_proud_finder,baseline from origin/main,present when the ledger started; first-seen date is this or earlier
2026-10-05,baseline,Fern Hill Farm,Greeley,,,,usda,baseline from origin/main,present when the ledger started; first-seen date is this or earlier
2026-10-05,baseline,Flower Street Farm,Lakewood,,,,usda,baseline from origin/main,present when the ledger started; first-seen date is this or earlier
2026-10-05,baseline,Phytology Flowers Farm,,,,,official-site+chaffee_provides,baseline from origin/main,present when the ledger started; first-seen date is this or earlier
2026-10-05,baseline,Flying Pig Farm,,,,,colorado_proud_finder,baseline from origin/main,present when the ledger started; first-seen date is this or earlier
2026-10-05,baseline,Forest Trail Farm LLC,Elizabeth,,,,colorado_proud_finder,baseline from origin/main,present when the ledger started; first-seen date is this or earlier
2026-10-05,baseline,Fox Meadow Farm,Colorado Springs,,,,colorado_proud_finder,baseline from origin/main,present when the ledger started; first-seen date is this or earlier
2026-10-05,baseline,Nordic Fox Farm LLC,hotchkiss,,,,colorado_proud_finder,baseline from origin/main,present when the ledger started; first-seen date is this or earlier
2026-10-05,baseline,Southwest Farm Fresh Harvest Shares,Mancos,,,,usda,baseline from origin/main,present when the ledger started; first-seen date is this or earlier
2026-10-05,baseline,Hayden Fresh Farm,Hayden,,,,colorado_proud_finder,baseline from origin/main,present when the ledger started; first-seen date is this or earlier
2026-10-05,baseline,Friends Farm,Lafayette,,,,colorado_proud_finder,baseline from origin/main,present when the ledger started; first-seen date is this or earlier
2026-10-05,baseline,From Scratch Farm,Johnstown,,,,colorado_proud_finder,baseline from origin/main,present when the ledger started; first-seen date is this or earlier
2026-10-05,baseline,Something From the Farm,Fort Collins,,,,usda,baseline from origin/main,present when the ledger started; first-seen date is this or earlier
2026-10-05,baseline,Funny Lil Farm,Parker,,,,colorado_proud_finder,baseline from origin/main,present when the ledger started; first-seen date is this or earlier
2026-10-05,baseline,Gaia's Farm & Gardens,Laporte,,,,usda,baseline from origin/main,present when the ledger started; first-seen date is this or earlier
2026-10-05,baseline,Switch Gears Farm,Longmont,,,,colorado_proud_farm_fresh+colorado_proud_finder,baseline from origin/main,present when the ledger started; first-seen date is this or earlier
2026-10-05,baseline,Two Mean Goats Farm & Soap,ECKERT,,,,colorado_proud_finder,baseline from origin/main,present when the ledger started; first-seen date is this or earlier
2026-10-05,baseline,Grace Hill Farm,Nunn,,,,colorado_proud_finder+usda,baseline from origin/main,present when the ledger started; first-seen date is this or earlier
2026-10-05,baseline,Green Hill Farm,Peyton,,,,colorado_proud_finder,baseline from origin/main,present when the ledger started; first-seen date is this or earlier
2026-10-05,baseline,Sunshine Green's Farm,Colorado Springs,,,,colorado_proud_finder,baseline from origin/main,present when the ledger started; first-seen date is this or earlier
2026-10-05,baseline,Lost Greens Farm,Denver,,,,usda,baseline from origin/main,present when the ledger started; first-seen date is this or earlier
2026-10-05,baseline,Sunshine Greens Farm,Colorado Springs,,,,usda,baseline from origin/main,present when the ledger started; first-seen date is this or earlier
2026-10-05,baseline,Urban Greens Farm,Denver,,,,colorado_proud_finder,baseline from origin/main,present when the ledger started; first-seen date is this or earlier
2026-10-05,baseline,Little h Farm,Cañon City,,,,colorado_proud_finder,baseline from origin/main,present when the ledger started; first-seen date is this or earlier
2026-10-05,baseline,Harmony Ridge Farm,Ramah,,,,colorado_proud_finder,baseline from origin/main,present when the ledger started; first-seen date is this or earlier
2026-10-05,baseline,Harvest Farm,Wellington,,,,usda,baseline from origin/main,present when the ledger started; first-seen date is this or earlier
2026-10-05,baseline,Straw Hat Farm Market & Kitchen Store,Montrose,,,,colorado_proud_farm_fresh+colorado_proud_finder,baseline from origin/main,present when the ledger started; first-seen date is this or earlier
2026-10-05,baseline,"Haubert Heritage Homestead Farm, LLC.",Wiggins,,,,colorado_proud_finder,baseline from origin/main,present when the ledger started; first-seen date is this or earlier
2026-10-05,baseline,Our Little Slice of Heaven Farm,Fort Collins,,,,colorado_proud_finder,baseline from origin/main,present when the ledger started; first-seen date is this or earlier
2026-10-05,baseline,Hemp Farm Colorado,Yuma,,,,colorado_proud_finder,baseline from origin/main,present when the ledger started; first-seen date is this or earlier
2026-10-05,baseline,High On The Hill Farm,Cañon City,,,,colorado_proud_farm_fresh+colorado_proud_finder,baseline from origin/main,present when the ledger started; first-seen date is this or earlier
2026-10-05,baseline,High On The Hog Farm LLC,Johnstown,,,,colorado_proud_finder,baseline from origin/main,present when the ledger started; first-seen date is this or earlier
2026-10-05,baseline,Highwater Farm,Silt,,,,usda,baseline from origin/main,present when the ledger started; first-seen date is this or earlier
2026-10-05,baseline,Native Hill Farm,Fort Collins,,,,colorado_proud_farm_fresh+colorado_proud_finder,baseline from origin/main,present when the ledger started; first-seen date is this or earlier
2026-10-05,baseline,Weedy Hill Farm,Parker,,,,colorado_proud_finder,baseline from origin/main,present when the ledger started; first-seen date is this or earlier
2026-10-05,baseline,Hogback Farm,Silt,,,,colorado_proud_finder,baseline from origin/main,present when the ledger started; first-seen date is this or earlier
2026-10-05,baseline,Homegrown Farm,Bayfield,,,,usda,baseline from origin/main,present when the ledger started; first-seen date is this or earlier
2026-10-05,baseline,Sweet Pea Farm’s Wildflower Honey,Salida,,,,official-site+chaffee_provides,baseline from origin/main,present when the ledger started; first-seen date is this or earlier
2026-10-05,baseline,Hoot 'n' Howl Farm LLC,Boulder,,,,usda,baseline from origin/main,present when the ledger started; first-seen date is this or earlier
2026-10-05,baseline,Indian Ridge Farm,Norwood,,,,usda,baseline from origin/main,present when the ledger started; first-seen date is this or earlier
2026-10-05,baseline,Farm-i,Durango,,,,usda,baseline from origin/main,present when the ledger started; first-seen date is this or earlier
2026-10-05,baseline,Jones Farm,Cortez,,,,usda,baseline from origin/main,present when the ledger started; first-seen date is this or earlier
2026-10-05,baseline,Juniper Farm,Carbondale,,,,colorado_proud_finder,baseline from origin/main,present when the ledger started; first-seen date is this or earlier
2026-10-05,baseline,Kean Urban Farm,Pueblo,,,,usda,baseline from origin/main,present when the ledger started; first-seen date is this or earlier
2026-10-05,baseline,Kilt Farm,Longmont,,,,usda,baseline from origin/main,present when the ledger started; first-seen date is this or earlier
2026-10-05,baseline,Koha Farm,Elizabeth,,,,colorado_proud_finder,baseline from origin/main,present when the ledger started; first-seen date is this or earlier
2026-10-05,baseline,Kokopelli Farm Market,Palisade,,,,colorado_proud_farm_fresh+colorado_proud_finder,baseline from origin/main,present when the ledger started; first-seen date is this or earlier
2026-10-05,baseline,Kristin's Farm Stand,Denver,,,,usda,baseline from origin/main,present when the ledger started; first-seen date is this or earlier
2026-10-05,baseline,Skål Farm,Golden,,,,usda,baseline from origin/main,present when the ledger started; first-seen date is this or earlier
2026-10-05,baseline,Pollywog Station Lavender Farm,Parker,,,,colorado_proud_finder,baseline from origin/main,present when the ledger started; first-seen date is this or earlier
2026-10-05,baseline,Smittys Little Farm LTD,,,,,colorado_proud_finder,baseline from origin/main,present when the ledger started; first-seen date is this or earlier
2026-10-05,baseline,Mueller's Little Farm,Littleton,,,,usda,baseline from origin/main,present when the ledger started; first-seen date is this or earlier
2026-10-05,baseline,Little Stone Farm,Berthoud,,,,colorado_proud_finder,baseline from origin/main,present when the ledger started; first-seen date is this or earlier
2026-10-05,baseline,The Living Farm,Paonia,,,,usda,baseline from origin/main,present when the ledger started; first-seen date is this or earlier
2026-10-05,baseline,Long Shadow Farm,Berthoud,,,,colorado_proud_finder,baseline from origin/main,present when the ledger started; first-seen date is this or earlier
2026-10-05,baseline,"Los Rios Farm, LLC",Berthoud,,,,colorado_proud_finder,baseline from origin/main,present when the ledger started; first-seen date is this or earlier
2026-10-05,baseline,Lost Rock Farm,Broomfield,,,,colorado_proud_finder,baseline from origin/main,present when the ledger started; first-seen date is this or earlier
2026-10-05,baseline,Lulu's Farm Roadside Market,Brighton,,,,official-site+usda,baseline from origin/main,present when the ledger started; first-seen date is this or earlier
2026-10-05,baseline,Mallory Mini Farm,Frederick,,,,colorado_proud_finder,baseline from origin/main,present when the ledger started; first-seen date is this or earlier
2026-10-05,baseline,Mayberry Farm,Byers,,,,colorado_proud_farm_fresh,baseline from origin/main,present when the ledger started; first-seen date is this or earlier
2026-10-05,baseline,McWiggly Worm Farm LLC,Pueblo West,,,,colorado_proud_farm_fresh+colorado_proud_finder,baseline from origin/main,present when the ledger started; first-seen date is this or earlier
2026-10-05,baseline,Minoru Farm,,,,,colorado_proud_finder,baseline from origin/main,present when the ledger started; first-seen date is this or earlier
2026-10-05,baseline,Miraflora Farm,Boulder,,,,usda,baseline from origin/main,present when the ledger started; first-seen date is this or earlier
2026-10-05,baseline,Moon Farm Pumpkin Patch,Fruita,,,,usda,baseline from origin/main,present when the ledger started; first-seen date is this or earlier
2026-10-05,baseline,Moonstone Farm,Salida,,,,chaffee_provides,baseline from origin/main,present when the ledger started; first-seen date is this or earlier
2026-10-05,baseline,Shining Mountains Farm,Snowmass,,,,curated,baseline from origin/main,present when the ledger started; first-seen date is this or earlier
2026-10-05,baseline,Rock 'n Roots Farm,Paonia,,,,colorado_proud_finder,baseline from origin/main,present when the ledger started; first-seen date is this or earlier
2026-10-05,baseline,Nelms Farm,Golden,,,,usda,baseline from origin/main,present when the ledger started; first-seen date is this or earlier
2026-10-05,baseline,New Roots Farm LLC,Canon City,,,,colorado_proud_farm_fresh+colorado_proud_finder,baseline from origin/main,present when the ledger started; first-seen date is this or earlier
2026-10-05,baseline,Nutrient Farm,New Castle,,,,colorado_proud_finder,baseline from origin/main,present when the ledger started; first-seen date is this or earlier
2026-10-05,baseline,Onsa Farm,Strasburg,,,,colorado_proud_finder,baseline from origin/main,present when the ledger started; first-seen date is this or earlier
2026-10-05,baseline,YA YA Farm & Orchard,Longmont,,,,usda,baseline from origin/main,present when the ledger started; first-seen date is this or earlier
2026-10-05,baseline,Osborn Farm,Loveland,,,,usda,baseline from origin/main,present when the ledger started; first-seen date is this or earlier
2026-10-05,baseline,Owltree Farm,Fort Collins,,,,colorado_proud_finder,baseline from origin/main,present when the ledger started; first-seen date is this or earlier
2026-10-05,baseline,Ponderosa Plains Farm,Elizabeth,,,,usda,baseline from origin/main,present when the ledger started; first-seen date is this or earlier
2026-10-05,baseline,Windy Plains Farm,Calhan,,,,colorado_proud_finder,baseline from origin/main,present when the ledger started; first-seen date is this or earlier
2026-10-05,baseline,Plowshares Community Farm,Longmont,,,,usda,baseline from origin/main,present when the ledger started; first-seen date is this or earlier
2026-10-05,baseline,The Prairie Farm Table,KIOWA,,,,colorado_proud_finder,baseline from origin/main,present when the ledger started; first-seen date is this or earlier
2026-10-05,baseline,Ripple Root Farm LLC,Denver,,,,colorado_proud_finder,baseline from origin/main,present when the ledger started; first-seen date is this or earlier
2026-10-05,baseline,Two Roots Farm LLC,Basalt,,,,colorado_proud_farm_fresh+usda,baseline from origin/main,present when the ledger started; first-seen date is this or earlier
2026-10-05,baseline,Farm Runners LLC,Hotchkiss,,,,usda,baseline from origin/main,present when the ledger started; first-seen date is this or earlier
2026-10-05,baseline,Sackett's Farm Market,Rocky Ford,,,,colorado_proud_farm_fresh+colorado_proud_finder,baseline from origin/main,present when the ledger started; first-seen date is this or earlier
2026-10-05,baseline,SkyPilot Farm,Longmont,,,,colorado_proud_finder,baseline from origin/main,present when the ledger started; first-seen date is this or earlier
2026-10-05,baseline,SongHaven Farm,Cahone,,,,usda,baseline from origin/main,present when the ledger started; first-seen date is this or earlier
2026-10-05,baseline,Sonrise Farm Colorado,Windsor,,,,colorado_proud_finder,baseline from origin/main,present when the ledger started; first-seen date is this or earlier
2026-10-05,baseline,Whistling Squirrel Farm LLC,Cortez,,,,colorado_proud_finder,baseline from origin/main,present when the ledger started; first-seen date is this or earlier
2026-10-05,baseline,Star View Farm,Berthoud,,,,colorado_proud_finder+usda,baseline from origin/main,present when the ledger started; first-seen date is this or earlier
2026-10-05,baseline,Wishing Star Farm,Colorado Springs,,,,usda,baseline from origin/main,present when the ledger started; first-seen date is this or earlier
2026-10-05,baseline,Farm To Summit,Durango,,,,colorado_proud_finder,baseline from origin/main,present when the ledger started; first-seen date is this or earlier
2026-10-05,baseline,Sweet Valley Farm,Manzanola,,,,colorado_proud_finder,baseline from origin/main,present when the ledger started; first-seen date is this or earlier
2026-10-05,baseline,Colorado Farm to Table,Salida,,,,official-site+chaffee_provides,baseline from origin/main,present when the ledger started; first-seen date is this or earlier
2026-10-05,baseline,Tague Farm LLC,Lakewood,,,,colorado_proud_finder,baseline from origin/main,present when the ledger started; first-seen date is this or earlier
2026-10-05,baseline,Wild Thymes Farm,Bayfield,,,,colorado_proud_finder,baseline from origin/main,present when the ledger started; first-seen date is this or earlier
2026-10-05,baseline,Underhill Worm Farm,Pueblo West,,,,colorado_proud_finder,baseline from origin/main,present when the ledger started; first-seen date is this or earlier
2026-10-05,baseline,Weathers Farm,Yuma,,,,colorado_proud_finder,baseline from origin/main,present when the ledger started; first-seen date is this or earlier
2026-10-05,baseline,Windchime Farm LLC,Rocky Ford,,,,colorado_proud_finder,baseline from origin/main,present when the ledger started; first-seen date is this or earlier
2026-10-05,baseline,Terra Farma Llc,Fruita,,,,colorado_proud_finder,baseline from origin/main,present when the ledger started; first-seen date is this or earlier
2026-10-05,baseline,The Urban Farmhouse Co.,Peyton,,,,colorado_proud_finder,baseline from origin/main,present when the ledger started; first-seen date is this or earlier
2026-10-05,baseline,FrontLine Farming,Denver,,,,colorado_proud_farm_fresh,baseline from origin/main,present when the ledger started; first-seen date is this or earlier
2026-10-05,baseline,Grant Farms Farmstand,Wellington,,,,usda,baseline from origin/main,present when the ledger started; first-seen date is this or earlier
2026-10-05,baseline,"FDR Farms, LLLP",Johnstown,,,,colorado_proud_finder,baseline from origin/main,present when the ledger started; first-seen date is this or earlier
2026-10-05,baseline,Fox Fire Farms,Ignacio,,,,usda,baseline from origin/main,present when the ledger started; first-seen date is this or earlier
2026-10-05,baseline,First Fruits Organic Farms,Paonia,,,,colorado_proud_farm_fresh+usda,baseline from origin/main,present when the ledger started; first-seen date is this or earlier
2026-10-05,baseline,Fritzler Farms Inc,Lasalle,,,,usda,baseline from origin/main,present when the ledger started; first-seen date is this or earlier
2026-10-05,baseline,Full Spectrum Farms,Paonia,,,,usda,baseline from origin/main,present when the ledger started; first-seen date is this or earlier
2026-10-05,baseline,"G&L Farms, LLC",Sterling,,,,colorado_proud_finder,baseline from origin/main,present when the ledger started; first-seen date is this or earlier
2026-10-05,baseline,Zero G Quail Farms LLC,,,,,colorado_proud_finder,baseline from origin/main,present when the ledger started; first-seen date is this or earlier
2026-10-05,baseline,Golden Hollow Farms,Berthoud,,,,colorado_proud_finder,baseline from origin/main,present when the ledger started; first-seen date is this or earlier
2026-10-05,baseline,Good Steward Farms,Peyton,,,,colorado_proud_finder,baseline from origin/main,present when the ledger started; first-seen date is this or earlier
2026-10-05,baseline,John  H Heermann Farms,Haxtun,,,,colorado_proud_finder,baseline from origin/main,present when the ledger started; first-seen date is this or earlier
2026-10-05,baseline,Hanagan Farms,Rocky Ford,,,,usda,baseline from origin/main,present when the ledger started; first-seen date is this or earlier
2026-10-05,baseline,Hankins Farms,Johnstown,,,,usda,baseline from origin/main,present when the ledger started; first-seen date is this or earlier
2026-10-05,baseline,Headwater Farms,,,,,official-site+chaffee_provides,baseline from origin/main,present when the ledger started; first-seen date is this or earlier
2026-10-05,baseline,Hempward Farms,Boulder,,,,colorado_proud_finder,baseline from origin/main,present when the ledger started; first-seen date is this or earlier
2026-10-05,baseline,Hergenreder Farms,Longmont,,,,usda,baseline from origin/main,present when the ledger started; first-seen date is this or earlier
2026-10-05,baseline,Mile High Mycro Farms,Commerce City,,,,colorado_proud_finder,baseline from origin/main,present when the ledger started; first-seen date is this or earlier
2026-10-05,baseline,Mile High Farms,Bennett,,,,usda,baseline from origin/main,present when the ledger started; first-seen date is this or earlier
2026-10-05,baseline,Snyder Hill Farms,Grand Junction,,,,colorado_proud_finder,baseline from origin/main,present when the ledger started; first-seen date is this or earlier
2026-10-05,baseline,Hillbilly Farms,Colorado Springs,,,,usda,baseline from origin/main,present when the ledger started; first-seen date is this or earlier
2026-10-05,baseline,Homestead Farms Co.,Aurora,,,,usda,baseline from origin/main,present when the ledger started; first-seen date is this or earlier
2026-10-05,baseline,Lockhart Honey Farms,Pueblo,,,,colorado_proud_finder,baseline from origin/main,present when the ledger started; first-seen date is this or earlier
2026-10-05,baseline,Hope Farms,Fort Collins,,,,usda,baseline from origin/main,present when the ledger started; first-seen date is this or earlier
2026-10-05,baseline,Inti Farms,Arvada,,,,usda,baseline from origin/main,present when the ledger started; first-seen date is this or earlier
2026-10-05,baseline,Inti Farms,wheat ridge,,,,colorado_proud_finder,baseline from origin/main,present when the ledger started; first-seen date is this or earlier
2026-10-05,baseline,Jodar Farms,Fort Collins,,,,colorado_proud_finder,baseline from origin/main,present when the ledger started; first-seen date is this or earlier
2026-10-05,baseline,Jones Farms Organics,Hooper,,,,colorado_proud_farm_fresh+colorado_proud_finder,baseline from origin/main,present when the ledger started; first-seen date is this or earlier
2026-10-05,baseline,Kenscott Farms,Aurora,,,,colorado_proud_finder,baseline from origin/main,present when the ledger started; first-seen date is this or earlier
2026-10-05,baseline,KNAPP FARMS LLC,"Rocky Ford, CO",,,,colorado_proud_farm_fresh,baseline from origin/main,present when the ledger started; first-seen date is this or earlier
2026-10-05,baseline,Koelle Tiny Farms Ltd.,Lafayette,,,,colorado_proud_finder,baseline from origin/main,present when the ledger started; first-seen date is this or earlier
2026-10-05,baseline,Kuepper Farms,LONGMONT,,,,colorado_proud_finder,baseline from origin/main,present when the ledger started; first-seen date is this or earlier
2026-10-05,baseline,Leafcutter Farms,durango,,,,colorado_proud_finder,baseline from origin/main,present when the ledger started; first-seen date is this or earlier
2026-10-05,baseline,Lukens Farms,Fort Collins,,,,usda,baseline from origin/main,present when the ledger started; first-seen date is this or earlier
2026-10-05,baseline,Lusk Farms Farmers Market,La Junta,,,,official-site+usda,baseline from origin/main,present when the ledger started; first-seen date is this or earlier
2026-10-05,baseline,May Farms,Byers,,,,usda,baseline from origin/main,present when the ledger started; first-seen date is this or earlier
2026-10-05,baseline,Mazzotti Farms llc,Hudson,,,,colorado_proud_farm_fresh+usda,baseline from origin/main,present when the ledger started; first-seen date is this or earlier
2026-10-05,baseline,St Michaels Farms,Fort Collins,,,,colorado_proud_finder,baseline from origin/main,present when the ledger started; first-seen date is this or earlier
2026-10-05,baseline,Micro Farms,Arvada,,,,usda,baseline from origin/main,present when the ledger started; first-seen date is this or earlier
2026-10-05,baseline,Milberger Farms at Peppes,Pueblo,,,,colorado_proud_farm_fresh,baseline from origin/main,present when the ledger started; first-seen date is this or earlier
2026-10-05,baseline,Munson Farms,Boulder,,,,usda,baseline from origin/main,present when the ledger started; first-seen date is this or earlier
2026-10-05,baseline,Musso Farms,Pueblo,,,,colorado_proud_farm_fresh,baseline from origin/main,present when the ledger started; first-seen date is this or earlier
2026-10-05,baseline,On the Vine at Richmond Farms Urban Market,Fort Collins,,,,usda,baseline from origin/main,present when the ledger started; first-seen date is this or earlier
2026-10-05,baseline,Palombo Farms Market,Henderson,,,,colorado_proud_farm_fresh+usda,baseline from origin/main,present when the ledger started; first-seen date is this or earlier
2026-10-05,baseline,Patchwork Farms,Littleton,,,,colorado_proud_finder,baseline from origin/main,present when the ledger started; first-seen date is this or earlier
2026-10-05,baseline,Pfaltzgraff Farms,Haxtun,,,,colorado_proud_farm_fresh+colorado_proud_finder,baseline from origin/main,present when the ledger started; first-seen date is this or earlier
2026-10-05,baseline,Potter Farms,Carbondale,,,,curated+colorado_proud_finder,baseline from origin/main,present when the ledger started; first-seen date is this or earlier
2026-10-05,baseline,River Ranch Farms,Loveland,,,,usda,baseline from origin/main,present when the ledger started; first-seen date is this or earlier
2026-10-05,baseline,Red Willow Farms LLC,Bayfield,,,,colorado_proud_finder,baseline from origin/main,present when the ledger started; first-seen date is this or earlier
2026-10-05,baseline,"Sisu Farms, LLC",Granby,,,,colorado_proud_finder,baseline from origin/main,present when the ledger started; first-seen date is this or earlier
2026-10-05,baseline,Sunflower Farms,Dolores,,,,usda,baseline from origin/main,present when the ledger started; first-seen date is this or earlier
2026-10-05,baseline,Totty Farms,Ignacio,,,,colorado_proud_finder,baseline from origin/main,present when the ledger started; first-seen date is this or earlier
2026-10-05,baseline,TPB Farms,Elizabeth,,,,usda,baseline from origin/main,present when the ledger started; first-seen date is this or earlier
2026-10-05,baseline,Uncompahgre Farms,Montrose,,,,colorado_proud_farm_fresh+colorado_proud_finder+usda,baseline from origin/main,present when the ledger started; first-seen date is this or earlier
2026-10-05,baseline,Unlikely Farms,Louisville,,,,colorado_proud_finder,baseline from origin/main,present when the ledger started; first-seen date is this or earlier
2026-10-05,baseline,"Zion Farms, LLC",Ignacio,,,,colorado_proud_finder,baseline from origin/main,present when the ledger started; first-seen date is this or earlier
2026-10-05,baseline,Green Junction Farmstead,CLIFTON,,,,colorado_proud_farm_fresh+colorado_proud_finder+usda,baseline from origin/main,present when the ledger started; first-seen date is this or earlier
2026-10-05,baseline,Happy Hive Farmstead,Grand Junction,,,,colorado_proud_finder,baseline from origin/main,present when the ledger started; first-seen date is this or earlier
2026-10-05,baseline,"Pioneer Farmsteaders, LLC",Arvada,,,,usda,baseline from origin/main,present when the ledger started; first-seen date is this or earlier
2026-10-05,baseline,Modern Farmsteads,Longmont,,,,colorado_proud_finder,baseline from origin/main,present when the ledger started; first-seen date is this or earlier
2026-10-05,baseline,Forty Mile Feed,Kiowa,,,,usda,baseline from origin/main,present when the ledger started; first-seen date is this or earlier
2026-10-05,baseline,The Feedery at Grow + Gather,Englewood,,,,colorado_proud_finder,baseline from origin/main,present when the ledger started; first-seen date is this or earlier
2026-10-05,baseline,Harvest Fest & Pumpkin Sale,Littleton,,,,usda,baseline from origin/main,present when the ledger started; first-seen date is this or earlier
2026-10-05,baseline,The Great Pumpkin Harvest Festival,Denver,,,,usda,baseline from origin/main,present when the ledger started; first-seen date is this or earlier
2026-10-05,baseline,Downtown Farmers' Market Festival,Grand Junction,,,,official-site+usda,baseline from origin/main,present when the ledger started; first-seen date is this or earlier
2026-10-05,baseline,Global Fiber Processing,Monte Vista,,,,colorado_proud_finder,baseline from origin/main,present when the ledger started; first-seen date is this or earlier
2026-10-05,baseline,Fields of Natural Honey,Colorado Springs,,,,colorado_proud_finder+usda,baseline from origin/main,present when the ledger started; first-seen date is this or earlier
2026-10-05,baseline,La Fiesta Restaurant,Denver,,,,colorado_proud_finder,baseline from origin/main,present when the ledger started; first-seen date is this or earlier
2026-10-05,baseline,Filomena's Fresh Forno,,,,,colorado_proud_finder,baseline from origin/main,present when the ledger started; first-seen date is this or earlier
2026-10-05,baseline,Little Finch,Denver,,,,colorado_proud_finder,baseline from origin/main,present when the ledger started; first-seen date is this or earlier
2026-10-05,baseline,Olive & Finch - Uptown,Denver,,,,colorado_proud_finder,baseline from origin/main,present when the ledger started; first-seen date is this or earlier
2026-10-05,baseline,Marczyk Fine Foods,Denver,,,,colorado_proud_finder,baseline from origin/main,present when the ledger started; first-seen date is this or earlier
2026-10-05,baseline,Gardens of Fire,Durango,,,,colorado_proud_finder,baseline from origin/main,present when the ledger started; first-seen date is this or earlier
2026-10-05,baseline,Firestone Ranch,FORT LUPTON,,,,colorado_proud_finder,baseline from origin/main,present when the ledger started; first-seen date is this or earlier
2026-10-05,baseline,Future Fit Foods LLC.,Longmont,,,,colorado_proud_finder,baseline from origin/main,present when the ledger started; first-seen date is this or earlier
2026-10-05,baseline,Fitch Ranch,Parshall,,,,colorado_proud_finder,baseline from origin/main,present when the ledger started; first-seen date is this or earlier
2026-10-05,baseline,Rocky Mountain Golden Fleece llc,Mack,,,,colorado_proud_finder,baseline from origin/main,present when the ledger started; first-seen date is this or earlier
2026-10-05,baseline,Persemara Floral,Colorado Springs,,,,colorado_proud_finder,baseline from origin/main,present when the ledger started; first-seen date is this or earlier
2026-10-05,baseline,Florence Farmers Market,Florence,,,,official-site+cfma+usda,baseline from origin/main,present when the ledger started; first-seen date is this or earlier
2026-10-05,baseline,Spring Flour Garden Co.,Denver,,,,colorado_proud_finder,baseline from origin/main,present when the ledger started; first-seen date is this or earlier
2026-10-05,baseline,The Flower Shack,Golden,,,,colorado_proud_finder,baseline from origin/main,present when the ledger started; first-seen date is this or earlier
2026-10-05,baseline,Rekaivery Food Hub,Fort Collins,,,,usda+colorado_proud_finder,baseline from origin/main,present when the ledger started; first-seen date is this or earlier
2026-10-05,baseline,Valley Roots Food Hub,,,,,official-site+chaffee_provides,baseline from origin/main,present when the ledger started; first-seen date is this or earlier
2026-10-05,baseline,Valley Roots Food Hub,Mosca,,,,usda,baseline from origin/main,present when the ledger started; first-seen date is this or earlier
2026-10-05,baseline,Food to Power,Colorado Springs,,,,usda,baseline from origin/main,present when the ledger started; first-seen date is this or earlier
2026-10-05,baseline,Slavinka Food,Brush,,,,colorado_proud_finder,baseline from origin/main,present when the ledger started; first-seen date is this or earlier
2026-10-05,baseline,Gosar Natural Foods,Monte Vista,,,,colorado_proud_finder,baseline from origin/main,present when the ledger started; first-seen date is this or earlier
2026-10-05,baseline,Meyer Natural Foods,Loveland,,,,colorado_proud_finder,baseline from origin/main,present when the ledger started; first-seen date is this or earlier
2026-10-05,baseline,Milagro Foods,Parker,,,,colorado_proud_finder,baseline from origin/main,present when the ledger started; first-seen date is this or earlier
2026-10-05,baseline,Sunflower Natural Foods,Westcliffe,,,,colorado_proud_finder,baseline from origin/main,present when the ledger started; first-seen date is this or earlier
2026-10-05,baseline,Neve Foods,EDWARDS,,,,colorado_proud_finder,baseline from origin/main,present when the ledger started; first-seen date is this or earlier
2026-10-05,baseline,Yampa Valley Foods,Steamboat Springs,,,,colorado_proud+colorado_proud_farm_fresh,baseline from origin/main,present when the ledger started; first-seen date is this or earlier
2026-10-05,baseline,Watercourse Foods,Denver,,,,colorado_proud_finder,baseline from origin/main,present when the ledger started; first-seen date is this or earlier
2026-10-05,baseline,Square Foot Gardens LLC,Lakewood,,,,colorado_proud_finder,baseline from origin/main,present when the ledger started; first-seen date is this or earlier
2026-10-05,baseline,Forage Maze,Flagler,,,,usda,baseline from origin/main,present when the ledger started; first-seen date is this or earlier
2026-10-05,baseline,G Force Livestock,Delta,,,,colorado_proud_farm_fresh+colorado_proud_finder,baseline from origin/main,present when the ledger started; first-seen date is this or earlier
2026-10-05,baseline,Forestdale Ranch Galloways,Wetmore,,,,colorado_proud_finder,baseline from origin/main,present when the ledger started; first-seen date is this or earlier
2026-10-05,baseline,Roaring Fork Mill,Carbondale,,,,colorado_proud_finder,baseline from origin/main,present when the ledger started; first-seen date is this or earlier
2026-10-05,baseline,South Fork Farmers Market,South Fork,,,,official-site+usda,baseline from origin/main,present when the ledger started; first-seen date is this or earlier
2026-10-05,baseline,Fort Morgan Farmers Market,Fort Morgan,,,,official-site+cfma+usda+colorado_proud+colorado_proud_farm_fresh,baseline from origin/main,present when the ledger started; first-seen date is this or earlier
2026-10-05,baseline,Fountain Farmers Market,Fountain,,,,official-site+usda,baseline from origin/main,present when the ledger started; first-seen date is this or earlier
2026-10-05,baseline,Four Leaves Winery,Durango,,,,colorado_proud_finder,baseline from origin/main,present when the ledger started; first-seen date is this or earlier
2026-10-05,baseline,Fox Fungi,Denver,,,,colorado_proud_farm_fresh+colorado_proud_finder,baseline from origin/main,present when the ledger started; first-seen date is this or earlier
2026-10-05,baseline,Frederick Farmers Market,Frederick,,,,official-site+usda,baseline from origin/main,present when the ledger started; first-seen date is this or earlier
2026-10-05,baseline,Guidestone Colorado’s Free Community Fridge,,,,,official-site+chaffee_provides,baseline from origin/main,present when the ledger started; first-seen date is this or earlier
2026-10-05,baseline,Gluten Free Farmers Market,Englewood,,,,official-site+colorado_proud_farm_fresh+cfma+colorado_proud,baseline from origin/main,present when the ledger started; first-seen date is this or earlier
2026-10-05,baseline,Frescos Naturales,Boulder,,,,colorado_proud_finder,baseline from origin/main,present when the ledger started; first-seen date is this or earlier
2026-10-05,baseline,Landmark Greenwood Village Fresh Market,Greenwood Village,,,,official-site+usda,baseline from origin/main,present when the ledger started; first-seen date is this or earlier
2026-10-05,baseline,Simply Fresh Microgreens,Broomfield,,,,colorado_proud_finder,baseline from origin/main,present when the ledger started; first-seen date is this or earlier
2026-10-05,baseline,Spano fresh produce,Denver,,,,colorado_proud_farm_fresh,baseline from origin/main,present when the ledger started; first-seen date is this or earlier
2026-10-05,baseline,Zweck's Fresh,Longmont,,,,usda,baseline from origin/main,present when the ledger started; first-seen date is this or earlier
2026-10-05,baseline,Fritchman Orchards,Eckert,,,,usda,baseline from origin/main,present when the ledger started; first-seen date is this or earlier
2026-10-05,baseline,Front Range Mushrooms,,,,,colorado_proud_finder,baseline from origin/main,present when the ledger started; first-seen date is this or earlier
2026-10-05,baseline,Frontiere Natural Meats,Denver,,,,colorado_proud_finder,baseline from origin/main,present when the ledger started; first-seen date is this or earlier
2026-10-05,baseline,Mesa Park Fruit Co LLC,Palisade,,,,colorado_proud_finder,baseline from origin/main,present when the ledger started; first-seen date is this or earlier
2026-10-05,baseline,Fruita Farmers' Market,Fruita,,,,official-site+usda,baseline from origin/main,present when the ledger started; first-seen date is this or earlier
2026-10-05,baseline,Scofield Fruits LLC,Loveland,,,,colorado_proud_farm_fresh+colorado_proud_finder,baseline from origin/main,present when the ledger started; first-seen date is this or earlier
2026-10-05,baseline,Howling Woods Fungi,Denver,,,,colorado_proud_finder,baseline from origin/main,present when the ledger started; first-seen date is this or earlier
2026-10-05,baseline,Rebels In The Garden,Aurora,,,,colorado_proud_finder,baseline from origin/main,present when the ledger started; first-seen date is this or earlier
2026-10-05,baseline,Uncle Johns Garden U-Pick,Cedaredge,,,,colorado_proud_finder+usda,baseline from origin/main,present when the ledger started; first-seen date is this or earlier
2026-10-05,baseline,"Meadowlark Garden, LLC",Grand Junction,,,,colorado_proud_finder,baseline from origin/main,present when the ledger started; first-seen date is this or earlier
2026-10-05,baseline,Tiri's Garden Farmers Market,Denver,,,,official-site+usda,baseline from origin/main,present when the ledger started; first-seen date is this or earlier
2026-10-05,baseline,Garden Sweet,Fort Collins,,,,usda,baseline from origin/main,present when the ledger started; first-seen date is this or earlier
2026-10-05,baseline,Ullrs Garden,Denver,,,,colorado_proud_finder,baseline from origin/main,present when the ledger started; first-seen date is this or earlier
2026-10-05,baseline,Johnny's Green Gardens,Colorado Springs,,,,colorado_proud_finder,baseline from origin/main,present when the ledger started; first-seen date is this or earlier
2026-10-05,baseline,Growing Gardens,Boulder,,,,colorado_proud_farm_fresh+usda,baseline from origin/main,present when the ledger started; first-seen date is this or earlier
2026-10-05,baseline,Growing Gardens,Longmont,,,,colorado_proud_farm_fresh,baseline from origin/main,present when the ledger started; first-seen date is this or earlier
2026-10-05,baseline,Just What Grows Gardens,Brush,,,,usda,baseline from origin/main,present when the ledger started; first-seen date is this or earlier
2026-10-05,baseline,Ideal Gardens,Walsenburg,,,,colorado_proud_finder,baseline from origin/main,present when the ledger started; first-seen date is this or earlier
2026-10-05,baseline,Live Stream Gardens,Lafayette,,,,colorado_proud_finder,baseline from origin/main,present when the ledger started; first-seen date is this or earlier
2026-10-05,baseline,Long's Gardens,Boulder,,,,colorado_proud_farm_fresh+colorado_proud_finder,baseline from origin/main,present when the ledger started; first-seen date is this or earlier
2026-10-05,baseline,Malara Gardens,Arvada,,,,colorado_proud_farm_fresh+colorado_proud_finder,baseline from origin/main,present when the ledger started; first-seen date is this or earlier
2026-10-05,baseline,Scarecrow Gardens,Greeley,,,,usda,baseline from origin/main,present when the ledger started; first-seen date is this or earlier
2026-10-05,baseline,Tagawa Gardens,Centennial,,,,colorado_proud_farm_fresh,baseline from origin/main,present when the ledger started; first-seen date is this or earlier
2026-10-05,baseline,Rocky Mountain Garlic,Salida,,,,official-site+colorado_proud_farm_fresh+chaffee_provides,baseline from origin/main,present when the ledger started; first-seen date is this or earlier
2026-10-05,baseline,Wildcat Garlic,Glenwood Springs,,,,colorado_proud_finder,baseline from origin/main,present when the ledger started; first-seen date is this or earlier
2026-10-05,baseline,Colorado Gators,Mosca,,,,colorado_proud_farm_fresh,baseline from origin/main,present when the ledger started; first-seen date is this or earlier
2026-10-05,baseline,FARMER GAVIN,Bethune,,,,colorado_proud_finder,baseline from origin/main,present when the ledger started; first-seen date is this or earlier
2026-10-05,baseline,Gigi's Sourdough,Aurora,,,,colorado_proud_finder,baseline from origin/main,present when the ledger started; first-seen date is this or earlier
2026-10-05,baseline,Tooth & Gill Mushroom Co.,Pagosa Springs,,,,colorado_proud_finder,baseline from origin/main,present when the ledger started; first-seen date is this or earlier
2026-10-05,baseline,Gina Marcell,Salida,,,,usda,baseline from origin/main,present when the ledger started; first-seen date is this or earlier
2026-10-05,baseline,Grow Girl Organics,ARVADA,,,,colorado_proud_farm_fresh+colorado_proud_finder,baseline from origin/main,present when the ledger started; first-seen date is this or earlier
2026-10-05,baseline,Glenwood Farmers Market,Glenwood Spgs,,,,usda,baseline from origin/main,present when the ledger started; first-seen date is this or earlier
2026-10-05,baseline,Mountain Goat Lodge,Salida,,,,official-site+chaffee_provides,baseline from origin/main,present when the ledger started; first-seen date is this or earlier
2026-10-05,baseline,"Golden Microgreens, LLC.",Golden,,,,colorado_proud_finder,baseline from origin/main,present when the ledger started; first-seen date is this or earlier
2026-10-05,baseline,"Golden Prairie, Inc.",Nunn,,,,colorado_proud_finder,baseline from origin/main,present when the ledger started; first-seen date is this or earlier
2026-10-05,baseline,Golden Triangle Farmers Market,Denver,,,,official-site+usda,baseline from origin/main,present when the ledger started; first-seen date is this or earlier
2026-10-05,baseline,Golden Farmers Market,Golden,,,,official-site+cfma+usda+colorado_proud+colorado_proud_farm_fresh,baseline from origin/main,present when the ledger started; first-seen date is this or earlier
2026-10-05,baseline,"Hey, Good Lukken!",Colorado Springs,,,,colorado_proud_finder,baseline from origin/main,present when the ledger started; first-seen date is this or earlier
2026-10-05,baseline,Roots Local Goods LLC,Keenesburg,,,,colorado_proud_finder,baseline from origin/main,present when the ledger started; first-seen date is this or earlier
2026-10-05,baseline,Royal Gorge Farmers Market,Cañon City,,,,official-site+colorado_proud+colorado_proud_farm_fresh+cfma+colorado_proud_finder,baseline from origin/main,present when the ledger started; first-seen date is this or earlier
2026-10-05,baseline,Got The Juice,Longmont,,,,colorado_proud_finder,baseline from origin/main,present when the ledger started; first-seen date is this or earlier
2026-10-05,baseline,MarsRoom LLC (Gourmet & Medicinal Mushrooms),Denver,,,,colorado_proud_finder,baseline from origin/main,present when the ledger started; first-seen date is this or earlier
2026-10-05,baseline,The Grainery Ministries,Salida,,,,official-site+chaffee_provides,baseline from origin/main,present when the ledger started; first-seen date is this or earlier
2026-10-05,baseline,Granby Farmers Market,Granby,,,,official-site+usda,baseline from origin/main,present when the ledger started; first-seen date is this or earlier
2026-10-05,baseline,Downtown Grand Junction Market on Main,Grand Junction,,,,official-site+colorado_proud+colorado_proud_farm_fresh+cfma+colorado_proud_finder+usda,baseline from origin/main,present when the ledger started; first-seen date is this or earlier
2026-10-05,baseline,Grande River Vineyards,Palisade,,,,colorado_proud_farm_fresh,baseline from origin/main,present when the ledger started; first-seen date is this or earlier
2026-10-05,baseline,Greeley Winter Farmers' Market,Greeley,,,,official-site+usda,baseline from origin/main,present when the ledger started; first-seen date is this or earlier
2026-10-05,baseline,Greeley Farmers Market,Greeley,,,,official-site+usda+colorado_proud_finder,baseline from origin/main,present when the ledger started; first-seen date is this or earlier
2026-10-05,baseline,The Green Witch Homestead LLC.,Colorado Springs,,,,colorado_proud_finder,baseline from origin/main,present when the ledger started; first-seen date is this or earlier
2026-10-05,baseline,Loveland Green Market,Loveland,,,,usda,baseline from origin/main,present when the ledger started; first-seen date is this or earlier
2026-10-05,baseline,Green Mountain Ranch,,,,,usda,baseline from origin/main,present when the ledger started; first-seen date is this or earlier
2026-10-05,baseline,Greener Pastures,Cañon City,,,,colorado_proud_finder,baseline from origin/main,present when the ledger started; first-seen date is this or earlier
2026-10-05,baseline,Greener Pasture,Longmont,,,,colorado_proud_finder,baseline from origin/main,present when the ledger started; first-seen date is this or earlier
2026-10-05,baseline,Greens Wizard Microgreens,Craig,,,,colorado_proud_finder,baseline from origin/main,present when the ledger started; first-seen date is this or earlier
2026-10-05,baseline,Zendo Greens LLC,Pueblo,,,,colorado_proud_finder,baseline from origin/main,present when the ledger started; first-seen date is this or earlier
2026-10-05,baseline,Shish Kabob Grill,Denver,,,,colorado_proud_finder,baseline from origin/main,present when the ledger started; first-seen date is this or earlier
2026-10-05,baseline,GroAway LLC,Gardner,,,,colorado_proud_finder,baseline from origin/main,present when the ledger started; first-seen date is this or earlier
2026-10-05,baseline,Guidestone Colorado,Salida,,,,official-site+colorado_proud_farm_fresh+chaffee_provides+usda,baseline from origin/main,present when the ledger started; first-seen date is this or earlier
2026-10-05,baseline,Gunnison Jerky Co.,Gunnison,,,,colorado_proud_finder,baseline from origin/main,present when the ledger started; first-seen date is this or earlier
2026-10-05,baseline,Gunnison Farmers Market,Gunnison,,,,colorado_proud+colorado_proud_farm_fresh+cfma,baseline from origin/main,present when the ledger started; first-seen date is this or earlier
2026-10-05,baseline,Shah’s Kabob & Gyro,Pueblo,,,,colorado_proud_finder,baseline from origin/main,present when the ledger started; first-seen date is this or earlier
2026-10-05,baseline,H Services,Lakewood,,,,colorado_proud_finder,baseline from origin/main,present when the ledger started; first-seen date is this or earlier
2026-10-05,baseline,"Half Section Plus, LLC",Rush,,,,colorado_proud_finder,baseline from origin/main,present when the ledger started; first-seen date is this or earlier
2026-10-05,baseline,Johanna's Handcrafted Jams LLC,Ault,,,,colorado_proud_finder,baseline from origin/main,present when the ledger started; first-seen date is this or earlier
2026-10-05,baseline,Harvest Moon Produce LLC,Dolores,,,,usda,baseline from origin/main,present when the ledger started; first-seen date is this or earlier
2026-10-05,baseline,Harvest Origin,Boulder,,,,colorado_proud_finder,baseline from origin/main,present when the ledger started; first-seen date is this or earlier
2026-10-05,baseline,Harvey Park Farmers Market,Denver,,,,official-site+cfma,baseline from origin/main,present when the ledger started; first-seen date is this or earlier
2026-10-05,baseline,Vince's Hatchery,,,,,colorado_proud_finder,baseline from origin/main,present when the ledger started; first-seen date is this or earlier
2026-10-05,baseline,"SoulSmile Health & Wellness, LLC",Pueblo,,,,colorado_proud_finder,baseline from origin/main,present when the ledger started; first-seen date is this or earlier
2026-10-05,baseline,Hearty Provisions,Denver,,,,colorado_proud_finder,baseline from origin/main,present when the ledger started; first-seen date is this or earlier
2026-10-05,baseline,Heckman Hollow,Fowler,,,,usda,baseline from origin/main,present when the ledger started; first-seen date is this or earlier
2026-10-05,baseline,"Herb Meadows Medicinals, LLC",Mancos,,,,colorado_proud_finder,baseline from origin/main,present when the ledger started; first-seen date is this or earlier
2026-10-05,baseline,Herban Legends,Montrose,,,,colorado_proud_finder,baseline from origin/main,present when the ledger started; first-seen date is this or earlier
2026-10-05,baseline,"Heritage Lavender, LLC",Berthoud,,,,usda,baseline from origin/main,present when the ledger started; first-seen date is this or earlier
2026-10-05,baseline,Herman Produce,Palisade,,,,usda,baseline from origin/main,present when the ledger started; first-seen date is this or earlier
2026-10-05,baseline,Herrera's Homestead,Aurora,,,,colorado_proud_finder,baseline from origin/main,present when the ledger started; first-seen date is this or earlier
2026-10-05,baseline,Mile-Hi Provisions,Aurora,,,,colorado_proud_finder,baseline from origin/main,present when the ledger started; first-seen date is this or earlier
2026-10-05,baseline,Hidy Honey,Broomfield,,,,colorado_proud_finder,baseline from origin/main,present when the ledger started; first-seen date is this or earlier
2026-10-05,baseline,The High Lonesome Ranch,De Beque,,,,colorado_proud_farm_fresh+colorado_proud_finder,baseline from origin/main,present when the ledger started; first-seen date is this or earlier
2026-10-05,baseline,High Prairie Meats LLC,Joes,,,,colorado_proud_finder,baseline from origin/main,present when the ledger started; first-seen date is this or earlier
2026-10-05,baseline,Mile High Thai,Denver,,,,colorado_proud_finder,baseline from origin/main,present when the ledger started; first-seen date is this or earlier
2026-10-05,baseline,Vi at Highlands Ranch,Highlands Ranch,,,,colorado_proud_finder,baseline from origin/main,present when the ledger started; first-seen date is this or earlier
2026-10-05,baseline,Highlands Ranch Farmers' Market,Highlands Ranch,,,,official-site+cfma+usda,baseline from origin/main,present when the ledger started; first-seen date is this or earlier
2026-10-05,baseline,Farmers' Market at Highlands Square,Denver,,,,official-site+usda,baseline from origin/main,present when the ledger started; first-seen date is this or earlier
2026-10-05,baseline,Highland Farmers' Market,Denver,,,,official-site+usda,baseline from origin/main,present when the ledger started; first-seen date is this or earlier
2026-10-05,baseline,Monument Hill Farmers' Market,Monument,,,,official-site+usda,baseline from origin/main,present when the ledger started; first-seen date is this or earlier
2026-10-05,baseline,Whitewater Hill Vineyards,Grand Junction,,,,colorado_proud_farm_fresh+colorado_proud_finder,baseline from origin/main,present when the ledger started; first-seen date is this or earlier
2026-10-05,baseline,Indian Hills Farmer's Market,Indian Hills,,,,usda,baseline from origin/main,present when the ledger started; first-seen date is this or earlier
2026-10-05,baseline,Thousand Hills Ranch,Pagosa Springs,,,,colorado_proud_finder,baseline from origin/main,present when the ledger started; first-seen date is this or earlier
2026-10-05,baseline,Splendid Homestead & Hives,Colorado Springs,,,,colorado_proud_finder,baseline from origin/main,present when the ledger started; first-seen date is this or earlier
2026-10-05,baseline,Honey Sister Hives,Pueblo West,,,,colorado_proud_finder,baseline from origin/main,present when the ledger started; first-seen date is this or earlier
2026-10-05,baseline,Uan Hollow,New Castle,,,,colorado_proud_finder,baseline from origin/main,present when the ledger started; first-seen date is this or earlier
2026-10-05,baseline,"Oven Spring, Home Kitchen",Longmont,,,,colorado_proud_finder,baseline from origin/main,present when the ledger started; first-seen date is this or earlier
2026-10-05,baseline,Jones Homemade Pickles,Eaton,,,,colorado_proud_finder,baseline from origin/main,present when the ledger started; first-seen date is this or earlier
2026-10-05,baseline,Homestead Natural Meats,Delta,,,,colorado_proud_finder,baseline from origin/main,present when the ledger started; first-seen date is this or earlier
2026-10-05,baseline,Pine Needle Homestead,Loveland,,,,colorado_proud_finder,baseline from origin/main,present when the ledger started; first-seen date is this or earlier
2026-10-05,baseline,"Quack Patch Homestead, LLC",Fort Collins,,,,colorado_proud_finder,baseline from origin/main,present when the ledger started; first-seen date is this or earlier
2026-10-05,baseline,Tovah Homestead,Palmer Lake,,,,colorado_proud_finder,baseline from origin/main,present when the ledger started; first-seen date is this or earlier
2026-10-05,baseline,Howlin Honey,Manzanola,,,,colorado_proud_finder,baseline from origin/main,present when the ledger started; first-seen date is this or earlier
2026-10-05,baseline,Hummble Honey,Colorado Springs,,,,colorado_proud_finder,baseline from origin/main,present when the ledger started; first-seen date is this or earlier
2026-10-05,baseline,Honey Rock Landing,Delta,,,,colorado_proud_farm_fresh+usda+colorado_proud_finder,baseline from origin/main,present when the ledger started; first-seen date is this or earlier
2026-10-05,baseline,Lela’s Honey LLC,Strasburg,,,,colorado_proud_finder,baseline from origin/main,present when the ledger started; first-seen date is this or earlier
2026-10-05,baseline,Honey Moon Mesa,Hotchkiss,,,,colorado_proud_finder,baseline from origin/main,present when the ledger started; first-seen date is this or earlier
2026-10-05,baseline,MVP Sweet Honey,Craig,,,,colorado_proud_finder,baseline from origin/main,present when the ledger started; first-seen date is this or earlier
2026-10-05,baseline,WolfNRabbit Honey,Castle Rock,,,,usda,baseline from origin/main,present when the ledger started; first-seen date is this or earlier
2026-10-05,baseline,HooRayRay's,Denver,,,,colorado_proud_finder,baseline from origin/main,present when the ledger started; first-seen date is this or earlier
2026-10-05,baseline,Raj Hot sauce & more,Colorado Springs,,,,colorado_proud_finder,baseline from origin/main,present when the ledger started; first-seen date is this or earlier
2026-10-05,baseline,Thompson House Museum,Carbondale,,,,curated,baseline from origin/main,present when the ledger started; first-seen date is this or earlier
2026-10-05,baseline,HUNGENBERG PRODUCE INC,GREELEY,,,,colorado_proud_finder,baseline from origin/main,present when the ledger started; first-seen date is this or earlier
2026-10-05,baseline,Hunters Moon Meadery,Severance,,,,colorado_proud_finder,baseline from origin/main,present when the ledger started; first-seen date is this or earlier
2026-10-05,baseline,Hutchinson Ranch,Salida,,,,official-site+chaffee_provides,baseline from origin/main,present when the ledger started; first-seen date is this or earlier
2026-10-05,baseline,Hyphal Knot LLC,Craig,,,,colorado_proud_finder,baseline from origin/main,present when the ledger started; first-seen date is this or earlier
2026-10-05,baseline,Urmber's IceCream,,,,,colorado_proud_finder,baseline from origin/main,present when the ledger started; first-seen date is this or earlier
2026-10-05,baseline,Illegal Oats,Denver,,,,colorado_proud_finder,baseline from origin/main,present when the ledger started; first-seen date is this or earlier
2026-10-05,baseline,Jax Farmer's Market in Lafayette,Lafayette,,,,usda,baseline from origin/main,present when the ledger started; first-seen date is this or earlier
2026-10-05,baseline,Rocky Mountain Indoor Farmers Market,Fort Collins,,,,usda,baseline from origin/main,present when the ledger started; first-seen date is this or earlier
2026-10-05,baseline,Spread it on Me,Aurora,,,,colorado_proud_finder,baseline from origin/main,present when the ledger started; first-seen date is this or earlier
2026-10-05,baseline,Season It Up,Severance,,,,colorado_proud_finder,baseline from origin/main,present when the ledger started; first-seen date is this or earlier
2026-10-05,baseline,IXKAKAW LLC,,,,,colorado_proud_finder,baseline from origin/main,present when the ledger started; first-seen date is this or earlier
2026-10-05,baseline,Mountain Jam,Avon,,,,colorado_proud_finder,baseline from origin/main,present when the ledger started; first-seen date is this or earlier
2026-10-05,baseline,Whispering Pines Jam,Lakewood,,,,colorado_proud_finder,baseline from origin/main,present when the ledger started; first-seen date is this or earlier
2026-10-05,baseline,James Ranch,Durango,,,,usda,baseline from origin/main,present when the ledger started; first-seen date is this or earlier
2026-10-05,baseline,"Just Jams & Jellies, LLC",Divide,,,,colorado_proud_finder,baseline from origin/main,present when the ledger started; first-seen date is this or earlier
2026-10-05,baseline,Tam's Jams LLC,Loveland,,,,colorado_proud_finder,baseline from origin/main,present when the ledger started; first-seen date is this or earlier
2026-10-05,baseline,Jared's Pumpkin Patch,Littleton,,,,usda,baseline from origin/main,present when the ledger started; first-seen date is this or earlier
2026-10-05,baseline,Loveland West Farmers Market at JAX,Loveland,,,,colorado_proud+colorado_proud_farm_fresh+cfma,baseline from origin/main,present when the ledger started; first-seen date is this or earlier
2026-10-05,baseline,"The Jelly Lady, LLC",Livermore,,,,colorado_proud_finder,baseline from origin/main,present when the ledger started; first-seen date is this or earlier
2026-10-05,baseline,Uncle Johnnys U-pick,Cedaredge,,,,usda,baseline from origin/main,present when the ledger started; first-seen date is this or earlier
2026-10-05,baseline,Peak Press Juicery LLC,Longmont,,,,colorado_proud_finder,baseline from origin/main,present when the ledger started; first-seen date is this or earlier
2026-10-05,baseline,Wild K Ranch,Limon,,,,colorado_proud_finder,baseline from origin/main,present when the ledger started; first-seen date is this or earlier
2026-10-05,baseline,Kalera,Aurora,,,,colorado_proud_finder,baseline from origin/main,present when the ledger started; first-seen date is this or earlier
2026-10-05,baseline,Karpe Kitchens,Colorado Springs,,,,colorado_proud_finder,baseline from origin/main,present when the ledger started; first-seen date is this or earlier
2026-10-05,baseline,Kelsey's Kitchen,Longmont,,,,colorado_proud_finder,baseline from origin/main,present when the ledger started; first-seen date is this or earlier
2026-10-05,baseline,Colorado Kids Ranch,Monument,,,,usda,baseline from origin/main,present when the ledger started; first-seen date is this or earlier
2026-10-05,baseline,Shafer Kids LLC.,Colorado Springs,,,,colorado_proud_finder,baseline from origin/main,present when the ledger started; first-seen date is this or earlier
2026-10-05,baseline,"Roy King & Son's, LLC",Grand Junction,,,,colorado_proud_finder,baseline from origin/main,present when the ledger started; first-seen date is this or earlier
2026-10-05,baseline,kingrestaurantcolorado,Colorado Springs,,,,colorado_proud_finder,baseline from origin/main,present when the ledger started; first-seen date is this or earlier
2026-10-05,baseline,"Mountain Meadow Kitchen, LLC",Manitou Springs,,,,colorado_proud_finder,baseline from origin/main,present when the ledger started; first-seen date is this or earlier
2026-10-05,baseline,Melanie's CO Kitchen,Elizabeth,,,,colorado_proud_finder,baseline from origin/main,present when the ledger started; first-seen date is this or earlier
2026-10-05,baseline,KMP Provisions LLC,Highlands Ranch,,,,colorado_proud_finder,baseline from origin/main,present when the ledger started; first-seen date is this or earlier
2026-10-05,baseline,Kold Prairie Mead,Elizabeth,,,,colorado_proud_finder,baseline from origin/main,present when the ledger started; first-seen date is this or earlier
2026-10-05,baseline,Lewis Lazy L Ranch,Salida,,,,official-site+chaffee_provides,baseline from origin/main,present when the ledger started; first-seen date is this or earlier
2026-10-05,baseline,La Veta Local Market,La Veta,,,,official-site+usda,baseline from origin/main,present when the ledger started; first-seen date is this or earlier
2026-10-05,baseline,LadyMoon.Org,Livermore,,,,usda,baseline from origin/main,present when the ledger started; first-seen date is this or earlier
2026-10-05,baseline,Lafayette Colorado Farmers Market,Lafayette,,,,colorado_proud+colorado_proud_farm_fresh+cfma+colorado_proud_finder+usda,baseline from origin/main,present when the ledger started; first-seen date is this or earlier
2026-10-05,baseline,Lakewood Farmers' Market,Denver,,,,official-site+cfma,baseline from origin/main,present when the ledger started; first-seen date is this or earlier
2026-10-05,baseline,Larimer Street Market,Denver,,,,official-site+usda,baseline from origin/main,present when the ledger started; first-seen date is this or earlier
2026-10-05,baseline,The Larkspur Farmers Market,Larkspur,,,,colorado_proud+colorado_proud_farm_fresh+colorado_proud_finder,baseline from origin/main,present when the ledger started; first-seen date is this or earlier
2026-10-05,baseline,Larry Zierer,Bennett,,,,colorado_proud_farm_fresh,baseline from origin/main,present when the ledger started; first-seen date is this or earlier
2026-10-05,baseline,Latina Salsas,Denver,,,,colorado_proud_finder,baseline from origin/main,present when the ledger started; first-seen date is this or earlier
2026-10-05,baseline,Colorado Mountain Lavender,Buena Vista,,,,official-site+chaffee_provides,baseline from origin/main,present when the ledger started; first-seen date is this or earlier
2026-10-05,baseline,Ledingham Livestock,Carr,,,,colorado_proud_farm_fresh,baseline from origin/main,present when the ledger started; first-seen date is this or earlier
2026-10-05,baseline,Legacy Meats,Kersey,,,,colorado_proud_farm_fresh+colorado_proud_finder,baseline from origin/main,present when the ledger started; first-seen date is this or earlier
2026-10-05,baseline,Sprouts of Life,Denver,,,,colorado_proud_finder,baseline from origin/main,present when the ledger started; first-seen date is this or earlier
2026-10-05,baseline,Taste of Life,Monument,,,,colorado_proud_finder,baseline from origin/main,present when the ledger started; first-seen date is this or earlier
2026-10-05,baseline,Downtown Littleton Farmers Market,Littleton,,,,official-site+colorado_proud_finder+usda,baseline from origin/main,present when the ledger started; first-seen date is this or earlier
2026-10-05,baseline,Marigold Livestock Co.,Basalt,,,,colorado_proud_finder,baseline from origin/main,present when the ledger started; first-seen date is this or earlier
2026-10-05,baseline,Taylor Quality Livestock LLC,Delta,,,,colorado_proud_finder,baseline from origin/main,present when the ledger started; first-seen date is this or earlier
2026-10-05,baseline,Living Water Ranch,Livermore,,,,colorado_proud_finder,baseline from origin/main,present when the ledger started; first-seen date is this or earlier
2026-10-05,baseline,Lmc,Loveland,,,,colorado_proud_finder,baseline from origin/main,present when the ledger started; first-seen date is this or earlier
2026-10-05,baseline,the LOCAL,Parker,,,,colorado_proud_finder,baseline from origin/main,present when the ledger started; first-seen date is this or earlier
2026-10-05,baseline,Lucky Lockette Ranch LLC,Wetmore,,,,colorado_proud_finder,baseline from origin/main,present when the ledger started; first-seen date is this or earlier
2026-10-05,baseline,Lollipop & Co.,Westcliffe,,,,colorado_proud_finder,baseline from origin/main,present when the ledger started; first-seen date is this or earlier
2026-10-05,baseline,Lone Tree Farmers' Market,Lone Tree,,,,official-site+usda,baseline from origin/main,present when the ledger started; first-seen date is this or earlier
2026-10-05,baseline,Longmont Farmers Market,Longmont,,,,colorado_proud+colorado_proud_farm_fresh,baseline from origin/main,present when the ledger started; first-seen date is this or earlier
2026-10-05,baseline,Longroots Ranch,Longmont,,,,colorado_proud_finder,baseline from origin/main,present when the ledger started; first-seen date is this or earlier
2026-10-05,baseline,Louisville Farmers Market,Louisville,,,,colorado_proud+colorado_proud_farm_fresh+usda,baseline from origin/main,present when the ledger started; first-seen date is this or earlier
2026-10-05,baseline,Mushroom Love Co,,,,,official-site+chaffee_provides,baseline from origin/main,present when the ledger started; first-seen date is this or earlier
2026-10-05,baseline,Loveland Farmers' Market,Loveland,,,,usda,baseline from origin/main,present when the ledger started; first-seen date is this or earlier
2026-10-05,baseline,Lowry Farmers' Market,Denver,,,,official-site+usda,baseline from origin/main,present when the ledger started; first-seen date is this or earlier
2026-10-05,baseline,Sunflower Sourdough Ltd.,Hesperus,,,,colorado_proud_finder,baseline from origin/main,present when the ledger started; first-seen date is this or earlier
2026-10-05,baseline,"Luark Ranch & Outfitters, LLC",Burns,,,,colorado_proud_finder,baseline from origin/main,present when the ledger started; first-seen date is this or earlier
2026-10-05,baseline,San Luis Peoples Market,San Luis,,,,colorado_proud_finder,baseline from origin/main,present when the ledger started; first-seen date is this or earlier
2026-10-05,baseline,Lunch Wired,Centennial,,,,colorado_proud_finder,baseline from origin/main,present when the ledger started; first-seen date is this or earlier
2026-10-05,baseline,Lupita's,Oak Creek,,,,colorado_proud_finder,baseline from origin/main,present when the ledger started; first-seen date is this or earlier
2026-10-05,baseline,Lyons Farmers Market,Lyons,,,,colorado_proud+colorado_proud_farm_fresh,baseline from origin/main,present when the ledger started; first-seen date is this or earlier
2026-10-05,baseline,Yampa Valley Made,Steamboat Springs,,,,colorado_proud_finder,baseline from origin/main,present when the ledger started; first-seen date is this or earlier
2026-10-05,baseline,Magic Sourdough,Grand Junction,,,,colorado_proud_finder,baseline from origin/main,present when the ledger started; first-seen date is this or earlier
2026-10-05,baseline,Market on Main St. (The Triangle Oasis),Salida,,,,curated,baseline from origin/main,present when the ledger started; first-seen date is this or earlier
2026-10-05,baseline,Sunday Market on Main Street,Timnath,,,,usda,baseline from origin/main,present when the ledger started; first-seen date is this or earlier
2026-10-05,baseline,Maker Meadows,,,,,colorado_proud_finder,baseline from origin/main,present when the ledger started; first-seen date is this or earlier
2026-10-05,baseline,The Spice Makers,Firestone,,,,colorado_proud_finder,baseline from origin/main,present when the ledger started; first-seen date is this or earlier
2026-10-05,baseline,Mancos Valley Farmers Market,Mancos,,,,official-site+cfma+usda,baseline from origin/main,present when the ledger started; first-seen date is this or earlier
2026-10-05,baseline,Manitou Winery,Manitou Springs,,,,colorado_proud_finder,baseline from origin/main,present when the ledger started; first-seen date is this or earlier
2026-10-05,baseline,Rebel Marketplace,Aurora,,,,colorado_proud_finder,baseline from origin/main,present when the ledger started; first-seen date is this or earlier
2026-10-05,baseline,Marlow Ranch,Yoder,,,,colorado_proud_finder,baseline from origin/main,present when the ledger started; first-seen date is this or earlier
2026-10-05,baseline,Mattics Orchards,Olathe,,,,colorado_proud_farm_fresh+colorado_proud_finder,baseline from origin/main,present when the ledger started; first-seen date is this or earlier
2026-10-05,baseline,Wild West Maze,Hudson,,,,usda,baseline from origin/main,present when the ledger started; first-seen date is this or earlier
2026-10-05,baseline,McClure Orchards - ORGANIC,Paonia,,,,usda,baseline from origin/main,present when the ledger started; first-seen date is this or earlier
2026-10-05,baseline,McDevitt Taco Supply,Lafayette,,,,colorado_proud_finder,baseline from origin/main,present when the ledger started; first-seen date is this or earlier
2026-10-05,baseline,McShea Peanuts,,,,,colorado_proud_finder,baseline from origin/main,present when the ledger started; first-seen date is this or earlier
2026-10-05,baseline,"Tees Me Treat Me, LLC",,,,,colorado_proud_finder,baseline from origin/main,present when the ledger started; first-seen date is this or earlier
2026-10-05,baseline,MeadKrieger Meadery LLC,Loveland,,,,colorado_proud_finder,baseline from origin/main,present when the ledger started; first-seen date is this or earlier
2026-10-05,baseline,Downtown Mead Farmers' Market,Mead,,,,official-site+usda,baseline from origin/main,present when the ledger started; first-seen date is this or earlier
2026-10-05,baseline,Ottemans Meat Processing,Flagler,,,,colorado_proud_finder,baseline from origin/main,present when the ledger started; first-seen date is this or earlier
2026-10-05,baseline,Steeles Meat Co,Lafayette,,,,colorado_proud_finder,baseline from origin/main,present when the ledger started; first-seen date is this or earlier
2026-10-05,baseline,Rocky Mountain Natural Meats,Henderson,,,,colorado_proud_finder,baseline from origin/main,present when the ledger started; first-seen date is this or earlier
2026-10-05,baseline,Mountain View Meats,Fort Collins,,,,colorado_proud_farm_fresh+colorado_proud_finder+usda,baseline from origin/main,present when the ledger started; first-seen date is this or earlier
2026-10-05,baseline,Outlaw Meats,AULT,,,,colorado_proud_finder,baseline from origin/main,present when the ledger started; first-seen date is this or earlier
2026-10-05,baseline,Snowden Meats,Toponas,,,,colorado_proud_finder,baseline from origin/main,present when the ledger started; first-seen date is this or earlier
2026-10-05,baseline,"Spice, Sweets, & Meats, LLC",Mead,,,,colorado_proud_finder,baseline from origin/main,present when the ledger started; first-seen date is this or earlier
2026-10-05,baseline,"Troudt Meats, LLC.",Otis,,,,colorado_proud_finder,baseline from origin/main,present when the ledger started; first-seen date is this or earlier
2026-10-05,baseline,West Wolf Medicinals,Boulder,,,,colorado_proud_finder,baseline from origin/main,present when the ledger started; first-seen date is this or earlier
2026-10-05,baseline,Memorial Park Farmers' Market,Colorado Springs,,,,official-site+usda,baseline from origin/main,present when the ledger started; first-seen date is this or earlier
2026-10-05,baseline,Sandy's Way Microfarm,Sedalia,,,,colorado_proud_farm_fresh+colorado_proud_finder+usda,baseline from origin/main,present when the ledger started; first-seen date is this or earlier
2026-10-05,baseline,Truth Microfarms,,,,,colorado_proud_finder,baseline from origin/main,present when the ledger started; first-seen date is this or earlier
2026-10-05,baseline,Minion Ranch,Rush,,,,colorado_proud_finder,baseline from origin/main,present when the ledger started; first-seen date is this or earlier
2026-10-05,baseline,Minix Ranch LLC,Calhan,,,,colorado_proud_finder,baseline from origin/main,present when the ledger started; first-seen date is this or earlier
2026-10-05,baseline,Minturn Market,Minturn,,,,colorado_proud+colorado_proud_farm_fresh+usda,baseline from origin/main,present when the ledger started; first-seen date is this or earlier
2026-10-05,baseline,Miraflora Wagyu,Longmont,,,,colorado_proud_finder,baseline from origin/main,present when the ledger started; first-seen date is this or earlier
2026-10-05,baseline,Monte Vista Farmers Market,Monte Vista,,,,official-site+cfma+usda,baseline from origin/main,present when the ledger started; first-seen date is this or earlier
2026-10-05,baseline,Montrose Farmers Market,Montrose,,,,colorado_proud+colorado_proud_farm_fresh+colorado_proud_finder+usda,baseline from origin/main,present when the ledger started; first-seen date is this or earlier
2026-10-05,baseline,Rising Moon Ranch,Franktown,,,,colorado_proud_finder,baseline from origin/main,present when the ledger started; first-seen date is this or earlier
2026-10-05,baseline,The Zesty Moose,Grand Junction,,,,colorado_proud_finder,baseline from origin/main,present when the ledger started; first-seen date is this or earlier
2026-10-05,baseline,Moriah Ranch,Coalmont,,,,colorado_proud_finder,baseline from origin/main,present when the ledger started; first-seen date is this or earlier
2026-10-05,baseline,Morton's Organic Orchards,Palisade,,,,usda,baseline from origin/main,present when the ledger started; first-seen date is this or earlier
2026-10-05,baseline,Mountain Roots Produce,Mancos,,,,usda,baseline from origin/main,present when the ledger started; first-seen date is this or earlier
2026-10-05,baseline,Rocky Mountain Pumpkin Ranch,Longmont,,,,colorado_proud_farm_fresh+usda,baseline from origin/main,present when the ledger started; first-seen date is this or earlier
2026-10-05,baseline,Mountain Market & Supply,Eagle,,,,colorado_proud_farm_fresh,baseline from origin/main,present when the ledger started; first-seen date is this or earlier
2026-10-05,baseline,Mycenae,Lafayette,,,,colorado_proud_finder,baseline from origin/main,present when the ledger started; first-seen date is this or earlier
2026-10-05,baseline,"MycoTechnology, Inc.",Aurora,,,,colorado_proud_finder,baseline from origin/main,present when the ledger started; first-seen date is this or earlier
2026-10-05,baseline,"R&N Sourdough, Llc",Aurora,,,,colorado_proud_finder,baseline from origin/main,present when the ledger started; first-seen date is this or earlier
2026-10-05,baseline,Rise N’ Shine Ranch,Colorado Springs,,,,colorado_proud_finder,baseline from origin/main,present when the ledger started; first-seen date is this or earlier
2026-10-05,baseline,Woof n’ Wag Snack Shack LLC,Coaldale,,,,colorado_proud_finder,baseline from origin/main,present when the ledger started; first-seen date is this or earlier
2026-10-05,baseline,Nahmdy's Nuts LLC,Colorado Springs,,,,colorado_proud_finder,baseline from origin/main,present when the ledger started; first-seen date is this or earlier
2026-10-05,baseline,Naomi's Sprouted Seed Truffles,Boulder,,,,colorado_proud_finder,baseline from origin/main,present when the ledger started; first-seen date is this or earlier
2026-10-05,baseline,The Community Market at Naropa,Boulder,,,,usda,baseline from origin/main,present when the ledger started; first-seen date is this or earlier
2026-10-05,baseline,Trifecta Natural Pork,Yuma,,,,colorado_proud_finder,baseline from origin/main,present when the ledger started; first-seen date is this or earlier
2026-10-05,baseline,Plants Naturally,Aurora,,,,colorado_proud_finder,baseline from origin/main,present when the ledger started; first-seen date is this or earlier
2026-10-05,baseline,Nederland Farmers Market,Nederland,,,,colorado_proud+colorado_proud_farm_fresh+cfma+colorado_proud_finder+usda,baseline from origin/main,present when the ledger started; first-seen date is this or earlier
2026-10-05,baseline,Noco Virtual Farmers Market,Fort Collins,,,,usda,baseline from origin/main,present when the ledger started; first-seen date is this or earlier
2026-10-05,baseline,Northern Colorado Winters Market,Fort Collins,,,,usda,baseline from origin/main,present when the ledger started; first-seen date is this or earlier
2026-10-05,baseline,Northfield Farmers Market,Denver,,,,official-site+usda,baseline from origin/main,present when the ledger started; first-seen date is this or earlier
2026-10-05,baseline,The Triangle Oasis,Salida,,,,curated,baseline from origin/main,present when the ledger started; first-seen date is this or earlier
2026-10-05,baseline,The OBC Wine Project,Fort Collins,,,,colorado_proud_finder,baseline from origin/main,present when the ledger started; first-seen date is this or earlier
2026-10-05,baseline,Old Town Spice Shop,Fort Collins,,,,colorado_proud_finder,baseline from origin/main,present when the ledger started; first-seen date is this or earlier
2026-10-05,baseline,Olde Towne Village Market,Louisville,,,,usda,baseline from origin/main,present when the ledger started; first-seen date is this or earlier
2026-10-05,baseline,Market on the Plaza,Mountain Village,,,,colorado_proud+colorado_proud_farm_fresh,baseline from origin/main,present when the ledger started; first-seen date is this or earlier
2026-10-05,baseline,Orchard & Poppy,Morrison,,,,colorado_proud_finder,baseline from origin/main,present when the ledger started; first-seen date is this or earlier
2026-10-05,baseline,Z's Orchard,Palisade,,,,usda,baseline from origin/main,present when the ledger started; first-seen date is this or earlier
2026-10-05,baseline,Tate Orchards,Palisade,,,,colorado_proud_finder,baseline from origin/main,present when the ledger started; first-seen date is this or earlier
2026-10-05,baseline,Orchard Farmers Market,Westminster,,,,colorado_proud+colorado_proud_farm_fresh+colorado_proud_finder,baseline from origin/main,present when the ledger started; first-seen date is this or earlier
2026-10-05,baseline,Skinny P Ranch,Strasburg,,,,colorado_proud_finder,baseline from origin/main,present when the ledger started; first-seen date is this or earlier
2026-10-05,baseline,Padilla Prouce Inc.,Manzanola,,,,colorado_proud_farm_fresh,baseline from origin/main,present when the ledger started; first-seen date is this or earlier
2026-10-05,baseline,Pagosa Springs Farmers Market,Pagosa Spgs,,,,official-site+usda,baseline from origin/main,present when the ledger started; first-seen date is this or earlier
2026-10-05,baseline,Pagosa Farmers Market,Pagosa Springs,,,,official-site+usda,baseline from origin/main,present when the ledger started; first-seen date is this or earlier
2026-10-05,baseline,Palisade Peach Shack,Palisade,,,,curated,baseline from origin/main,present when the ledger started; first-seen date is this or earlier
2026-10-05,baseline,Palisade Sunday Farmers' Market,Palisade,,,,official-site+usda,baseline from origin/main,present when the ledger started; first-seen date is this or earlier
2026-10-05,baseline,Pampanofoods LLC,Pueblo,,,,colorado_proud_finder,baseline from origin/main,present when the ledger started; first-seen date is this or earlier
2026-10-05,baseline,PandaCreationsEA,Sterling,,,,colorado_proud_finder,baseline from origin/main,present when the ledger started; first-seen date is this or earlier
2026-10-05,baseline,Petals & Papers,La Veta,,,,colorado_proud_finder,baseline from origin/main,present when the ledger started; first-seen date is this or earlier
2026-10-05,baseline,Pumpkin Pickin' Paradise,Milliken,,,,usda,baseline from origin/main,present when the ledger started; first-seen date is this or earlier
2026-10-05,baseline,Woodland Park Farmers Market,Woodland Park,,,,official-site+cfma+usda,baseline from origin/main,present when the ledger started; first-seen date is this or earlier
2026-10-05,baseline,Parker Farmers Market,Parker,,,,official-site+usda,baseline from origin/main,present when the ledger started; first-seen date is this or earlier
2026-10-05,baseline,Patterson Pastures,Ramah,,,,colorado_proud_finder,baseline from origin/main,present when the ledger started; first-seen date is this or earlier
2026-10-05,baseline,Sweetened Patisserie,ARVADA,,,,colorado_proud_finder,baseline from origin/main,present when the ledger started; first-seen date is this or earlier
2026-10-05,baseline,Patton Peak,Lake George,,,,colorado_proud_finder,baseline from origin/main,present when the ledger started; first-seen date is this or earlier
2026-10-05,baseline,The Peachfork,Palisade,,,,colorado_proud_farm_fresh+colorado_proud_finder,baseline from origin/main,present when the ledger started; first-seen date is this or earlier
2026-10-05,baseline,Pikes Peak Poultry,Yoder,,,,colorado_proud_finder,baseline from origin/main,present when the ledger started; first-seen date is this or earlier
2026-10-05,baseline,Peak View Ranch,Fowler,,,,colorado_proud_finder,baseline from origin/main,present when the ledger started; first-seen date is this or earlier
2026-10-05,baseline,Restin' Peas LLC,Denver,,,,colorado_proud_finder,baseline from origin/main,present when the ledger started; first-seen date is this or earlier
2026-10-05,baseline,The People’s Pickles,Denver,,,,colorado_proud_finder,baseline from origin/main,present when the ledger started; first-seen date is this or earlier
2026-10-05,baseline,The Perry Ranch LLC,Parker,,,,colorado_proud_finder,baseline from origin/main,present when the ledger started; first-seen date is this or earlier
2026-10-05,baseline,Pickles & Potions,Golden,,,,colorado_proud_finder,baseline from origin/main,present when the ledger started; first-seen date is this or earlier
2026-10-05,baseline,Pinche Salsa,denver,,,,colorado_proud_finder,baseline from origin/main,present when the ledger started; first-seen date is this or earlier
2026-10-05,baseline,Pinon Ridge Ranch,Strasburg,,,,usda,baseline from origin/main,present when the ledger started; first-seen date is this or earlier
2026-10-05,baseline,Sexy Pizza,Denver,,,,colorado_proud_finder,baseline from origin/main,present when the ledger started; first-seen date is this or earlier
2026-10-05,baseline,Stoke Pizza,Pueblo,,,,colorado_proud_finder,baseline from origin/main,present when the ledger started; first-seen date is this or earlier
2026-10-05,baseline,Plateau Valley Farmers Market,Collbran,,,,official-site+usda,baseline from origin/main,present when the ledger started; first-seen date is this or earlier
2026-10-05,baseline,Southwest Plaza Farmers' Market,Littleton,,,,colorado_proud+colorado_proud_farm_fresh+cfma+usda,baseline from origin/main,present when the ledger started; first-seen date is this or earlier
2026-10-05,baseline,Podunk's Ranch,Cortez,,,,colorado_proud_farm_fresh+colorado_proud_finder,baseline from origin/main,present when the ledger started; first-seen date is this or earlier
2026-10-05,baseline,Polidori Sausage,Denver,,,,colorado_proud_finder,baseline from origin/main,present when the ledger started; first-seen date is this or earlier
2026-10-05,baseline,POP Colorado,Fort Collins,,,,colorado_proud_finder,baseline from origin/main,present when the ledger started; first-seen date is this or earlier
2026-10-05,baseline,COLORADO PORK,Lucerne,,,,colorado_proud_finder,baseline from origin/main,present when the ledger started; first-seen date is this or earlier
2026-10-05,baseline,Pressman Wines LLC,Golden,,,,colorado_proud_finder,baseline from origin/main,present when the ledger started; first-seen date is this or earlier
2026-10-05,baseline,Wiley Processing LLC,Wiley,,,,colorado_proud_finder,baseline from origin/main,present when the ledger started; first-seen date is this or earlier
2026-10-05,baseline,Rovegno's Produce,Avondale,,,,usda,baseline from origin/main,present when the ledger started; first-seen date is this or earlier
2026-10-05,baseline,"Rusler Produce, Inc.",Avondale,,,,colorado_proud_finder,baseline from origin/main,present when the ledger started; first-seen date is this or earlier
2026-10-05,baseline,Virgil Produce,Pueblo,,,,usda,baseline from origin/main,present when the ledger started; first-seen date is this or earlier
2026-10-05,baseline,Winter Produce LLC,Greeley,,,,colorado_proud_finder,baseline from origin/main,present when the ledger started; first-seen date is this or earlier
2026-10-05,baseline,Rye Resurgence Project,Alamosa,,,,colorado_proud_finder,baseline from origin/main,present when the ledger started; first-seen date is this or earlier
2026-10-05,baseline,Pueblo Farmers Market,Pueblo,,,,colorado_proud+colorado_proud_farm_fresh+cfma+colorado_proud_finder+usda,baseline from origin/main,present when the ledger started; first-seen date is this or earlier
2026-10-05,baseline,Colorado Q,Clifton,,,,colorado_proud_finder,baseline from origin/main,present when the ledger started; first-seen date is this or earlier
2026-10-05,baseline,Rafter W Ranch LLC,Simla,,,,colorado_proud_finder,baseline from origin/main,present when the ledger started; first-seen date is this or earlier
2026-10-05,baseline,Rehfeld Ranch Raised,Arapahoe,,,,colorado_proud_farm_fresh,baseline from origin/main,present when the ledger started; first-seen date is this or earlier
2026-10-05,baseline,Raisin' Rye,Del Norte,,,,curated,baseline from origin/main,present when the ledger started; first-seen date is this or earlier
2026-10-05,baseline,Renewed Roots Ranch LLC,Fort Collins,,,,colorado_proud_finder,baseline from origin/main,present when the ledger started; first-seen date is this or earlier
2026-10-05,baseline,Tuff's Ranch,Bennett,,,,colorado_proud_farm_fresh+colorado_proud_finder+usda,baseline from origin/main,present when the ledger started; first-seen date is this or earlier
2026-10-05,baseline,Searle Ranch,Monument,,,,usda,baseline from origin/main,present when the ledger started; first-seen date is this or earlier
2026-10-05,baseline,Spring Water Ranch LLC,Conifer,,,,colorado_proud_finder,baseline from origin/main,present when the ledger started; first-seen date is this or earlier
2026-10-05,baseline,Sterling Ranch Farmers' Market,Littleton,,,,official-site+cfma,baseline from origin/main,present when the ledger started; first-seen date is this or earlier
2026-10-05,baseline,Sunrise Ranch,Loveland,,,,colorado_proud_finder,baseline from origin/main,present when the ledger started; first-seen date is this or earlier
2026-10-05,baseline,VanWinkle Ranch,Fruita,,,,colorado_proud_finder,baseline from origin/main,present when the ledger started; first-seen date is this or earlier
2026-10-05,baseline,Windler Ranch,Yampa,,,,colorado_proud_finder,baseline from origin/main,present when the ledger started; first-seen date is this or earlier
2026-10-05,baseline,Winters  Ranch,Rush,,,,colorado_proud_finder,baseline from origin/main,present when the ledger started; first-seen date is this or earlier
2026-10-05,baseline,Rock River Ranches,Commerce City,,,,colorado_proud_finder,baseline from origin/main,present when the ledger started; first-seen date is this or earlier
2026-10-05,baseline,RanchitoAlegre LLC,Pagosa Springs,,,,colorado_proud_finder,baseline from origin/main,present when the ledger started; first-seen date is this or earlier
2026-10-05,baseline,Violet Ratio,Moffat,,,,colorado_proud_finder,baseline from origin/main,present when the ledger started; first-seen date is this or earlier
2026-10-05,baseline,RESTORATION VINEYARDS,PALISADE,,,,colorado_proud_finder,baseline from origin/main,present when the ledger started; first-seen date is this or earlier
2026-10-05,baseline,Ridgway Farmers Market,Ridgway,,,,official-site+colorado_proud+colorado_proud_farm_fresh+cfma+usda,baseline from origin/main,present when the ledger started; first-seen date is this or earlier
2026-10-05,baseline,Rifle Farmers Market,Rifle,,,,colorado_proud+colorado_proud_farm_fresh+cfma+usda+official-site,baseline from origin/main,present when the ledger started; first-seen date is this or earlier
2026-10-05,baseline,Rustic Rise Sourdough LLC,Hugo,,,,colorado_proud_finder,baseline from origin/main,present when the ledger started; first-seen date is this or earlier
2026-10-05,baseline,Wendll's White River Roasters,MEEKER,,,,colorado_proud_finder,baseline from origin/main,present when the ledger started; first-seen date is this or earlier
2026-10-05,baseline,Rome's Sausage,Golden,,,,colorado_proud_finder,baseline from origin/main,present when the ledger started; first-seen date is this or earlier
2026-10-05,baseline,"Young Roots, LLC",Milliken,,,,colorado_proud_finder,baseline from origin/main,present when the ledger started; first-seen date is this or earlier
2026-10-05,baseline,Salida Farmers Market,Salida,,,,official-site+colorado_proud+colorado_proud_farm_fresh+cfma+usda,baseline from origin/main,present when the ledger started; first-seen date is this or earlier
2026-10-05,baseline,Seeker Sauce LLC,Lakewood,,,,colorado_proud_finder,baseline from origin/main,present when the ledger started; first-seen date is this or earlier
2026-10-05,baseline,Smith Serenity LLC,Ordway,,,,colorado_proud_finder,baseline from origin/main,present when the ledger started; first-seen date is this or earlier
2026-10-05,baseline,Sustainable Settings,Carbondale,,,,usda,baseline from origin/main,present when the ledger started; first-seen date is this or earlier
2026-10-05,baseline,The Twisted Shed,Kiowa,,,,colorado_proud_finder,baseline from origin/main,present when the ledger started; first-seen date is this or earlier
2026-10-05,baseline,Talbott & Sons LLC,Palisade,,,,colorado_proud_finder,baseline from origin/main,present when the ledger started; first-seen date is this or earlier
2026-10-05,baseline,South University Farmers Market,Greenwood Village,,,,official-site+usda,baseline from origin/main,present when the ledger started; first-seen date is this or earlier
2026-10-05,baseline,Southeast Farmers Market,Colorado Springs,,,,colorado_proud+colorado_proud_farm_fresh,baseline from origin/main,present when the ledger started; first-seen date is this or earlier
2026-10-05,baseline,Southlands Farmers' Market,Aurora,,,,official-site+usda,baseline from origin/main,present when the ledger started; first-seen date is this or earlier
2026-10-05,baseline,Colorado Soy LLC,Stratton,,,,colorado_proud_finder,baseline from origin/main,present when the ledger started; first-seen date is this or earlier
2026-10-05,baseline,Colorado Springs Sunday Market,,,,,colorado_proud_finder,baseline from origin/main,present when the ledger started; first-seen date is this or earlier
2026-10-05,baseline,Stapleton Farmers' Market,Denver,,,,official-site+usda,baseline from origin/main,present when the ledger started; first-seen date is this or earlier
2026-10-05,baseline,Union Station Farmers Market,Denver,,,,official-site+usda,baseline from origin/main,present when the ledger started; first-seen date is this or earlier
2026-10-05,baseline,Vermont Sticky,Crested Butte,,,,colorado_proud_finder,baseline from origin/main,present when the ledger started; first-seen date is this or earlier
2026-10-05,baseline,"Sweet Street, LLC",Arvada,,,,colorado_proud_finder,baseline from origin/main,present when the ledger started; first-seen date is this or earlier
2026-10-05,baseline,StreetAG,Rye,,,,colorado_proud_finder,baseline from origin/main,present when the ledger started; first-seen date is this or earlier
2026-10-05,baseline,Colorado Stroopwafels LLC,Boulder,,,,colorado_proud_finder,baseline from origin/main,present when the ledger started; first-seen date is this or earlier
2026-10-05,baseline,Downtown Sunday Market,Colorado Springs,,,,official-site+usda,baseline from origin/main,present when the ledger started; first-seen date is this or earlier
2026-10-05,baseline,Superior Sweets,Superior,,,,colorado_proud_finder,baseline from origin/main,present when the ledger started; first-seen date is this or earlier
2026-10-05,baseline,SweetKendra,Colorado Springs,,,,colorado_proud_finder,baseline from origin/main,present when the ledger started; first-seen date is this or earlier
2026-10-05,baseline,Talon Wines,Palisade,,,,colorado_proud_farm_fresh+colorado_proud_finder,baseline from origin/main,present when the ledger started; first-seen date is this or earlier
2026-10-05,baseline,Tectonic WInery,,,,,colorado_proud_finder,baseline from origin/main,present when the ledger started; first-seen date is this or earlier
2026-10-05,baseline,Telluride Farmers' Market,Telluride,,,,official-site+usda,baseline from origin/main,present when the ledger started; first-seen date is this or earlier
2026-10-05,baseline,Tetrad Inc.,Larkspur,,,,colorado_proud_finder,baseline from origin/main,present when the ledger started; first-seen date is this or earlier
2026-10-05,baseline,"The Farmers Market, LLC",Fruita,,,,colorado_proud_finder,baseline from origin/main,present when the ledger started; first-seen date is this or earlier
2026-10-05,baseline,"Tilde Vineyards, LLC",,,,,colorado_proud_finder,baseline from origin/main,present when the ledger started; first-seen date is this or earlier
2026-10-05,baseline,Toadstool Traditions,,,,,colorado_proud_finder,baseline from origin/main,present when the ledger started; first-seen date is this or earlier
2026-10-05,baseline,Trinidad Community Farmers Market,Trinidad,,,,official-site+cfma+usda,baseline from origin/main,present when the ledger started; first-seen date is this or earlier
2026-10-05,baseline,Vail Farmers' Market,Vail,,,,official-site+usda,baseline from origin/main,present when the ledger started; first-seen date is this or earlier
2026-10-05,baseline,Veggiescapes,Boulder,,,,usda,baseline from origin/main,present when the ledger started; first-seen date is this or earlier
2026-10-05,baseline,Walsenburg Farmers Market,Walsenburg,,,,official-site+usda,baseline from origin/main,present when the ledger started; first-seen date is this or earlier
2026-10-05,baseline,Wellington Farmers Market,Wellington,,,,official-site+usda,baseline from origin/main,present when the ledger started; first-seen date is this or earlier
2026-10-05,baseline,Westcliffe Farmers Market,Westcliffe,,,,official-site+usda,baseline from origin/main,present when the ledger started; first-seen date is this or earlier
2026-10-05,baseline,Wildflower & Wheat LLC,Littleton,,,,colorado_proud_finder,baseline from origin/main,present when the ledger started; first-seen date is this or earlier
2026-10-05,baseline,Wildboydfarm,Matheson,,,,colorado_proud_finder,baseline from origin/main,present when the ledger started; first-seen date is this or earlier
2026-10-05,baseline,Windsor Farmers Market,Windsor,,,,colorado_proud+colorado_proud_farm_fresh,baseline from origin/main,present when the ledger started; first-seen date is this or earlier
2026-10-08,added,GroFresh Farms 365,Grand Junction,,,,curated,build,
2026-10-08,added,Honey Acre Farms,Montrose,,,,curated,build,
2026-10-08,added,High Alpine Brewing Co.,Gunnison,,,,curated,build,
2026-10-08,changed,Zephyros Farm and Garden,Paonia,Address,3725 Road,11466 3725 Rd,usda,build,
2026-10-08,changed,Zephyros Farm and Garden,Paonia,County,,Delta,usda,build,
2026-10-08,changed,Zephyros Farm and Garden,Paonia,Phone,,970-270-2510,usda,build,
2026-10-08,changed,Zephyros Farm and Garden,Paonia,Website,,https://zephyrosfarmandgarden.com,usda,build,
2026-10-08,added,DRAM Apothecary,Salida,,,,curated,build,
2026-10-08,added,Freeman Apple Orchard,Lakewood,,,,usda,build,
2026-10-08,closed,Freeman Apple Orchard,Lakewood,Status,Open,Closed,usda,build,
2026-10-08,added,Spotted Horse Barnyard,Elbert,,,,usda,build,
2026-10-08,closed,Spotted Horse Barnyard,Elbert,Status,Open,Closed,usda,build,
2026-10-08,added,LB Specialty Beef,Gunnison,,,,curated,build,
2026-10-08,added,Beet Street Farm,Durango,,,,curated,build,
2026-10-08,added,Berry Fungi Farms,Paonia,,,,curated,build,
2026-10-08,added,Hummin' Bird Farms,Hotchkiss,,,,curated,build,
2026-10-08,added,Mountain Bird,Paonia,,,,curated,build,
2026-10-08,added,Birdstory Nursery,Paonia,,,,curated,build,
2026-10-08,changed,Pedro's Farm (formerly Borden Farms),Delta,Phone,(970) 874-5383,970-200-6919,colorado_proud_finder+usda,build,
2026-10-08,added,Boulder Creek Winery,Boulder,,,,usda,build,
2026-10-08,closed,Boulder Creek Winery,Boulder,Status,Open,Closed,usda,build,
2026-10-08,added,Crested Butte Catering Co.,Crested Butte,,,,curated,build,
2026-10-08,added,Rock Canyon Coffee,Basalt,,,,curated,build,
2026-10-08,added,Peterson Ranch (Double J Cattle & Hay),Gunnison,,,,curated,build,
2026-10-08,added,Rockin' J Spear Cattle Co,Loma,,,,curated,build,
2026-10-08,added,Chamberlain Farms,Delta,,,,curated,build,
2026-10-08,changed,Pasture Provisions Company,Denver,Products,"Lettuce, Beef, Lamb, Pork, Poultry, Sausage, Wild-Caught Seafood Including:
Salmon
Halibut
Swordfish
Shrimp
Seabass
Stripped Bass
Flounder 
Monkfish
Haddock 
Cod
Pollock, Cheese, Eggs","Lettuce, Beef, Lamb, Pork, Poultry, Sausage, Wild-Caught Seafood Including:
Salmon
Halibut
Swordfish
Shrimp
Seabass
Stripped Bass
Flounder 
Monkfish
Haddock 
Cod
Pollock, Cheese, Eggs",colorado_proud_farm_fresh+colorado_proud_finder,build,
2026-10-08,added,Conner Orchards,Hotchkiss,,,,curated,build,
2026-10-08,added,Western Culture Farmstead & Creamery,Paonia,,,,curated,build,
2026-10-08,added,Leroux Creek Foods,Hotchkiss,,,,curated,build,
2026-10-08,added,High Desert Seed + Gardens,Paonia,,,,curated,build,
2026-10-08,added,Rancho Durazno,Palisade,,,,curated,build,
2026-10-08,added,Mountain Earth Organic Grocer,Crested Butte,,,,curated,build,
2026-10-08,added,Happy Hogs Farm (Kinikin Egg Farm),Montrose,,,,curated,build,
2026-10-08,added,Elk Mountain Farmacy,Paonia,,,,curated,build,
2026-10-08,added,La Milpa Tortilla Factory,Grand Junction,,,,curated,build,
2026-10-08,added,Smith Family Farm,Hotchkiss,,,,curated,build,
2026-10-08,added,Flipside Farm,Hotchkiss,,,,curated,build,
2026-10-08,added,Thistle Whistle Farm,Hotchkiss,,,,curated,build,
2026-10-08,added,Grand Valley Micro Farms,Grand Junction,,,,curated,build,
2026-10-08,added,Osito Farms,Hotchkiss,,,,curated,build,
2026-10-08,added,Tassinong Farms,Crested Butte South,,,,curated,build,
2026-10-08,closed,Tassinong Farms,Crested Butte South,Status,Open,Closed,curated,build,
2026-10-08,added,Zimmerman Farms,Hotchkiss,,,,curated,build,
2026-10-08,added,Fields to Plate Produce,Durango,,,,curated,build,
2026-10-08,added,Gunnison Vitamin & Health Food Store,Gunnison,,,,curated,build,
2026-10-08,added,Mountain Roots Food Project,Gunnison,,,,curated,build,
2026-10-08,added,Fortunate Fruit,Delta,,,,curated,build,
2026-10-08,added,Topp Fruits,Hotchkiss,,,,curated,build,
2026-10-08,added,Grey Owl Garden,Paonia,,,,curated,build,
2026-10-08,added,Gunnison Gardens,Gunnison,,,,curated,build,
2026-10-08,added,Parker Pastures,Gunnison,,,,curated,build,
2026-10-08,added,Twin Pines Ranch,Montrose,,,,curated,build,
2026-10-08,added,Rivergate Ranch,Powderhorn,,,,curated,build,
2026-10-08,added,Revelden,Crested Butte,,,,curated,build,
2026-10-08,closed,Revelden,Crested Butte,Status,Open,Closed,curated,build,
2026-10-08,added,The Sunflower,Crested Butte,,,,curated,build,
2026-10-08,added,Zia Tortilla Co.,Durango,,,,curated,build,
2026-10-08,added,Two Twelve,Crested Butte,,,,curated,build,
2026-10-08,added,Weston Wagyu,Hotchkiss,,,,curated,build,
2026-10-08,changed,Honey Acre Farms,Montrose,Year Opened,,2006,curated,build,
2026-10-08,changed,Mountain Bird,Paonia,Year Opened,,2015,curated,build,
2026-10-08,changed,Pedro's Farm (formerly Borden Farms),Delta,Year Opened,,1996,colorado_proud_finder+usda,build,
2026-10-08,changed,Chamberlain Farms,Delta,Year Opened,,1978,curated,build,
2026-10-08,changed,Rocking W Cheese,Olathe,Year Opened,,1965,colorado_proud_finder,build,
2026-10-08,changed,Flipside Farm,Hotchkiss,Year Opened,,2012,curated,build,
2026-10-08,changed,Thistle Whistle Farm,Hotchkiss,Year Opened,,2006,curated,build,
2026-10-08,changed,First Fruits Organic Farms,Paonia,Year Opened,,1988,colorado_proud_farm_fresh+curated+usda,build,
2026-10-08,changed,Fields to Plate Produce,Durango,Year Opened,,2013,curated,build,
2026-10-08,changed,Grey Owl Garden,Paonia,Year Opened,,2025,curated,build,
2026-10-08,changed,Gunnison Gardens,Gunnison,Year Opened,,2014,curated,build,
2026-10-08,changed,Homestead Natural Meats,Delta,Year Opened,,1996,colorado_proud_finder,build,
2026-10-08,added,Ploughboy Local Market,Salida,,,,curated,build,
2026-10-08,closed,Ploughboy Local Market,Salida,Status,Open,Closed,curated,build,
2026-10-08,added,Wild Mountain Seeds,Carbondale,,,,curated,build,
