Prospect Name,Farm Signal,Signal Detail,List Categories,Locations Stated,Description Stated,Market Count,Markets,List Seasons,Already Known,Known Match,Possible Match,Status
Miller Farms,strong,"list section: Produce Farms, Flowers, and Plants","Produce Farms, Flowers, and Plants; Vegetable Vendors; Meat & Dairy; Farms • Orchards • Flowers • Plants; Produce, Dairy + Flowers","Platteville, CO","Family owned and operated since 1949, the Miller Family Farm provides incredibly fresh, local vegetables and fruits at the peak of their season.",8,Boulder Farmers Market; Fort Collins Farmers' Market; Golden Farmers Market; Larimer County Farmers' Market; Longmont Farmers Market; Louisville Farmers Market; Old South Pearl Street Association - Farmers Market; Orchard Farmers Market,2025; 2026,no,,,prospect - unresearched
Forte Fruits,strong,"list section: Farmers, Ranchers, Dairy","Farmers, Ranchers, Dairy; Farmer: Fruit; Farms • Orchards • Flowers • Plants; Agricultural","Sheridan, CO","Palisade family orchard growing peaches, plums, and stone fruits since 1972, selling at Denver-area markets.",5,City Park Farmers Market; Dillon Farmers Market; Erie Farmers Market; Louisville Farmers Market; Woodland Park Farmers Market,2026,no,,,prospect - unresearched
Foxtown Farm,strong,"list section: Farmers, Ranchers, Dairy","Farmers, Ranchers, Dairy; Farmers","Denver, CO",Ginger and turmeric inspired products. Creating pourable honey syrups and traditional fire cider with organic ingredients and local honey.,5,City Park Farmers Market; Golden Farmers Market; Lafayette Colorado Farmers Market; Old South Pearl Street Association - Farmers Market; Salida Farmers Market,2026,no,,,prospect - unresearched
Bjorn's Colorado Honey,strong,"list section: Produce, Dairy + Flowers","Packaged Food, Drink, and Honey; Produce, Dairy + Flowers","Boulder, CO","Small batch local honey and honey products like CBD honey, beeswax and propolis.",4,Boulder Farmers Market; Longmont Farmers Market; Old South Pearl Street Association - Farmers Market; Orchard Farmers Market,2025; 2026,no,,,prospect - unresearched
Kiowa Valley Organics,strong,"list section: Produce Farms, Flowers, and Plants","Produce Farms, Flowers, and Plants; Farmers, Ranchers, Dairy","Roggen, CO","Family-owned USDA certified organic farm in Roggen, CO producing organic vegetables, grass-fed beef, and pasture-fed chicken eggs.",4,Boulder Farmers Market; City Park Farmers Market; Lafayette Colorado Farmers Market; Longmont Farmers Market,2025; 2026,no,,,prospect - unresearched
All Natural Homestead Beef,strong,list section: Agricultural,Agricultural,,,3,Black Forest Farmers Market; The Backyard Market in Black Forest; Woodland Park Farmers Market,2026,no,,,prospect - unresearched
Black Gold Family Farm,strong,"list section: Farmers, Ranchers, Dairy","Farmers, Ranchers, Dairy; Farmers, Ranchers, & Dairy","Akron, CO","Family-owned, farrow-to-finish Berkshire pig farm in Akron, CO, specializing in pasture-raised pork that is 100% drug-free with no hormones, steroids, antibiotics, or vaccines.",3,City Park Farmers Market; Harvey Park Farmers Market; Lafayette Colorado Farmers Market,2026,no,,,prospect - unresearched
Chicken Grit Farms,strong,list section: Farm,Farm,,,3,Aspen Saturday Market; Glenwood Springs Downtown Market on 7th; Palisade Sunday Farmers' Market,2026,no,,,prospect - unresearched
Croft Family Farm,strong,"list section: Produce Farms, Flowers, and Plants","Produce Farms, Flowers, and Plants; Farmers, Ranchers, Dairy","Kersey, CO","Family-operated regenerative farm in Kersey, CO growing vegetables and raising free-range hens",3,Boulder Farmers Market; City Park Farmers Market; Lafayette Colorado Farmers Market,2025; 2026,no,,,prospect - unresearched
Eat A Peach Farms,strong,list section: Farms • Orchards • Flowers • Plants,Farms • Orchards • Flowers • Plants,,Fruits and vegetables. Lavender,3,Erie Farmers Market; Golden Farmers Market; Louisville Farmers Market,2026,no,,,prospect - unresearched
Front Range Flower Farm,strong,"list section: Produce Farms, Flowers, and Plants","Produce Farms, Flowers, and Plants; Farms • Orchards • Flowers • Plants","Berthoud, CO","A woman-owned and family-operated farm, we grow flowers, produce, and houseplants naturally!",3,Boulder Farmers Market; Erie Farmers Market; Longmont Farmers Market,2025; 2026,no,,,prospect - unresearched
Fungus Farm Colorado,strong,list section: Agricultural,Agricultural,,,3,Black Forest Farmers Market; The Backyard Market in Black Forest; Woodland Park Farmers Market,2026,no,,,prospect - unresearched
further up Farms,strong,"list section: Produce, Dairy + Flowers","Produce, Dairy + Flowers",,Family owned in Elizabeth Colorado featuring pesticide and herbicide free local vegetables at the peak of their season.,3,Aspen Grove Farmers Market; Black Forest Farmers Market; The Backyard Market in Black Forest,2026,no,,,prospect - unresearched
Homestead Ranch,strong,"list section: Meat, Dairy, Eggs","Meat, Dairy, Eggs; Meat & Dairy","Greeley, CO",Farm raised pork and goat meat. Our pork comes from happy pigs in a natural habitat where they can forage. This directly impacts the quality (both flavor and nutrition) of the pork they produce.,3,Boulder Farmers Market; Fort Collins Farmers' Market; Larimer County Farmers' Market,2025; 2026,no,,,prospect - unresearched
Rocky Mountain Fresh,strong,"list section: Produce Farms, Flowers, and Plants","Produce Farms, Flowers, and Plants; Farmers, Ranchers, Dairy","Longmont, CO","Longmont greenhouse farm growing hydroponic heirloom tomatoes, cucumbers, and seasonal produce year-round.",3,Boulder Farmers Market; City Park Farmers Market; Longmont Farmers Market,2025; 2026,no,,,prospect - unresearched
Root Rock Farm,strong,list section: Farm,Farm; Produce,"Orchard City, Colorado",,3,Palisade Sunday Farmers' Market; Telluride Farmers' Market; The Arbol Farmers Market,2026,no,,,prospect - unresearched
The Fresh Herb Company,strong,"list section: Produce Farms, Flowers, and Plants","Produce Farms, Flowers, and Plants; Farmers, Ranchers, Dairy","Longmont, CO","40-year-old family farm in Longmont, CO growing culinary herbs, cut flowers, and succulents",3,Boulder Farmers Market; City Park Farmers Market; Lafayette Colorado Farmers Market,2025; 2026,no,,,prospect - unresearched
Topp Fruits LLC,strong,"list section: Farmers, Ranchers, Dairy","Farmers, Ranchers, Dairy; Produce Farms, Flowers, and Plants","Hotchkiss, CO","Family-owned and operated organic orchard located on Colorado's Western Slope producing tree-ripened organic peaches, apples, cherries, plums, and pears with certified organic practices.",3,City Park Farmers Market; Lafayette Colorado Farmers Market; Longmont Farmers Market,2026; 2025,no,,,prospect - unresearched
4 Corners Worm Farm,strong,list section: Agricultural & Livestock Vendors,Agricultural & Livestock Vendors; Agricultural / Hemp (Agrícola / Cáñamo),,"Raising Red Wigglers and Night Crawlers, Worm Castings, Seed Starter Mix, Wool Pellets and Worm Farm Kits Providing education and supplies for those wanting to turn their waste products into living so",2,Cortez Farmers Market; Durango Farmers Market,2026,no,,,prospect - unresearched
Bamber Beef Ranch,strong,"list section: Produce, Dairy + Flowers","Produce, Dairy + Flowers",,"Grass fed, locally raised beef.",2,Aspen Grove Farmers Market; Orchard Farmers Market,2026,no,,,prospect - unresearched
Berry Fungi Farms,strong,"list section: Farm, Ranch & Flowers","Farm, Ranch & Flowers",,,2,Ridgway Farmers Market; The Arbol Farmers Market,2026,no,,,prospect - unresearched
Big Day Farm,strong,"list section: Farmers, Ranchers, & Dairy","Farmers, Ranchers, & Dairy; Agriculture",,"Mixed produce! I can provide a complete list, but you can expect standard market garden offerings that can be easily used in a home kitchen. We'll also bring a limited quantity of flower bouquets and",2,Harvey Park Farmers Market; Nederland Farmers Market,2026,no,,,prospect - unresearched
Birdstory Nursery,strong,list section: Farmer,"Farmer; Farm, Ranch & Flowers",,"We are a brand new nursery offering native and beneficial plants and woodcraft items for pollinators, habitat, and restoration. We grow most of our plants from seed at our home in Paonia, CO. In this",2,Crested Butte Farmers Market; Ridgway Farmers Market,2026,no,,,prospect - unresearched
Black Cat Farm,strong,"list section: Produce Farms, Flowers, and Plants","Produce Farms, Flowers, and Plants","Longmont, CO",,2,Boulder Farmers Market; Longmont Farmers Market,2025,no,,,prospect - unresearched
Bountiful Ridge Farm,strong,list section: Agricultural & Livestock Vendors,Agricultural & Livestock Vendors; Agricultural / Hemp (Agrícola / Cáñamo),,We are a multi-faceted family farm located in Southwest Colorado. We raise a variety of crops that are grown using sustainable and holistic methods. This by default means we grow organically. Our farm,2,Cortez Farmers Market; Durango Farmers Market,2026,no,,,prospect - unresearched
Brown Dog Farm,strong,"list section: Farmers, Ranchers, Dairy","Farmers, Ranchers, Dairy","Longmont, CO","Organic vegetable farm in Longmont growing 40+ varieties using no pesticides, serving Denver farmers markets and offering a CSA program.",2,City Park Farmers Market; Old South Pearl Street Association - Farmers Market,2026,no,,,prospect - unresearched
Buckner Family Ranch,strong,"list section: Farmers, Ranchers, Dairy","Farmers, Ranchers, Dairy","Longmont, CO","Family-run ranch specializing in locally-raised, 100% grass-fed lamb and beef, and pasture-raised heritage breed pork.",2,City Park Farmers Market; Lafayette Colorado Farmers Market,2026,no,,,prospect - unresearched
Common Name Farm,strong,"list section: Farmers, Ranchers, Dairy","Farmers, Ranchers, Dairy; Farms & Growers","Lafayette, CO","Community-focused vegetable farm practicing sustainable agriculture on a historic multi-generational property in Lafayette, CO.",2,Lafayette Colorado Farmers Market; Lyons Farmers Market,2026,no,,,prospect - unresearched
Cottontail Farm,strong,"list section: Farmers, Ranchers, Dairy","Farmers, Ranchers, Dairy; Produce Farms, Flowers, and Plants","Longmont, CO","Small-scale regenerative flower farm in Longmont, CO specializing in seasonal fresh and dried flowers",2,Lafayette Colorado Farmers Market; Longmont Farmers Market,2026; 2025,no,,,prospect - unresearched
Eden Valley Farm,strong,"list section: Produce Farms, Flowers, and Plants","Produce Farms, Flowers, and Plants; Vegetable Vendors","Loveland, CO","We are a chemical and pesticide-free farm dedicated to providing the freshest and most nutritious produce, fruits, and herbs direct to consumers.",2,Boulder Farmers Market; Fort Collins Farmers' Market,2025,no,,,prospect - unresearched
Folks Farm and Seed,strong,"list section: Farmers, Ranchers, Dairy","Farmers, Ranchers, Dairy","Fort Collins, CO","Regenerative farm on 2.5 acres in Fort Collins growing nutrient-dense vegetables, herbs, flowers, and regionally adapted seeds using soil-first practices.",2,Lafayette Colorado Farmers Market; Larimer County Farmers' Market,2026,no,,,prospect - unresearched
Furst Class Fungi,strong,"list section: Farmers, Ranchers, Dairy","Farmers, Ranchers, Dairy","Denver, CO","A Denver-based mushroom farm specializing in gourmet mushrooms including shiitake, lion's mane, king oysters, and blue oyster mushrooms.",2,City Park Farmers Market; Lafayette Colorado Farmers Market,2026,no,,,prospect - unresearched
Green Yams LLC,strong,list section: Farms • Orchards • Flowers • Plants,Farms • Orchards • Flowers • Plants,,,2,Erie Farmers Market; Louisville Farmers Market,2026,no,,,prospect - unresearched
Grounded Produce,strong,list section: Farmer: Fruit,Farmer: Fruit; Sunday Market; Thursday Market,,Grounded Produce has developed strong relationships with Colorado Farmers across the entire state for over 15 years. This ensures that they are able to bring provide mountain communities with local fr,2,Dillon Farmers Market; Vail Farmers' Market,2026,no,,,prospect - unresearched
Longmont Dairy,strong,list section: Farms & Growers,"Farms & Growers; Produce, Dairy + Flowers",,"Longmont Dairy Farm delivers fresh milk and other products directly to homes along the Front Range. They are a family owned and operated business dedicated to providing great milk, from our cows to ou",2,Lyons Farmers Market; Orchard Farmers Market,2026,no,,,prospect - unresearched
Microgreen Creations LLC,strong,list section: Farmer: Veggies,Farmer: Veggies; Farmers,,Microgreen Creations LLC was formed on the basis of 10 years of indoor farming love for local patrons and family. This company specializes in herbs and vegitables grown in the flavorful and highly nut,2,Dillon Farmers Market; Salida Farmers Market,2026,no,,,prospect - unresearched
Miss Penn's Mountain Seeds,strong,list section: Farmer,Farmer; Farmers,,"All of my seed is grown at 8,120' in the Wet Mountains. Wild-collected seed is sustainably hand gathered between 5-11,000' on my property and in the San Isabel and Pike National Forest and 4 counties",2,Crested Butte Farmers Market; Salida Farmers Market,2026,no,,,prospect - unresearched
Mother Mycelium,strong,"list section: Produce Farms, Flowers, and Plants","Produce Farms, Flowers, and Plants","Broomfield, CO",,2,Boulder Farmers Market; Longmont Farmers Market,2025,no,,,prospect - unresearched
Mountain Bird,strong,list section: Farmer,"Farmer; Farm, Ranch & Flowers",,"We raise pastured poultry through holistic management methods, rotational grazing, and on-farm processing.",2,Crested Butte Farmers Market; Ridgway Farmers Market,2026,no,,,prospect - unresearched
MycoCosm Mushroom Company,strong,"list section: Produce Farms, Flowers, and Plants","Produce Farms, Flowers, and Plants","Broomfield, CO",,2,Boulder Farmers Market; Longmont Farmers Market,2025,no,,,prospect - unresearched
Pope Farm's Produce,strong,list section: Vegetable Vendors; Fruit Vendors,Vegetable Vendors; Fruit Vendors,,"We carry a vast variety of locally grown produce throughout the Summer & Fall months. Our products include: Western Slope fruit, Rocky Ford melons, fresh tomatoes, lettuces, peppers, potatoes, beans,",2,Fort Collins Farmers' Market; Larimer County Farmers' Market,2026,no,,,prospect - unresearched
Power plant,strong,list section: Farm,"Farm; Farm, Ranch & Flowers",,,2,Palisade Sunday Farmers' Market; Ridgway Farmers Market,2026,no,,,prospect - unresearched
Rancho Durazno,strong,"list section: Produce Farms, Flowers, and Plants","Produce Farms, Flowers, and Plants","Palisade, CO",,2,Boulder Farmers Market; Longmont Farmers Market,2025,no,,,prospect - unresearched
Rocky Mountain Superfoods,strong,"list section: Produce Farms, Flowers, and Plants","Produce Farms, Flowers, and Plants","Longmont, CO",,2,Boulder Farmers Market; Longmont Farmers Market,2025,no,,,prospect - unresearched
Sandy Seed Farm LLC,strong,list section: Farmer/ Rancher,"Farmer/ Rancher; Farm, Ranch & Flowers",,"Plant Starts (Spring) Produce - Vegetables Flowers Carrots, radishes, lettuce, greens, garlic, beets, flowers, herbs",2,Montrose Farmers Market; Ridgway Farmers Market,2026,no,,,prospect - unresearched
Star Acres Flower Farm,strong,"list section: Farmers, Ranchers, Dairy","Farmers, Ranchers, Dairy","Arvada, CO","Mother-daughter run flower farm in Arvada, Colorado offering fresh seasonal bouquets and unique single-variety blooms grown using organic practices.",2,City Park Farmers Market; Lafayette Colorado Farmers Market,2026,no,,,prospect - unresearched
Summit Roots Farm,strong,list section: Agricultural & Livestock Vendors,Agricultural & Livestock Vendors; Agricultural / Hemp (Agrícola / Cáñamo),,"Summit Roots Farm, founded in 2013, is a small family farm located at 7100 feet, 5 miles Southeast of Dolores Colorado. Our Practices: We use bio-intensive methods to build soil and maximize yields We",2,Cortez Farmers Market; Durango Farmers Market,2026,no,,,prospect - unresearched
The Neighborhood Plant Plug,strong,list section: Farms • Orchards • Flowers • Plants,Farms • Orchards • Flowers • Plants,,,2,Erie Farmers Market; Louisville Farmers Market,2026,no,,,prospect - unresearched
The Urban Orchard,strong,list section: Agricultural,Agricultural,,,2,Golden Farmers Market; Woodland Park Farmers Market,2026,no,,,prospect - unresearched
Thistle Whistle Farm,strong,list section: Farmer,Farmer,,"Thistle Whistle Farm grows a diversity of vegetables, herbs and fruit on 15 acres in the North Fork Valley of Colorado. We grow to organic standards, but choose to not certify. We maintain soil health",2,Crested Butte Farmers Market; The Arbol Farmers Market,2026,no,,,prospect - unresearched
Vista Orchard LLC,strong,list section: Farm,Farm; Sunday Market,,,2,Palisade Sunday Farmers' Market; Vail Farmers' Market,2026,no,,,prospect - unresearched
Wag's World Orchards,strong,"list section: Farm, Ranch & Flowers","Farm, Ranch & Flowers",,,2,Old South Pearl Street Association - Farmers Market; Ridgway Farmers Market,2026,no,,,prospect - unresearched
Wild Wick's Farm,strong,"list section: Farmers, Ranchers, Dairy","Farmers, Ranchers, Dairy","Lakewood, CO","Lakewood urban farm growing mixed vegetables, fruit, and cut flowers on half an acre of residential plots across four properties.",2,City Park Farmers Market; Old South Pearl Street Association - Farmers Market,2026,no,,,prospect - unresearched
Wild Wiggins Homestead,strong,list section: Farms • Orchards • Flowers • Plants,Farms • Orchards • Flowers • Plants,,"Wild Wiggins Homestead cultivates nutrient-dense, pesticide-free produce. We specialize in vibrant microgreens, seasonal organic vegetables, eggs, and garden-inspired products, all while nourishing ou",2,Fort Collins Farmers' Market; Louisville Farmers Market,2026,no,,,prospect - unresearched
Wiley Farm & Co.,strong,"list section: Farmers, Ranchers, Dairy","Farmers, Ranchers, Dairy","Boulder, CO","Restorative, ecologically focused herb farm and tea company cultivating medicinal and culinary herbs in Boulder, CO - loose leaf blends, fresh herbs, and a quarterly tea membership.",2,City Park Farmers Market; Lafayette Colorado Farmers Market,2026,no,,,prospect - unresearched
Willow Creek Mushrooms,strong,list section: Vegetable Vendors,Vegetable Vendors,,"We're a family-owned and operated mushroom farm dedicated to bringing you the freshest, gourmet mushrooms.",2,Fort Collins Farmers' Market; Larimer County Farmers' Market,2026,no,,,prospect - unresearched
5K Ranch,strong,"list section: Meat, Beef, Wagyu, Grass Fed & Finished","Meat, Beef, Wagyu, Grass Fed & Finished","Clark, CO",5K Ranch is owned and operated by Mona and Jon Gibson and their 5 Kids. We are committed to raising animals in a stress free environment and use the most sustainable methods we can. Our beef tastes de,1,Yampa Valley Foods,,no,,,prospect - unresearched
Adobe Creek Farm LLC,strong,list section: Farm,Farm,,,1,Palisade Sunday Farmers' Market,2026,no,,,prospect - unresearched
Afton's Garden Center LLC,strong,"list section: Farm, Ranch & Flowers","Farm, Ranch & Flowers",,,1,Ridgway Farmers Market,2026,no,,,prospect - unresearched
AJ roasted chili,strong,"list section: Produce, Dairy + Flowers","Produce, Dairy + Flowers",,"Green chilis in a variety of heat levels roasted fresh, on-site.",1,Aspen Grove Farmers Market,2026,no,,,prospect - unresearched
AJ's Roasted Chilis,strong,"list section: Produce, Dairy + Flowers","Produce, Dairy + Flowers",,It wouldn't be a farmers market without roasted green chilis!!,1,Orchard Farmers Market,2026,no,,,prospect - unresearched
Allen Farms West,strong,"list section: Farm, Ranch & Flowers","Farm, Ranch & Flowers",,,1,Ridgway Farmers Market,2026,no,,,prospect - unresearched
Anatolian Farms LLC,strong,list section: Agricultural / Hemp (Agrícola / Cáñamo),Agricultural / Hemp (Agrícola / Cáñamo),,"We are Anatolian Farms of Mancos, CO and we offer a wide variety of organically-grown heirloom produce, plant starts, dried herbs/spices, seasonal chile roasting and smokable hemp flower.",1,Durango Farmers Market,2026,no,,,prospect - unresearched
Animas Botanicals,strong,list section: Agricultural / Hemp (Agrícola / Cáñamo),Agricultural / Hemp (Agrícola / Cáñamo),,"Animas Botanicals crafts quality herbal products that brings vitality to individuals, humanity, and the earth. Animas Botanicals is on a farm nestled in the Animas River Valley in Colorado. We utilize",1,Durango Farmers Market,2026,no,,,prospect - unresearched
Animas Valley Lavender,strong,list section: Agricultural / Hemp (Agrícola / Cáñamo),Agricultural / Hemp (Agrícola / Cáñamo),,"Animas Valley Lavender LLC is a small, family-owned lavender farm and artisan apothecary founded in 2023. We grow, harvest, and distill our own lavender to create handcrafted products including lip ba",1,Durango Farmers Market,2026,no,,,prospect - unresearched
Anita's Pantry & Produce / Palisade Pies,strong,list section: Farm,Farm,,,1,Palisade Sunday Farmers' Market,2026,no,,,prospect - unresearched
Aquarius Gardens LLC,strong,list section: Farms • Orchards • Flowers • Plants,Farms • Orchards • Flowers • Plants,,"At Aquarius Gardens we offer beautiful house plants in unique, vintage, and upcycled pots.",1,Erie Farmers Market,2026,no,,,prospect - unresearched
Artemis Flower Farm,strong,"list section: Farmers, Ranchers, Dairy","Farmers, Ranchers, Dairy","Longmont, CO","Regenerative Colorado flower farm offering organic blooms, workshops, DIY wedding flowers, and fresh-cut bouquets at farmers markets.",1,City Park Farmers Market,2026,no,,,prospect - unresearched
Aster Valley Farm,strong,list section: Agricultural / Hemp (Agrícola / Cáñamo),Agricultural / Hemp (Agrícola / Cáñamo),,"Aster Valley Farm is a native plant nursery located in Durango, Colorado. Our mission is to strengthen ecological communities and their relationship with people in the Four Corners region. Native plan",1,Durango Farmers Market,2026,no,,,prospect - unresearched
Bee Hugger,strong,list section: Agriculture,Agriculture,,Honey,1,Nederland Farmers Market,2026,no,,,prospect - unresearched
beejoy farm,strong,"list section: Produce, Dairy + Flowers","Produce, Dairy + Flowers",,"Local wildflower honey, lip balms, salves and candles!",1,Aspen Grove Farmers Market,2026,no,,,prospect - unresearched
Bell Beef,strong,list section: Agricultural & Livestock Vendors,Agricultural & Livestock Vendors,,"Local, Grass-Fed Beef, USDA Inspected",1,Cortez Farmers Market,,no,,,prospect - unresearched
"Bella Bolettino Organic Farms, LLC",strong,list section: Farm,Farm,,,1,Palisade Sunday Farmers' Market,2026,no,,,prospect - unresearched
Berry Farm & Ranch,strong,list section: Agricultural & Livestock Vendors,Agricultural & Livestock Vendors,,"Pastured Farm-Raised Pigs, Lamb, & Meat Goats; Natural Practices; USDA Inspected & Processed; pork bundles & wholes; pet treats & pet food",1,Cortez Farmers Market,,no,,,prospect - unresearched
Big Ben's Meats,strong,list section: Agricultural / Hemp (Agrícola / Cáñamo),Agricultural / Hemp (Agrícola / Cáñamo),,"I'm a 7th generation cattle rancher in La Plata, San Juan, and Archuleta county. We raise grain-finished beef. Along, with the beef. We provided grain-finished options for both the lambs, and goats as",1,Durango Farmers Market,2026,no,,,prospect - unresearched
Black D Spicer,strong,list section: Agricultural & Livestock Vendors,Agricultural & Livestock Vendors,,"Fresh & Dried Produce, The Spice of Life",1,Cortez Farmers Market,,no,,,prospect - unresearched
Blessed Bloom Farm,strong,"list section: Farm, Ranch & Flowers","Farm, Ranch & Flowers",,,1,Ridgway Farmers Market,2026,no,,,prospect - unresearched
Blue Ribbon Farm,strong,"list section: Produce Farms, Flowers, and Plants","Produce Farms, Flowers, and Plants","Longmont, CO",,1,Longmont Farmers Market,2025,no,,,prospect - unresearched
Bluestem Bison Ranch,strong,list section: Meat & Seafood,Meat & Seafood,,"Bluestem Bison Ranch was established on core pillars including regenerative land stewardship, uncompromising animal welfare, and exceptional nutritional quality. Our bison live as nature intended: roa",1,Dillon Farmers Market,2026,no,,,prospect - unresearched
Botanical Companions,strong,list section: Agricultural / Hemp (Agrícola / Cáñamo),Agricultural / Hemp (Agrícola / Cáñamo),,"Botanical Companions grows premium microgreens in Mancos, CO and is a proud provider of this tasty superfood since 2017! Our mission is to make nutrition & flavor easy for everyone with nutrient-dense",1,Durango Farmers Market,2026,no,,,prospect - unresearched
Boulder Beef,strong,"list section: Meat, Dairy, Eggs","Meat, Dairy, Eggs","Longmont, CO",,1,Longmont Farmers Market,2025,no,,,prospect - unresearched
Boulder Better Wagyu,strong,"list section: Meat, Dairy, Eggs","Meat, Dairy, Eggs","Longmont, CO",,1,Longmont Farmers Market,2025,no,,,prospect - unresearched
Breen Mesa Farm,strong,list section: Agricultural / Hemp (Agrícola / Cáñamo),Agricultural / Hemp (Agrícola / Cáñamo),,Regenerative micro goat dairy - Sharing booth space with Durangoats,1,Durango Farmers Market,2026,no,,,prospect - unresearched
Brilyn Acres,strong,list section: Agricultural & Livestock Vendors,Agricultural & Livestock Vendors,,"Lamb, vegetable",1,Cortez Farmers Market,,no,,,prospect - unresearched
C R Farms,strong,list section: Farms • Orchards • Flowers • Plants,Farms • Orchards • Flowers • Plants,,Palisade Peaches and Fruit,1,Louisville Farmers Market,2026,no,,,prospect - unresearched
Calkins Greens,strong,"list section: Produce Farms, Flowers, and Plants","Produce Farms, Flowers, and Plants","Mead, CO",,1,Longmont Farmers Market,2025,no,,,prospect - unresearched
Chamberlain Farms,strong,list section: Farmer/ Rancher,Farmer/ Rancher,,"Produce, Eggs, Arts/Crafts, cucumbers, squash, tomatoes, onions, garlic, herbs, greens, lettuce, peppers, spinach, chard",1,Montrose Farmers Market,2026,no,,,prospect - unresearched
Cheryl's Garden,strong,list section: Agricultural & Livestock Vendors,Agricultural & Livestock Vendors,,"Fruits, Garden Vegetables, Dry Beans, Wheat & Bran, dog treats, and More",1,Cortez Farmers Market,,no,,,prospect - unresearched
Climax Jerky Inc.,strong,list section: Meat & Seafood,Meat & Seafood,,"Climax Jerky is a locally owned business since 1999! We offer the freshest, gourmet, Colorado jerky. Including beef, buffalo, elk, venison, turkey, salmon, alligator, wild boar and duck jerky. Stop by",1,Dillon Farmers Market,2026,no,,,prospect - unresearched
Colby Farm,strong,list section: Farm,Farm,,,1,Palisade Sunday Farmers' Market,2026,no,,,prospect - unresearched
Colorado Fresh Connect Produce,strong,"list section: Produce, Dairy + Flowers","Produce, Dairy + Flowers",,"Delicious fresh in-season produce such as tomatoes, greens, herbs, lettuce, and more!",1,Orchard Farmers Market,2026,no,,,prospect - unresearched
Cream City Market,strong,list section: Cheese,Cheese,,"Born & raised in Southeast Wisconsin, our formative years were spent in corn fields, fishing, waterskiing, wild blueberry picking, and cheese curd eating along the shores of Lake Michigan and the Nort",1,Dillon Farmers Market,2026,no,,,prospect - unresearched
Crooked Roots,strong,"list section: Produce Farms, Flowers, and Plants","Produce Farms, Flowers, and Plants","Longmont, CO",,1,Longmont Farmers Market,2025,no,,,prospect - unresearched
Crooked Roots Farm,strong,"list section: Farmers, Ranchers, Dairy","Farmers, Ranchers, Dairy","Longmont, CO","Small-scale regenerative farm in Longmont, CO - organically grown vegetables and humanely, sustainably raised lamb, pork, chicken, and eggs.",1,Lafayette Colorado Farmers Market,2026,no,,,prospect - unresearched
Cunningham Orchards,strong,list section: Farm,Farm,,,1,Palisade Sunday Farmers' Market,2026,no,,,prospect - unresearched
Denver Love Goats,strong,"list section: Farmers, Ranchers, Dairy","Farmers, Ranchers, Dairy",,"Mobile goat visit service bringing rescued goats to events, businesses, and community spaces across Denver.",1,City Park Farmers Market,2026,no,,,prospect - unresearched
Destiny Botanicals,strong,list section: Agricultural / Hemp (Agrícola / Cáñamo),Agricultural / Hemp (Agrícola / Cáñamo),,"Destiny Botanicals is a small, chemical free, family-owned farm producing Mushrooms, Mushroom Tinctures, Honey, Flowers, & hemp-based medicines & cosmetics",1,Durango Farmers Market,2026,no,,,prospect - unresearched
Downhome Flowers,strong,list section: Farms • Orchards • Flowers • Plants,Farms • Orchards • Flowers • Plants,,"100% Colorado grown fresh flower bouquets, dried flowers, body products.",1,Louisville Farmers Market,2026,no,,,prospect - unresearched
Durango Lettuce,strong,list section: Agricultural / Hemp (Agrícola / Cáñamo),Agricultural / Hemp (Agrícola / Cáñamo),,Durango Lettuce is a small urban hydroponic lettuce grower. I grow heads of lettuce. All heads of lettuce still have the roots still attached.,1,Durango Farmers Market,2026,no,,,prospect - unresearched
Dusty Roads,strong,list section: Agriculture,Agriculture,,n/a,1,Nederland Farmers Market,2026,no,,,prospect - unresearched
elephant rock Farms,strong,"list section: Produce, Dairy + Flowers","Produce, Dairy + Flowers",,"Delicious, locally grown microgreens freshly cut on site, crisp lettuce and greens, juicy heirloom tomatoes!",1,Aspen Grove Farmers Market,2026,no,,,prospect - unresearched
Epick Seafoods LLC,strong,list section: Agriculture,Agriculture,,Salmon,1,Nederland Farmers Market,2026,no,,,prospect - unresearched
Esperanza Farmstead,strong,list section: Agricultural & Livestock Vendors,Agricultural & Livestock Vendors,,"A wide variety of fresh baked goods, homemade jams & preserves, fermented foods, freeze-dried fruits, goat milk soaps, tea blends, handmade gifts and more!",1,Cortez Farmers Market,,no,,,prospect - unresearched
Fares,strong,list section: Agricultural,Agricultural,,,1,Woodland Park Farmers Market,2026,no,,,prospect - unresearched
Feedsack Flowers,strong,list section: Farmers,Farmers,"Center, CO","Find fresh cut flowers sold as bouquets; dried floral creations, and pressed flower art.",1,Salida Farmers Market,2026,no,,,prospect - unresearched
Fields to Plate Produce,strong,list section: Agricultural / Hemp (Agrícola / Cáñamo),Agricultural / Hemp (Agrícola / Cáñamo),,"Fields to Plate Produce was founded in 2013 by Max Fields while he was pursuing a degree in Agriculture at Fort Lewis College. During his studies, Max met Professor Beth LaShell, who had launched the",1,Durango Farmers Market,2026,no,,,prospect - unresearched
Fifer Farm,strong,"list section: Produce Farms, Flowers, and Plants","Produce Farms, Flowers, and Plants","Boulder, CO",,1,Boulder Farmers Market,2025,no,,,prospect - unresearched
Fresh Start microgreens,strong,list section: Agricultural / Hemp (Agrícola / Cáñamo),Agricultural / Hemp (Agrícola / Cáñamo),,Fresh start here in Ignacio Colorado with fresh plants loaded with nutrition.,1,Durango Farmers Market,2026,no,,,prospect - unresearched
Golden Pastures Regenerative Farms,strong,"list section: Produce, Dairy + Flowers","Produce, Dairy + Flowers",,"Local farm featuring non-GMO rainbow eggs, fresh herbs and in-season veggies!",1,Orchard Farmers Market,2026,no,,,prospect - unresearched
Gordanier Ranch,strong,list section: Agricultural / Hemp (Agrícola / Cáñamo),Agricultural / Hemp (Agrícola / Cáñamo),,"At Gordanier Ranch , we are a family-owned ranch dedicated to raising local, home-grown quality beef in Southwest Colorado. We take pride in responsibly raising our cattle with a focus on quality, car",1,Durango Farmers Market,2026,no,,,prospect - unresearched
Green Collar Guy Designs,strong,list section: Agriculture,Agriculture,,"Hand made planters, plants and rhubarb in season",1,Nederland Farmers Market,2026,no,,,prospect - unresearched
Green Table Farm,strong,list section: Agricultural / Hemp (Agrícola / Cáñamo),Agricultural / Hemp (Agrícola / Cáñamo),,"We grow vegetables, fruit, eggs and meat in the beautiful Mancos Valley of Colorado.",1,Durango Farmers Market,2026,no,,,prospect - unresearched
Greg's Gourmet Greens,strong,list section: Farmers,Farmers,"Poncha Springs, CO","Find microgreens, teas, herbs, spices, and powders.",1,Salida Farmers Market,2026,no,,,prospect - unresearched
GRIGGSTEAD LLC,strong,list section: Agricultural / Hemp (Agrícola / Cáñamo),Agricultural / Hemp (Agrícola / Cáñamo),,"At 7,400 feet in Hesperus, Colorado, Griggstead is a family- and veteran-owned homestead specializing in pasture-raised poultry and biodynamic regenerative agriculture to bring you nutrient dense REAL",1,Durango Farmers Market,2026,no,,,prospect - unresearched
Grow Queen,strong,list section: Farms • Orchards • Flowers • Plants,Farms • Orchards • Flowers • Plants,,Annuals (floral and veg) and a wide variety of houseplants both common and exotic,1,Louisville Farmers Market,2026,no,,,prospect - unresearched
Gunnison Gardens,strong,list section: Farmer,Farmer,,"Gunnison Gardens grows nutrient-dense vegetables, eggs, and cold-hard fruits using all natural growing practices. Established in 2014, our farm helps feed the Gunnison Valley through farmers markets,",1,Crested Butte Farmers Market,2026,no,,,prospect - unresearched
Gypsy Chicks and Blooms,strong,"list section: Farm, Ranch & Flowers","Farm, Ranch & Flowers",,,1,Ridgway Farmers Market,2026,no,,,prospect - unresearched
Hanks Hens,strong,"list section: Farm, Ranch & Flowers","Farm, Ranch & Flowers",,,1,Ridgway Farmers Market,2026,no,,,prospect - unresearched
Happy Hogs,strong,list section: Farmer/ Rancher,Farmer/ Rancher,,"meat, poultry, eggs",1,Montrose Farmers Market,2026,no,,,prospect - unresearched
Harding Homegrown,strong,list section: Farm,Farm,,,1,Palisade Sunday Farmers' Market,2026,no,,,prospect - unresearched
Harvey Park Flowers,strong,"list section: Farmers, Ranchers, & Dairy","Farmers, Ranchers, & Dairy",,,1,Harvey Park Farmers Market,2026,no,,,prospect - unresearched
Homestead in the Hood,strong,"list section: Farmers, Ranchers, & Dairy","Farmers, Ranchers, & Dairy",,,1,Harvey Park Farmers Market,2026,no,,,prospect - unresearched
Horse thief Mesa Apiaries,strong,list section: Farm,Farm,,,1,Palisade Sunday Farmers' Market,2026,no,,,prospect - unresearched
Horvath Honey,strong,list section: Agricultural / Hemp (Agrícola / Cáñamo),Agricultural / Hemp (Agrícola / Cáñamo),,"Horvath Honey is a locally owned small business founded in 2016 by a 4th generation local farmer, Ray Horvath and his mom, Frances. As the business is a family affair, Dale works hard to support the d",1,Durango Farmers Market,2026,no,,,prospect - unresearched
Howling Wind,strong,list section: Agriculture,Agriculture,,n/a,1,Nederland Farmers Market,2026,no,,,prospect - unresearched
Humble Fungi,strong,list section: Agricultural / Hemp (Agrícola / Cáñamo),Agricultural / Hemp (Agrícola / Cáñamo),,"Humble Fungi is a small farm focused on growing different varieties of mushrooms. We are a husband and wife team passionate about mushrooms and their importance in diet, medicine, and the environment.",1,Durango Farmers Market,2026,no,,,prospect - unresearched
Hwy 145 Craft Cuts,strong,"list section: Farm, Ranch & Flowers","Farm, Ranch & Flowers",,,1,Ridgway Farmers Market,2026,no,,,prospect - unresearched
Jake a Bean,strong,list section: Farm,Farm,,,1,Palisade Sunday Farmers' Market,2026,no,,,prospect - unresearched
JD Heirloom Seeds,strong,list section: Farm,Farm,,,1,Palisade Sunday Farmers' Market,2026,no,,,prospect - unresearched
Jolly Radish,strong,list section: Agriculture,Agriculture,,veg,1,Nederland Farmers Market,2026,no,,,prospect - unresearched
Jorbin Acres,strong,"list section: Farmers, Ranchers, Dairy","Farmers, Ranchers, Dairy","Lafayette, CO","Family farm providing locally grown produce and cut flowers, based in Lafayette with growing spaces in Arvada and Erie, Colorado.",1,Lafayette Colorado Farmers Market,2026,no,,,prospect - unresearched
Joy Botanicals,strong,"list section: Produce Farms, Flowers, and Plants","Produce Farms, Flowers, and Plants","Lyons, CO",,1,Boulder Farmers Market,2025,no,,,prospect - unresearched
Juniper Junction Ranch,strong,list section: Agricultural / Hemp (Agrícola / Cáñamo),Agricultural / Hemp (Agrícola / Cáñamo),,"Juniper Junction ranch is a 107 acre ranch in central Montezuma county Colorado, which produces pasture raised chickens using local grains and legumes, minimum till garlic, and rotationally grazed, gr",1,Durango Farmers Market,2026,no,,,prospect - unresearched
Kelly Jean's Microgreens,strong,"list section: Produce Farms, Flowers, and Plants","Produce Farms, Flowers, and Plants","Longmont, CO",,1,Longmont Farmers Market,2025,no,,,prospect - unresearched
L Bar Bell Ranch,strong,"list section: Farm, Ranch & Flowers","Farm, Ranch & Flowers",,,1,Ridgway Farmers Market,2026,no,,,prospect - unresearched
La Montagne Des Saveurs,strong,list section: Cheese,Cheese,,We are family owned and operated. We age cheeses in Europe and import the finest quality European cheeses along with some US farm cheeses.,1,Dillon Farmers Market,2026,no,,,prospect - unresearched
La Plata Lavender,strong,list section: Agricultural / Hemp (Agrícola / Cáñamo),Agricultural / Hemp (Agrícola / Cáñamo),,"La Plata Lavender was founded in 2019 on our family ranch near Bayfield, Colorado. We grow eighteen different cultivars, each carefully selected for success in our high country environment. Each culti",1,Durango Farmers Market,2026,no,,,prospect - unresearched
Leafcutter Farms Mushrooms,strong,list section: Agricultural / Hemp (Agrícola / Cáñamo),Agricultural / Hemp (Agrícola / Cáñamo),,"At Leafcutter Farms we specialize in growing organic nutrient-dense gourmet mushrooms. Our name inspired by the Leafcutter Ant, pays homage to this remarkable insect's practice of growing their fungal",1,Durango Farmers Market,2026,no,,,prospect - unresearched
Leaning Tree Farms,strong,list section: Agricultural / Hemp (Agrícola / Cáñamo),Agricultural / Hemp (Agrícola / Cáñamo),,"Welcome to Leaning Tree Farms, a family tradition built on hard work and a deep commitment to quality. Our story begins with Don and Rosalie Knight, whose shared values of grit, integrity, and respect",1,Durango Farmers Market,2026,no,,,prospect - unresearched
Lightborne Labs LLC,strong,"list section: Farm, Ranch & Flowers","Farm, Ranch & Flowers",,,1,Ridgway Farmers Market,2026,no,,,prospect - unresearched
Lilybee Farm,strong,list section: Agricultural / Hemp (Agrícola / Cáñamo),Agricultural / Hemp (Agrícola / Cáñamo),,LilybeeFarm was established in 2017 with just a few hives at our farm in Ignácio. We have grown to four outyards with 40 hives that we can shower with our love and provide them with the best care poss,1,Durango Farmers Market,2026,no,,,prospect - unresearched
Little Hollow Flowers,strong,"list section: Produce Farms, Flowers, and Plants","Produce Farms, Flowers, and Plants","Berthoud, CO",,1,Boulder Farmers Market,2025,no,,,prospect - unresearched
Local Growers,strong,list section: Agricultural,Agricultural,,,1,Woodland Park Farmers Market,2026,no,,,prospect - unresearched
Long Table Farm,strong,list section: Agricultural / Hemp (Agrícola / Cáñamo),Agricultural / Hemp (Agrícola / Cáñamo),,Long Table Farm is a diversified vegetable and flower farm growing on less than an acre in the high desert of southwest Colorado. We strive to provide our community with the highest quality chemical f,1,Durango Farmers Market,2026,no,,,prospect - unresearched
Los Miramontes Lavender Farm by Sunrise Ct Gardens LLC,strong,list section: Agricultural / Hemp (Agrícola / Cáñamo),Agricultural / Hemp (Agrícola / Cáñamo),,We are a lavender farm in Cortez Colorado and we make mostly lavender inspired products. We have a line of culinary delights as well as bath and body products designed to make everything in the world,1,Durango Farmers Market,2026,no,,,prospect - unresearched
Macario's Produce,strong,list section: Farmer/ Rancher,Farmer/ Rancher,,"Produce, Olathe Sweet Corn, chillies, peaches, tomatoes, peppers, onions, garlic, tomatillos, squash, green beans, cabbage, herbs, melons, and more!",1,Montrose Farmers Market,2026,no,,,prospect - unresearched
Marlene's Garden,strong,"list section: Produce, Dairy + Flowers","Produce, Dairy + Flowers",,"Handmade jams and jellies, plant starts and in-season tomatoes and peppers.",1,Orchard Farmers Market,2026,no,,,prospect - unresearched
MASA Seed Foundation,strong,"list section: Produce Farms, Flowers, and Plants","Produce Farms, Flowers, and Plants","Boulder, CO",,1,Boulder Farmers Market,2025,no,,,prospect - unresearched
Mathew Davis Landscape Architect,strong,list section: Farms & Growers,Farms & Growers,,,1,Lyons Farmers Market,2026,no,,,prospect - unresearched
Matthews Alpines,strong,list section: Farmer/ Rancher,Farmer/ Rancher,,"goat milk soap, lotions, bath items, crochet and knitted items, resin crafts, eggs and goat milk candies",1,Montrose Farmers Market,2026,no,,,prospect - unresearched
McConnell and Sons,strong,"list section: Produce Farms, Flowers, and Plants","Produce Farms, Flowers, and Plants","Lafayette, CO",,1,Longmont Farmers Market,2025,no,,,prospect - unresearched
Memphis Bison Ranch,strong,"list section: Meat, Dairy, Eggs","Meat, Dairy, Eggs","Carr, CO",,1,Boulder Farmers Market,2025,no,,,prospect - unresearched
Mesa Lamb & Wool,strong,list section: Agricultural / Hemp (Agrícola / Cáñamo),Agricultural / Hemp (Agrícola / Cáñamo),,"Navajo-churro sheep, grass-fed from start to finish on Southern Ute land. Lamb & mutton meat, hides, wool, and dye flowers. Wool hand spinning demonstration. Some perennials for your garden.",1,Durango Farmers Market,2026,no,,,prospect - unresearched
Mesa Verde Lavender,strong,list section: Agricultural / Hemp (Agrícola / Cáñamo),Agricultural / Hemp (Agrícola / Cáñamo),,Mesa Verde Lavender is a family-run lavender farm rooted in the high-desert landscape near Mesa Verde National Park in Southwest Colorado. What began with a small planting of culinary lavender has gro,1,Durango Farmers Market,2026,no,,,prospect - unresearched
"Miel del Sol, LLC or Bee-Orn Apiaries",strong,list section: Agricultural / Hemp (Agrícola / Cáñamo),Agricultural / Hemp (Agrícola / Cáñamo),,"Local Comb Honey and Honey without comb, 100% local blocks of beeswax. Hives not moved for pollination and located along Animas and San Juan River drainages near Farmington New Mexico and Durango Colo",1,Durango Farmers Market,2026,no,,,prospect - unresearched
Mocking Crow Farm,strong,list section: Agricultural / Hemp (Agrícola / Cáñamo),Agricultural / Hemp (Agrícola / Cáñamo),,"Small market farm south of Durango along the Animas River growing a variety of vegetables, garlic, sunflowers and other cut flowers. We use organic methods along with some regenerative farming practic",1,Durango Farmers Market,2026,no,,,prospect - unresearched
Morehouse Produce,strong,list section: Farm,Farm,,,1,Palisade Sunday Farmers' Market,2026,no,,,prospect - unresearched
Morsal Green Yards,strong,"list section: Farmers, Ranchers, Dairy","Farmers, Ranchers, Dairy",,Afghan refugee family farm growing fresh vegetables and seasonal produce for Denver-area farmers markets.,1,City Park Farmers Market,2026,no,,,prospect - unresearched
Moss Rock Corner LLC,strong,list section: Farm,Farm,,,1,Palisade Sunday Farmers' Market,2026,no,,,prospect - unresearched
Mt. Garfield Fruit & Vegetable,strong,list section: Farm,Farm,,,1,Palisade Sunday Farmers' Market,2026,no,,,prospect - unresearched
Mushroom Mesa,strong,list section: Farmer,Farmer,,"My name is Mike, I'm a self taught mushroom farmer, with almost a decade of experience farming mushrooms. I just moved to Colorado from St. Louis and built my new farm here😁 (built it myself too). I s",1,Crested Butte Farmers Market,2026,no,,,prospect - unresearched
Mycolove,strong,list section: Agriculture,Agriculture,,Functional Mushroom Lineup: Lion's Mane NA Tincture Reishi NA Tincture Cordyceps NA Tincture Turkey Tail NA Tincture Lion's Mane Concentrate Lion's Mane Probiotic Extract Powder,1,Nederland Farmers Market,2026,no,,,prospect - unresearched
MycoMindful Mushrooms,strong,list section: Agriculture,Agriculture,,"Gourmet fresh mushrooms, dried mushrooms, mushroom spice powder, mushroom jerky. Tinctures and extract capsules of reishi, lions mane and cordyceps",1,Nederland Farmers Market,2026,no,,,prospect - unresearched
Natural Homestead Beef,strong,list section: Farms • Orchards • Flowers • Plants,Farms • Orchards • Flowers • Plants,,Hi there! We are your local Grass-fed beef and pork products.,1,Louisville Farmers Market,2026,no,,,prospect - unresearched
Offbeat Family Farm,strong,list section: Agricultural / Hemp (Agrícola / Cáñamo),Agricultural / Hemp (Agrícola / Cáñamo),,"Offbeat Family Farm employs sustainable methods to grow fresh vegetables, cut flowers, and herbs on 2 acres in Aztec, NM. Customers can purchase our products at the Durango Farmers' Market and by spec",1,Durango Farmers Market,2026,no,,,prospect - unresearched
Ollie's Farm,strong,list section: Farm,Farm,,,1,Palisade Sunday Farmers' Market,2026,no,,,prospect - unresearched
Osito Farms,strong,list section: Farmer,Farmer,,"We are a family-owned, certified organic and pollinator-safe (Bee Better Certified) orchard & vineyard in the North Fork Valley (Hotchkiss) CO. We grow organic cherries, apricots, peaches, plums, pear",1,Crested Butte Farmers Market,2026,no,,,prospect - unresearched
Out Yonder Farm,strong,"list section: Farmers, Ranchers, Dairy","Farmers, Ranchers, Dairy","Platteville, CO","Colorado Front Range farm offering flower arrangements, seasonal produce, vegetables, and eggs from May through October.",1,City Park Farmers Market,2026,no,,,prospect - unresearched
Pantoja's Family Farms.,strong,list section: Farmer,Farmer,,"Pantoja's Family Farms, is an organic farm located in Delta Colorado. We grow organic veggies and organic fruit. Such as specialty peppers, tomatoes, cucumbers, watermelons, cantaloupes, sweet corn, s",1,Crested Butte Farmers Market,2026,no,,,prospect - unresearched
Pasquali Farm,strong,list section: Farm,Farm,,,1,Palisade Sunday Farmers' Market,2026,no,,,prospect - unresearched
Pedro's Farms LLC,strong,list section: Farmer,Farmer,,"Our family farm has been growing premium flowers, USDA Certified Organic vegetables, fruit and herbs since 1996. All of our premium produce is grown at our farm on 14 acres in the small farming commun",1,Crested Butte Farmers Market,2026,no,,,prospect - unresearched
Peony Provisions Farm & Flower,strong,"list section: Farmers, Ranchers, & Dairy","Farmers, Ranchers, & Dairy",,,1,Harvey Park Farmers Market,2026,no,,,prospect - unresearched
Perfectly Primrose & Magnolia Fay's Farm,strong,list section: Agricultural & Livestock Vendors,Agricultural & Livestock Vendors,,"We offer handmade goat milk skincare products, eggs, baked goods, lavender lemonade, lollipops, and more!",1,Cortez Farmers Market,,no,,,prospect - unresearched
Petalers at The Chillstead,strong,list section: Farms • Orchards • Flowers • Plants,Farms • Orchards • Flowers • Plants,,"Locally grown flowers and herbs! Build your own bouquets. We are Passionate, Purposeful and Plant-Obsessed!",1,Erie Farmers Market,2026,no,,,prospect - unresearched
Pink Paintbrush Flower Farm,strong,list section: Agricultural / Hemp (Agrícola / Cáñamo),Agricultural / Hemp (Agrícola / Cáñamo),,"Pink Paintbrush is a boutique flower farm in Dolores, Colorado, growing whimsical garden blooms that mimic the wildflower meadows of the San Juan Mountains. Guided by Mother Nature, flowers are grown",1,Durango Farmers Market,2026,no,,,prospect - unresearched
pipers lane flowers,strong,"list section: Produce, Dairy + Flowers","Produce, Dairy + Flowers",,Enjoy a beautiful fresh cut bouquet or arrangement from a local gardener and florist!,1,Aspen Grove Farmers Market,2026,no,,,prospect - unresearched
Plant Collector and Friends,strong,"list section: Farmers, Ranchers, Dairy","Farmers, Ranchers, Dairy",,"Denver grower specializing in hot peppers and unique plants, sold at local Colorado farmers markets.",1,City Park Farmers Market,2026,no,,,prospect - unresearched
Pothook Farms,strong,list section: Farm,Farm,,,1,Palisade Sunday Farmers' Market,2026,no,,,prospect - unresearched
Power Greens,strong,list section: Farmer/ Rancher,Farmer/ Rancher,,"Mushrooms, Microgreens",1,Montrose Farmers Market,2026,no,,,prospect - unresearched
Rabbit Mountain Lavender,strong,list section: Farms & Growers,Farms & Growers,,,1,Lyons Farmers Market,2026,no,,,prospect - unresearched
Rattlesnake Gulch Farm and Fertilizer,strong,list section: Agricultural / Hemp (Agrícola / Cáñamo),Agricultural / Hemp (Agrícola / Cáñamo),,"At Rattlesnake Gulch Family Farm, We use organic and regenerative techniques to ensure we are growing happy plants, harvesting healthy foods, and being kind to our soil and lands. We are honored to se",1,Durango Farmers Market,2026,no,,,prospect - unresearched
Rebel Farm,strong,"list section: Farmers, Ranchers, & Dairy","Farmers, Ranchers, & Dairy",,,1,Harvey Park Farmers Market,2026,no,,,prospect - unresearched
Rendezvous Mushroom Co,strong,list section: Farm,Farm,,,1,Palisade Sunday Farmers' Market,2026,no,,,prospect - unresearched
River Otter Farms,strong,list section: Agricultural / Hemp (Agrícola / Cáñamo),Agricultural / Hemp (Agrícola / Cáñamo),,"River Otter Farms provides well-loved organic vegetables to our community. Located on the Florida Mesa, this farm is in it's second year of being a lucrative growing adventure. This farm is enamored b",1,Durango Farmers Market,2026,no,,,prospect - unresearched
Rockart Guerreros Chile,strong,list section: Farms • Orchards • Flowers • Plants,Farms • Orchards • Flowers • Plants,,"Fresh Roasted Chile's, Hatch and Colorado , Chile spices, Rock Art , Sculptures , Hand made ART",1,Louisville Farmers Market,2026,no,,,prospect - unresearched
Rohwer's Farm,strong,list section: Agricultural / Hemp (Agrícola / Cáñamo),Agricultural / Hemp (Agrícola / Cáñamo),,Rohwer's Farm is a family run farm located in the High Dessert area North of Cortez. We grow using organic methods (not certified) and try to grow as many heirlooms as possible. With our 3 high tunnel,1,Durango Farmers Market,2026,no,,,prospect - unresearched
Rough and Ready Farm,strong,"list section: Produce Farms, Flowers, and Plants","Produce Farms, Flowers, and Plants","Longmont, CO",,1,Longmont Farmers Market,2025,no,,,prospect - unresearched
Sage Spring Farm,strong,list section: Agricultural / Hemp (Agrícola / Cáñamo),Agricultural / Hemp (Agrícola / Cáñamo),,marketing frozen lamb meat sheep wool fibers,1,Durango Farmers Market,2026,no,,,prospect - unresearched
San Juan Blooms,strong,"list section: Farm, Ranch & Flowers","Farm, Ranch & Flowers",,,1,Ridgway Farmers Market,2026,no,,,prospect - unresearched
Simple Things Farm,strong,list section: Farms & Growers,Farms & Growers,,,1,Lyons Farmers Market,2026,no,,,prospect - unresearched
Sisson Ranch Goods,strong,list section: Agricultural / Hemp (Agrícola / Cáñamo),Agricultural / Hemp (Agrícola / Cáñamo),,Sisson Ranch Goods providing quality Ranch Goods and Services.,1,Durango Farmers Market,2026,no,,,prospect - unresearched
Socorro Suarez,strong,list section: Farm,Farm,,,1,Palisade Sunday Farmers' Market,2026,no,,,prospect - unresearched
Sourdough farms,strong,list section: Agriculture,Agriculture,,Ag,1,Nederland Farmers Market,2026,no,,,prospect - unresearched
Speedwell Farm & Gardens,strong,"list section: Farmers, Ranchers, Dairy","Farmers, Ranchers, Dairy","Longmont, CO",Longmont CO regenerative micro farm by Cody Jurbala and Melissa Ogilvie. Boulder County $40k grant 2024. Converting yards to farm plots. CSA Wed pickups May-October.,1,Lafayette Colorado Farmers Market,2026,no,,,prospect - unresearched
Stone Free Farm,strong,list section: Agricultural / Hemp (Agrícola / Cáñamo),Agricultural / Hemp (Agrícola / Cáñamo),,Produce grower,1,Durango Farmers Market,2026,no,,,prospect - unresearched
Suarez Orchards,strong,list section: Farmer/ Rancher,Farmer/ Rancher,,produce Peaches apples pears grapes watermelon cantaloupe plums tomatoes squash zucchini cabbage beans green beans chile corn,1,Montrose Farmers Market,2026,no,,,prospect - unresearched
Sun Circle Intentions,strong,list section: Farms & Growers,Farms & Growers,,,1,Lyons Farmers Market,2026,no,,,prospect - unresearched
Sweet Pea Farms,strong,list section: Farmers,Farmers,"Salida, CO","Find high Altitude Wildflower Honeys, flavored honeys, honey & honey straws & candy. Eggs, pork, & fresh produce all raised here on farm. Handmade balms & salves made with raw beeswax. Beeswax candles",1,Salida Farmers Market,2026,no,,,prospect - unresearched
Swiger Family Farms,strong,list section: Agricultural / Hemp (Agrícola / Cáñamo),Agricultural / Hemp (Agrícola / Cáñamo),,Swiger Family farms Is a small farm based out of Palisade CO. The owner Jeremy Swiger has been selling Palisade peaches in Durango for the last 19 years. As the business grew in Durango we saw a need,1,Durango Farmers Market,2026,no,,,prospect - unresearched
Tabor Acres,strong,list section: Farms • Orchards • Flowers • Plants,Farms • Orchards • Flowers • Plants,,Flowers ~ Farm grown and fresh cut,1,Erie Farmers Market,2026,no,,,prospect - unresearched
Tan Man Honey LLC,strong,list section: Agricultural,Agricultural,,,1,Woodland Park Farmers Market,2026,no,,,prospect - unresearched
Teas 2 Please,strong,list section: Farmer/ Rancher,Farmer/ Rancher,,"Loose Leaf Teas, Spice Mixes, Granola, Lemon Curd, Baked Goods, Some Tea Accessories",1,Montrose Farmers Market,2026,no,,,prospect - unresearched
Telluride Mushroom Company,strong,list section: Produce,Produce,,,1,Telluride Farmers' Market,2026,no,,,prospect - unresearched
Terria Madre Herbs,strong,list section: Agricultural & Livestock Vendors,Agricultural & Livestock Vendors,,"herbs, houseplants, and pottery",1,Cortez Farmers Market,,no,,,prospect - unresearched
The Crunchy Kitchen,strong,list section: Farmer/ Rancher,Farmer/ Rancher,,"Dried Pasta, Pantry Staples, Baked Goods",1,Montrose Farmers Market,2026,no,,,prospect - unresearched
The Defiant Garden,strong,list section: Farmer/ Rancher,Farmer/ Rancher,,"Tomato starts, pepper starts, basil starts, eggplant starts, flower starts, tomato plants, pepper plants, basil plants, flower plants, garden starts, veggie starts",1,Montrose Farmers Market,2026,no,,,prospect - unresearched
The Farmstead,strong,list section: Agricultural / Hemp (Agrícola / Cáñamo),Agricultural / Hemp (Agrícola / Cáñamo),,"We are a small scale farm in Montezuma County, raising pastured Pork and Chicken using organic practices. We also bake and sell fresh cinnamon rolls and sourdough breads and treats.",1,Durango Farmers Market,2026,no,,,prospect - unresearched
The Gardens of Eatin',strong,"list section: Farm, Ranch & Flowers","Farm, Ranch & Flowers",,,1,Ridgway Farmers Market,2026,no,,,prospect - unresearched
The Plant Place,strong,list section: Nursery,Nursery,,,1,Palisade Sunday Farmers' Market,2026,no,,,prospect - unresearched
The Snack Patch,strong,list section: Agricultural & Livestock Vendors,Agricultural & Livestock Vendors,,"Cookie and soup mixes, baked goods, flavored noodles, free-range chicken eggs, fruit, and a huge variety of vegetables.",1,Cortez Farmers Market,,no,,,prospect - unresearched
"The Yurtstead, LLC",strong,list section: Farmer,Farmer,,"The Yurtstead, LLC is a small, woman owned regenerative farm operation in Montrose, Colorado. Jenn Mueller provides the conduit between her communities and ethical, observant farming practices. Her 10",1,Crested Butte Farmers Market,2026,no,,,prospect - unresearched
Three Leaf Farm,strong,"list section: Farmers, Ranchers, Dairy","Farmers, Ranchers, Dairy","Lafayette, CO","Urban organic farm in Lafayette growing herbs, flowers, vegetables, and fruits for their five family-owned restaurants.",1,Lafayette Colorado Farmers Market,2026,no,,,prospect - unresearched
Toohey & Sons Organic,strong,"list section: Produce Farms, Flowers, and Plants","Produce Farms, Flowers, and Plants","Hygiene, CO",,1,Boulder Farmers Market,2025,no,,,prospect - unresearched
Topp Fruits/Rancho Durazno,strong,"list section: Farmers, Ranchers, & Dairy","Farmers, Ranchers, & Dairy",,,1,Harvey Park Farmers Market,2026,no,,,prospect - unresearched
Traditional Artisan Customs,strong,list section: Agricultural & Livestock Vendors,Agricultural & Livestock Vendors,,"Traditional Artisan Customs, Knives, Guns, Leatherwork",1,Cortez Farmers Market,,no,,,prospect - unresearched
Turtle Lake Refuge,strong,list section: Agricultural / Hemp (Agrícola / Cáñamo),Agricultural / Hemp (Agrícola / Cáñamo),,"We are a non-profit whose mission is to celebrate the connection between personal health and wild lands. We grow local microgreens year round, have a bi-weekly cafe, commercial kitchen where we make w",1,Durango Farmers Market,2026,no,,,prospect - unresearched
Ultreia Farm & Wellness,strong,list section: Farm,Farm,,,1,Palisade Sunday Farmers' Market,2026,no,,,prospect - unresearched
Uncompahgre Valley Alliance (aka Western Colorado Alliance),strong,list section: Farmer/ Rancher,Farmer/ Rancher,,"Non-Profit, community organizing information",1,Montrose Farmers Market,2026,no,,,prospect - unresearched
Uproot,strong,list section: Agriculture,Agriculture,,"Flowers, Vaseware, Plants",1,Nederland Farmers Market,2026,no,,,prospect - unresearched
Vital Beauty Gardening,strong,list section: Agricultural / Hemp (Agrícola / Cáñamo),Agricultural / Hemp (Agrícola / Cáñamo),,"We are an Environmental and Community Conscious Landscaping and Gardening company with an emphasis on permaculture, homesteading and Native landscaping techniques. It is our wish to help empower our c",1,Durango Farmers Market,2026,no,,,prospect - unresearched
Wag's World Inc. DBA Wag's World Orchards,strong,list section: Farmer/ Rancher,Farmer/ Rancher,,"Depending on the year, weather and water -- apricots, cherries, peaches, plums, nectarines, pears, apples, fresh fruit juices, honey, fruit wood, berries, strawberries, grapes, cabbage, garlic, onions",1,Montrose Farmers Market,2026,no,,,prospect - unresearched
Wagner Land & Cattle,strong,list section: Meat & Dairy,Meat & Dairy,,"Naturally raised, grass-fed, grass-finished beef.",1,Fort Collins Farmers' Market,,no,,,prospect - unresearched
WeeBee Farms,strong,"list section: Produce Farms, Flowers, and Plants","Produce Farms, Flowers, and Plants","Longmont, CO",,1,Boulder Farmers Market,2025,no,,,prospect - unresearched
Westcliffe Honey Company,strong,list section: Farmers,Farmers,"Westcliffe, Colorado","Find creamed honey in rotating seasonal flavors, Infused honeys such as bourbon-barrel-aged honey (using barrels from Wood's High Mountain Distillery) and hot/spicy honey, Comb honey, 100% beeswax can",1,Salida Farmers Market,2026,no,,,prospect - unresearched
Whitedove Farms,strong,list section: Agricultural & Livestock Vendors,Agricultural & Livestock Vendors,,"Organically Grown Produce, Arugula to Zucchini, Fresh, Local Honey",1,Cortez Farmers Market,,no,,,prospect - unresearched
Wild Roots Farms,strong,list section: Farm,Farm,,,1,Palisade Sunday Farmers' Market,2026,no,,,prospect - unresearched
Willow Farm Blooms,strong,list section: Farms & Growers,Farms & Growers,,,1,Lyons Farmers Market,2026,no,,,prospect - unresearched
Winters Ranch Meats INC,strong,list section: Agricultural,Agricultural,,,1,Woodland Park Farmers Market,2026,no,,,prospect - unresearched
Wisdom Natural Poultry,strong,"list section: Meat, Dairy, Eggs","Meat, Dairy, Eggs","Haxtun, CO",,1,Boulder Farmers Market,2025,no,,,prospect - unresearched
Yellow Fellow Farms,strong,"list section: Produce Farms, Flowers, and Plants","Produce Farms, Flowers, and Plants","Longmont, CO",,1,Longmont Farmers Market,2025,no,,,prospect - unresearched
You Dessert This,strong,list section: Farmer/ Rancher,Farmer/ Rancher,,Soft Serve ice cream and frozen lemonade,1,Montrose Farmers Market,2026,no,,,prospect - unresearched
Zephyros Farm & Gardens,strong,list section: Produce,Produce,,,1,Telluride Farmers' Market,2026,no,,Phase 2 build: Zephyros Farm and Garden,prospect - unresearched
Healthy Harvest Gardens,medium,name: Gardens,Sunday Market; Thursday Market,,,4,Black Forest Farmers Market; Old South Pearl Street Association - Farmers Market; The Backyard Market in Black Forest; Vail Farmers' Market,2026,no,,,prospect - unresearched
Porcellino Artisanal Meats,medium,name: Meats,"Packaged Food, Drink, and Honey","Denver, CO",,3,Boulder Farmers Market; Longmont Farmers Market; Old South Pearl Street Association - Farmers Market,2025; 2026,no,,,prospect - unresearched
Ellen's Flowers,medium,name: Flowers,,,,2,Black Forest Farmers Market; The Backyard Market in Black Forest,2026,no,,,prospect - unresearched
Fat Flower,medium,name: Flower,,,,2,Black Forest Farmers Market; The Backyard Market in Black Forest,2026,no,,,prospect - unresearched
Fire Mountain Ranch,medium,name: Ranch,,,,2,Aspen Saturday Market; The Arbol Farmers Market,2026,no,,,prospect - unresearched
Minions Ranch,medium,name: Ranch,,,,2,Black Forest Farmers Market; The Backyard Market in Black Forest,2026,no,,CO Proud finder: Minion Ranch,prospect - unresearched
Mountain Bluebird Farm,medium,name: FARM,Sunday Market,"Hayden, CO","Fresh vegetables, cut flowers, CSA shares",2,Vail Farmers' Market; Yampa Valley Foods,2026,no,,,prospect - unresearched
Snow Creek Ranch,medium,name: Ranch,,,Beef,2,Metro Denver Farmers' Market (all locations); Old South Pearl Street Association - Farmers Market,2026,no,,,prospect - unresearched
Spark and Honey,medium,name: Honey,"Packaged Food, Drink, and Honey","Boulder, CO",,2,Boulder Farmers Market; Longmont Farmers Market,2025,no,,,prospect - unresearched
Sweet Awakening Farm,medium,name: Farm,,,,2,Black Forest Farmers Market; The Backyard Market in Black Forest,2026,no,,,prospect - unresearched
VAIL MEAT CO,medium,name: MEAT,Sunday Market,,,2,Eagle Farmers Market; Vail Farmers' Market,2024; 2026,no,,,prospect - unresearched
A SECRET GARDEN,medium,name: GARDEN,Sunday Market,,,1,Vail Farmers' Market,2026,no,,,prospect - unresearched
ACES / Rock Bottom Ranch,medium,name: Ranch,,,,1,Aspen Saturday Market,2026,no,,,prospect - unresearched
Alpenglow Flowers,medium,name: Flowers,,,,1,Larimer County Farmers' Market,2026,no,,,prospect - unresearched
Ant D's Fine Foods Produce,medium,name: Produce,,,Produce,1,Metro Denver Farmers' Market (all locations),,no,,,prospect - unresearched
ANTELOPE CREEK RANCH,medium,name: RANCH,Sunday Market; Thursday Market,,,1,Vail Farmers' Market,2026,no,,,prospect - unresearched
Aspenleaf Microgreens Farm,medium,name: Microgreens,,"Steamboat Springs, CO",,1,Yampa Valley Foods,,no,,,prospect - unresearched
Bear River Apiary,medium,name: Apiary,,"Steamboat Springs, CO",,1,Yampa Valley Foods,,no,,,prospect - unresearched
Bears Ears Ranch,medium,name: Ranch,,"Hayden, CO",Owning this ranch is the achievement of my childhood dream to be a rancher. My idea of what it means to ranch has evolved over the last 20 years living in Steamboat. After working on other ranches in,1,Yampa Valley Foods,,no,,,prospect - unresearched
Bee Grateful Farm,medium,name: Farm,,"Oak Creek, CO",For the love of honey and the bees… At Bee Grateful Farm we are passionate about honey and the bees. We started beekeeping 6 years ago and since then have fallen in love with not only honey but our po,1,Yampa Valley Foods,,no,,,prospect - unresearched
Big Bird Ranch Farmstand,medium,name: Ranch,Market Vendors,,,1,Granby Farmers Market,2026,no,,,prospect - unresearched
Big Leap Ranch,medium,name: Ranch,,,,1,Larimer County Farmers' Market,2026,no,,,prospect - unresearched
Bjorn's Honey,medium,name: Honey,,,,1,Golden Farmers Market,2026,no,,,prospect - unresearched
BJÖRNS COLORADO HONEY,medium,name: HONEY,Sunday Market; Thursday Market,,,1,Vail Farmers' Market,2026,no,,,prospect - unresearched
Borden Farms/Pedro's,medium,name: Farms,,,,1,Aspen Saturday Market,2026,no,,,prospect - unresearched
Boulder Flower Farm,medium,name: Flower,,,,1,Old South Pearl Street Association - Farmers Market,2026,no,,,prospect - unresearched
Buffalo Pass Farm,medium,name: Farm,,"Steamboat Springs, CO","Spring, Summer and Fall Vegetables from leafy greens to tomatoes",1,Yampa Valley Foods,,no,,,prospect - unresearched
Cone on the Go by Jakes Farm,medium,name: Farm,,,"Crispy chicken, refreshing drinks, sweet treats, and family fun",1,Market on the Plaza,2026,no,,,prospect - unresearched
Craig Angus Ranch,medium,name: Ranch,,,,1,Larimer County Farmers' Market,2026,no,,,prospect - unresearched
Dandelion Farms,medium,name: Farms,,,,1,Larimer County Farmers' Market,2026,no,,,prospect - unresearched
Domenico Farms,medium,name: Farms,,,Organic Farmer,1,Metro Denver Farmers' Market (all locations),,no,,,prospect - unresearched
Down Valley Flowers,medium,name: Flowers,,Mountain Village,Fresh cut flowers,1,Market on the Plaza,2026,no,,,prospect - unresearched
EJ's Farm-Crafted,medium,name: Farm,Other,"Denver, CO","Small-batch soap business based in Arvada, Colorado, handcrafted with nourishing oils, farm-fresh goat milk, vegetable juices, and botanicals.",1,City Park Farmers Market,2026,no,,,prospect - unresearched
Elk Fields,medium,name: Fields,,,,1,Golden Farmers Market,2026,no,,,prospect - unresearched
Elk Mountain Ranch,medium,name: Ranch,,"Steamboat Springs, CO",Eggs and vegetables,1,Yampa Valley Foods,,no,,,prospect - unresearched
Elk River Custom Meats,medium,name: Meats,,"Craig, CO",,1,Yampa Valley Foods,,no,,,prospect - unresearched
"Elkhead Creek Ranch (Yampa Valley Wagyu, Shadow Laine Farm)",medium,name: Ranch,,"Craig, CO","Elkhead Creek Ranch is Family owned and operated by Tim and Laine O'Neal and their three sons. Sitting above Elkhead Creek, below Elkhead Reservoir, on the border of Moffat/ Routt Counties, our 131 ac",1,Yampa Valley Foods,,no,,,prospect - unresearched
Elkstone Farm,medium,name: Farm,,"Steamboat Springs, CO","Elkstone Farm is a permaculture-inspired farm located in Strawberry Park, Steamboat Springs. We use sustainable practices to build the health of our soil and, in turn, raise healthy, flavorful fruits,",1,Yampa Valley Foods,,no,,,prospect - unresearched
Fields of Glory Organic Farm,medium,name: Fields,,,,1,Glenwood Springs Downtown Market on 7th,2026,no,,,prospect - unresearched
Forte Farms,medium,name: Farms,,,Produce,1,Metro Denver Farmers' Market (all locations),,no,,,prospect - unresearched
Garden Goddess Creations,medium,name: Garden,,"Steamboat Springs, CO","Garden Goddess Creations is a farmer florist offering specialty cut flowers in the heart of Steamboat Springs, Colorado. Grown on less than 1/8 acre, loose, wild garden style bouquets are available at",1,Yampa Valley Foods,,no,,,prospect - unresearched
Grey Hawk Greenhouse and Farm Inc,medium,name: Greenhouse,,,,1,Larimer County Farmers' Market,2026,no,,,prospect - unresearched
Gunner Dog Treats / Kathy's Country Honey,medium,name: Honey,,"Craig, CO","Gunner Dog Treats is a home-based small business founded on a passion for pets, especially Ole Gunner Dog. Gunner was a big yellow lab full of mischief, loved to hunt and lived a wonderful life in Nor",1,Yampa Valley Foods,,no,,,prospect - unresearched
Healthy Harvests Gardens,medium,name: Gardens,,,,1,Golden Farmers Market,2026,no,,,prospect - unresearched
High Lonesome Cattle Company,medium,name: Cattle,,,,1,Glenwood Springs Downtown Market on 7th,2026,no,,,prospect - unresearched
Home Ranch Livestock,medium,name: Ranch,,"Clark, CO","Grass-finished American Wagyu, individual cuts and shares",1,Yampa Valley Foods,,no,,,prospect - unresearched
Homestead-ISH,medium,name: Homestead,Market Vendors,,,1,Granby Farmers Market,2026,no,,,prospect - unresearched
Honey Bear Bakes,medium,name: Honey,,,,1,Golden Farmers Market,2026,no,,,prospect - unresearched
HUNT AND HOMESTEAD,medium,name: HOMESTEAD,Sunday Market,,,1,Vail Farmers' Market,2026,no,,,prospect - unresearched
Iacovetto Girl's Poultry,medium,name: Poultry,,"Steamboat Springs, CO",Poultry,1,Yampa Valley Foods,,no,,,prospect - unresearched
IHS Farms,medium,name: Farms,,"Steamboat Springs, CO",Fresh vegetables,1,Yampa Valley Foods,,no,,,prospect - unresearched
J & J's Honey,medium,name: Honey,,"Steamboat Springs, CO",Honey,1,Yampa Valley Foods,,no,,,prospect - unresearched
Joan Kinney Flowers,medium,name: Flowers,,,,1,Larimer County Farmers' Market,2026,no,,,prospect - unresearched
Jolly Ranch,medium,name: Ranch,,"Craig, CO",Pork and beef products,1,Yampa Valley Foods,,no,,,prospect - unresearched
Kanyini Farm,medium,name: Farm,,"Hayden, CO","Tomatoes, cut flowers, veggies",1,Yampa Valley Foods,,no,,,prospect - unresearched
Kate's Garden Pantry,medium,name: Garden,,"Craig, CO","Cottage foods: jams, jellies, pickled beets",1,Yampa Valley Foods,,no,,,prospect - unresearched
KC's Fresh Cut Flowers,medium,name: Flowers,,,"KC's Fresh Cut Flower Farm is run on regenerative and sustainable gardening of primarily specialty fresh cut flowers including Dahlias, Lisianthus, Ranunculus, Cosmos, Gomphrena, all the glory of a va",1,Fort Collins Farmers' Market,,no,,,prospect - unresearched
Latigo Ranch,medium,name: Ranch,,"Kremmling, CO",Grass fed & finished Yak,1,Yampa Valley Foods,,no,,,prospect - unresearched
Laz Ewe 2 Bar Goat Dairy,medium,name: Dairy,,,,1,Aspen Saturday Market,2026,no,,,prospect - unresearched
Lazy B Ranch,medium,name: Ranch,,"Steamboat Springs, CO","Chicken Eggs - pasture/barn raised, non-GMO feed",1,Yampa Valley Foods,,no,,CO Proud finder: Lazy 3X Ranch,prospect - unresearched
Lehi Ranch,medium,name: Ranch,,,,1,Larimer County Farmers' Market,2026,no,,,prospect - unresearched
"Little Greenhouse by the Shoreline, LLC",medium,name: Greenhouse,,,,1,Larimer County Farmers' Market,2026,no,,,prospect - unresearched
Little Petals Flower Farm,medium,name: Flower,,,,1,Larimer County Farmers' Market,2026,no,,,prospect - unresearched
Little Sun Farm,medium,name: Farm,,,,1,Larimer County Farmers' Market,2026,no,,,prospect - unresearched
Living Springs Farm,medium,name: Farm,,,,1,The Arbol Farmers Market,2026,no,,,prospect - unresearched
Lori The Dip Lady/ Gourmet Farms of Colorado,medium,name: Farms,Condiment or Sauce,,"I have been selling my Gourmet Farms dip mixes as Lori The Dip Lady since 1996. There's no salt, no MSG, no gluten or sugar in my mixes (except for desserts which have sugar) and they are the real her",1,Dillon Farmers Market,2026,no,,,prospect - unresearched
Lucky 8 Ranch,medium,name: Ranch,,"Oak Creek, CO",Bison,1,Yampa Valley Foods,,no,,,prospect - unresearched
Lucky Bee Cut Flowers,medium,name: Flowers,,,,1,Old South Pearl Street Association - Farmers Market,2026,no,,,prospect - unresearched
magnificent garden,medium,name: garden,Handmade + household items,,All purpose plant food for vibrant healthy plants.,1,Orchard Farmers Market,2026,no,,,prospect - unresearched
Martindale Farms,medium,name: Farms,,,Farmer,1,Metro Denver Farmers' Market (all locations),,no,,,prospect - unresearched
Mitzi's Flowers,medium,name: Flowers,,,,1,Larimer County Farmers' Market,2026,no,,,prospect - unresearched
Moon Hill Dairy,medium,name: Dairy,,"Steamboat Springs, CO",Cheese,1,Yampa Valley Foods,,no,,,prospect - unresearched
Mountain Valley Developmental Services Greenhouse,medium,name: Greenhouse,,,,1,Glenwood Springs Downtown Market on 7th,2026,no,,,prospect - unresearched
MTN GARFIELD FARM,medium,name: FARM,,,,1,Eagle Farmers Market,2024,no,,,prospect - unresearched
Mumm Farms,medium,name: Farms,,,Farmer,1,Metro Denver Farmers' Market (all locations),,no,,,prospect - unresearched
Murr Made Meats,medium,name: Meats,,"Craig, CO",Pork products,1,Yampa Valley Foods,,no,,,prospect - unresearched
Mushroom Gardens,medium,name: Mushroom,,,,1,Golden Farmers Market,2026,no,,,prospect - unresearched
Mycocosm Mushrooms,medium,name: Mushrooms,,,,1,Golden Farmers Market,2026,no,,,prospect - unresearched
Okagawa Farms,medium,name: Farms,,,,1,Aspen Saturday Market,2026,no,,,prospect - unresearched
Old Town Urban Farms,medium,name: Farms,,,,1,Larimer County Farmers' Market,2026,no,,,prospect - unresearched
Outlaw Apiaries,medium,name: Apiaries,,"Steamboat Springs, CO","Flavored, creamed, and regular honey",1,Yampa Valley Foods,,no,,,prospect - unresearched
Papa Joe's Local Honey,medium,name: Honey,,,,1,Fort Collins Winter Farmers Market,2025-26 winter,no,,,prospect - unresearched
PEAK FARMS,medium,name: FARMS,Sunday Market,,,1,Vail Farmers' Market,2026,no,,,prospect - unresearched
Purple Fence Farm & Apothecary,medium,name: Farm,Other,"Frederick, CO","A Colorado lavender farm producing handmade, small-batch natural bath and body products including soaps, balms, salves, facial serums, and culinary lavender products using sustainably grown lavender.",1,Lafayette Colorado Farmers Market,2026,no,,,prospect - unresearched
Rainbow Eggs Co,medium,name: Eggs,,,,1,Old South Pearl Street Association - Farmers Market,2026,no,,,prospect - unresearched
Red Dog Expressions & Lavender Farm,medium,name: Farm,,,,1,Larimer County Farmers' Market,2026,no,,,prospect - unresearched
Rich Roots Flower Co.,medium,name: Flower,,,,1,Old South Pearl Street Association - Farmers Market,2026,no,,,prospect - unresearched
Rock'n Roots Farm,medium,name: Farm,,,,1,Aspen Saturday Market,2026,no,,CO Proud finder: Rock 'n Roots Farm,prospect - unresearched
Rocking HC Ranch,medium,name: Ranch,,,Delicious farm fresh eggs from happy and healthy chickens!!,1,Green Vally Ranch NE Denver Farmers Market,2024,no,,,prospect - unresearched
Rocky Mountain Mushrooms,medium,name: Mushrooms,Market Vendors,,,1,Granby Farmers Market,2026,no,,CO Proud finder: Rocky Mountain Mushroom Farm,prospect - unresearched
Romick's High Valley Beef,medium,name: Beef,,"Yampa, CO",Grass and grain finished Angus beef,1,Yampa Valley Foods,,no,,,prospect - unresearched
Royal Crest Dairy 2020,medium,name: Dairy,,,Milk Delivery,1,Metro Denver Farmers' Market (all locations),,no,,,prospect - unresearched
Sage Creations Farm,medium,name: Farm,Downtown Business,,,1,Palisade Sunday Farmers' Market,2026,no,,,prospect - unresearched
Sowing Seeds of Hope Microgreens,medium,name: Microgreens,,,Microgreens offer the tastiest way to get all the best vitamins in their purest form.,1,Fort Collins Farmers' Market,,no,,,prospect - unresearched
Stanko Ranch,medium,name: Ranch,,"Steamboat Springs, CO",Chicken eggs,1,Yampa Valley Foods,,no,,,prospect - unresearched
Stormy Heights Homestead,medium,name: Homestead,Market Vendors,,,1,Granby Farmers Market,2026,no,,,prospect - unresearched
Sugar Boot Farm Co.,medium,name: Farm,,,,1,Golden Farmers Market,2026,no,,,prospect - unresearched
Sunrise Ranch Beef,medium,name: Ranch,,,Grassfed beef is known to be one of the more nutrient-dense proteins on earth.,1,Fort Collins Farmers' Market,,no,,,prospect - unresearched
Sunshine Beef,medium,name: Beef,,,,1,The Arbol Farmers Market,2026,no,,,prospect - unresearched
The Connelly Creamery,medium,name: Creamery,,,We are a family-owned and operated small business making amazing homemade Ice cream.,1,Fort Collins Farmers' Market,,no,,,prospect - unresearched
The Farm at Home Ranch,medium,name: Farm,,"Clark, CO","Fresh vegetables, herbs, chicken and duck eggs, body products",1,Yampa Valley Foods,,no,,,prospect - unresearched
The Honey People,medium,name: Honey,,,,1,Old South Pearl Street Association - Farmers Market,2026,no,,,prospect - unresearched
Thorpe Mountain Farms,medium,name: Farms,,"Steamboat Springs, CO",Potatoes and root vegetables,1,Yampa Valley Foods,,no,,,prospect - unresearched
Three Springs Cattle Co.,medium,name: Cattle,,"Dinosaur, CO",Grass fed and finished beef,1,Yampa Valley Foods,,no,,,prospect - unresearched
Trout Creek Meats,medium,name: Meats,,"Oak Creek, CO",Beef and lamb products,1,Yampa Valley Foods,,no,,,prospect - unresearched
Two Lazy 8 Ranch,medium,name: Ranch,,"Oak Creek, CO","Jams, freeze dried fruit, seasoning blends, gift towels",1,Yampa Valley Foods,,no,,,prospect - unresearched
Two Trees Produce,medium,name: Produce,,"Steamboat Springs, CO","Fresh vegetables, plant starts",1,Yampa Valley Foods,,no,,,prospect - unresearched
Uncle John's Farm Stand,medium,name: Farm,Food Vendors,,,1,Breckenridge Sunday Market,2026,no,,,prospect - unresearched
Winding Drive Farm,medium,name: Farm,,Mountain Village,Bringing you fresh Colorado produce grown on the Western Slope,1,Market on the Plaza,2026,no,,,prospect - unresearched
WYNN FARMS,medium,name: FARMS,Sunday Market,,,1,Vail Farmers' Market,2026,no,,,prospect - unresearched
Yampa Valley Ranch,medium,name: Ranch,,"Yampa, CO",Grass fed/finished American and Fullblood Wagyu,1,Yampa Valley Foods,,no,,,prospect - unresearched
Duzik Livestock,weak,description: Lamb,,"Craig, CO",Lamb,1,Yampa Valley Foods,,no,,,prospect - unresearched
Mystic Hills Farmstead,weak,description: Grass-fed,,"Clark, CO","Grass-fed and finished beef and lamb products, fresh vegetables",1,Yampa Valley Foods,,no,,,prospect - unresearched
Penny Lane Pepper Co.,weak,description: Vegetables,,"Steamboat Springs, CO","Vegetables, specialty tomatoes and peppers, and more.",1,Yampa Valley Foods,,no,,,prospect - unresearched
Ela Family Farms,strong,"list section: Produce Farms, Flowers, and Plants","Produce Farms, Flowers, and Plants; Farmers, Ranchers, Dairy; Farmers, Ranchers, & Dairy; Food Hub Vendors","Hotchkiss, CO","Fourth-generation organic fruit farm in Hotchkiss, CO growing tree-ripe cherries, peaches, pears, plums, and apples, plus jams, syrups, and dried fruits.",7,Boulder Farmers Market; City Park Farmers Market; Harvey Park Farmers Market; Lafayette Colorado Farmers Market; Larimer County Farmers' Market; Longmont Farmers Market; Old South Pearl Street Association - Farmers Market,2025; 2026,yes,Phase 1 live: Ela Family Farms,,prospect - unresearched
Fox Fungi,strong,"list section: Produce, Dairy + Flowers","Produce, Dairy + Flowers; Farmers, Ranchers, Dairy; Farmer: Veggies; Farmers, Ranchers, & Dairy; Farms • Orchards • Flowers • Plants","Denver, CO","Kevin and Rachel started growing mushrooms in 2018 as a hobby. In 2019, we expanded our business in Denver in a converted RTD repair shop. This is our 7th year in business. Our mission is to operate a",7,Aspen Grove Farmers Market; City Park Farmers Market; Dillon Farmers Market; Harvey Park Farmers Market; Lafayette Colorado Farmers Market; Louisville Farmers Market; Orchard Farmers Market,2026,yes,Phase 1 live: Fox Fungi,,prospect - unresearched
Palisade Peach Shack,strong,"list section: Produce, Dairy + Flowers","Produce, Dairy + Flowers; Farmer: Fruit; Farmer/ Rancher; Farm; Farmers","Palisade, CO","It's always summertime with Palisade Peach Shack! With over 80 acres of peaches, cherries, apricots, nectarines, plums, pears, and apples, you'll find many favorites each week!",6,Aspen Grove Farmers Market; Dillon Farmers Market; Montrose Farmers Market; Orchard Farmers Market; Palisade Sunday Farmers' Market; Salida Farmers Market,2026,yes,Phase 2 build: Palisade Peach Shack,,prospect - unresearched
Morton's Organic Orchards,strong,"list section: Produce Farms, Flowers, and Plants","Produce Farms, Flowers, and Plants; Farms • Orchards • Flowers • Plants; Fruit Vendors; Food Hub Vendors","Palisade, CO","Family-farmed. Tree-ripened. Certified Organic: Apples, Apricots, Apriums, Asian Pears, Cherries (sweet & tart), Nectarines, peaches, Pears, Plums, Pluots. YUM! Also Organic: Blackberries, Garden Huck",5,Boulder Farmers Market; Erie Farmers Market; Fort Collins Farmers' Market; Longmont Farmers Market; Louisville Farmers Market,2025; 2026,yes,Phase 2 build: Morton's Organic Orchards,,prospect - unresearched
The Stone Fruit Company,strong,"list section: Produce Farms, Flowers, and Plants","Produce Farms, Flowers, and Plants; Farmer; Farmer: Fruit; Farm; Farm, Ranch & Flowers","Palisade, CO","The Stone Fruit Company is a family owned by my husband and I. my husband is a 4th generation Colorado farmer, I was raised in a farming community, and we are located in Palisade Colorado. We speciali",5,Boulder Farmers Market; Crested Butte Farmers Market; Dillon Farmers Market; Palisade Sunday Farmers' Market; Ridgway Farmers Market,2025; 2026,yes,CO Proud finder: The Stone Fruit Company LLC,,prospect - unresearched
Five Freedoms Dairy,strong,"list section: Farmers, Ranchers, Dairy","Farmers, Ranchers, Dairy; Farmers, Ranchers, & Dairy","Longmont, CO","Sustainable dairy farm founded by veterinarian Kevin McSweeney offering ethically sourced milk, yogurt, ricotta, and cheese curds from cows that live with their calves and have longer, healthier li...",4,City Park Farmers Market; Harvey Park Farmers Market; Lafayette Colorado Farmers Market; Old South Pearl Street Association - Farmers Market,2026,yes,Phase 2 build: Five Freedoms Dairy,,prospect - unresearched
Uncompahgre Farms,strong,list section: Farmer/ Rancher,"Farmer/ Rancher; Farm, Ranch & Flowers; Meat and Eggs",Mountain Village,"A better way to buy beef, one which is healthier for the cows, the consumers, and the community",4,Market on the Plaza; Montrose Farmers Market; Ridgway Farmers Market; Telluride Farmers' Market,2026,yes,Phase 1 live: Uncompahgre Farms,,prospect - unresearched
Buck and Bloom Cheese Co.,strong,"list section: Meat, Dairy, Eggs","Meat, Dairy, Eggs; Ranchers","Buena Vista, CO","Find fresh Cheese Curds, Chevre, Fromage Blanc, Highland, Hatch Pepperjack, Casdoprh Cheddar, Goat Feta, Red Rock, Mont Creme Camembert, Farm Fresh Eggs.",3,Boulder Farmers Market; Longmont Farmers Market; Salida Farmers Market,2025; 2026,yes,Phase 2 build: Buck and Bloom Cheese Co,,prospect - unresearched
Happy Hive Farmstead,strong,list section: Farmer/ Rancher,Farmer/ Rancher; Ranch; Meat and Eggs,,"Pasture Raised Poultry (variety of cuts, whole bird, organ + backs/feet for bone stock - all pre-packaged and frozen) + Eggs (when available).",3,Montrose Farmers Market; Palisade Sunday Farmers' Market; Telluride Farmers' Market,2026,yes,CO Proud finder: Happy Hive Farmstead,,prospect - unresearched
Hazel Dell Mushrooms,strong,"list section: Produce Farms, Flowers, and Plants","Produce Farms, Flowers, and Plants; Food Hub Vendors","Fort Collins, CO",,3,Boulder Farmers Market; Larimer County Farmers' Market; Longmont Farmers Market,2025; 2026,yes,Phase 1 live: Hazel Dell Mushrooms,,prospect - unresearched
Honey Moon Mesa,strong,list section: Farmer,"Farmer; Farm, Ranch & Flowers",,"Honey Moon Mesa is a small family owned apiary located in the beautiful North Fork Valley of Colorado with a focus on sustainable and ethical beekeeping. Our bees in the valley feed on local pastures,",3,Crested Butte Farmers Market; Ridgway Farmers Market; The Arbol Farmers Market,2026,yes,CO Proud finder: Honey Moon Mesa,,prospect - unresearched
Antelope Creek Ranch Wagyu,strong,list section: Meat & Seafood,Meat & Seafood,,"We are a local family owned and operated ranch in North Eastern Colorado, that raises all natural Japanese Wagyu. We provide a farm to fork experience by show casing the most marbled, best tasting bee",2,Dillon Farmers Market; Old South Pearl Street Association - Farmers Market,2026,yes,Phase 1 live: Antelope Creek Ranch Wagyu,,prospect - unresearched
Aspen Moon Farm,strong,"list section: Produce Farms, Flowers, and Plants","Produce Farms, Flowers, and Plants; Food Hub Vendors","Hygiene, CO, Longmont, CO",,2,Boulder Farmers Market; Longmont Farmers Market,2025,yes,Phase 1 live: Aspen Moon Farm,,prospect - unresearched
Belafonte Farm,strong,"list section: Produce Farms, Flowers, and Plants","Produce Farms, Flowers, and Plants","Fort Collins, CO",,2,Boulder Farmers Market; Larimer County Farmers' Market,2025; 2026,yes,Phase 2 build: Belafonte Farm,,prospect - unresearched
Centennial Cuts,strong,"list section: Farmers, Ranchers, Dairy","Farmers, Ranchers, Dairy; Farmers, Ranchers, & Dairy","Colorado Springs, CO","Family-owned Colorado beef company offering sustainably raised, locally harvested beef products, jerky, and tallow skincare.",2,City Park Farmers Market; Harvey Park Farmers Market,2026,yes,CO Proud finder: Centennial cuts,,prospect - unresearched
First Fruits Organic Farm,strong,"list section: Produce Farms, Flowers, and Plants","Produce Farms, Flowers, and Plants","Paonia, CO",,2,Boulder Farmers Market; Longmont Farmers Market,2025,yes,Phase 1 live: First Fruits Organic Farms,,prospect - unresearched
Flower Street Farm,strong,"list section: Farmers, Ranchers, Dairy","Farmers, Ranchers, Dairy","Lakewood, CO","A small-scale urban farm in Lakewood, CO that raises rescued bees and produces local, raw, unfiltered honey, beeswax products, essential oils, and hydrosols from their own herbs.",2,City Park Farmers Market; Lafayette Colorado Farmers Market,2026,yes,Phase 2 build: Flower Street Farm,,prospect - unresearched
Grama Grass & Livestock,strong,"list section: Meat, Dairy, Eggs","Meat, Dairy, Eggs; Farmers, Ranchers, Dairy","Boulder, CO, Longmont, CO; Longmont, CO",Longmont regenerative ranch restoring native prairie through rotational grazing and producing grass-finished beef.,2,Boulder Farmers Market; City Park Farmers Market,2025; 2026,yes,CO Proud finder: Grama Grass and Livestock,,prospect - unresearched
Monroe Family Farms,strong,"list section: Produce Farms, Flowers, and Plants","Produce Farms, Flowers, and Plants; Farmers, Ranchers, Dairy","Kersey, CO","Fourth-generation Kersey, CO organic farm offering CSA shares of chemical-free seasonal vegetables.",2,Boulder Farmers Market; City Park Farmers Market,2025; 2026,yes,"Phase 1 live: Monroe Family Farm, LLC",,prospect - unresearched
Morning Fresh Dairy,strong,list section: Meat & Dairy,Meat & Dairy,,"Family owned and operated dairy farm located in Bellvue, CO since 1894. Offering one time purchases and delivery.",2,Fort Collins Farmers' Market; Larimer County Farmers' Market,2026,yes,CO Proud finder: Morning Fresh Dairy,,prospect - unresearched
Simply Fresh Microgreens,strong,"list section: Produce Farms, Flowers, and Plants","Produce Farms, Flowers, and Plants; Produce, Dairy + Flowers","Broomfield, CO","Simply Fresh Microgreens is an indoor urban farm located in Broomfield, Colorado.",2,Boulder Farmers Market; Orchard Farmers Market,2025; 2026,yes,CO Proud finder: Simply Fresh Microgreens,,prospect - unresearched
Switch Gears Farm,strong,"list section: Farmers, Ranchers, Dairy","Farmers, Ranchers, Dairy","Longmont, CO","Small-scale one-acre vegetable farm in Longmont operated by Brett Matson and Vanita Patel, growing 40+ different types of vegetables using organic and regenerative practices without synthetic ferti...",2,City Park Farmers Market; Lafayette Colorado Farmers Market,2026,yes,Phase 1 live: Switch Gears Farm,,prospect - unresearched
The Conscious Farms,strong,"list section: Farmers, Ranchers, Dairy","Farmers, Ranchers, Dairy","Seibert, CO","Pasture-raised, hormone-free chicken, lamb, and eggs from a Colorado farm, available at Denver farmers markets and weekly drop-offs.",2,City Park Farmers Market; Old South Pearl Street Association - Farmers Market,2026,yes,CO Proud finder: The Conscious Farms,,prospect - unresearched
Unsung Family Farm,strong,"list section: Farmers, Ranchers, Dairy","Farmers, Ranchers, Dairy","Longmont, CO","Ecological culinary farm north of Longmont with half an acre of fresh produce farmed regeneratively, specialty microgreens, and unique preservations.",2,City Park Farmers Market; Lafayette Colorado Farmers Market,2026,yes,CO Proud finder: Unsung family farm,,prospect - unresearched
Zephyros Farm & Garden,strong,list section: Farmer,Farmer,,"We are a small scale, certified Organic, flower and vegetable farm located in Paonia.",2,Aspen Saturday Market; Crested Butte Farmers Market,2026,yes,Phase 2 build: Zephyros Farm and Garden,,prospect - unresearched
4M Ranch,strong,"list section: Meat, Beef, Grass Fed & Finished","Meat, Beef, Grass Fed & Finished","Meeker, CO","The 4M Ranch is an Audubon Certified Ranch, using holistic management practices to produce grass fed and finished beef. We offer a high-quality product that you will be proud to have on your table.",1,Yampa Valley Foods,,yes,CO Proud finder: 4M Ranch LLC,,prospect - unresearched
7Anubis Farms,strong,list section: Farms • Orchards • Flowers • Plants,Farms • Orchards • Flowers • Plants,,"Berkshire pork - whole, half, bundles, cuts. Chicken - whole, cuts. Duck - whole, cuts. Market garden vegetables (when in season) Eggs",1,Erie Farmers Market,2026,yes,CO Proud finder: 7Anubis Farms,,prospect - unresearched
Abundant Life Organic Farms,strong,list section: Produce,Produce,"Hotchkiss, CO","Using a blend of organic practices and cutting edge technologies to bring healthy, organically grown produce to market.",1,Telluride Farmers' Market,2026,yes,Phase 1 live: Abundant Life Organic Farms,,prospect - unresearched
Adobe House Farm,strong,list section: Agricultural / Hemp (Agrícola / Cáñamo),Agricultural / Hemp (Agrícola / Cáñamo),,"Adobe House Farm is a Certified Organic mixed veggie farm located in the Animas Valley by Trimble. We specialize in tomatoes, greens, cucumbers, peppers, basil, herbs and healthy soils!",1,Durango Farmers Market,2026,yes,Phase 2 build: Adobe House Farm,,prospect - unresearched
"Ahavah Farm, LLC",strong,list section: Agricultural,Agricultural,,,1,Woodland Park Farmers Market,2026,yes,Phase 2 build: Ahavah Farm,,prospect - unresearched
Alpine Valley Mushrooms,strong,list section: Farmers,Farmers,"Saguache, CO","Find locally grown mushrooms, fresh and dried, as well as mushroom tinctures and extracts.",1,Salida Farmers Market,2026,yes,CO Proud finder: Alpine Valley Mushrooms,,prospect - unresearched
Aragon Farms,strong,list section: Farms • Orchards • Flowers • Plants,Farms • Orchards • Flowers • Plants,,"Grass-Fed Beef: no hormones or antibiotics. Farm Honey , Tallow Products, Free-Range Eggs.",1,Erie Farmers Market,2026,yes,CO Proud finder: Aragon Farms LLC,,prospect - unresearched
Arrowpoint Cattle Co,strong,list section: Ranchers,Ranchers,"Buena Vista, CO","Find highland beef, steak, pork and eggs.",1,Salida Farmers Market,2026,yes,Phase 2 build: Arrowpoint Cattle Company,,prospect - unresearched
Badger Creek Ranch,strong,list section: Ranchers,Ranchers,"Coaldale, CO","Find beef, pork, lamb, and eggs.",1,Salida Farmers Market,2026,yes,Phase 2 build: Badger Creek Ranch,,prospect - unresearched
Boulder Lamb LLC dba Buckner Family Ranch,strong,list section: Agriculture,Agriculture,,"lamb, beef and pork cuts",1,Nederland Farmers Market,2026,yes,CO Proud finder: Boulder Lamb LLC dba Buckner Family Ranch,,prospect - unresearched
Chinampas,strong,list section: Agricultural & Livestock Vendors,Agricultural & Livestock Vendors,,"Mushroom, aquaponics, hydroponics",1,Cortez Farmers Market,,yes,Phase 1 live: Chinampas,,prospect - unresearched
Colorado Early Colleges,strong,list section: Vegetable Vendors,Vegetable Vendors,,Colorado Early Colleges is a public charter school that attends the market to sell student grown vegetables.,1,Fort Collins Farmers' Market,,yes,CO Proud finder: Colorado Early Colleges,,prospect - unresearched
DeLaney Community Farm,strong,"list section: Farmers, Ranchers, Dairy","Farmers, Ranchers, Dairy","Aurora, CO","A 5-acre refugee community farm in Aurora run by Project Worthmore, growing organic produce and fostering integration.",1,City Park Farmers Market,2026,yes,Phase 2 build: DeLaney Community Farm,,prospect - unresearched
Dragonfly Farms,strong,list section: Farms • Orchards • Flowers • Plants,Farms • Orchards • Flowers • Plants,,"Veggie Plants, Crafts, Herbs, Produce, eggs",1,Louisville Farmers Market,2026,yes,Phase 2 build: Dragonfly Farm,,prospect - unresearched
Early Morning Produce,strong,list section: Farm,Farm,,,1,Palisade Sunday Farmers' Market,2026,yes,CO Proud finder: Early Morning Produce,,prospect - unresearched
Father Earth Organic Farm,strong,list section: Farms • Orchards • Flowers • Plants,Farms • Orchards • Flowers • Plants,,"Fruits, vegetables, flowers, and herbs grown using organic practices. (non-certified organic) Raw honey when available. Also starter plants from May and June.",1,Louisville Farmers Market,2026,yes,Phase 1 live: Father Earth Organic Farm LLC,,prospect - unresearched
Friends Farm,strong,list section: Farms • Orchards • Flowers • Plants,Farms • Orchards • Flowers • Plants,,"Growing No-Till Produce, Eggs, Bread, Fixins' & Community",1,Louisville Farmers Market,2026,yes,CO Proud finder: Friends Farm,,prospect - unresearched
G Force Livestock,strong,list section: Ranch,Ranch,,,1,Palisade Sunday Farmers' Market,2026,yes,Phase 1 live: G Force Livestock,,prospect - unresearched
"grand valley micro farms, llc",strong,list section: Farm,Farm,,,1,Palisade Sunday Farmers' Market,2026,yes,"CO Proud finder: Grand Valley Micro Farms, LLC",,prospect - unresearched
Green Junction Farmstead,strong,list section: Farm,Farm,,,1,Palisade Sunday Farmers' Market,2026,yes,Phase 1 live: Green Junction Farmstead,,prospect - unresearched
Hartman Gardens of Colorado,strong,list section: Farmer/ Rancher,Farmer/ Rancher,,"jams, fruit syrups, pies, apples, pears, grapes, eggs",1,Montrose Farmers Market,2026,yes,CO Proud finder: Hartman Gardens of Colorado,,prospect - unresearched
Headwater Farms,strong,list section: Farmers,Farmers,"Buena Vista, CO","Find vegetables, fruit, plant starts, merchandise, flowers, and more.",1,Salida Farmers Market,2026,yes,Phase 2 build: Headwater Farms,,prospect - unresearched
Homegrown Farm,strong,list section: Agricultural / Hemp (Agrícola / Cáñamo),Agricultural / Hemp (Agrícola / Cáñamo),,"Homegrown Farm is a small-scale, family-owned vegetable farm located in Bayfield, CO. We have been growing food for our beloved community since 2007.",1,Durango Farmers Market,2026,yes,Phase 2 build: Homegrown Farm,,prospect - unresearched
Lazy Acres Ranch,strong,"list section: Meat, Dairy, Eggs","Meat, Dairy, Eggs","Longmont, CO",,1,Boulder Farmers Market,2025,yes,Phase 1 live: Lazy Acres Ranch LLC,,prospect - unresearched
Minoru Farm,strong,"list section: Farmers, Ranchers, Dairy","Farmers, Ranchers, Dairy","Brighton, CO","Brighton, CO farm growing Asian-inspired vegetables using organic methods, founded by Jade Sato.",1,City Park Farmers Market,2026,yes,CO Proud finder: Minoru Farm,,prospect - unresearched
Miraflora Wagyu,strong,"list section: Meat, Dairy, Eggs","Meat, Dairy, Eggs","Longmont, CO",,1,Boulder Farmers Market,2025,yes,CO Proud finder: Miraflora Wagyu,,prospect - unresearched
MouCo Cheese Company,strong,list section: Meat & Dairy,Meat & Dairy,,"Authentic, soft-ripened cheese blending old-world Bavarian knowledge with Colorado creativity. One taste and you will never go back.",1,Fort Collins Farmers' Market,,yes,CO Proud finder: MouCo Cheese Company,,prospect - unresearched
Mutual Dream Farm,strong,list section: Farms • Orchards • Flowers • Plants,Farms • Orchards • Flowers • Plants,,"Farm-raised Goat Meat and handcrafted goat milk soaps, bath bombs, & shave bars.",1,Erie Farmers Market,2026,yes,Phase 1 live: Mutual Dream Farm,,prospect - unresearched
Nederland Farmers Market,strong,list section: Agriculture,Agriculture,,"We offer a curated selection of local and regional foods that support both our operations and producers across the Front Range. Products available include fresh produce, eggs, dairy, meat, tempeh, art",1,Nederland Farmers Market,2026,yes,Phase 1 live: Nederland Farmers Market,,prospect - unresearched
Off Beet Farm,strong,"list section: Produce Farms, Flowers, and Plants","Produce Farms, Flowers, and Plants","Boulder, CO",,1,Boulder Farmers Market,2025,yes,Phase 2 build: Off Beet Farm,,prospect - unresearched
Patchwork Farms,strong,list section: Farms • Orchards • Flowers • Plants,Farms • Orchards • Flowers • Plants,,"Patchwork Farms - unique produce, herbs, spices and garlic",1,Louisville Farmers Market,2026,yes,CO Proud finder: Patchwork Farms,,prospect - unresearched
PBJ Cattle Company,strong,list section: Agricultural,Agricultural,,,1,Woodland Park Farmers Market,2026,yes,CO Proud finder: PBJ Cattle Company,,prospect - unresearched
Rocky Mountain Garlic,strong,list section: Farmers,Farmers,"Salida, CO","Find vegetables, fruit, dried goods, pickled goods, merchandise, flowers and of course, garlic!",1,Salida Farmers Market,2026,yes,Phase 1 live: Rocky Mountain Garlic,,prospect - unresearched
Skinny P Ranch,strong,"list section: Farmers, Ranchers, & Dairy","Farmers, Ranchers, & Dairy",,,1,Harvey Park Farmers Market,2026,yes,CO Proud finder: Skinny P Ranch,,prospect - unresearched
SongHaven Farm,strong,list section: Agricultural & Livestock Vendors,Agricultural & Livestock Vendors,,Planting Seeds & Singing Songs Since 2005; Orgaznik Produce & More,1,Cortez Farmers Market,,yes,Phase 2 build: SongHaven Farm,,prospect - unresearched
The Fleischer Family Farm,strong,"list section: Farmers, Ranchers, & Dairy","Farmers, Ranchers, & Dairy",,,1,Harvey Park Farmers Market,2026,yes,Phase 1 live: Fleischer Family Farm,,prospect - unresearched
The High Lonesome Ranch,strong,list section: Ranch,Ranch,,,1,Palisade Sunday Farmers' Market,2026,yes,Phase 1 live: The High Lonesome Ranch,,prospect - unresearched
The Triangle Oasis,strong,list section: Farmers,Farmers,"Salida, CO","Find vegetables, fruit, roasted chilies, herbs, sausage, merchandise, flowers and more.",1,Salida Farmers Market,2026,yes,Phase 2 build: The Triangle Oasis,,prospect - unresearched
Z's Orchard,strong,list section: Farm,Farm,,,1,Palisade Sunday Farmers' Market,2026,yes,Phase 2 build: Z's Orchard,,prospect - unresearched
Boulder Valley Honey,medium,name: Honey,"Packaged Food, Drink, and Honey","Boulder, CO",,2,Boulder Farmers Market; Old South Pearl Street Association - Farmers Market,2025; 2026,yes,Phase 1 live: Boulder Valley Honey,,prospect - unresearched
C & R Farms,medium,name: Farms,Fruit Vendors; Specialty Items,,Our Palisade peaches have been winning the taste buds of countless customers for years. We strive to bring you only perfection!,2,Fort Collins Farmers' Market; Larimer County Farmers' Market,2026,yes,Phase 1 live: C & R Farms LLC,,prospect - unresearched
Electric Microgreens,medium,name: MICROGREENS,Sunday Market,"Oak Creek, CO",,2,Vail Farmers' Market; Yampa Valley Foods,2026,yes,CO Proud finder: Electric Microgreens LLC,,prospect - unresearched
Fox Meadow Farm,medium,name: Farm,,,,2,Black Forest Farmers Market; The Backyard Market in Black Forest,2026,yes,CO Proud finder: Fox Meadow Farm,,prospect - unresearched
Hidy Honey,medium,name: Honey,,,,2,Black Forest Farmers Market; The Backyard Market in Black Forest,2026,yes,CO Proud finder: Hidy Honey,,prospect - unresearched
Padilla Produce,medium,name: Produce,,,,2,Black Forest Farmers Market; The Backyard Market in Black Forest,2026,yes,CO Proud finder: Padilla Produce Inc.,,prospect - unresearched
Sg Cattle Company LLC,medium,name: Cattle,,,,2,Black Forest Farmers Market; The Backyard Market in Black Forest,2026,yes,CO Proud finder: SG Cattle Co LLC,,prospect - unresearched
St. Michael's Farms,medium,name: Farms,,,,2,Fort Collins Winter Farmers Market; Larimer County Farmers' Market,2025-26 winter; 2026,yes,CO Proud finder: St Michaels Farms,,prospect - unresearched
Fat Donkey Farm,medium,name: Farm,,,,1,Larimer County Farmers' Market,2026,yes,Phase 2 build: Fat Donkey Farm,,prospect - unresearched
Garden of Oz,medium,name: Garden,,,,1,Larimer County Farmers' Market,2026,yes,CO Proud finder: Garden of Oz,,prospect - unresearched
Golden Hollow Farms,medium,name: Farms,,,,1,Larimer County Farmers' Market,2026,yes,CO Proud finder: Golden Hollow Farms,,prospect - unresearched
Hayden Fresh Farm,medium,name: Farm,,"Hayden, CO","Pork, poultry, eggs, and pet products",1,Yampa Valley Foods,,yes,CO Proud finder: Hayden Fresh Farm,,prospect - unresearched
Mazzotti Farms,medium,name: Farms,,,Farmer,1,Metro Denver Farmers' Market (all locations),,yes,Phase 1 live: Mazzotti Farms llc,,prospect - unresearched
Native Hill Farm,medium,name: Farm,,,,1,Larimer County Farmers' Market,2026,yes,Phase 1 live: Native Hill Farm,,prospect - unresearched
Rock 'n Roots Farm,medium,name: Farm,Farmer/Dealer,,"We are a family farm in Paonia, CO on a mission to create the most effective natural skin care, CBD products and herbal remedies on the market. At Rock 'n Roots Farm, we are pioneering the seed-to-bot",1,Crested Butte Farmers Market,2026,yes,CO Proud finder: Rock 'n Roots Farm,,prospect - unresearched
SISU Farms,medium,name: Farms,Market Vendors,,,1,Granby Farmers Market,2026,yes,"CO Proud finder: Sisu Farms, LLC",,prospect - unresearched
Snowden Meats,medium,name: Meats,,"Toponas, CO",Grain-finished beef,1,Yampa Valley Foods,,yes,CO Proud finder: Snowden Meats,,prospect - unresearched
Tague Farm,medium,name: Farm,,,,1,Old South Pearl Street Association - Farmers Market,2026,yes,CO Proud finder: Tague Farm LLC,,prospect - unresearched
The Farm Collaborative,medium,name: Farm,,,,1,Aspen Saturday Market,2026,yes,Phase 1 live: The Farm Collaborative,,prospect - unresearched
The Flower Shack,medium,name: Flower,,,,1,Golden Farmers Market,2026,yes,CO Proud finder: The Flower Shack,,prospect - unresearched
Warhorse Ranch,medium,name: Ranch,,"Clark, CO","Local honey, handcrafted pens",1,Yampa Valley Foods,,yes,CO Proud finder: Warhorse Ranch,,prospect - unresearched
